ID,SKU,Product Name,Category,Regular Price SAR,Sale Price SAR,Supplier Rank,Supplier Name,Supplier Type,Supplier Search URL,Supplier Buy URL,Supplier Price,Currency,Price Source,Notes
54,GM-CMP-NZX-001,NZXT H9 Elite Mid-Tower ATX Case,Hardware,1349,,1,AliExpress,Marketplace supplier search,https://www.aliexpress.com/wholesale?SearchText=NZXT+H9+Elite+Mid-Tower+ATX+Case,,,USD,Needs supplier verification,"Match exact product manually, then fill Buy URL and Supplier Price."
54,GM-CMP-NZX-001,NZXT H9 Elite Mid-Tower ATX Case,Hardware,1349,,2,Alibaba,B2B supplier search,https://www.alibaba.com/trade/search?SearchText=NZXT+H9+Elite+Mid-Tower+ATX+Case,,,USD,Needs supplier verification,"Check MOQ, shipping terms, and verified supplier status before buying."
54,GM-CMP-NZX-001,NZXT H9 Elite Mid-Tower ATX Case,Hardware,1349,,3,Amazon.sa,Local market reference / supplier option,https://www.amazon.sa/s?k=NZXT+H9+Elite+Mid-Tower+ATX+Case,,,SAR,Needs supplier verification,Uses existing Amazon reference URL and price when the workbook has them.
54,GM-CMP-NZX-001,NZXT H9 Elite Mid-Tower ATX Case,Hardware,1349,,4,Noon,Local market reference / supplier option,https://www.noon.com/saudi-en/search/?q=NZXT+H9+Elite+Mid-Tower+ATX+Case,,,SAR,Needs supplier verification,"Verify seller rating, warranty, and marketplace fulfillment before buying."
54,GM-CMP-NZX-001,NZXT H9 Elite Mid-Tower ATX Case,Hardware,1349,,5,B&H Photo,US retailer / distributor search,https://www.bhphotovideo.com/c/search?Ntt=NZXT+H9+Elite+Mid-Tower+ATX+Case&N=0&InitialSearch=yes&sts=ma,,,USD,Needs supplier verification,"Best for cameras, networking, creators, and computer hardware."
55,GM-CMP-COR-001,Corsair iCUE H150i RGB Elite (360mm AIO),Hardware,1149,,1,AliExpress,Marketplace supplier search,https://www.aliexpress.com/wholesale?SearchText=Corsair+iCUE+H150i+RGB+Elite+%28360mm+AIO%29,,,USD,Needs supplier verification,"Match exact product manually, then fill Buy URL and Supplier Price."
55,GM-CMP-COR-001,Corsair iCUE H150i RGB Elite (360mm AIO),Hardware,1149,,2,Alibaba,B2B supplier search,https://www.alibaba.com/trade/search?SearchText=Corsair+iCUE+H150i+RGB+Elite+%28360mm+AIO%29,,,USD,Needs supplier verification,"Check MOQ, shipping terms, and verified supplier status before buying."
55,GM-CMP-COR-001,Corsair iCUE H150i RGB Elite (360mm AIO),Hardware,1149,,3,Amazon.sa,Local market reference / supplier option,https://www.amazon.sa/s?k=Corsair+iCUE+H150i+RGB+Elite+%28360mm+AIO%29,,,SAR,Needs supplier verification,Uses existing Amazon reference URL and price when the workbook has them.
55,GM-CMP-COR-001,Corsair iCUE H150i RGB Elite (360mm AIO),Hardware,1149,,4,Noon,Local market reference / supplier option,https://www.noon.com/saudi-en/search/?q=Corsair+iCUE+H150i+RGB+Elite+%28360mm+AIO%29,,,SAR,Needs supplier verification,"Verify seller rating, warranty, and marketplace fulfillment before buying."
55,GM-CMP-COR-001,Corsair iCUE H150i RGB Elite (360mm AIO),Hardware,1149,,5,B&H Photo,US retailer / distributor search,https://www.bhphotovideo.com/c/search?Ntt=Corsair+iCUE+H150i+RGB+Elite+%28360mm+AIO%29&N=0&InitialSearch=yes&sts=ma,,,USD,Needs supplier verification,"Best for cameras, networking, creators, and computer hardware."
56,GM-GPU-GIG-001,Gigabyte AORUS RTX 5090 Master 32GB,Hardware,27999,,1,AliExpress,Marketplace supplier search,https://www.aliexpress.com/wholesale?SearchText=Gigabyte+AORUS+RTX+5090+Master+32GB,,,USD,Needs supplier verification,"Match exact product manually, then fill Buy URL and Supplier Price."
56,GM-GPU-GIG-001,Gigabyte AORUS RTX 5090 Master 32GB,Hardware,27999,,2,Alibaba,B2B supplier search,https://www.alibaba.com/trade/search?SearchText=Gigabyte+AORUS+RTX+5090+Master+32GB,,,USD,Needs supplier verification,"Check MOQ, shipping terms, and verified supplier status before buying."
56,GM-GPU-GIG-001,Gigabyte AORUS RTX 5090 Master 32GB,Hardware,27999,,3,Amazon.sa,Local market reference / supplier option,https://www.amazon.sa/s?k=Gigabyte+AORUS+RTX+5090+Master+32GB,,,SAR,Needs supplier verification,Uses existing Amazon reference URL and price when the workbook has them.
56,GM-GPU-GIG-001,Gigabyte AORUS RTX 5090 Master 32GB,Hardware,27999,,4,Noon,Local market reference / supplier option,https://www.noon.com/saudi-en/search/?q=Gigabyte+AORUS+RTX+5090+Master+32GB,,,SAR,Needs supplier verification,"Verify seller rating, warranty, and marketplace fulfillment before buying."
56,GM-GPU-GIG-001,Gigabyte AORUS RTX 5090 Master 32GB,Hardware,27999,,5,B&H Photo,US retailer / distributor search,https://www.bhphotovideo.com/c/search?Ntt=Gigabyte+AORUS+RTX+5090+Master+32GB&N=0&InitialSearch=yes&sts=ma,,,USD,Needs supplier verification,"Best for cameras, networking, creators, and computer hardware."
57,GM-GPU-NVD-002,NVIDIA RTX 5080 Founders Edition (16GB),Hardware,6499,,1,AliExpress,Marketplace supplier search,https://www.aliexpress.com/wholesale?SearchText=NVIDIA+RTX+5080+Founders+Edition+%2816GB%29,,,USD,Needs supplier verification,"Match exact product manually, then fill Buy URL and Supplier Price."
57,GM-GPU-NVD-002,NVIDIA RTX 5080 Founders Edition (16GB),Hardware,6499,,2,Alibaba,B2B supplier search,https://www.alibaba.com/trade/search?SearchText=NVIDIA+RTX+5080+Founders+Edition+%2816GB%29,,,USD,Needs supplier verification,"Check MOQ, shipping terms, and verified supplier status before buying."
57,GM-GPU-NVD-002,NVIDIA RTX 5080 Founders Edition (16GB),Hardware,6499,,3,Amazon.sa,Local market reference / supplier option,https://www.amazon.sa/s?k=NVIDIA+RTX+5080+Founders+Edition+%2816GB%29,,,SAR,Needs supplier verification,Uses existing Amazon reference URL and price when the workbook has them.
57,GM-GPU-NVD-002,NVIDIA RTX 5080 Founders Edition (16GB),Hardware,6499,,4,Noon,Local market reference / supplier option,https://www.noon.com/saudi-en/search/?q=NVIDIA+RTX+5080+Founders+Edition+%2816GB%29,,,SAR,Needs supplier verification,"Verify seller rating, warranty, and marketplace fulfillment before buying."
57,GM-GPU-NVD-002,NVIDIA RTX 5080 Founders Edition (16GB),Hardware,6499,,5,B&H Photo,US retailer / distributor search,https://www.bhphotovideo.com/c/search?Ntt=NVIDIA+RTX+5080+Founders+Edition+%2816GB%29&N=0&InitialSearch=yes&sts=ma,,,USD,Needs supplier verification,"Best for cameras, networking, creators, and computer hardware."
58,GM-GPU-NVD-001,NVIDIA RTX 5090 Founders Edition (32GB),Hardware,26449,22999,1,AliExpress,Marketplace supplier search,https://www.aliexpress.com/wholesale?SearchText=NVIDIA+RTX+5090+Founders+Edition+%2832GB%29,,,USD,Needs supplier verification,"Match exact product manually, then fill Buy URL and Supplier Price."
58,GM-GPU-NVD-001,NVIDIA RTX 5090 Founders Edition (32GB),Hardware,26449,22999,2,Alibaba,B2B supplier search,https://www.alibaba.com/trade/search?SearchText=NVIDIA+RTX+5090+Founders+Edition+%2832GB%29,,,USD,Needs supplier verification,"Check MOQ, shipping terms, and verified supplier status before buying."
58,GM-GPU-NVD-001,NVIDIA RTX 5090 Founders Edition (32GB),Hardware,26449,22999,3,Amazon.sa,Local market reference / supplier option,https://www.amazon.sa/s?k=NVIDIA+RTX+5090+Founders+Edition+%2832GB%29,,,SAR,Needs supplier verification,Uses existing Amazon reference URL and price when the workbook has them.
58,GM-GPU-NVD-001,NVIDIA RTX 5090 Founders Edition (32GB),Hardware,26449,22999,4,Noon,Local market reference / supplier option,https://www.noon.com/saudi-en/search/?q=NVIDIA+RTX+5090+Founders+Edition+%2832GB%29,,,SAR,Needs supplier verification,"Verify seller rating, warranty, and marketplace fulfillment before buying."
58,GM-GPU-NVD-001,NVIDIA RTX 5090 Founders Edition (32GB),Hardware,26449,22999,5,B&H Photo,US retailer / distributor search,https://www.bhphotovideo.com/c/search?Ntt=NVIDIA+RTX+5090+Founders+Edition+%2832GB%29&N=0&InitialSearch=yes&sts=ma,,,USD,Needs supplier verification,"Best for cameras, networking, creators, and computer hardware."
84,NT-MPC-DEL-001,Dell OptiPlex 7070 Micro (Refurb),Homelab,1610,,1,AliExpress,Marketplace supplier search,https://www.aliexpress.com/wholesale?SearchText=Dell+OptiPlex+7070+Micro+%28Refurb%29,,,USD,Needs supplier verification,"Match exact product manually, then fill Buy URL and Supplier Price."
84,NT-MPC-DEL-001,Dell OptiPlex 7070 Micro (Refurb),Homelab,1610,,2,Alibaba,B2B supplier search,https://www.alibaba.com/trade/search?SearchText=Dell+OptiPlex+7070+Micro+%28Refurb%29,,,USD,Needs supplier verification,"Check MOQ, shipping terms, and verified supplier status before buying."
84,NT-MPC-DEL-001,Dell OptiPlex 7070 Micro (Refurb),Homelab,1610,,3,Amazon.sa,Local market reference / supplier option,https://www.amazon.sa/s?k=Dell+OptiPlex+7070+Micro+%28Refurb%29,https://www.amazon.sa/-/en/Dell-OptiPlex-5060-Computer-Professional/dp/B0C31DTK9C/ref=sr_1_1,1282,SAR,Existing workbook Amazon reference,Uses existing Amazon reference URL and price when the workbook has them.
84,NT-MPC-DEL-001,Dell OptiPlex 7070 Micro (Refurb),Homelab,1610,,4,Noon,Local market reference / supplier option,https://www.noon.com/saudi-en/search/?q=Dell+OptiPlex+7070+Micro+%28Refurb%29,,,SAR,Needs supplier verification,"Verify seller rating, warranty, and marketplace fulfillment before buying."
84,NT-MPC-DEL-001,Dell OptiPlex 7070 Micro (Refurb),Homelab,1610,,5,B&H Photo,US retailer / distributor search,https://www.bhphotovideo.com/c/search?Ntt=Dell+OptiPlex+7070+Micro+%28Refurb%29&N=0&InitialSearch=yes&sts=ma,,,USD,Needs supplier verification,"Best for cameras, networking, creators, and computer hardware."
85,NT-MPC-BLK-002,Beelink EQ12 (Intel N100),Homelab,999,,1,AliExpress,Marketplace supplier search,https://www.aliexpress.com/wholesale?SearchText=Beelink+EQ12+%28Intel+N100%29,,,USD,Needs supplier verification,"Match exact product manually, then fill Buy URL and Supplier Price."
85,NT-MPC-BLK-002,Beelink EQ12 (Intel N100),Homelab,999,,2,Alibaba,B2B supplier search,https://www.alibaba.com/trade/search?SearchText=Beelink+EQ12+%28Intel+N100%29,,,USD,Needs supplier verification,"Check MOQ, shipping terms, and verified supplier status before buying."
85,NT-MPC-BLK-002,Beelink EQ12 (Intel N100),Homelab,999,,3,Amazon.sa,Local market reference / supplier option,https://www.amazon.sa/s?k=Beelink+EQ12+%28Intel+N100%29,scraped via scripts/live-market-sync-inscope.js (2026-05-07),1888,SAR,Existing workbook Amazon reference,Uses existing Amazon reference URL and price when the workbook has them.
85,NT-MPC-BLK-002,Beelink EQ12 (Intel N100),Homelab,999,,4,Noon,Local market reference / supplier option,https://www.noon.com/saudi-en/search/?q=Beelink+EQ12+%28Intel+N100%29,,,SAR,Needs supplier verification,"Verify seller rating, warranty, and marketplace fulfillment before buying."
85,NT-MPC-BLK-002,Beelink EQ12 (Intel N100),Homelab,999,,5,B&H Photo,US retailer / distributor search,https://www.bhphotovideo.com/c/search?Ntt=Beelink+EQ12+%28Intel+N100%29&N=0&InitialSearch=yes&sts=ma,,,USD,Needs supplier verification,"Best for cameras, networking, creators, and computer hardware."
86,NT-MPC-BLK-001,Beelink SER7 (Ryzen 7 7735HS),Homelab,2399,,1,AliExpress,Marketplace supplier search,https://www.aliexpress.com/wholesale?SearchText=Beelink+SER7+%28Ryzen+7+7735HS%29,,,USD,Needs supplier verification,"Match exact product manually, then fill Buy URL and Supplier Price."
86,NT-MPC-BLK-001,Beelink SER7 (Ryzen 7 7735HS),Homelab,2399,,2,Alibaba,B2B supplier search,https://www.alibaba.com/trade/search?SearchText=Beelink+SER7+%28Ryzen+7+7735HS%29,,,USD,Needs supplier verification,"Check MOQ, shipping terms, and verified supplier status before buying."
86,NT-MPC-BLK-001,Beelink SER7 (Ryzen 7 7735HS),Homelab,2399,,3,Amazon.sa,Local market reference / supplier option,https://www.amazon.sa/s?k=Beelink+SER7+%28Ryzen+7+7735HS%29,scraped via scripts/live-market-sync-inscope.js (2026-05-07),2476,SAR,Existing workbook Amazon reference,Uses existing Amazon reference URL and price when the workbook has them.
86,NT-MPC-BLK-001,Beelink SER7 (Ryzen 7 7735HS),Homelab,2399,,4,Noon,Local market reference / supplier option,https://www.noon.com/saudi-en/search/?q=Beelink+SER7+%28Ryzen+7+7735HS%29,,,SAR,Needs supplier verification,"Verify seller rating, warranty, and marketplace fulfillment before buying."
86,NT-MPC-BLK-001,Beelink SER7 (Ryzen 7 7735HS),Homelab,2399,,5,B&H Photo,US retailer / distributor search,https://www.bhphotovideo.com/c/search?Ntt=Beelink+SER7+%28Ryzen+7+7735HS%29&N=0&InitialSearch=yes&sts=ma,,,USD,Needs supplier verification,"Best for cameras, networking, creators, and computer hardware."
87,NT-MPC-MNF-001,MinisForum MS-01 (Homelab Server),Homelab,4599,3999,1,AliExpress,Marketplace supplier search,https://www.aliexpress.com/wholesale?SearchText=MinisForum+MS-01+%28Homelab+Server%29,,,USD,Needs supplier verification,"Match exact product manually, then fill Buy URL and Supplier Price."
87,NT-MPC-MNF-001,MinisForum MS-01 (Homelab Server),Homelab,4599,3999,2,Alibaba,B2B supplier search,https://www.alibaba.com/trade/search?SearchText=MinisForum+MS-01+%28Homelab+Server%29,,,USD,Needs supplier verification,"Check MOQ, shipping terms, and verified supplier status before buying."
87,NT-MPC-MNF-001,MinisForum MS-01 (Homelab Server),Homelab,4599,3999,3,Amazon.sa,Local market reference / supplier option,https://www.amazon.sa/s?k=MinisForum+MS-01+%28Homelab+Server%29,scraped via scripts/live-market-sync-inscope.js (2026-05-07),2017,SAR,Existing workbook Amazon reference,Uses existing Amazon reference URL and price when the workbook has them.
87,NT-MPC-MNF-001,MinisForum MS-01 (Homelab Server),Homelab,4599,3999,4,Noon,Local market reference / supplier option,https://www.noon.com/saudi-en/search/?q=MinisForum+MS-01+%28Homelab+Server%29,,,SAR,Needs supplier verification,"Verify seller rating, warranty, and marketplace fulfillment before buying."
87,NT-MPC-MNF-001,MinisForum MS-01 (Homelab Server),Homelab,4599,3999,5,B&H Photo,US retailer / distributor search,https://www.bhphotovideo.com/c/search?Ntt=MinisForum+MS-01+%28Homelab+Server%29&N=0&InitialSearch=yes&sts=ma,,,USD,Needs supplier verification,"Best for cameras, networking, creators, and computer hardware."
88,NT-POE-TPL-001,TP-Link TL-SG1005P 5-Port PoE,Networking,299,,1,AliExpress,Marketplace supplier search,https://www.aliexpress.com/wholesale?SearchText=TP-Link+TL-SG1005P+5-Port+PoE,,,USD,Needs supplier verification,"Match exact product manually, then fill Buy URL and Supplier Price."
88,NT-POE-TPL-001,TP-Link TL-SG1005P 5-Port PoE,Networking,299,,2,Alibaba,B2B supplier search,https://www.alibaba.com/trade/search?SearchText=TP-Link+TL-SG1005P+5-Port+PoE,,,USD,Needs supplier verification,"Check MOQ, shipping terms, and verified supplier status before buying."
88,NT-POE-TPL-001,TP-Link TL-SG1005P 5-Port PoE,Networking,299,,3,Amazon.sa,Local market reference / supplier option,https://www.amazon.sa/s?k=TP-Link+TL-SG1005P+5-Port+PoE,scraped via scripts/live-market-sync-inscope.js (2026-05-07),159,SAR,Existing workbook Amazon reference,Uses existing Amazon reference URL and price when the workbook has them.
88,NT-POE-TPL-001,TP-Link TL-SG1005P 5-Port PoE,Networking,299,,4,Noon,Local market reference / supplier option,https://www.noon.com/saudi-en/search/?q=TP-Link+TL-SG1005P+5-Port+PoE,,,SAR,Needs supplier verification,"Verify seller rating, warranty, and marketplace fulfillment before buying."
88,NT-POE-TPL-001,TP-Link TL-SG1005P 5-Port PoE,Networking,299,,5,B&H Photo,US retailer / distributor search,https://www.bhphotovideo.com/c/search?Ntt=TP-Link+TL-SG1005P+5-Port+PoE&N=0&InitialSearch=yes&sts=ma,,,USD,Needs supplier verification,"Best for cameras, networking, creators, and computer hardware."
89,NT-POE-UBQ-001,Ubiquiti USW-Lite-8-PoE,Networking,849,,1,AliExpress,Marketplace supplier search,https://www.aliexpress.com/wholesale?SearchText=Ubiquiti+USW-Lite-8-PoE,,,USD,Needs supplier verification,"Match exact product manually, then fill Buy URL and Supplier Price."
89,NT-POE-UBQ-001,Ubiquiti USW-Lite-8-PoE,Networking,849,,2,Alibaba,B2B supplier search,https://www.alibaba.com/trade/search?SearchText=Ubiquiti+USW-Lite-8-PoE,,,USD,Needs supplier verification,"Check MOQ, shipping terms, and verified supplier status before buying."
89,NT-POE-UBQ-001,Ubiquiti USW-Lite-8-PoE,Networking,849,,3,Amazon.sa,Local market reference / supplier option,https://www.amazon.sa/s?k=Ubiquiti+USW-Lite-8-PoE,scraped via scripts/live-market-sync-inscope.js (2026-05-07),640,SAR,Existing workbook Amazon reference,Uses existing Amazon reference URL and price when the workbook has them.
89,NT-POE-UBQ-001,Ubiquiti USW-Lite-8-PoE,Networking,849,,4,Noon,Local market reference / supplier option,https://www.noon.com/saudi-en/search/?q=Ubiquiti+USW-Lite-8-PoE,,,SAR,Needs supplier verification,"Verify seller rating, warranty, and marketplace fulfillment before buying."
89,NT-POE-UBQ-001,Ubiquiti USW-Lite-8-PoE,Networking,849,,5,B&H Photo,US retailer / distributor search,https://www.bhphotovideo.com/c/search?Ntt=Ubiquiti+USW-Lite-8-PoE&N=0&InitialSearch=yes&sts=ma,,,USD,Needs supplier verification,"Best for cameras, networking, creators, and computer hardware."
90,NT-KVM-ATN-001,ATEN CS1924M 4-Port DP KVM,Homelab,2399,,1,AliExpress,Marketplace supplier search,https://www.aliexpress.com/wholesale?SearchText=ATEN+CS1924M+4-Port+DP+KVM,,,USD,Needs supplier verification,"Match exact product manually, then fill Buy URL and Supplier Price."
90,NT-KVM-ATN-001,ATEN CS1924M 4-Port DP KVM,Homelab,2399,,2,Alibaba,B2B supplier search,https://www.alibaba.com/trade/search?SearchText=ATEN+CS1924M+4-Port+DP+KVM,,,USD,Needs supplier verification,"Check MOQ, shipping terms, and verified supplier status before buying."
90,NT-KVM-ATN-001,ATEN CS1924M 4-Port DP KVM,Homelab,2399,,3,Amazon.sa,Local market reference / supplier option,https://www.amazon.sa/s?k=ATEN+CS1924M+4-Port+DP+KVM,,,SAR,Needs supplier verification,Uses existing Amazon reference URL and price when the workbook has them.
90,NT-KVM-ATN-001,ATEN CS1924M 4-Port DP KVM,Homelab,2399,,4,Noon,Local market reference / supplier option,https://www.noon.com/saudi-en/search/?q=ATEN+CS1924M+4-Port+DP+KVM,,,SAR,Needs supplier verification,"Verify seller rating, warranty, and marketplace fulfillment before buying."
90,NT-KVM-ATN-001,ATEN CS1924M 4-Port DP KVM,Homelab,2399,,5,B&H Photo,US retailer / distributor search,https://www.bhphotovideo.com/c/search?Ntt=ATEN+CS1924M+4-Port+DP+KVM&N=0&InitialSearch=yes&sts=ma,,,USD,Needs supplier verification,"Best for cameras, networking, creators, and computer hardware."
91,NT-KVM-TES-001,TESmart HKS0401A1U 4-Port HDMI KVM,Homelab,689,599,1,AliExpress,Marketplace supplier search,https://www.aliexpress.com/wholesale?SearchText=TESmart+HKS0401A1U+4-Port+HDMI+KVM,,,USD,Needs supplier verification,"Match exact product manually, then fill Buy URL and Supplier Price."
91,NT-KVM-TES-001,TESmart HKS0401A1U 4-Port HDMI KVM,Homelab,689,599,2,Alibaba,B2B supplier search,https://www.alibaba.com/trade/search?SearchText=TESmart+HKS0401A1U+4-Port+HDMI+KVM,,,USD,Needs supplier verification,"Check MOQ, shipping terms, and verified supplier status before buying."
91,NT-KVM-TES-001,TESmart HKS0401A1U 4-Port HDMI KVM,Homelab,689,599,3,Amazon.sa,Local market reference / supplier option,https://www.amazon.sa/s?k=TESmart+HKS0401A1U+4-Port+HDMI+KVM,,,SAR,Needs supplier verification,Uses existing Amazon reference URL and price when the workbook has them.
91,NT-KVM-TES-001,TESmart HKS0401A1U 4-Port HDMI KVM,Homelab,689,599,4,Noon,Local market reference / supplier option,https://www.noon.com/saudi-en/search/?q=TESmart+HKS0401A1U+4-Port+HDMI+KVM,,,SAR,Needs supplier verification,"Verify seller rating, warranty, and marketplace fulfillment before buying."
91,NT-KVM-TES-001,TESmart HKS0401A1U 4-Port HDMI KVM,Homelab,689,599,5,B&H Photo,US retailer / distributor search,https://www.bhphotovideo.com/c/search?Ntt=TESmart+HKS0401A1U+4-Port+HDMI+KVM&N=0&InitialSearch=yes&sts=ma,,,USD,Needs supplier verification,"Best for cameras, networking, creators, and computer hardware."
92,NT-FWL-FTN-001,Fortinet FortiGate 60F,Homelab,6329,5499,1,AliExpress,Marketplace supplier search,https://www.aliexpress.com/wholesale?SearchText=Fortinet+FortiGate+60F,,,USD,Needs supplier verification,"Match exact product manually, then fill Buy URL and Supplier Price."
92,NT-FWL-FTN-001,Fortinet FortiGate 60F,Homelab,6329,5499,2,Alibaba,B2B supplier search,https://www.alibaba.com/trade/search?SearchText=Fortinet+FortiGate+60F,,,USD,Needs supplier verification,"Check MOQ, shipping terms, and verified supplier status before buying."
92,NT-FWL-FTN-001,Fortinet FortiGate 60F,Homelab,6329,5499,3,Amazon.sa,Local market reference / supplier option,https://www.amazon.sa/s?k=Fortinet+FortiGate+60F,scraped via scripts/live-market-sync-inscope.js (2026-05-07),3146,SAR,Existing workbook Amazon reference,Uses existing Amazon reference URL and price when the workbook has them.
92,NT-FWL-FTN-001,Fortinet FortiGate 60F,Homelab,6329,5499,4,Noon,Local market reference / supplier option,https://www.noon.com/saudi-en/search/?q=Fortinet+FortiGate+60F,,,SAR,Needs supplier verification,"Verify seller rating, warranty, and marketplace fulfillment before buying."
92,NT-FWL-FTN-001,Fortinet FortiGate 60F,Homelab,6329,5499,5,B&H Photo,US retailer / distributor search,https://www.bhphotovideo.com/c/search?Ntt=Fortinet+FortiGate+60F&N=0&InitialSearch=yes&sts=ma,,,USD,Needs supplier verification,"Best for cameras, networking, creators, and computer hardware."
93,NT-FWL-NGT-002,Netgate 2100 MAX pfSense+ Gateway,Homelab,2740,,1,AliExpress,Marketplace supplier search,https://www.aliexpress.com/wholesale?SearchText=Netgate+2100+MAX+pfSense%2B+Gateway,,,USD,Needs supplier verification,"Match exact product manually, then fill Buy URL and Supplier Price."
93,NT-FWL-NGT-002,Netgate 2100 MAX pfSense+ Gateway,Homelab,2740,,2,Alibaba,B2B supplier search,https://www.alibaba.com/trade/search?SearchText=Netgate+2100+MAX+pfSense%2B+Gateway,,,USD,Needs supplier verification,"Check MOQ, shipping terms, and verified supplier status before buying."
93,NT-FWL-NGT-002,Netgate 2100 MAX pfSense+ Gateway,Homelab,2740,,3,Amazon.sa,Local market reference / supplier option,https://www.amazon.sa/s?k=Netgate+2100+MAX+pfSense%2B+Gateway,https://www.amazon.sa/-/en/PfSense-Netgate-2100-Firewall-Router/dp/B0D35Y6RLG/ref=sr_1_1,2191,SAR,Existing workbook Amazon reference,Uses existing Amazon reference URL and price when the workbook has them.
93,NT-FWL-NGT-002,Netgate 2100 MAX pfSense+ Gateway,Homelab,2740,,4,Noon,Local market reference / supplier option,https://www.noon.com/saudi-en/search/?q=Netgate+2100+MAX+pfSense%2B+Gateway,,,SAR,Needs supplier verification,"Verify seller rating, warranty, and marketplace fulfillment before buying."
93,NT-FWL-NGT-002,Netgate 2100 MAX pfSense+ Gateway,Homelab,2740,,5,B&H Photo,US retailer / distributor search,https://www.bhphotovideo.com/c/search?Ntt=Netgate+2100+MAX+pfSense%2B+Gateway&N=0&InitialSearch=yes&sts=ma,,,USD,Needs supplier verification,"Best for cameras, networking, creators, and computer hardware."
94,NT-FWL-NGT-001,Netgate 4200 MAX pfSense+ Gateway,Homelab,3399,,1,AliExpress,Marketplace supplier search,https://www.aliexpress.com/wholesale?SearchText=Netgate+4200+MAX+pfSense%2B+Gateway,,,USD,Needs supplier verification,"Match exact product manually, then fill Buy URL and Supplier Price."
94,NT-FWL-NGT-001,Netgate 4200 MAX pfSense+ Gateway,Homelab,3399,,2,Alibaba,B2B supplier search,https://www.alibaba.com/trade/search?SearchText=Netgate+4200+MAX+pfSense%2B+Gateway,,,USD,Needs supplier verification,"Check MOQ, shipping terms, and verified supplier status before buying."
94,NT-FWL-NGT-001,Netgate 4200 MAX pfSense+ Gateway,Homelab,3399,,3,Amazon.sa,Local market reference / supplier option,https://www.amazon.sa/s?k=Netgate+4200+MAX+pfSense%2B+Gateway,scraped via scripts/live-market-sync-inscope.js (2026-05-07),1314,SAR,Existing workbook Amazon reference,Uses existing Amazon reference URL and price when the workbook has them.
94,NT-FWL-NGT-001,Netgate 4200 MAX pfSense+ Gateway,Homelab,3399,,4,Noon,Local market reference / supplier option,https://www.noon.com/saudi-en/search/?q=Netgate+4200+MAX+pfSense%2B+Gateway,,,SAR,Needs supplier verification,"Verify seller rating, warranty, and marketplace fulfillment before buying."
94,NT-FWL-NGT-001,Netgate 4200 MAX pfSense+ Gateway,Homelab,3399,,5,B&H Photo,US retailer / distributor search,https://www.bhphotovideo.com/c/search?Ntt=Netgate+4200+MAX+pfSense%2B+Gateway&N=0&InitialSearch=yes&sts=ma,,,USD,Needs supplier verification,"Best for cameras, networking, creators, and computer hardware."
95,NT-CBL-GEN-001,Cat6a Shielded Bulk Cable (305m),Networking,740,,1,AliExpress,Marketplace supplier search,https://www.aliexpress.com/wholesale?SearchText=Cat6a+Shielded+Bulk+Cable+%28305m%29,,,USD,Needs supplier verification,"Match exact product manually, then fill Buy URL and Supplier Price."
95,NT-CBL-GEN-001,Cat6a Shielded Bulk Cable (305m),Networking,740,,2,Alibaba,B2B supplier search,https://www.alibaba.com/trade/search?SearchText=Cat6a+Shielded+Bulk+Cable+%28305m%29,,,USD,Needs supplier verification,"Check MOQ, shipping terms, and verified supplier status before buying."
95,NT-CBL-GEN-001,Cat6a Shielded Bulk Cable (305m),Networking,740,,3,Amazon.sa,Local market reference / supplier option,https://www.amazon.sa/s?k=Cat6a+Shielded+Bulk+Cable+%28305m%29,https://www.amazon.sa/-/en/Cable-Matters-Listed-10Gbps-Shielded/dp/B0FHNX9TBZ/ref=sr_1_1,592,SAR,Existing workbook Amazon reference,Uses existing Amazon reference URL and price when the workbook has them.
95,NT-CBL-GEN-001,Cat6a Shielded Bulk Cable (305m),Networking,740,,4,Noon,Local market reference / supplier option,https://www.noon.com/saudi-en/search/?q=Cat6a+Shielded+Bulk+Cable+%28305m%29,,,SAR,Needs supplier verification,"Verify seller rating, warranty, and marketplace fulfillment before buying."
95,NT-CBL-GEN-001,Cat6a Shielded Bulk Cable (305m),Networking,740,,5,B&H Photo,US retailer / distributor search,https://www.bhphotovideo.com/c/search?Ntt=Cat6a+Shielded+Bulk+Cable+%28305m%29&N=0&InitialSearch=yes&sts=ma,,,USD,Needs supplier verification,"Best for cameras, networking, creators, and computer hardware."
96,NT-CBL-FSC-001,10G SFP+ DAC Twinax Cable (1m),Networking,80,,1,AliExpress,Marketplace supplier search,https://www.aliexpress.com/wholesale?SearchText=10G+SFP%2B+DAC+Twinax+Cable+%281m%29,,,USD,Needs supplier verification,"Match exact product manually, then fill Buy URL and Supplier Price."
96,NT-CBL-FSC-001,10G SFP+ DAC Twinax Cable (1m),Networking,80,,2,Alibaba,B2B supplier search,https://www.alibaba.com/trade/search?SearchText=10G+SFP%2B+DAC+Twinax+Cable+%281m%29,,,USD,Needs supplier verification,"Check MOQ, shipping terms, and verified supplier status before buying."
96,NT-CBL-FSC-001,10G SFP+ DAC Twinax Cable (1m),Networking,80,,3,Amazon.sa,Local market reference / supplier option,https://www.amazon.sa/s?k=10G+SFP%2B+DAC+Twinax+Cable+%281m%29,https://www.amazon.sa/-/en/QSFPTEK-SFP-SFP-H10GB-CU1M-Ubiquiti-Mikrotik/dp/B087PB2ZP3/ref=sr_1_4,63,SAR,Existing workbook Amazon reference,Uses existing Amazon reference URL and price when the workbook has them.
96,NT-CBL-FSC-001,10G SFP+ DAC Twinax Cable (1m),Networking,80,,4,Noon,Local market reference / supplier option,https://www.noon.com/saudi-en/search/?q=10G+SFP%2B+DAC+Twinax+Cable+%281m%29,,,SAR,Needs supplier verification,"Verify seller rating, warranty, and marketplace fulfillment before buying."
96,NT-CBL-FSC-001,10G SFP+ DAC Twinax Cable (1m),Networking,80,,5,B&H Photo,US retailer / distributor search,https://www.bhphotovideo.com/c/search?Ntt=10G+SFP%2B+DAC+Twinax+Cable+%281m%29&N=0&InitialSearch=yes&sts=ma,,,USD,Needs supplier verification,"Best for cameras, networking, creators, and computer hardware."
97,NT-SFP-FSC-001,FS.com 10GBASE-SR SFP+ Transceiver,Networking,129,,1,AliExpress,Marketplace supplier search,https://www.aliexpress.com/wholesale?SearchText=FS.com+10GBASE-SR+SFP%2B+Transceiver,,,USD,Needs supplier verification,"Match exact product manually, then fill Buy URL and Supplier Price."
97,NT-SFP-FSC-001,FS.com 10GBASE-SR SFP+ Transceiver,Networking,129,,2,Alibaba,B2B supplier search,https://www.alibaba.com/trade/search?SearchText=FS.com+10GBASE-SR+SFP%2B+Transceiver,,,USD,Needs supplier verification,"Check MOQ, shipping terms, and verified supplier status before buying."
97,NT-SFP-FSC-001,FS.com 10GBASE-SR SFP+ Transceiver,Networking,129,,3,Amazon.sa,Local market reference / supplier option,https://www.amazon.sa/s?k=FS.com+10GBASE-SR+SFP%2B+Transceiver,scraped via scripts/live-market-sync-inscope.js (2026-05-07),65,SAR,Existing workbook Amazon reference,Uses existing Amazon reference URL and price when the workbook has them.
97,NT-SFP-FSC-001,FS.com 10GBASE-SR SFP+ Transceiver,Networking,129,,4,Noon,Local market reference / supplier option,https://www.noon.com/saudi-en/search/?q=FS.com+10GBASE-SR+SFP%2B+Transceiver,,,SAR,Needs supplier verification,"Verify seller rating, warranty, and marketplace fulfillment before buying."
97,NT-SFP-FSC-001,FS.com 10GBASE-SR SFP+ Transceiver,Networking,129,,5,B&H Photo,US retailer / distributor search,https://www.bhphotovideo.com/c/search?Ntt=FS.com+10GBASE-SR+SFP%2B+Transceiver&N=0&InitialSearch=yes&sts=ma,,,USD,Needs supplier verification,"Best for cameras, networking, creators, and computer hardware."
98,NT-SRV-NVP-001,NavePoint 1U Cantilever Rack Shelf,Homelab,249,,1,AliExpress,Marketplace supplier search,https://www.aliexpress.com/wholesale?SearchText=NavePoint+1U+Cantilever+Rack+Shelf,,,USD,Needs supplier verification,"Match exact product manually, then fill Buy URL and Supplier Price."
98,NT-SRV-NVP-001,NavePoint 1U Cantilever Rack Shelf,Homelab,249,,2,Alibaba,B2B supplier search,https://www.alibaba.com/trade/search?SearchText=NavePoint+1U+Cantilever+Rack+Shelf,,,USD,Needs supplier verification,"Check MOQ, shipping terms, and verified supplier status before buying."
98,NT-SRV-NVP-001,NavePoint 1U Cantilever Rack Shelf,Homelab,249,,3,Amazon.sa,Local market reference / supplier option,https://www.amazon.sa/s?k=NavePoint+1U+Cantilever+Rack+Shelf,scraped via scripts/live-market-sync-inscope.js (2026-05-07),261,SAR,Existing workbook Amazon reference,Uses existing Amazon reference URL and price when the workbook has them.
98,NT-SRV-NVP-001,NavePoint 1U Cantilever Rack Shelf,Homelab,249,,4,Noon,Local market reference / supplier option,https://www.noon.com/saudi-en/search/?q=NavePoint+1U+Cantilever+Rack+Shelf,,,SAR,Needs supplier verification,"Verify seller rating, warranty, and marketplace fulfillment before buying."
98,NT-SRV-NVP-001,NavePoint 1U Cantilever Rack Shelf,Homelab,249,,5,B&H Photo,US retailer / distributor search,https://www.bhphotovideo.com/c/search?Ntt=NavePoint+1U+Cantilever+Rack+Shelf&N=0&InitialSearch=yes&sts=ma,,,USD,Needs supplier verification,"Best for cameras, networking, creators, and computer hardware."
99,NT-SRV-CBM-001,Cable Matters 24-Port Cat6 Patch Panel (1U),Homelab,239,,1,AliExpress,Marketplace supplier search,https://www.aliexpress.com/wholesale?SearchText=Cable+Matters+24-Port+Cat6+Patch+Panel+%281U%29,,,USD,Needs supplier verification,"Match exact product manually, then fill Buy URL and Supplier Price."
99,NT-SRV-CBM-001,Cable Matters 24-Port Cat6 Patch Panel (1U),Homelab,239,,2,Alibaba,B2B supplier search,https://www.alibaba.com/trade/search?SearchText=Cable+Matters+24-Port+Cat6+Patch+Panel+%281U%29,,,USD,Needs supplier verification,"Check MOQ, shipping terms, and verified supplier status before buying."
99,NT-SRV-CBM-001,Cable Matters 24-Port Cat6 Patch Panel (1U),Homelab,239,,3,Amazon.sa,Local market reference / supplier option,https://www.amazon.sa/s?k=Cable+Matters+24-Port+Cat6+Patch+Panel+%281U%29,,,SAR,Needs supplier verification,Uses existing Amazon reference URL and price when the workbook has them.
99,NT-SRV-CBM-001,Cable Matters 24-Port Cat6 Patch Panel (1U),Homelab,239,,4,Noon,Local market reference / supplier option,https://www.noon.com/saudi-en/search/?q=Cable+Matters+24-Port+Cat6+Patch+Panel+%281U%29,,,SAR,Needs supplier verification,"Verify seller rating, warranty, and marketplace fulfillment before buying."
99,NT-SRV-CBM-001,Cable Matters 24-Port Cat6 Patch Panel (1U),Homelab,239,,5,B&H Photo,US retailer / distributor search,https://www.bhphotovideo.com/c/search?Ntt=Cable+Matters+24-Port+Cat6+Patch+Panel+%281U%29&N=0&InitialSearch=yes&sts=ma,,,USD,Needs supplier verification,"Best for cameras, networking, creators, and computer hardware."
100,NT-SRV-STC-001,StarTech RK12WALLOA 12U Wall-Mount Rack,Homelab,1399,,1,AliExpress,Marketplace supplier search,https://www.aliexpress.com/wholesale?SearchText=StarTech+RK12WALLOA+12U+Wall-Mount+Rack,,,USD,Needs supplier verification,"Match exact product manually, then fill Buy URL and Supplier Price."
100,NT-SRV-STC-001,StarTech RK12WALLOA 12U Wall-Mount Rack,Homelab,1399,,2,Alibaba,B2B supplier search,https://www.alibaba.com/trade/search?SearchText=StarTech+RK12WALLOA+12U+Wall-Mount+Rack,,,USD,Needs supplier verification,"Check MOQ, shipping terms, and verified supplier status before buying."
100,NT-SRV-STC-001,StarTech RK12WALLOA 12U Wall-Mount Rack,Homelab,1399,,3,Amazon.sa,Local market reference / supplier option,https://www.amazon.sa/s?k=StarTech+RK12WALLOA+12U+Wall-Mount+Rack,scraped via scripts/live-market-sync-inscope.js (2026-05-07),1089,SAR,Existing workbook Amazon reference,Uses existing Amazon reference URL and price when the workbook has them.
100,NT-SRV-STC-001,StarTech RK12WALLOA 12U Wall-Mount Rack,Homelab,1399,,4,Noon,Local market reference / supplier option,https://www.noon.com/saudi-en/search/?q=StarTech+RK12WALLOA+12U+Wall-Mount+Rack,,,SAR,Needs supplier verification,"Verify seller rating, warranty, and marketplace fulfillment before buying."
100,NT-SRV-STC-001,StarTech RK12WALLOA 12U Wall-Mount Rack,Homelab,1399,,5,B&H Photo,US retailer / distributor search,https://www.bhphotovideo.com/c/search?Ntt=StarTech+RK12WALLOA+12U+Wall-Mount+Rack&N=0&InitialSearch=yes&sts=ma,,,USD,Needs supplier verification,"Best for cameras, networking, creators, and computer hardware."
101,NT-UPS-APC-002,APC Back-UPS Pro BX1500M (Tower),Homelab,1839,1599,1,AliExpress,Marketplace supplier search,https://www.aliexpress.com/wholesale?SearchText=APC+Back-UPS+Pro+BX1500M+%28Tower%29,,,USD,Needs supplier verification,"Match exact product manually, then fill Buy URL and Supplier Price."
101,NT-UPS-APC-002,APC Back-UPS Pro BX1500M (Tower),Homelab,1839,1599,2,Alibaba,B2B supplier search,https://www.alibaba.com/trade/search?SearchText=APC+Back-UPS+Pro+BX1500M+%28Tower%29,,,USD,Needs supplier verification,"Check MOQ, shipping terms, and verified supplier status before buying."
101,NT-UPS-APC-002,APC Back-UPS Pro BX1500M (Tower),Homelab,1839,1599,3,Amazon.sa,Local market reference / supplier option,https://www.amazon.sa/s?k=APC+Back-UPS+Pro+BX1500M+%28Tower%29,,,SAR,Needs supplier verification,Uses existing Amazon reference URL and price when the workbook has them.
101,NT-UPS-APC-002,APC Back-UPS Pro BX1500M (Tower),Homelab,1839,1599,4,Noon,Local market reference / supplier option,https://www.noon.com/saudi-en/search/?q=APC+Back-UPS+Pro+BX1500M+%28Tower%29,,,SAR,Needs supplier verification,"Verify seller rating, warranty, and marketplace fulfillment before buying."
101,NT-UPS-APC-002,APC Back-UPS Pro BX1500M (Tower),Homelab,1839,1599,5,B&H Photo,US retailer / distributor search,https://www.bhphotovideo.com/c/search?Ntt=APC+Back-UPS+Pro+BX1500M+%28Tower%29&N=0&InitialSearch=yes&sts=ma,,,USD,Needs supplier verification,"Best for cameras, networking, creators, and computer hardware."
102,NT-UPS-CYB-001,CyberPower OR1500LCDRM1U (1500VA 1U),Homelab,2419,2099,1,AliExpress,Marketplace supplier search,https://www.aliexpress.com/wholesale?SearchText=CyberPower+OR1500LCDRM1U+%281500VA+1U%29,,,USD,Needs supplier verification,"Match exact product manually, then fill Buy URL and Supplier Price."
102,NT-UPS-CYB-001,CyberPower OR1500LCDRM1U (1500VA 1U),Homelab,2419,2099,2,Alibaba,B2B supplier search,https://www.alibaba.com/trade/search?SearchText=CyberPower+OR1500LCDRM1U+%281500VA+1U%29,,,USD,Needs supplier verification,"Check MOQ, shipping terms, and verified supplier status before buying."
102,NT-UPS-CYB-001,CyberPower OR1500LCDRM1U (1500VA 1U),Homelab,2419,2099,3,Amazon.sa,Local market reference / supplier option,https://www.amazon.sa/s?k=CyberPower+OR1500LCDRM1U+%281500VA+1U%29,scraped via scripts/live-market-sync-inscope.js (2026-05-07),4405,SAR,Existing workbook Amazon reference,Uses existing Amazon reference URL and price when the workbook has them.
102,NT-UPS-CYB-001,CyberPower OR1500LCDRM1U (1500VA 1U),Homelab,2419,2099,4,Noon,Local market reference / supplier option,https://www.noon.com/saudi-en/search/?q=CyberPower+OR1500LCDRM1U+%281500VA+1U%29,,,SAR,Needs supplier verification,"Verify seller rating, warranty, and marketplace fulfillment before buying."
102,NT-UPS-CYB-001,CyberPower OR1500LCDRM1U (1500VA 1U),Homelab,2419,2099,5,B&H Photo,US retailer / distributor search,https://www.bhphotovideo.com/c/search?Ntt=CyberPower+OR1500LCDRM1U+%281500VA+1U%29&N=0&InitialSearch=yes&sts=ma,,,USD,Needs supplier verification,"Best for cameras, networking, creators, and computer hardware."
103,NT-UPS-APC-001,APC Smart-UPS SMT1500RM2UC (1500VA Rack),Homelab,4899,,1,AliExpress,Marketplace supplier search,https://www.aliexpress.com/wholesale?SearchText=APC+Smart-UPS+SMT1500RM2UC+%281500VA+Rack%29,,,USD,Needs supplier verification,"Match exact product manually, then fill Buy URL and Supplier Price."
103,NT-UPS-APC-001,APC Smart-UPS SMT1500RM2UC (1500VA Rack),Homelab,4899,,2,Alibaba,B2B supplier search,https://www.alibaba.com/trade/search?SearchText=APC+Smart-UPS+SMT1500RM2UC+%281500VA+Rack%29,,,USD,Needs supplier verification,"Check MOQ, shipping terms, and verified supplier status before buying."
103,NT-UPS-APC-001,APC Smart-UPS SMT1500RM2UC (1500VA Rack),Homelab,4899,,3,Amazon.sa,Local market reference / supplier option,https://www.amazon.sa/s?k=APC+Smart-UPS+SMT1500RM2UC+%281500VA+Rack%29,,,SAR,Needs supplier verification,Uses existing Amazon reference URL and price when the workbook has them.
103,NT-UPS-APC-001,APC Smart-UPS SMT1500RM2UC (1500VA Rack),Homelab,4899,,4,Noon,Local market reference / supplier option,https://www.noon.com/saudi-en/search/?q=APC+Smart-UPS+SMT1500RM2UC+%281500VA+Rack%29,,,SAR,Needs supplier verification,"Verify seller rating, warranty, and marketplace fulfillment before buying."
103,NT-UPS-APC-001,APC Smart-UPS SMT1500RM2UC (1500VA Rack),Homelab,4899,,5,B&H Photo,US retailer / distributor search,https://www.bhphotovideo.com/c/search?Ntt=APC+Smart-UPS+SMT1500RM2UC+%281500VA+Rack%29&N=0&InitialSearch=yes&sts=ma,,,USD,Needs supplier verification,"Best for cameras, networking, creators, and computer hardware."
104,NT-NAS-QNP-002,QNAP TS-262-4G (2-Bay),Homelab,1899,,1,AliExpress,Marketplace supplier search,https://www.aliexpress.com/wholesale?SearchText=QNAP+TS-262-4G+%282-Bay%29,,,USD,Needs supplier verification,"Match exact product manually, then fill Buy URL and Supplier Price."
104,NT-NAS-QNP-002,QNAP TS-262-4G (2-Bay),Homelab,1899,,2,Alibaba,B2B supplier search,https://www.alibaba.com/trade/search?SearchText=QNAP+TS-262-4G+%282-Bay%29,,,USD,Needs supplier verification,"Check MOQ, shipping terms, and verified supplier status before buying."
104,NT-NAS-QNP-002,QNAP TS-262-4G (2-Bay),Homelab,1899,,3,Amazon.sa,Local market reference / supplier option,https://www.amazon.sa/s?k=QNAP+TS-262-4G+%282-Bay%29,scraped via scripts/live-market-sync-inscope.js (2026-05-07),2699,SAR,Existing workbook Amazon reference,Uses existing Amazon reference URL and price when the workbook has them.
104,NT-NAS-QNP-002,QNAP TS-262-4G (2-Bay),Homelab,1899,,4,Noon,Local market reference / supplier option,https://www.noon.com/saudi-en/search/?q=QNAP+TS-262-4G+%282-Bay%29,,,SAR,Needs supplier verification,"Verify seller rating, warranty, and marketplace fulfillment before buying."
104,NT-NAS-QNP-002,QNAP TS-262-4G (2-Bay),Homelab,1899,,5,B&H Photo,US retailer / distributor search,https://www.bhphotovideo.com/c/search?Ntt=QNAP+TS-262-4G+%282-Bay%29&N=0&InitialSearch=yes&sts=ma,,,USD,Needs supplier verification,"Best for cameras, networking, creators, and computer hardware."
105,NT-NAS-QNP-001,QNAP TS-464-8G (4-Bay),Homelab,2799,,1,AliExpress,Marketplace supplier search,https://www.aliexpress.com/wholesale?SearchText=QNAP+TS-464-8G+%284-Bay%29,,,USD,Needs supplier verification,"Match exact product manually, then fill Buy URL and Supplier Price."
105,NT-NAS-QNP-001,QNAP TS-464-8G (4-Bay),Homelab,2799,,2,Alibaba,B2B supplier search,https://www.alibaba.com/trade/search?SearchText=QNAP+TS-464-8G+%284-Bay%29,,,USD,Needs supplier verification,"Check MOQ, shipping terms, and verified supplier status before buying."
105,NT-NAS-QNP-001,QNAP TS-464-8G (4-Bay),Homelab,2799,,3,Amazon.sa,Local market reference / supplier option,https://www.amazon.sa/s?k=QNAP+TS-464-8G+%284-Bay%29,scraped via scripts/live-market-sync-inscope.js (2026-05-07),3378,SAR,Existing workbook Amazon reference,Uses existing Amazon reference URL and price when the workbook has them.
105,NT-NAS-QNP-001,QNAP TS-464-8G (4-Bay),Homelab,2799,,4,Noon,Local market reference / supplier option,https://www.noon.com/saudi-en/search/?q=QNAP+TS-464-8G+%284-Bay%29,,,SAR,Needs supplier verification,"Verify seller rating, warranty, and marketplace fulfillment before buying."
105,NT-NAS-QNP-001,QNAP TS-464-8G (4-Bay),Homelab,2799,,5,B&H Photo,US retailer / distributor search,https://www.bhphotovideo.com/c/search?Ntt=QNAP+TS-464-8G+%284-Bay%29&N=0&InitialSearch=yes&sts=ma,,,USD,Needs supplier verification,"Best for cameras, networking, creators, and computer hardware."
106,NT-NAS-SYN-002,Synology DS925+ (4-Bay),Homelab,3499,,1,AliExpress,Marketplace supplier search,https://www.aliexpress.com/wholesale?SearchText=Synology+DS925%2B+%284-Bay%29,,,USD,Needs supplier verification,"Match exact product manually, then fill Buy URL and Supplier Price."
106,NT-NAS-SYN-002,Synology DS925+ (4-Bay),Homelab,3499,,2,Alibaba,B2B supplier search,https://www.alibaba.com/trade/search?SearchText=Synology+DS925%2B+%284-Bay%29,,,USD,Needs supplier verification,"Check MOQ, shipping terms, and verified supplier status before buying."
106,NT-NAS-SYN-002,Synology DS925+ (4-Bay),Homelab,3499,,3,Amazon.sa,Local market reference / supplier option,https://www.amazon.sa/s?k=Synology+DS925%2B+%284-Bay%29,scraped via scripts/live-market-sync-inscope.js (2026-05-07),2826,SAR,Existing workbook Amazon reference,Uses existing Amazon reference URL and price when the workbook has them.
106,NT-NAS-SYN-002,Synology DS925+ (4-Bay),Homelab,3499,,4,Noon,Local market reference / supplier option,https://www.noon.com/saudi-en/search/?q=Synology+DS925%2B+%284-Bay%29,,,SAR,Needs supplier verification,"Verify seller rating, warranty, and marketplace fulfillment before buying."
106,NT-NAS-SYN-002,Synology DS925+ (4-Bay),Homelab,3499,,5,B&H Photo,US retailer / distributor search,https://www.bhphotovideo.com/c/search?Ntt=Synology+DS925%2B+%284-Bay%29&N=0&InitialSearch=yes&sts=ma,,,USD,Needs supplier verification,"Best for cameras, networking, creators, and computer hardware."
107,NT-NAS-SYN-001,Synology DS225+ (2-Bay),Homelab,2419,2099,1,AliExpress,Marketplace supplier search,https://www.aliexpress.com/wholesale?SearchText=Synology+DS225%2B+%282-Bay%29,,,USD,Needs supplier verification,"Match exact product manually, then fill Buy URL and Supplier Price."
107,NT-NAS-SYN-001,Synology DS225+ (2-Bay),Homelab,2419,2099,2,Alibaba,B2B supplier search,https://www.alibaba.com/trade/search?SearchText=Synology+DS225%2B+%282-Bay%29,,,USD,Needs supplier verification,"Check MOQ, shipping terms, and verified supplier status before buying."
107,NT-NAS-SYN-001,Synology DS225+ (2-Bay),Homelab,2419,2099,3,Amazon.sa,Local market reference / supplier option,https://www.amazon.sa/s?k=Synology+DS225%2B+%282-Bay%29,scraped via scripts/live-market-sync-inscope.js (2026-05-07),1643,SAR,Existing workbook Amazon reference,Uses existing Amazon reference URL and price when the workbook has them.
107,NT-NAS-SYN-001,Synology DS225+ (2-Bay),Homelab,2419,2099,4,Noon,Local market reference / supplier option,https://www.noon.com/saudi-en/search/?q=Synology+DS225%2B+%282-Bay%29,,,SAR,Needs supplier verification,"Verify seller rating, warranty, and marketplace fulfillment before buying."
107,NT-NAS-SYN-001,Synology DS225+ (2-Bay),Homelab,2419,2099,5,B&H Photo,US retailer / distributor search,https://www.bhphotovideo.com/c/search?Ntt=Synology+DS225%2B+%282-Bay%29&N=0&InitialSearch=yes&sts=ma,,,USD,Needs supplier verification,"Best for cameras, networking, creators, and computer hardware."
108,NT-WAP-TPL-002,TP-Link Omada EAP650,Networking,919,799,1,AliExpress,Marketplace supplier search,https://www.aliexpress.com/wholesale?SearchText=TP-Link+Omada+EAP650,,,USD,Needs supplier verification,"Match exact product manually, then fill Buy URL and Supplier Price."
108,NT-WAP-TPL-002,TP-Link Omada EAP650,Networking,919,799,2,Alibaba,B2B supplier search,https://www.alibaba.com/trade/search?SearchText=TP-Link+Omada+EAP650,,,USD,Needs supplier verification,"Check MOQ, shipping terms, and verified supplier status before buying."
108,NT-WAP-TPL-002,TP-Link Omada EAP650,Networking,919,799,3,Amazon.sa,Local market reference / supplier option,https://www.amazon.sa/s?k=TP-Link+Omada+EAP650,scraped via scripts/live-market-sync-inscope.js (2026-05-07),341,SAR,Existing workbook Amazon reference,Uses existing Amazon reference URL and price when the workbook has them.
108,NT-WAP-TPL-002,TP-Link Omada EAP650,Networking,919,799,4,Noon,Local market reference / supplier option,https://www.noon.com/saudi-en/search/?q=TP-Link+Omada+EAP650,,,SAR,Needs supplier verification,"Verify seller rating, warranty, and marketplace fulfillment before buying."
108,NT-WAP-TPL-002,TP-Link Omada EAP650,Networking,919,799,5,B&H Photo,US retailer / distributor search,https://www.bhphotovideo.com/c/search?Ntt=TP-Link+Omada+EAP650&N=0&InitialSearch=yes&sts=ma,,,USD,Needs supplier verification,"Best for cameras, networking, creators, and computer hardware."
109,NT-WAP-TPL-001,TP-Link Omada EAP610,Networking,689,599,1,AliExpress,Marketplace supplier search,https://www.aliexpress.com/wholesale?SearchText=TP-Link+Omada+EAP610,,,USD,Needs supplier verification,"Match exact product manually, then fill Buy URL and Supplier Price."
109,NT-WAP-TPL-001,TP-Link Omada EAP610,Networking,689,599,2,Alibaba,B2B supplier search,https://www.alibaba.com/trade/search?SearchText=TP-Link+Omada+EAP610,,,USD,Needs supplier verification,"Check MOQ, shipping terms, and verified supplier status before buying."
109,NT-WAP-TPL-001,TP-Link Omada EAP610,Networking,689,599,3,Amazon.sa,Local market reference / supplier option,https://www.amazon.sa/s?k=TP-Link+Omada+EAP610,scraped via scripts/live-market-sync-inscope.js (2026-05-07),359,SAR,Existing workbook Amazon reference,Uses existing Amazon reference URL and price when the workbook has them.
109,NT-WAP-TPL-001,TP-Link Omada EAP610,Networking,689,599,4,Noon,Local market reference / supplier option,https://www.noon.com/saudi-en/search/?q=TP-Link+Omada+EAP610,,,SAR,Needs supplier verification,"Verify seller rating, warranty, and marketplace fulfillment before buying."
109,NT-WAP-TPL-001,TP-Link Omada EAP610,Networking,689,599,5,B&H Photo,US retailer / distributor search,https://www.bhphotovideo.com/c/search?Ntt=TP-Link+Omada+EAP610&N=0&InitialSearch=yes&sts=ma,,,USD,Needs supplier verification,"Best for cameras, networking, creators, and computer hardware."
110,NT-WAP-UBQ-002,Ubiquiti UniFi U7 Pro,Networking,1609,1399,1,AliExpress,Marketplace supplier search,https://www.aliexpress.com/wholesale?SearchText=Ubiquiti+UniFi+U7+Pro,,,USD,Needs supplier verification,"Match exact product manually, then fill Buy URL and Supplier Price."
110,NT-WAP-UBQ-002,Ubiquiti UniFi U7 Pro,Networking,1609,1399,2,Alibaba,B2B supplier search,https://www.alibaba.com/trade/search?SearchText=Ubiquiti+UniFi+U7+Pro,,,USD,Needs supplier verification,"Check MOQ, shipping terms, and verified supplier status before buying."
110,NT-WAP-UBQ-002,Ubiquiti UniFi U7 Pro,Networking,1609,1399,3,Amazon.sa,Local market reference / supplier option,https://www.amazon.sa/s?k=Ubiquiti+UniFi+U7+Pro,scraped via scripts/live-market-sync-inscope.js (2026-05-07),807,SAR,Existing workbook Amazon reference,Uses existing Amazon reference URL and price when the workbook has them.
110,NT-WAP-UBQ-002,Ubiquiti UniFi U7 Pro,Networking,1609,1399,4,Noon,Local market reference / supplier option,https://www.noon.com/saudi-en/search/?q=Ubiquiti+UniFi+U7+Pro,,,SAR,Needs supplier verification,"Verify seller rating, warranty, and marketplace fulfillment before buying."
110,NT-WAP-UBQ-002,Ubiquiti UniFi U7 Pro,Networking,1609,1399,5,B&H Photo,US retailer / distributor search,https://www.bhphotovideo.com/c/search?Ntt=Ubiquiti+UniFi+U7+Pro&N=0&InitialSearch=yes&sts=ma,,,USD,Needs supplier verification,"Best for cameras, networking, creators, and computer hardware."
111,NT-WAP-UBQ-001,Ubiquiti UniFi U6 Pro,Networking,910,,1,AliExpress,Marketplace supplier search,https://www.aliexpress.com/wholesale?SearchText=Ubiquiti+UniFi+U6+Pro,,,USD,Needs supplier verification,"Match exact product manually, then fill Buy URL and Supplier Price."
111,NT-WAP-UBQ-001,Ubiquiti UniFi U6 Pro,Networking,910,,2,Alibaba,B2B supplier search,https://www.alibaba.com/trade/search?SearchText=Ubiquiti+UniFi+U6+Pro,,,USD,Needs supplier verification,"Check MOQ, shipping terms, and verified supplier status before buying."
111,NT-WAP-UBQ-001,Ubiquiti UniFi U6 Pro,Networking,910,,3,Amazon.sa,Local market reference / supplier option,https://www.amazon.sa/s?k=Ubiquiti+UniFi+U6+Pro,https://www.amazon.sa/-/en/Ubiquiti-Professional-Access-Throughput-Plastic/dp/B09RGHTGBB/ref=sr_1_1,725,SAR,Existing workbook Amazon reference,Uses existing Amazon reference URL and price when the workbook has them.
111,NT-WAP-UBQ-001,Ubiquiti UniFi U6 Pro,Networking,910,,4,Noon,Local market reference / supplier option,https://www.noon.com/saudi-en/search/?q=Ubiquiti+UniFi+U6+Pro,,,SAR,Needs supplier verification,"Verify seller rating, warranty, and marketplace fulfillment before buying."
111,NT-WAP-UBQ-001,Ubiquiti UniFi U6 Pro,Networking,910,,5,B&H Photo,US retailer / distributor search,https://www.bhphotovideo.com/c/search?Ntt=Ubiquiti+UniFi+U6+Pro&N=0&InitialSearch=yes&sts=ma,,,USD,Needs supplier verification,"Best for cameras, networking, creators, and computer hardware."
112,NT-NET-UBQ-001,Ubiquiti USW-Pro-24-PoE,Networking,2370,,1,AliExpress,Marketplace supplier search,https://www.aliexpress.com/wholesale?SearchText=Ubiquiti+USW-Pro-24-PoE,,,USD,Needs supplier verification,"Match exact product manually, then fill Buy URL and Supplier Price."
112,NT-NET-UBQ-001,Ubiquiti USW-Pro-24-PoE,Networking,2370,,2,Alibaba,B2B supplier search,https://www.alibaba.com/trade/search?SearchText=Ubiquiti+USW-Pro-24-PoE,,,USD,Needs supplier verification,"Check MOQ, shipping terms, and verified supplier status before buying."
112,NT-NET-UBQ-001,Ubiquiti USW-Pro-24-PoE,Networking,2370,,3,Amazon.sa,Local market reference / supplier option,https://www.amazon.sa/s?k=Ubiquiti+USW-Pro-24-PoE,https://www.amazon.sa/-/en/Ubiquiti-Networks-USW-Pro-Max-16-PoE-180W/dp/B0D3WQVCZW/ref=sr_1_2,1889,SAR,Existing workbook Amazon reference,Uses existing Amazon reference URL and price when the workbook has them.
112,NT-NET-UBQ-001,Ubiquiti USW-Pro-24-PoE,Networking,2370,,4,Noon,Local market reference / supplier option,https://www.noon.com/saudi-en/search/?q=Ubiquiti+USW-Pro-24-PoE,,,SAR,Needs supplier verification,"Verify seller rating, warranty, and marketplace fulfillment before buying."
112,NT-NET-UBQ-001,Ubiquiti USW-Pro-24-PoE,Networking,2370,,5,B&H Photo,US retailer / distributor search,https://www.bhphotovideo.com/c/search?Ntt=Ubiquiti+USW-Pro-24-PoE&N=0&InitialSearch=yes&sts=ma,,,USD,Needs supplier verification,"Best for cameras, networking, creators, and computer hardware."
113,NT-NET-MKT-004,MikroTik CRS312-4C+8XG-RM,Networking,2799,,1,AliExpress,Marketplace supplier search,https://www.aliexpress.com/wholesale?SearchText=MikroTik+CRS312-4C%2B8XG-RM,,,USD,Needs supplier verification,"Match exact product manually, then fill Buy URL and Supplier Price."
113,NT-NET-MKT-004,MikroTik CRS312-4C+8XG-RM,Networking,2799,,2,Alibaba,B2B supplier search,https://www.alibaba.com/trade/search?SearchText=MikroTik+CRS312-4C%2B8XG-RM,,,USD,Needs supplier verification,"Check MOQ, shipping terms, and verified supplier status before buying."
113,NT-NET-MKT-004,MikroTik CRS312-4C+8XG-RM,Networking,2799,,3,Amazon.sa,Local market reference / supplier option,https://www.amazon.sa/s?k=MikroTik+CRS312-4C%2B8XG-RM,scraped via scripts/live-market-sync-inscope.js (2026-05-07),2637,SAR,Existing workbook Amazon reference,Uses existing Amazon reference URL and price when the workbook has them.
113,NT-NET-MKT-004,MikroTik CRS312-4C+8XG-RM,Networking,2799,,4,Noon,Local market reference / supplier option,https://www.noon.com/saudi-en/search/?q=MikroTik+CRS312-4C%2B8XG-RM,,,SAR,Needs supplier verification,"Verify seller rating, warranty, and marketplace fulfillment before buying."
113,NT-NET-MKT-004,MikroTik CRS312-4C+8XG-RM,Networking,2799,,5,B&H Photo,US retailer / distributor search,https://www.bhphotovideo.com/c/search?Ntt=MikroTik+CRS312-4C%2B8XG-RM&N=0&InitialSearch=yes&sts=ma,,,USD,Needs supplier verification,"Best for cameras, networking, creators, and computer hardware."
114,NT-NET-MKT-003,MikroTik CRS328-24P-4S+RM (PoE),Networking,3109,2699,1,AliExpress,Marketplace supplier search,https://www.aliexpress.com/wholesale?SearchText=MikroTik+CRS328-24P-4S%2BRM+%28PoE%29,,,USD,Needs supplier verification,"Match exact product manually, then fill Buy URL and Supplier Price."
114,NT-NET-MKT-003,MikroTik CRS328-24P-4S+RM (PoE),Networking,3109,2699,2,Alibaba,B2B supplier search,https://www.alibaba.com/trade/search?SearchText=MikroTik+CRS328-24P-4S%2BRM+%28PoE%29,,,USD,Needs supplier verification,"Check MOQ, shipping terms, and verified supplier status before buying."
114,NT-NET-MKT-003,MikroTik CRS328-24P-4S+RM (PoE),Networking,3109,2699,3,Amazon.sa,Local market reference / supplier option,https://www.amazon.sa/s?k=MikroTik+CRS328-24P-4S%2BRM+%28PoE%29,scraped via scripts/live-market-sync-inscope.js (2026-05-07),2029,SAR,Existing workbook Amazon reference,Uses existing Amazon reference URL and price when the workbook has them.
114,NT-NET-MKT-003,MikroTik CRS328-24P-4S+RM (PoE),Networking,3109,2699,4,Noon,Local market reference / supplier option,https://www.noon.com/saudi-en/search/?q=MikroTik+CRS328-24P-4S%2BRM+%28PoE%29,,,SAR,Needs supplier verification,"Verify seller rating, warranty, and marketplace fulfillment before buying."
114,NT-NET-MKT-003,MikroTik CRS328-24P-4S+RM (PoE),Networking,3109,2699,5,B&H Photo,US retailer / distributor search,https://www.bhphotovideo.com/c/search?Ntt=MikroTik+CRS328-24P-4S%2BRM+%28PoE%29&N=0&InitialSearch=yes&sts=ma,,,USD,Needs supplier verification,"Best for cameras, networking, creators, and computer hardware."
115,NT-NET-MKT-002,MikroTik CRS326-24G-2S+RM,Networking,1199,,1,AliExpress,Marketplace supplier search,https://www.aliexpress.com/wholesale?SearchText=MikroTik+CRS326-24G-2S%2BRM,,,USD,Needs supplier verification,"Match exact product manually, then fill Buy URL and Supplier Price."
115,NT-NET-MKT-002,MikroTik CRS326-24G-2S+RM,Networking,1199,,2,Alibaba,B2B supplier search,https://www.alibaba.com/trade/search?SearchText=MikroTik+CRS326-24G-2S%2BRM,,,USD,Needs supplier verification,"Check MOQ, shipping terms, and verified supplier status before buying."
115,NT-NET-MKT-002,MikroTik CRS326-24G-2S+RM,Networking,1199,,3,Amazon.sa,Local market reference / supplier option,https://www.amazon.sa/s?k=MikroTik+CRS326-24G-2S%2BRM,scraped via scripts/live-market-sync-inscope.js (2026-05-07),881,SAR,Existing workbook Amazon reference,Uses existing Amazon reference URL and price when the workbook has them.
115,NT-NET-MKT-002,MikroTik CRS326-24G-2S+RM,Networking,1199,,4,Noon,Local market reference / supplier option,https://www.noon.com/saudi-en/search/?q=MikroTik+CRS326-24G-2S%2BRM,,,SAR,Needs supplier verification,"Verify seller rating, warranty, and marketplace fulfillment before buying."
115,NT-NET-MKT-002,MikroTik CRS326-24G-2S+RM,Networking,1199,,5,B&H Photo,US retailer / distributor search,https://www.bhphotovideo.com/c/search?Ntt=MikroTik+CRS326-24G-2S%2BRM&N=0&InitialSearch=yes&sts=ma,,,USD,Needs supplier verification,"Best for cameras, networking, creators, and computer hardware."
116,NT-NET-MKT-001,MikroTik CRS305-1G-4S+IN,Networking,999,,1,AliExpress,Marketplace supplier search,https://www.aliexpress.com/wholesale?SearchText=MikroTik+CRS305-1G-4S%2BIN,,,USD,Needs supplier verification,"Match exact product manually, then fill Buy URL and Supplier Price."
116,NT-NET-MKT-001,MikroTik CRS305-1G-4S+IN,Networking,999,,2,Alibaba,B2B supplier search,https://www.alibaba.com/trade/search?SearchText=MikroTik+CRS305-1G-4S%2BIN,,,USD,Needs supplier verification,"Check MOQ, shipping terms, and verified supplier status before buying."
116,NT-NET-MKT-001,MikroTik CRS305-1G-4S+IN,Networking,999,,3,Amazon.sa,Local market reference / supplier option,https://www.amazon.sa/s?k=MikroTik+CRS305-1G-4S%2BIN,scraped via scripts/live-market-sync-inscope.js (2026-05-07),931,SAR,Existing workbook Amazon reference,Uses existing Amazon reference URL and price when the workbook has them.
116,NT-NET-MKT-001,MikroTik CRS305-1G-4S+IN,Networking,999,,4,Noon,Local market reference / supplier option,https://www.noon.com/saudi-en/search/?q=MikroTik+CRS305-1G-4S%2BIN,,,SAR,Needs supplier verification,"Verify seller rating, warranty, and marketplace fulfillment before buying."
116,NT-NET-MKT-001,MikroTik CRS305-1G-4S+IN,Networking,999,,5,B&H Photo,US retailer / distributor search,https://www.bhphotovideo.com/c/search?Ntt=MikroTik+CRS305-1G-4S%2BIN&N=0&InitialSearch=yes&sts=ma,,,USD,Needs supplier verification,"Best for cameras, networking, creators, and computer hardware."
117,SH-SWB-SWBT-003,SwitchBot Blind Tilt,Smart Home & IoT,479,,1,AliExpress,Marketplace supplier search,https://www.aliexpress.com/wholesale?SearchText=SwitchBot+Blind+Tilt,,,USD,Needs supplier verification,"Match exact product manually, then fill Buy URL and Supplier Price."
117,SH-SWB-SWBT-003,SwitchBot Blind Tilt,Smart Home & IoT,479,,2,Alibaba,B2B supplier search,https://www.alibaba.com/trade/search?SearchText=SwitchBot+Blind+Tilt,,,USD,Needs supplier verification,"Check MOQ, shipping terms, and verified supplier status before buying."
117,SH-SWB-SWBT-003,SwitchBot Blind Tilt,Smart Home & IoT,479,,3,Amazon.sa,Local market reference / supplier option,https://www.amazon.sa/s?k=SwitchBot+Blind+Tilt,scraped via scripts/live-market-sync-inscope.js (2026-05-07),1444,SAR,Existing workbook Amazon reference,Uses existing Amazon reference URL and price when the workbook has them.
117,SH-SWB-SWBT-003,SwitchBot Blind Tilt,Smart Home & IoT,479,,4,Noon,Local market reference / supplier option,https://www.noon.com/saudi-en/search/?q=SwitchBot+Blind+Tilt,,,SAR,Needs supplier verification,"Verify seller rating, warranty, and marketplace fulfillment before buying."
117,SH-SWB-SWBT-003,SwitchBot Blind Tilt,Smart Home & IoT,479,,5,B&H Photo,US retailer / distributor search,https://www.bhphotovideo.com/c/search?Ntt=SwitchBot+Blind+Tilt&N=0&InitialSearch=yes&sts=ma,,,USD,Needs supplier verification,"Best for cameras, networking, creators, and computer hardware."
118,SH-SWB-SWBT-002,SwitchBot Bot (Smart Button Pusher),Smart Home & IoT,239,,1,AliExpress,Marketplace supplier search,https://www.aliexpress.com/wholesale?SearchText=SwitchBot+Bot+%28Smart+Button+Pusher%29,,,USD,Needs supplier verification,"Match exact product manually, then fill Buy URL and Supplier Price."
118,SH-SWB-SWBT-002,SwitchBot Bot (Smart Button Pusher),Smart Home & IoT,239,,2,Alibaba,B2B supplier search,https://www.alibaba.com/trade/search?SearchText=SwitchBot+Bot+%28Smart+Button+Pusher%29,,,USD,Needs supplier verification,"Check MOQ, shipping terms, and verified supplier status before buying."
118,SH-SWB-SWBT-002,SwitchBot Bot (Smart Button Pusher),Smart Home & IoT,239,,3,Amazon.sa,Local market reference / supplier option,https://www.amazon.sa/s?k=SwitchBot+Bot+%28Smart+Button+Pusher%29,scraped via scripts/live-market-sync-inscope.js (2026-05-07),78,SAR,Existing workbook Amazon reference,Uses existing Amazon reference URL and price when the workbook has them.
118,SH-SWB-SWBT-002,SwitchBot Bot (Smart Button Pusher),Smart Home & IoT,239,,4,Noon,Local market reference / supplier option,https://www.noon.com/saudi-en/search/?q=SwitchBot+Bot+%28Smart+Button+Pusher%29,,,SAR,Needs supplier verification,"Verify seller rating, warranty, and marketplace fulfillment before buying."
118,SH-SWB-SWBT-002,SwitchBot Bot (Smart Button Pusher),Smart Home & IoT,239,,5,B&H Photo,US retailer / distributor search,https://www.bhphotovideo.com/c/search?Ntt=SwitchBot+Bot+%28Smart+Button+Pusher%29&N=0&InitialSearch=yes&sts=ma,,,USD,Needs supplier verification,"Best for cameras, networking, creators, and computer hardware."
119,SH-SWB-SWBT-001,SwitchBot Hub 2 (Matter Enabled),Smart Home & IoT,559,479,1,AliExpress,Marketplace supplier search,https://www.aliexpress.com/wholesale?SearchText=SwitchBot+Hub+2+%28Matter+Enabled%29,,,USD,Needs supplier verification,"Match exact product manually, then fill Buy URL and Supplier Price."
119,SH-SWB-SWBT-001,SwitchBot Hub 2 (Matter Enabled),Smart Home & IoT,559,479,2,Alibaba,B2B supplier search,https://www.alibaba.com/trade/search?SearchText=SwitchBot+Hub+2+%28Matter+Enabled%29,,,USD,Needs supplier verification,"Check MOQ, shipping terms, and verified supplier status before buying."
119,SH-SWB-SWBT-001,SwitchBot Hub 2 (Matter Enabled),Smart Home & IoT,559,479,3,Amazon.sa,Local market reference / supplier option,https://www.amazon.sa/s?k=SwitchBot+Hub+2+%28Matter+Enabled%29,scraped via scripts/live-market-sync-inscope.js (2026-05-07),340,SAR,Existing workbook Amazon reference,Uses existing Amazon reference URL and price when the workbook has them.
119,SH-SWB-SWBT-001,SwitchBot Hub 2 (Matter Enabled),Smart Home & IoT,559,479,4,Noon,Local market reference / supplier option,https://www.noon.com/saudi-en/search/?q=SwitchBot+Hub+2+%28Matter+Enabled%29,,,SAR,Needs supplier verification,"Verify seller rating, warranty, and marketplace fulfillment before buying."
119,SH-SWB-SWBT-001,SwitchBot Hub 2 (Matter Enabled),Smart Home & IoT,559,479,5,B&H Photo,US retailer / distributor search,https://www.bhphotovideo.com/c/search?Ntt=SwitchBot+Hub+2+%28Matter+Enabled%29&N=0&InitialSearch=yes&sts=ma,,,USD,Needs supplier verification,"Best for cameras, networking, creators, and computer hardware."
120,SH-HUB-HUBI-001,Hubitat Elevation C-8 Pro,Smart Home & IoT,1199,,1,AliExpress,Marketplace supplier search,https://www.aliexpress.com/wholesale?SearchText=Hubitat+Elevation+C-8+Pro,,,USD,Needs supplier verification,"Match exact product manually, then fill Buy URL and Supplier Price."
120,SH-HUB-HUBI-001,Hubitat Elevation C-8 Pro,Smart Home & IoT,1199,,2,Alibaba,B2B supplier search,https://www.alibaba.com/trade/search?SearchText=Hubitat+Elevation+C-8+Pro,,,USD,Needs supplier verification,"Check MOQ, shipping terms, and verified supplier status before buying."
120,SH-HUB-HUBI-001,Hubitat Elevation C-8 Pro,Smart Home & IoT,1199,,3,Amazon.sa,Local market reference / supplier option,https://www.amazon.sa/s?k=Hubitat+Elevation+C-8+Pro,,,SAR,Needs supplier verification,Uses existing Amazon reference URL and price when the workbook has them.
120,SH-HUB-HUBI-001,Hubitat Elevation C-8 Pro,Smart Home & IoT,1199,,4,Noon,Local market reference / supplier option,https://www.noon.com/saudi-en/search/?q=Hubitat+Elevation+C-8+Pro,,,SAR,Needs supplier verification,"Verify seller rating, warranty, and marketplace fulfillment before buying."
120,SH-HUB-HUBI-001,Hubitat Elevation C-8 Pro,Smart Home & IoT,1199,,5,B&H Photo,US retailer / distributor search,https://www.bhphotovideo.com/c/search?Ntt=Hubitat+Elevation+C-8+Pro&N=0&InitialSearch=yes&sts=ma,,,USD,Needs supplier verification,"Best for cameras, networking, creators, and computer hardware."
121,SH-HUB-HASS-001,Home Assistant Green,Smart Home & IoT,890,,1,AliExpress,Marketplace supplier search,https://www.aliexpress.com/wholesale?SearchText=Home+Assistant+Green,,,USD,Needs supplier verification,"Match exact product manually, then fill Buy URL and Supplier Price."
121,SH-HUB-HASS-001,Home Assistant Green,Smart Home & IoT,890,,2,Alibaba,B2B supplier search,https://www.alibaba.com/trade/search?SearchText=Home+Assistant+Green,,,USD,Needs supplier verification,"Check MOQ, shipping terms, and verified supplier status before buying."
121,SH-HUB-HASS-001,Home Assistant Green,Smart Home & IoT,890,,3,Amazon.sa,Local market reference / supplier option,https://www.amazon.sa/s?k=Home+Assistant+Green,https://www.amazon.sa/-/en/Assistant-Advanced-Automation-Official-Hardware/dp/B0CXVKSG19/ref=sr_1_1,707,SAR,Existing workbook Amazon reference,Uses existing Amazon reference URL and price when the workbook has them.
121,SH-HUB-HASS-001,Home Assistant Green,Smart Home & IoT,890,,4,Noon,Local market reference / supplier option,https://www.noon.com/saudi-en/search/?q=Home+Assistant+Green,,,SAR,Needs supplier verification,"Verify seller rating, warranty, and marketplace fulfillment before buying."
121,SH-HUB-HASS-001,Home Assistant Green,Smart Home & IoT,890,,5,B&H Photo,US retailer / distributor search,https://www.bhphotovideo.com/c/search?Ntt=Home+Assistant+Green&N=0&InitialSearch=yes&sts=ma,,,USD,Needs supplier verification,"Best for cameras, networking, creators, and computer hardware."
122,SH-HUB-AQRA-001,Aqara Hub M3,Smart Home & IoT,1039,899,1,AliExpress,Marketplace supplier search,https://www.aliexpress.com/wholesale?SearchText=Aqara+Hub+M3,,,USD,Needs supplier verification,"Match exact product manually, then fill Buy URL and Supplier Price."
122,SH-HUB-AQRA-001,Aqara Hub M3,Smart Home & IoT,1039,899,2,Alibaba,B2B supplier search,https://www.alibaba.com/trade/search?SearchText=Aqara+Hub+M3,,,USD,Needs supplier verification,"Check MOQ, shipping terms, and verified supplier status before buying."
122,SH-HUB-AQRA-001,Aqara Hub M3,Smart Home & IoT,1039,899,3,Amazon.sa,Local market reference / supplier option,https://www.amazon.sa/s?k=Aqara+Hub+M3,scraped via scripts/live-market-sync-inscope.js (2026-05-07),749,SAR,Existing workbook Amazon reference,Uses existing Amazon reference URL and price when the workbook has them.
122,SH-HUB-AQRA-001,Aqara Hub M3,Smart Home & IoT,1039,899,4,Noon,Local market reference / supplier option,https://www.noon.com/saudi-en/search/?q=Aqara+Hub+M3,,,SAR,Needs supplier verification,"Verify seller rating, warranty, and marketplace fulfillment before buying."
122,SH-HUB-AQRA-001,Aqara Hub M3,Smart Home & IoT,1039,899,5,B&H Photo,US retailer / distributor search,https://www.bhphotovideo.com/c/search?Ntt=Aqara+Hub+M3&N=0&InitialSearch=yes&sts=ma,,,USD,Needs supplier verification,"Best for cameras, networking, creators, and computer hardware."
124,SH-BLD-SWBT-001,SwitchBot Curtain 3,Smart Home & IoT,649,,1,AliExpress,Marketplace supplier search,https://www.aliexpress.com/wholesale?SearchText=SwitchBot+Curtain+3,,,USD,Needs supplier verification,"Match exact product manually, then fill Buy URL and Supplier Price."
124,SH-BLD-SWBT-001,SwitchBot Curtain 3,Smart Home & IoT,649,,2,Alibaba,B2B supplier search,https://www.alibaba.com/trade/search?SearchText=SwitchBot+Curtain+3,,,USD,Needs supplier verification,"Check MOQ, shipping terms, and verified supplier status before buying."
124,SH-BLD-SWBT-001,SwitchBot Curtain 3,Smart Home & IoT,649,,3,Amazon.sa,Local market reference / supplier option,https://www.amazon.sa/s?k=SwitchBot+Curtain+3,scraped via scripts/live-market-sync-inscope.js (2026-05-07),282,SAR,Existing workbook Amazon reference,Uses existing Amazon reference URL and price when the workbook has them.
124,SH-BLD-SWBT-001,SwitchBot Curtain 3,Smart Home & IoT,649,,4,Noon,Local market reference / supplier option,https://www.noon.com/saudi-en/search/?q=SwitchBot+Curtain+3,,,SAR,Needs supplier verification,"Verify seller rating, warranty, and marketplace fulfillment before buying."
124,SH-BLD-SWBT-001,SwitchBot Curtain 3,Smart Home & IoT,649,,5,B&H Photo,US retailer / distributor search,https://www.bhphotovideo.com/c/search?Ntt=SwitchBot+Curtain+3&N=0&InitialSearch=yes&sts=ma,,,USD,Needs supplier verification,"Best for cameras, networking, creators, and computer hardware."
125,SH-VDB-EUFY-001,Eufy Video Doorbell E340 (Dual Camera),Smart Home & IoT,999,,1,AliExpress,Marketplace supplier search,https://www.aliexpress.com/wholesale?SearchText=Eufy+Video+Doorbell+E340+%28Dual+Camera%29,,,USD,Needs supplier verification,"Match exact product manually, then fill Buy URL and Supplier Price."
125,SH-VDB-EUFY-001,Eufy Video Doorbell E340 (Dual Camera),Smart Home & IoT,999,,2,Alibaba,B2B supplier search,https://www.alibaba.com/trade/search?SearchText=Eufy+Video+Doorbell+E340+%28Dual+Camera%29,,,USD,Needs supplier verification,"Check MOQ, shipping terms, and verified supplier status before buying."
125,SH-VDB-EUFY-001,Eufy Video Doorbell E340 (Dual Camera),Smart Home & IoT,999,,3,Amazon.sa,Local market reference / supplier option,https://www.amazon.sa/s?k=Eufy+Video+Doorbell+E340+%28Dual+Camera%29,scraped via scripts/live-market-sync-inscope.js (2026-05-07),438,SAR,Existing workbook Amazon reference,Uses existing Amazon reference URL and price when the workbook has them.
125,SH-VDB-EUFY-001,Eufy Video Doorbell E340 (Dual Camera),Smart Home & IoT,999,,4,Noon,Local market reference / supplier option,https://www.noon.com/saudi-en/search/?q=Eufy+Video+Doorbell+E340+%28Dual+Camera%29,,,SAR,Needs supplier verification,"Verify seller rating, warranty, and marketplace fulfillment before buying."
125,SH-VDB-EUFY-001,Eufy Video Doorbell E340 (Dual Camera),Smart Home & IoT,999,,5,B&H Photo,US retailer / distributor search,https://www.bhphotovideo.com/c/search?Ntt=Eufy+Video+Doorbell+E340+%28Dual+Camera%29&N=0&InitialSearch=yes&sts=ma,,,USD,Needs supplier verification,"Best for cameras, networking, creators, and computer hardware."
126,SH-VDB-RING-001,Ring Battery Doorbell Plus,Smart Home & IoT,999,,1,AliExpress,Marketplace supplier search,https://www.aliexpress.com/wholesale?SearchText=Ring+Battery+Doorbell+Plus,,,USD,Needs supplier verification,"Match exact product manually, then fill Buy URL and Supplier Price."
126,SH-VDB-RING-001,Ring Battery Doorbell Plus,Smart Home & IoT,999,,2,Alibaba,B2B supplier search,https://www.alibaba.com/trade/search?SearchText=Ring+Battery+Doorbell+Plus,,,USD,Needs supplier verification,"Check MOQ, shipping terms, and verified supplier status before buying."
126,SH-VDB-RING-001,Ring Battery Doorbell Plus,Smart Home & IoT,999,,3,Amazon.sa,Local market reference / supplier option,https://www.amazon.sa/s?k=Ring+Battery+Doorbell+Plus,scraped via scripts/live-market-sync-inscope.js (2026-05-07),727,SAR,Existing workbook Amazon reference,Uses existing Amazon reference URL and price when the workbook has them.
126,SH-VDB-RING-001,Ring Battery Doorbell Plus,Smart Home & IoT,999,,4,Noon,Local market reference / supplier option,https://www.noon.com/saudi-en/search/?q=Ring+Battery+Doorbell+Plus,,,SAR,Needs supplier verification,"Verify seller rating, warranty, and marketplace fulfillment before buying."
126,SH-VDB-RING-001,Ring Battery Doorbell Plus,Smart Home & IoT,999,,5,B&H Photo,US retailer / distributor search,https://www.bhphotovideo.com/c/search?Ntt=Ring+Battery+Doorbell+Plus&N=0&InitialSearch=yes&sts=ma,,,USD,Needs supplier verification,"Best for cameras, networking, creators, and computer hardware."
127,SH-CAM-RELK-001,Reolink Argus 4 Pro (4K),Smart Home & IoT,1039,899,1,AliExpress,Marketplace supplier search,https://www.aliexpress.com/wholesale?SearchText=Reolink+Argus+4+Pro+%284K%29,,,USD,Needs supplier verification,"Match exact product manually, then fill Buy URL and Supplier Price."
127,SH-CAM-RELK-001,Reolink Argus 4 Pro (4K),Smart Home & IoT,1039,899,2,Alibaba,B2B supplier search,https://www.alibaba.com/trade/search?SearchText=Reolink+Argus+4+Pro+%284K%29,,,USD,Needs supplier verification,"Check MOQ, shipping terms, and verified supplier status before buying."
127,SH-CAM-RELK-001,Reolink Argus 4 Pro (4K),Smart Home & IoT,1039,899,3,Amazon.sa,Local market reference / supplier option,https://www.amazon.sa/s?k=Reolink+Argus+4+Pro+%284K%29,scraped via scripts/live-market-sync-inscope.js (2026-05-07),639,SAR,Existing workbook Amazon reference,Uses existing Amazon reference URL and price when the workbook has them.
127,SH-CAM-RELK-001,Reolink Argus 4 Pro (4K),Smart Home & IoT,1039,899,4,Noon,Local market reference / supplier option,https://www.noon.com/saudi-en/search/?q=Reolink+Argus+4+Pro+%284K%29,,,SAR,Needs supplier verification,"Verify seller rating, warranty, and marketplace fulfillment before buying."
127,SH-CAM-RELK-001,Reolink Argus 4 Pro (4K),Smart Home & IoT,1039,899,5,B&H Photo,US retailer / distributor search,https://www.bhphotovideo.com/c/search?Ntt=Reolink+Argus+4+Pro+%284K%29&N=0&InitialSearch=yes&sts=ma,,,USD,Needs supplier verification,"Best for cameras, networking, creators, and computer hardware."
128,SH-CAM-EUFY-001,Eufy eufyCam 3 (4K + HomeBase 3 Kit),Smart Home & IoT,1649,,1,AliExpress,Marketplace supplier search,https://www.aliexpress.com/wholesale?SearchText=Eufy+eufyCam+3+%284K+%2B+HomeBase+3+Kit%29,,,USD,Needs supplier verification,"Match exact product manually, then fill Buy URL and Supplier Price."
128,SH-CAM-EUFY-001,Eufy eufyCam 3 (4K + HomeBase 3 Kit),Smart Home & IoT,1649,,2,Alibaba,B2B supplier search,https://www.alibaba.com/trade/search?SearchText=Eufy+eufyCam+3+%284K+%2B+HomeBase+3+Kit%29,,,USD,Needs supplier verification,"Check MOQ, shipping terms, and verified supplier status before buying."
128,SH-CAM-EUFY-001,Eufy eufyCam 3 (4K + HomeBase 3 Kit),Smart Home & IoT,1649,,3,Amazon.sa,Local market reference / supplier option,https://www.amazon.sa/s?k=Eufy+eufyCam+3+%284K+%2B+HomeBase+3+Kit%29,scraped via scripts/live-market-sync-inscope.js (2026-05-07),379,SAR,Existing workbook Amazon reference,Uses existing Amazon reference URL and price when the workbook has them.
128,SH-CAM-EUFY-001,Eufy eufyCam 3 (4K + HomeBase 3 Kit),Smart Home & IoT,1649,,4,Noon,Local market reference / supplier option,https://www.noon.com/saudi-en/search/?q=Eufy+eufyCam+3+%284K+%2B+HomeBase+3+Kit%29,,,SAR,Needs supplier verification,"Verify seller rating, warranty, and marketplace fulfillment before buying."
128,SH-CAM-EUFY-001,Eufy eufyCam 3 (4K + HomeBase 3 Kit),Smart Home & IoT,1649,,5,B&H Photo,US retailer / distributor search,https://www.bhphotovideo.com/c/search?Ntt=Eufy+eufyCam+3+%284K+%2B+HomeBase+3+Kit%29&N=0&InitialSearch=yes&sts=ma,,,USD,Needs supplier verification,"Best for cameras, networking, creators, and computer hardware."
129,SH-CAM-ARLO-001,Arlo Pro 5 2K Spotlight Camera,Smart Home & IoT,1549,,1,AliExpress,Marketplace supplier search,https://www.aliexpress.com/wholesale?SearchText=Arlo+Pro+5+2K+Spotlight+Camera,,,USD,Needs supplier verification,"Match exact product manually, then fill Buy URL and Supplier Price."
129,SH-CAM-ARLO-001,Arlo Pro 5 2K Spotlight Camera,Smart Home & IoT,1549,,2,Alibaba,B2B supplier search,https://www.alibaba.com/trade/search?SearchText=Arlo+Pro+5+2K+Spotlight+Camera,,,USD,Needs supplier verification,"Check MOQ, shipping terms, and verified supplier status before buying."
129,SH-CAM-ARLO-001,Arlo Pro 5 2K Spotlight Camera,Smart Home & IoT,1549,,3,Amazon.sa,Local market reference / supplier option,https://www.amazon.sa/s?k=Arlo+Pro+5+2K+Spotlight+Camera,scraped via scripts/live-market-sync-inscope.js (2026-05-07),418,SAR,Existing workbook Amazon reference,Uses existing Amazon reference URL and price when the workbook has them.
129,SH-CAM-ARLO-001,Arlo Pro 5 2K Spotlight Camera,Smart Home & IoT,1549,,4,Noon,Local market reference / supplier option,https://www.noon.com/saudi-en/search/?q=Arlo+Pro+5+2K+Spotlight+Camera,,,SAR,Needs supplier verification,"Verify seller rating, warranty, and marketplace fulfillment before buying."
129,SH-CAM-ARLO-001,Arlo Pro 5 2K Spotlight Camera,Smart Home & IoT,1549,,5,B&H Photo,US retailer / distributor search,https://www.bhphotovideo.com/c/search?Ntt=Arlo+Pro+5+2K+Spotlight+Camera&N=0&InitialSearch=yes&sts=ma,,,USD,Needs supplier verification,"Best for cameras, networking, creators, and computer hardware."
130,SH-CAM-RING-001,Ring Indoor Cam (2nd Gen),Smart Home & IoT,479,,1,AliExpress,Marketplace supplier search,https://www.aliexpress.com/wholesale?SearchText=Ring+Indoor+Cam+%282nd+Gen%29,,,USD,Needs supplier verification,"Match exact product manually, then fill Buy URL and Supplier Price."
130,SH-CAM-RING-001,Ring Indoor Cam (2nd Gen),Smart Home & IoT,479,,2,Alibaba,B2B supplier search,https://www.alibaba.com/trade/search?SearchText=Ring+Indoor+Cam+%282nd+Gen%29,,,USD,Needs supplier verification,"Check MOQ, shipping terms, and verified supplier status before buying."
130,SH-CAM-RING-001,Ring Indoor Cam (2nd Gen),Smart Home & IoT,479,,3,Amazon.sa,Local market reference / supplier option,https://www.amazon.sa/s?k=Ring+Indoor+Cam+%282nd+Gen%29,scraped via scripts/live-market-sync-inscope.js (2026-05-07),99,SAR,Existing workbook Amazon reference,Uses existing Amazon reference URL and price when the workbook has them.
130,SH-CAM-RING-001,Ring Indoor Cam (2nd Gen),Smart Home & IoT,479,,4,Noon,Local market reference / supplier option,https://www.noon.com/saudi-en/search/?q=Ring+Indoor+Cam+%282nd+Gen%29,,,SAR,Needs supplier verification,"Verify seller rating, warranty, and marketplace fulfillment before buying."
130,SH-CAM-RING-001,Ring Indoor Cam (2nd Gen),Smart Home & IoT,479,,5,B&H Photo,US retailer / distributor search,https://www.bhphotovideo.com/c/search?Ntt=Ring+Indoor+Cam+%282nd+Gen%29&N=0&InitialSearch=yes&sts=ma,,,USD,Needs supplier verification,"Best for cameras, networking, creators, and computer hardware."
131,SH-PLG-MERS-001,Meross Smart Plug Mini MSS110 (HomeKit),Smart Home & IoT,159,,1,AliExpress,Marketplace supplier search,https://www.aliexpress.com/wholesale?SearchText=Meross+Smart+Plug+Mini+MSS110+%28HomeKit%29,,,USD,Needs supplier verification,"Match exact product manually, then fill Buy URL and Supplier Price."
131,SH-PLG-MERS-001,Meross Smart Plug Mini MSS110 (HomeKit),Smart Home & IoT,159,,2,Alibaba,B2B supplier search,https://www.alibaba.com/trade/search?SearchText=Meross+Smart+Plug+Mini+MSS110+%28HomeKit%29,,,USD,Needs supplier verification,"Check MOQ, shipping terms, and verified supplier status before buying."
131,SH-PLG-MERS-001,Meross Smart Plug Mini MSS110 (HomeKit),Smart Home & IoT,159,,3,Amazon.sa,Local market reference / supplier option,https://www.amazon.sa/s?k=Meross+Smart+Plug+Mini+MSS110+%28HomeKit%29,scraped via scripts/live-market-sync-inscope.js (2026-05-07),113,SAR,Existing workbook Amazon reference,Uses existing Amazon reference URL and price when the workbook has them.
131,SH-PLG-MERS-001,Meross Smart Plug Mini MSS110 (HomeKit),Smart Home & IoT,159,,4,Noon,Local market reference / supplier option,https://www.noon.com/saudi-en/search/?q=Meross+Smart+Plug+Mini+MSS110+%28HomeKit%29,,,SAR,Needs supplier verification,"Verify seller rating, warranty, and marketplace fulfillment before buying."
131,SH-PLG-MERS-001,Meross Smart Plug Mini MSS110 (HomeKit),Smart Home & IoT,159,,5,B&H Photo,US retailer / distributor search,https://www.bhphotovideo.com/c/search?Ntt=Meross+Smart+Plug+Mini+MSS110+%28HomeKit%29&N=0&InitialSearch=yes&sts=ma,,,USD,Needs supplier verification,"Best for cameras, networking, creators, and computer hardware."
132,SH-PLG-TPLK-001,"TP-Link Tapo P125M Smart Plug (Matter, 2-pack)",Smart Home & IoT,149,,1,AliExpress,Marketplace supplier search,https://www.aliexpress.com/wholesale?SearchText=TP-Link+Tapo+P125M+Smart+Plug+%28Matter%2C+2-pack%29,,,USD,Needs supplier verification,"Match exact product manually, then fill Buy URL and Supplier Price."
132,SH-PLG-TPLK-001,"TP-Link Tapo P125M Smart Plug (Matter, 2-pack)",Smart Home & IoT,149,,2,Alibaba,B2B supplier search,https://www.alibaba.com/trade/search?SearchText=TP-Link+Tapo+P125M+Smart+Plug+%28Matter%2C+2-pack%29,,,USD,Needs supplier verification,"Check MOQ, shipping terms, and verified supplier status before buying."
132,SH-PLG-TPLK-001,"TP-Link Tapo P125M Smart Plug (Matter, 2-pack)",Smart Home & IoT,149,,3,Amazon.sa,Local market reference / supplier option,https://www.amazon.sa/s?k=TP-Link+Tapo+P125M+Smart+Plug+%28Matter%2C+2-pack%29,scraped via scripts/live-market-sync-inscope.js (2026-05-07),103,SAR,Existing workbook Amazon reference,Uses existing Amazon reference URL and price when the workbook has them.
132,SH-PLG-TPLK-001,"TP-Link Tapo P125M Smart Plug (Matter, 2-pack)",Smart Home & IoT,149,,4,Noon,Local market reference / supplier option,https://www.noon.com/saudi-en/search/?q=TP-Link+Tapo+P125M+Smart+Plug+%28Matter%2C+2-pack%29,,,SAR,Needs supplier verification,"Verify seller rating, warranty, and marketplace fulfillment before buying."
132,SH-PLG-TPLK-001,"TP-Link Tapo P125M Smart Plug (Matter, 2-pack)",Smart Home & IoT,149,,5,B&H Photo,US retailer / distributor search,https://www.bhphotovideo.com/c/search?Ntt=TP-Link+Tapo+P125M+Smart+Plug+%28Matter%2C+2-pack%29&N=0&InitialSearch=yes&sts=ma,,,USD,Needs supplier verification,"Best for cameras, networking, creators, and computer hardware."
133,SH-THR-ECOB-001,Ecobee Smart Thermostat Premium,Smart Home & IoT,1549,,1,AliExpress,Marketplace supplier search,https://www.aliexpress.com/wholesale?SearchText=Ecobee+Smart+Thermostat+Premium,,,USD,Needs supplier verification,"Match exact product manually, then fill Buy URL and Supplier Price."
133,SH-THR-ECOB-001,Ecobee Smart Thermostat Premium,Smart Home & IoT,1549,,2,Alibaba,B2B supplier search,https://www.alibaba.com/trade/search?SearchText=Ecobee+Smart+Thermostat+Premium,,,USD,Needs supplier verification,"Check MOQ, shipping terms, and verified supplier status before buying."
133,SH-THR-ECOB-001,Ecobee Smart Thermostat Premium,Smart Home & IoT,1549,,3,Amazon.sa,Local market reference / supplier option,https://www.amazon.sa/s?k=Ecobee+Smart+Thermostat+Premium,scraped via scripts/live-market-sync-inscope.js (2026-05-07),1076,SAR,Existing workbook Amazon reference,Uses existing Amazon reference URL and price when the workbook has them.
133,SH-THR-ECOB-001,Ecobee Smart Thermostat Premium,Smart Home & IoT,1549,,4,Noon,Local market reference / supplier option,https://www.noon.com/saudi-en/search/?q=Ecobee+Smart+Thermostat+Premium,,,SAR,Needs supplier verification,"Verify seller rating, warranty, and marketplace fulfillment before buying."
133,SH-THR-ECOB-001,Ecobee Smart Thermostat Premium,Smart Home & IoT,1549,,5,B&H Photo,US retailer / distributor search,https://www.bhphotovideo.com/c/search?Ntt=Ecobee+Smart+Thermostat+Premium&N=0&InitialSearch=yes&sts=ma,,,USD,Needs supplier verification,"Best for cameras, networking, creators, and computer hardware."
134,SH-THR-NEST-001,Google Nest Learning Thermostat (4th Gen),Smart Home & IoT,1699,,1,AliExpress,Marketplace supplier search,https://www.aliexpress.com/wholesale?SearchText=Google+Nest+Learning+Thermostat+%284th+Gen%29,,,USD,Needs supplier verification,"Match exact product manually, then fill Buy URL and Supplier Price."
134,SH-THR-NEST-001,Google Nest Learning Thermostat (4th Gen),Smart Home & IoT,1699,,2,Alibaba,B2B supplier search,https://www.alibaba.com/trade/search?SearchText=Google+Nest+Learning+Thermostat+%284th+Gen%29,,,USD,Needs supplier verification,"Check MOQ, shipping terms, and verified supplier status before buying."
134,SH-THR-NEST-001,Google Nest Learning Thermostat (4th Gen),Smart Home & IoT,1699,,3,Amazon.sa,Local market reference / supplier option,https://www.amazon.sa/s?k=Google+Nest+Learning+Thermostat+%284th+Gen%29,scraped via scripts/live-market-sync-inscope.js (2026-05-07),1009,SAR,Existing workbook Amazon reference,Uses existing Amazon reference URL and price when the workbook has them.
134,SH-THR-NEST-001,Google Nest Learning Thermostat (4th Gen),Smart Home & IoT,1699,,4,Noon,Local market reference / supplier option,https://www.noon.com/saudi-en/search/?q=Google+Nest+Learning+Thermostat+%284th+Gen%29,,,SAR,Needs supplier verification,"Verify seller rating, warranty, and marketplace fulfillment before buying."
134,SH-THR-NEST-001,Google Nest Learning Thermostat (4th Gen),Smart Home & IoT,1699,,5,B&H Photo,US retailer / distributor search,https://www.bhphotovideo.com/c/search?Ntt=Google+Nest+Learning+Thermostat+%284th+Gen%29&N=0&InitialSearch=yes&sts=ma,,,USD,Needs supplier verification,"Best for cameras, networking, creators, and computer hardware."
135,SH-RVC-ECVX-001,Ecovacs Deebot X9 Pro Omni,Smart Home & IoT,5699,,1,AliExpress,Marketplace supplier search,https://www.aliexpress.com/wholesale?SearchText=Ecovacs+Deebot+X9+Pro+Omni,,,USD,Needs supplier verification,"Match exact product manually, then fill Buy URL and Supplier Price."
135,SH-RVC-ECVX-001,Ecovacs Deebot X9 Pro Omni,Smart Home & IoT,5699,,2,Alibaba,B2B supplier search,https://www.alibaba.com/trade/search?SearchText=Ecovacs+Deebot+X9+Pro+Omni,,,USD,Needs supplier verification,"Check MOQ, shipping terms, and verified supplier status before buying."
135,SH-RVC-ECVX-001,Ecovacs Deebot X9 Pro Omni,Smart Home & IoT,5699,,3,Amazon.sa,Local market reference / supplier option,https://www.amazon.sa/s?k=Ecovacs+Deebot+X9+Pro+Omni,scraped via scripts/live-market-sync-inscope.js (2026-05-07),1598,SAR,Existing workbook Amazon reference,Uses existing Amazon reference URL and price when the workbook has them.
135,SH-RVC-ECVX-001,Ecovacs Deebot X9 Pro Omni,Smart Home & IoT,5699,,4,Noon,Local market reference / supplier option,https://www.noon.com/saudi-en/search/?q=Ecovacs+Deebot+X9+Pro+Omni,,,SAR,Needs supplier verification,"Verify seller rating, warranty, and marketplace fulfillment before buying."
135,SH-RVC-ECVX-001,Ecovacs Deebot X9 Pro Omni,Smart Home & IoT,5699,,5,B&H Photo,US retailer / distributor search,https://www.bhphotovideo.com/c/search?Ntt=Ecovacs+Deebot+X9+Pro+Omni&N=0&InitialSearch=yes&sts=ma,,,USD,Needs supplier verification,"Best for cameras, networking, creators, and computer hardware."
136,SH-RVC-DREM-001,Dreame L50 Ultra,Smart Home & IoT,4599,,1,AliExpress,Marketplace supplier search,https://www.aliexpress.com/wholesale?SearchText=Dreame+L50+Ultra,,,USD,Needs supplier verification,"Match exact product manually, then fill Buy URL and Supplier Price."
136,SH-RVC-DREM-001,Dreame L50 Ultra,Smart Home & IoT,4599,,2,Alibaba,B2B supplier search,https://www.alibaba.com/trade/search?SearchText=Dreame+L50+Ultra,,,USD,Needs supplier verification,"Check MOQ, shipping terms, and verified supplier status before buying."
136,SH-RVC-DREM-001,Dreame L50 Ultra,Smart Home & IoT,4599,,3,Amazon.sa,Local market reference / supplier option,https://www.amazon.sa/s?k=Dreame+L50+Ultra,scraped via scripts/live-market-sync-inscope.js (2026-05-07),2999,SAR,Existing workbook Amazon reference,Uses existing Amazon reference URL and price when the workbook has them.
136,SH-RVC-DREM-001,Dreame L50 Ultra,Smart Home & IoT,4599,,4,Noon,Local market reference / supplier option,https://www.noon.com/saudi-en/search/?q=Dreame+L50+Ultra,,,SAR,Needs supplier verification,"Verify seller rating, warranty, and marketplace fulfillment before buying."
136,SH-RVC-DREM-001,Dreame L50 Ultra,Smart Home & IoT,4599,,5,B&H Photo,US retailer / distributor search,https://www.bhphotovideo.com/c/search?Ntt=Dreame+L50+Ultra&N=0&InitialSearch=yes&sts=ma,,,USD,Needs supplier verification,"Best for cameras, networking, creators, and computer hardware."
137,SH-RVC-RBRC-001,Roborock Qrevo CurvX,Smart Home & IoT,4599,,1,AliExpress,Marketplace supplier search,https://www.aliexpress.com/wholesale?SearchText=Roborock+Qrevo+CurvX,,,USD,Needs supplier verification,"Match exact product manually, then fill Buy URL and Supplier Price."
137,SH-RVC-RBRC-001,Roborock Qrevo CurvX,Smart Home & IoT,4599,,2,Alibaba,B2B supplier search,https://www.alibaba.com/trade/search?SearchText=Roborock+Qrevo+CurvX,,,USD,Needs supplier verification,"Check MOQ, shipping terms, and verified supplier status before buying."
137,SH-RVC-RBRC-001,Roborock Qrevo CurvX,Smart Home & IoT,4599,,3,Amazon.sa,Local market reference / supplier option,https://www.amazon.sa/s?k=Roborock+Qrevo+CurvX,scraped via scripts/live-market-sync-inscope.js (2026-05-07),2899,SAR,Existing workbook Amazon reference,Uses existing Amazon reference URL and price when the workbook has them.
137,SH-RVC-RBRC-001,Roborock Qrevo CurvX,Smart Home & IoT,4599,,4,Noon,Local market reference / supplier option,https://www.noon.com/saudi-en/search/?q=Roborock+Qrevo+CurvX,,,SAR,Needs supplier verification,"Verify seller rating, warranty, and marketplace fulfillment before buying."
137,SH-RVC-RBRC-001,Roborock Qrevo CurvX,Smart Home & IoT,4599,,5,B&H Photo,US retailer / distributor search,https://www.bhphotovideo.com/c/search?Ntt=Roborock+Qrevo+CurvX&N=0&InitialSearch=yes&sts=ma,,,USD,Needs supplier verification,"Best for cameras, networking, creators, and computer hardware."
138,SH-LGT-GOVE-002,Govee Glide Hexagon Light Panels Ultra (10-pack),Smart Home & IoT,1499,1299,1,AliExpress,Marketplace supplier search,https://www.aliexpress.com/wholesale?SearchText=Govee+Glide+Hexagon+Light+Panels+Ultra+%2810-pack%29,,,USD,Needs supplier verification,"Match exact product manually, then fill Buy URL and Supplier Price."
138,SH-LGT-GOVE-002,Govee Glide Hexagon Light Panels Ultra (10-pack),Smart Home & IoT,1499,1299,2,Alibaba,B2B supplier search,https://www.alibaba.com/trade/search?SearchText=Govee+Glide+Hexagon+Light+Panels+Ultra+%2810-pack%29,,,USD,Needs supplier verification,"Check MOQ, shipping terms, and verified supplier status before buying."
138,SH-LGT-GOVE-002,Govee Glide Hexagon Light Panels Ultra (10-pack),Smart Home & IoT,1499,1299,3,Amazon.sa,Local market reference / supplier option,https://www.amazon.sa/s?k=Govee+Glide+Hexagon+Light+Panels+Ultra+%2810-pack%29,scraped via scripts/live-market-sync-inscope.js (2026-05-07),699,SAR,Existing workbook Amazon reference,Uses existing Amazon reference URL and price when the workbook has them.
138,SH-LGT-GOVE-002,Govee Glide Hexagon Light Panels Ultra (10-pack),Smart Home & IoT,1499,1299,4,Noon,Local market reference / supplier option,https://www.noon.com/saudi-en/search/?q=Govee+Glide+Hexagon+Light+Panels+Ultra+%2810-pack%29,,,SAR,Needs supplier verification,"Verify seller rating, warranty, and marketplace fulfillment before buying."
138,SH-LGT-GOVE-002,Govee Glide Hexagon Light Panels Ultra (10-pack),Smart Home & IoT,1499,1299,5,B&H Photo,US retailer / distributor search,https://www.bhphotovideo.com/c/search?Ntt=Govee+Glide+Hexagon+Light+Panels+Ultra+%2810-pack%29&N=0&InitialSearch=yes&sts=ma,,,USD,Needs supplier verification,"Best for cameras, networking, creators, and computer hardware."
139,SH-LGT-GOVE-001,Govee RGBIC LED Strip M1 (5m),Smart Home & IoT,459,399,1,AliExpress,Marketplace supplier search,https://www.aliexpress.com/wholesale?SearchText=Govee+RGBIC+LED+Strip+M1+%285m%29,,,USD,Needs supplier verification,"Match exact product manually, then fill Buy URL and Supplier Price."
139,SH-LGT-GOVE-001,Govee RGBIC LED Strip M1 (5m),Smart Home & IoT,459,399,2,Alibaba,B2B supplier search,https://www.alibaba.com/trade/search?SearchText=Govee+RGBIC+LED+Strip+M1+%285m%29,,,USD,Needs supplier verification,"Check MOQ, shipping terms, and verified supplier status before buying."
139,SH-LGT-GOVE-001,Govee RGBIC LED Strip M1 (5m),Smart Home & IoT,459,399,3,Amazon.sa,Local market reference / supplier option,https://www.amazon.sa/s?k=Govee+RGBIC+LED+Strip+M1+%285m%29,scraped via scripts/live-market-sync-inscope.js (2026-05-07),379,SAR,Existing workbook Amazon reference,Uses existing Amazon reference URL and price when the workbook has them.
139,SH-LGT-GOVE-001,Govee RGBIC LED Strip M1 (5m),Smart Home & IoT,459,399,4,Noon,Local market reference / supplier option,https://www.noon.com/saudi-en/search/?q=Govee+RGBIC+LED+Strip+M1+%285m%29,,,SAR,Needs supplier verification,"Verify seller rating, warranty, and marketplace fulfillment before buying."
139,SH-LGT-GOVE-001,Govee RGBIC LED Strip M1 (5m),Smart Home & IoT,459,399,5,B&H Photo,US retailer / distributor search,https://www.bhphotovideo.com/c/search?Ntt=Govee+RGBIC+LED+Strip+M1+%285m%29&N=0&InitialSearch=yes&sts=ma,,,USD,Needs supplier verification,"Best for cameras, networking, creators, and computer hardware."
140,SH-LGT-LIFX-001,LIFX Color A19 1100lm Bulb,Smart Home & IoT,329,279,1,AliExpress,Marketplace supplier search,https://www.aliexpress.com/wholesale?SearchText=LIFX+Color+A19+1100lm+Bulb,,,USD,Needs supplier verification,"Match exact product manually, then fill Buy URL and Supplier Price."
140,SH-LGT-LIFX-001,LIFX Color A19 1100lm Bulb,Smart Home & IoT,329,279,2,Alibaba,B2B supplier search,https://www.alibaba.com/trade/search?SearchText=LIFX+Color+A19+1100lm+Bulb,,,USD,Needs supplier verification,"Check MOQ, shipping terms, and verified supplier status before buying."
140,SH-LGT-LIFX-001,LIFX Color A19 1100lm Bulb,Smart Home & IoT,329,279,3,Amazon.sa,Local market reference / supplier option,https://www.amazon.sa/s?k=LIFX+Color+A19+1100lm+Bulb,,,SAR,Needs supplier verification,Uses existing Amazon reference URL and price when the workbook has them.
140,SH-LGT-LIFX-001,LIFX Color A19 1100lm Bulb,Smart Home & IoT,329,279,4,Noon,Local market reference / supplier option,https://www.noon.com/saudi-en/search/?q=LIFX+Color+A19+1100lm+Bulb,,,SAR,Needs supplier verification,"Verify seller rating, warranty, and marketplace fulfillment before buying."
140,SH-LGT-LIFX-001,LIFX Color A19 1100lm Bulb,Smart Home & IoT,329,279,5,B&H Photo,US retailer / distributor search,https://www.bhphotovideo.com/c/search?Ntt=LIFX+Color+A19+1100lm+Bulb&N=0&InitialSearch=yes&sts=ma,,,USD,Needs supplier verification,"Best for cameras, networking, creators, and computer hardware."
141,SH-LGT-PHUE-002,Philips Hue Gradient Lightstrip (2m),Smart Home & IoT,1149,,1,AliExpress,Marketplace supplier search,https://www.aliexpress.com/wholesale?SearchText=Philips+Hue+Gradient+Lightstrip+%282m%29,,,USD,Needs supplier verification,"Match exact product manually, then fill Buy URL and Supplier Price."
141,SH-LGT-PHUE-002,Philips Hue Gradient Lightstrip (2m),Smart Home & IoT,1149,,2,Alibaba,B2B supplier search,https://www.alibaba.com/trade/search?SearchText=Philips+Hue+Gradient+Lightstrip+%282m%29,,,USD,Needs supplier verification,"Check MOQ, shipping terms, and verified supplier status before buying."
141,SH-LGT-PHUE-002,Philips Hue Gradient Lightstrip (2m),Smart Home & IoT,1149,,3,Amazon.sa,Local market reference / supplier option,https://www.amazon.sa/s?k=Philips+Hue+Gradient+Lightstrip+%282m%29,scraped via scripts/live-market-sync-inscope.js (2026-05-07),463,SAR,Existing workbook Amazon reference,Uses existing Amazon reference URL and price when the workbook has them.
141,SH-LGT-PHUE-002,Philips Hue Gradient Lightstrip (2m),Smart Home & IoT,1149,,4,Noon,Local market reference / supplier option,https://www.noon.com/saudi-en/search/?q=Philips+Hue+Gradient+Lightstrip+%282m%29,,,SAR,Needs supplier verification,"Verify seller rating, warranty, and marketplace fulfillment before buying."
141,SH-LGT-PHUE-002,Philips Hue Gradient Lightstrip (2m),Smart Home & IoT,1149,,5,B&H Photo,US retailer / distributor search,https://www.bhphotovideo.com/c/search?Ntt=Philips+Hue+Gradient+Lightstrip+%282m%29&N=0&InitialSearch=yes&sts=ma,,,USD,Needs supplier verification,"Best for cameras, networking, creators, and computer hardware."
142,SH-LGT-PHUE-001,Philips Hue Starter Kit (3x A19 + Bridge),Smart Home & IoT,899,,1,AliExpress,Marketplace supplier search,https://www.aliexpress.com/wholesale?SearchText=Philips+Hue+Starter+Kit+%283x+A19+%2B+Bridge%29,,,USD,Needs supplier verification,"Match exact product manually, then fill Buy URL and Supplier Price."
142,SH-LGT-PHUE-001,Philips Hue Starter Kit (3x A19 + Bridge),Smart Home & IoT,899,,2,Alibaba,B2B supplier search,https://www.alibaba.com/trade/search?SearchText=Philips+Hue+Starter+Kit+%283x+A19+%2B+Bridge%29,,,USD,Needs supplier verification,"Check MOQ, shipping terms, and verified supplier status before buying."
142,SH-LGT-PHUE-001,Philips Hue Starter Kit (3x A19 + Bridge),Smart Home & IoT,899,,3,Amazon.sa,Local market reference / supplier option,https://www.amazon.sa/s?k=Philips+Hue+Starter+Kit+%283x+A19+%2B+Bridge%29,scraped via scripts/live-market-sync-inscope.js (2026-05-07),531,SAR,Existing workbook Amazon reference,Uses existing Amazon reference URL and price when the workbook has them.
142,SH-LGT-PHUE-001,Philips Hue Starter Kit (3x A19 + Bridge),Smart Home & IoT,899,,4,Noon,Local market reference / supplier option,https://www.noon.com/saudi-en/search/?q=Philips+Hue+Starter+Kit+%283x+A19+%2B+Bridge%29,,,SAR,Needs supplier verification,"Verify seller rating, warranty, and marketplace fulfillment before buying."
142,SH-LGT-PHUE-001,Philips Hue Starter Kit (3x A19 + Bridge),Smart Home & IoT,899,,5,B&H Photo,US retailer / distributor search,https://www.bhphotovideo.com/c/search?Ntt=Philips+Hue+Starter+Kit+%283x+A19+%2B+Bridge%29&N=0&InitialSearch=yes&sts=ma,,,USD,Needs supplier verification,"Best for cameras, networking, creators, and computer hardware."
143,SH-LCK-AUGS-001,August Wi-Fi Smart Lock (4th Gen),Smart Home & IoT,1499,1299,1,AliExpress,Marketplace supplier search,https://www.aliexpress.com/wholesale?SearchText=August+Wi-Fi+Smart+Lock+%284th+Gen%29,,,USD,Needs supplier verification,"Match exact product manually, then fill Buy URL and Supplier Price."
143,SH-LCK-AUGS-001,August Wi-Fi Smart Lock (4th Gen),Smart Home & IoT,1499,1299,2,Alibaba,B2B supplier search,https://www.alibaba.com/trade/search?SearchText=August+Wi-Fi+Smart+Lock+%284th+Gen%29,,,USD,Needs supplier verification,"Check MOQ, shipping terms, and verified supplier status before buying."
143,SH-LCK-AUGS-001,August Wi-Fi Smart Lock (4th Gen),Smart Home & IoT,1499,1299,3,Amazon.sa,Local market reference / supplier option,https://www.amazon.sa/s?k=August+Wi-Fi+Smart+Lock+%284th+Gen%29,scraped via scripts/live-market-sync-inscope.js (2026-05-07),1699,SAR,Existing workbook Amazon reference,Uses existing Amazon reference URL and price when the workbook has them.
143,SH-LCK-AUGS-001,August Wi-Fi Smart Lock (4th Gen),Smart Home & IoT,1499,1299,4,Noon,Local market reference / supplier option,https://www.noon.com/saudi-en/search/?q=August+Wi-Fi+Smart+Lock+%284th+Gen%29,,,SAR,Needs supplier verification,"Verify seller rating, warranty, and marketplace fulfillment before buying."
143,SH-LCK-AUGS-001,August Wi-Fi Smart Lock (4th Gen),Smart Home & IoT,1499,1299,5,B&H Photo,US retailer / distributor search,https://www.bhphotovideo.com/c/search?Ntt=August+Wi-Fi+Smart+Lock+%284th+Gen%29&N=0&InitialSearch=yes&sts=ma,,,USD,Needs supplier verification,"Best for cameras, networking, creators, and computer hardware."
144,SH-LCK-AQRA-001,Aqara Smart Lock U200,Smart Home & IoT,1439,1249,1,AliExpress,Marketplace supplier search,https://www.aliexpress.com/wholesale?SearchText=Aqara+Smart+Lock+U200,,,USD,Needs supplier verification,"Match exact product manually, then fill Buy URL and Supplier Price."
144,SH-LCK-AQRA-001,Aqara Smart Lock U200,Smart Home & IoT,1439,1249,2,Alibaba,B2B supplier search,https://www.alibaba.com/trade/search?SearchText=Aqara+Smart+Lock+U200,,,USD,Needs supplier verification,"Check MOQ, shipping terms, and verified supplier status before buying."
144,SH-LCK-AQRA-001,Aqara Smart Lock U200,Smart Home & IoT,1439,1249,3,Amazon.sa,Local market reference / supplier option,https://www.amazon.sa/s?k=Aqara+Smart+Lock+U200,scraped via scripts/live-market-sync-inscope.js (2026-05-07),1699,SAR,Existing workbook Amazon reference,Uses existing Amazon reference URL and price when the workbook has them.
144,SH-LCK-AQRA-001,Aqara Smart Lock U200,Smart Home & IoT,1439,1249,4,Noon,Local market reference / supplier option,https://www.noon.com/saudi-en/search/?q=Aqara+Smart+Lock+U200,,,SAR,Needs supplier verification,"Verify seller rating, warranty, and marketplace fulfillment before buying."
144,SH-LCK-AQRA-001,Aqara Smart Lock U200,Smart Home & IoT,1439,1249,5,B&H Photo,US retailer / distributor search,https://www.bhphotovideo.com/c/search?Ntt=Aqara+Smart+Lock+U200&N=0&InitialSearch=yes&sts=ma,,,USD,Needs supplier verification,"Best for cameras, networking, creators, and computer hardware."
145,SH-LCK-YALE-001,Yale Assure Lock 2 Wi-Fi,Smart Home & IoT,1549,,1,AliExpress,Marketplace supplier search,https://www.aliexpress.com/wholesale?SearchText=Yale+Assure+Lock+2+Wi-Fi,,,USD,Needs supplier verification,"Match exact product manually, then fill Buy URL and Supplier Price."
145,SH-LCK-YALE-001,Yale Assure Lock 2 Wi-Fi,Smart Home & IoT,1549,,2,Alibaba,B2B supplier search,https://www.alibaba.com/trade/search?SearchText=Yale+Assure+Lock+2+Wi-Fi,,,USD,Needs supplier verification,"Check MOQ, shipping terms, and verified supplier status before buying."
145,SH-LCK-YALE-001,Yale Assure Lock 2 Wi-Fi,Smart Home & IoT,1549,,3,Amazon.sa,Local market reference / supplier option,https://www.amazon.sa/s?k=Yale+Assure+Lock+2+Wi-Fi,scraped via scripts/live-market-sync-inscope.js (2026-05-07),1057,SAR,Existing workbook Amazon reference,Uses existing Amazon reference URL and price when the workbook has them.
145,SH-LCK-YALE-001,Yale Assure Lock 2 Wi-Fi,Smart Home & IoT,1549,,4,Noon,Local market reference / supplier option,https://www.noon.com/saudi-en/search/?q=Yale+Assure+Lock+2+Wi-Fi,,,SAR,Needs supplier verification,"Verify seller rating, warranty, and marketplace fulfillment before buying."
145,SH-LCK-YALE-001,Yale Assure Lock 2 Wi-Fi,Smart Home & IoT,1549,,5,B&H Photo,US retailer / distributor search,https://www.bhphotovideo.com/c/search?Ntt=Yale+Assure+Lock+2+Wi-Fi&N=0&InitialSearch=yes&sts=ma,,,USD,Needs supplier verification,"Best for cameras, networking, creators, and computer hardware."
146,SH-DSP-GGLE-001,Google Nest Hub (2nd Gen),Smart Home & IoT,699,,1,AliExpress,Marketplace supplier search,https://www.aliexpress.com/wholesale?SearchText=Google+Nest+Hub+%282nd+Gen%29,,,USD,Needs supplier verification,"Match exact product manually, then fill Buy URL and Supplier Price."
146,SH-DSP-GGLE-001,Google Nest Hub (2nd Gen),Smart Home & IoT,699,,2,Alibaba,B2B supplier search,https://www.alibaba.com/trade/search?SearchText=Google+Nest+Hub+%282nd+Gen%29,,,USD,Needs supplier verification,"Check MOQ, shipping terms, and verified supplier status before buying."
146,SH-DSP-GGLE-001,Google Nest Hub (2nd Gen),Smart Home & IoT,699,,3,Amazon.sa,Local market reference / supplier option,https://www.amazon.sa/s?k=Google+Nest+Hub+%282nd+Gen%29,scraped via scripts/live-market-sync-inscope.js (2026-05-07),209,SAR,Existing workbook Amazon reference,Uses existing Amazon reference URL and price when the workbook has them.
146,SH-DSP-GGLE-001,Google Nest Hub (2nd Gen),Smart Home & IoT,699,,4,Noon,Local market reference / supplier option,https://www.noon.com/saudi-en/search/?q=Google+Nest+Hub+%282nd+Gen%29,,,SAR,Needs supplier verification,"Verify seller rating, warranty, and marketplace fulfillment before buying."
146,SH-DSP-GGLE-001,Google Nest Hub (2nd Gen),Smart Home & IoT,699,,5,B&H Photo,US retailer / distributor search,https://www.bhphotovideo.com/c/search?Ntt=Google+Nest+Hub+%282nd+Gen%29&N=0&InitialSearch=yes&sts=ma,,,USD,Needs supplier verification,"Best for cameras, networking, creators, and computer hardware."
147,SH-DSP-AMZN-001,Amazon Echo Show 8 (3rd Gen),Smart Home & IoT,999,,1,AliExpress,Marketplace supplier search,https://www.aliexpress.com/wholesale?SearchText=Amazon+Echo+Show+8+%283rd+Gen%29,,,USD,Needs supplier verification,"Match exact product manually, then fill Buy URL and Supplier Price."
147,SH-DSP-AMZN-001,Amazon Echo Show 8 (3rd Gen),Smart Home & IoT,999,,2,Alibaba,B2B supplier search,https://www.alibaba.com/trade/search?SearchText=Amazon+Echo+Show+8+%283rd+Gen%29,,,USD,Needs supplier verification,"Check MOQ, shipping terms, and verified supplier status before buying."
147,SH-DSP-AMZN-001,Amazon Echo Show 8 (3rd Gen),Smart Home & IoT,999,,3,Amazon.sa,Local market reference / supplier option,https://www.amazon.sa/s?k=Amazon+Echo+Show+8+%283rd+Gen%29,scraped via scripts/live-market-sync-inscope.js (2026-05-07),849,SAR,Existing workbook Amazon reference,Uses existing Amazon reference URL and price when the workbook has them.
147,SH-DSP-AMZN-001,Amazon Echo Show 8 (3rd Gen),Smart Home & IoT,999,,4,Noon,Local market reference / supplier option,https://www.noon.com/saudi-en/search/?q=Amazon+Echo+Show+8+%283rd+Gen%29,,,SAR,Needs supplier verification,"Verify seller rating, warranty, and marketplace fulfillment before buying."
147,SH-DSP-AMZN-001,Amazon Echo Show 8 (3rd Gen),Smart Home & IoT,999,,5,B&H Photo,US retailer / distributor search,https://www.bhphotovideo.com/c/search?Ntt=Amazon+Echo+Show+8+%283rd+Gen%29&N=0&InitialSearch=yes&sts=ma,,,USD,Needs supplier verification,"Best for cameras, networking, creators, and computer hardware."
148,SH-SPK-AMZN-002,Amazon Echo Dot (5th Gen),Smart Home & IoT,459,399,1,AliExpress,Marketplace supplier search,https://www.aliexpress.com/wholesale?SearchText=Amazon+Echo+Dot+%285th+Gen%29,,,USD,Needs supplier verification,"Match exact product manually, then fill Buy URL and Supplier Price."
148,SH-SPK-AMZN-002,Amazon Echo Dot (5th Gen),Smart Home & IoT,459,399,2,Alibaba,B2B supplier search,https://www.alibaba.com/trade/search?SearchText=Amazon+Echo+Dot+%285th+Gen%29,,,USD,Needs supplier verification,"Check MOQ, shipping terms, and verified supplier status before buying."
148,SH-SPK-AMZN-002,Amazon Echo Dot (5th Gen),Smart Home & IoT,459,399,3,Amazon.sa,Local market reference / supplier option,https://www.amazon.sa/s?k=Amazon+Echo+Dot+%285th+Gen%29,scraped via scripts/live-market-sync-inscope.js (2026-05-07),239,SAR,Existing workbook Amazon reference,Uses existing Amazon reference URL and price when the workbook has them.
148,SH-SPK-AMZN-002,Amazon Echo Dot (5th Gen),Smart Home & IoT,459,399,4,Noon,Local market reference / supplier option,https://www.noon.com/saudi-en/search/?q=Amazon+Echo+Dot+%285th+Gen%29,,,SAR,Needs supplier verification,"Verify seller rating, warranty, and marketplace fulfillment before buying."
148,SH-SPK-AMZN-002,Amazon Echo Dot (5th Gen),Smart Home & IoT,459,399,5,B&H Photo,US retailer / distributor search,https://www.bhphotovideo.com/c/search?Ntt=Amazon+Echo+Dot+%285th+Gen%29&N=0&InitialSearch=yes&sts=ma,,,USD,Needs supplier verification,"Best for cameras, networking, creators, and computer hardware."
149,SH-SPK-GGLE-001,Google Nest Audio,Smart Home & IoT,809,699,1,AliExpress,Marketplace supplier search,https://www.aliexpress.com/wholesale?SearchText=Google+Nest+Audio,,,USD,Needs supplier verification,"Match exact product manually, then fill Buy URL and Supplier Price."
149,SH-SPK-GGLE-001,Google Nest Audio,Smart Home & IoT,809,699,2,Alibaba,B2B supplier search,https://www.alibaba.com/trade/search?SearchText=Google+Nest+Audio,,,USD,Needs supplier verification,"Check MOQ, shipping terms, and verified supplier status before buying."
149,SH-SPK-GGLE-001,Google Nest Audio,Smart Home & IoT,809,699,3,Amazon.sa,Local market reference / supplier option,https://www.amazon.sa/s?k=Google+Nest+Audio,scraped via scripts/live-market-sync-inscope.js (2026-05-07),303,SAR,Existing workbook Amazon reference,Uses existing Amazon reference URL and price when the workbook has them.
149,SH-SPK-GGLE-001,Google Nest Audio,Smart Home & IoT,809,699,4,Noon,Local market reference / supplier option,https://www.noon.com/saudi-en/search/?q=Google+Nest+Audio,,,SAR,Needs supplier verification,"Verify seller rating, warranty, and marketplace fulfillment before buying."
149,SH-SPK-GGLE-001,Google Nest Audio,Smart Home & IoT,809,699,5,B&H Photo,US retailer / distributor search,https://www.bhphotovideo.com/c/search?Ntt=Google+Nest+Audio&N=0&InitialSearch=yes&sts=ma,,,USD,Needs supplier verification,"Best for cameras, networking, creators, and computer hardware."
150,SH-SPK-APPL-001,Apple HomePod Mini,Smart Home & IoT,699,,1,AliExpress,Marketplace supplier search,https://www.aliexpress.com/wholesale?SearchText=Apple+HomePod+Mini,,,USD,Needs supplier verification,"Match exact product manually, then fill Buy URL and Supplier Price."
150,SH-SPK-APPL-001,Apple HomePod Mini,Smart Home & IoT,699,,2,Alibaba,B2B supplier search,https://www.alibaba.com/trade/search?SearchText=Apple+HomePod+Mini,,,USD,Needs supplier verification,"Check MOQ, shipping terms, and verified supplier status before buying."
150,SH-SPK-APPL-001,Apple HomePod Mini,Smart Home & IoT,699,,3,Amazon.sa,Local market reference / supplier option,https://www.amazon.sa/s?k=Apple+HomePod+Mini,scraped via scripts/live-market-sync-inscope.js (2026-05-07),479,SAR,Existing workbook Amazon reference,Uses existing Amazon reference URL and price when the workbook has them.
150,SH-SPK-APPL-001,Apple HomePod Mini,Smart Home & IoT,699,,4,Noon,Local market reference / supplier option,https://www.noon.com/saudi-en/search/?q=Apple+HomePod+Mini,,,SAR,Needs supplier verification,"Verify seller rating, warranty, and marketplace fulfillment before buying."
150,SH-SPK-APPL-001,Apple HomePod Mini,Smart Home & IoT,699,,5,B&H Photo,US retailer / distributor search,https://www.bhphotovideo.com/c/search?Ntt=Apple+HomePod+Mini&N=0&InitialSearch=yes&sts=ma,,,USD,Needs supplier verification,"Best for cameras, networking, creators, and computer hardware."
151,SH-SPK-AMZN-001,Amazon Echo (4th Gen),Smart Home & IoT,699,,1,AliExpress,Marketplace supplier search,https://www.aliexpress.com/wholesale?SearchText=Amazon+Echo+%284th+Gen%29,,,USD,Needs supplier verification,"Match exact product manually, then fill Buy URL and Supplier Price."
151,SH-SPK-AMZN-001,Amazon Echo (4th Gen),Smart Home & IoT,699,,2,Alibaba,B2B supplier search,https://www.alibaba.com/trade/search?SearchText=Amazon+Echo+%284th+Gen%29,,,USD,Needs supplier verification,"Check MOQ, shipping terms, and verified supplier status before buying."
151,SH-SPK-AMZN-001,Amazon Echo (4th Gen),Smart Home & IoT,699,,3,Amazon.sa,Local market reference / supplier option,https://www.amazon.sa/s?k=Amazon+Echo+%284th+Gen%29,scraped via scripts/live-market-sync-inscope.js (2026-05-07),479,SAR,Existing workbook Amazon reference,Uses existing Amazon reference URL and price when the workbook has them.
151,SH-SPK-AMZN-001,Amazon Echo (4th Gen),Smart Home & IoT,699,,4,Noon,Local market reference / supplier option,https://www.noon.com/saudi-en/search/?q=Amazon+Echo+%284th+Gen%29,,,SAR,Needs supplier verification,"Verify seller rating, warranty, and marketplace fulfillment before buying."
151,SH-SPK-AMZN-001,Amazon Echo (4th Gen),Smart Home & IoT,699,,5,B&H Photo,US retailer / distributor search,https://www.bhphotovideo.com/c/search?Ntt=Amazon+Echo+%284th+Gen%29&N=0&InitialSearch=yes&sts=ma,,,USD,Needs supplier verification,"Best for cameras, networking, creators, and computer hardware."
152,NG-SEC-007,Eufy Video Doorbell S330 - Dual Camera Smart Doorbell (2K + Package Cam),Security & Surveillance,1449,,1,AliExpress,Marketplace supplier search,https://www.aliexpress.com/wholesale?SearchText=Eufy+Video+Doorbell+S330+-+Dual+Camera+Smart+Doorbell+%282K+%2B+Package+Cam%29,,,USD,Needs supplier verification,"Match exact product manually, then fill Buy URL and Supplier Price."
152,NG-SEC-007,Eufy Video Doorbell S330 - Dual Camera Smart Doorbell (2K + Package Cam),Security & Surveillance,1449,,2,Alibaba,B2B supplier search,https://www.alibaba.com/trade/search?SearchText=Eufy+Video+Doorbell+S330+-+Dual+Camera+Smart+Doorbell+%282K+%2B+Package+Cam%29,,,USD,Needs supplier verification,"Check MOQ, shipping terms, and verified supplier status before buying."
152,NG-SEC-007,Eufy Video Doorbell S330 - Dual Camera Smart Doorbell (2K + Package Cam),Security & Surveillance,1449,,3,Amazon.sa,Local market reference / supplier option,https://www.amazon.sa/s?k=Eufy+Video+Doorbell+S330+-+Dual+Camera+Smart+Doorbell+%282K+%2B+Package+Cam%29,scraped via scripts/live-market-sync-inscope.js (2026-05-07),438,SAR,Existing workbook Amazon reference,Uses existing Amazon reference URL and price when the workbook has them.
152,NG-SEC-007,Eufy Video Doorbell S330 - Dual Camera Smart Doorbell (2K + Package Cam),Security & Surveillance,1449,,4,Noon,Local market reference / supplier option,https://www.noon.com/saudi-en/search/?q=Eufy+Video+Doorbell+S330+-+Dual+Camera+Smart+Doorbell+%282K+%2B+Package+Cam%29,,,SAR,Needs supplier verification,"Verify seller rating, warranty, and marketplace fulfillment before buying."
152,NG-SEC-007,Eufy Video Doorbell S330 - Dual Camera Smart Doorbell (2K + Package Cam),Security & Surveillance,1449,,5,B&H Photo,US retailer / distributor search,https://www.bhphotovideo.com/c/search?Ntt=Eufy+Video+Doorbell+S330+-+Dual+Camera+Smart+Doorbell+%282K+%2B+Package+Cam%29&N=0&InitialSearch=yes&sts=ma,,,USD,Needs supplier verification,"Best for cameras, networking, creators, and computer hardware."
153,NG-SEC-006,Ajax Hub 2 Plus - Professional Wireless Smart Alarm System,Security & Surveillance,2499,,1,AliExpress,Marketplace supplier search,https://www.aliexpress.com/wholesale?SearchText=Ajax+Hub+2+Plus+-+Professional+Wireless+Smart+Alarm+System,,,USD,Needs supplier verification,"Match exact product manually, then fill Buy URL and Supplier Price."
153,NG-SEC-006,Ajax Hub 2 Plus - Professional Wireless Smart Alarm System,Security & Surveillance,2499,,2,Alibaba,B2B supplier search,https://www.alibaba.com/trade/search?SearchText=Ajax+Hub+2+Plus+-+Professional+Wireless+Smart+Alarm+System,,,USD,Needs supplier verification,"Check MOQ, shipping terms, and verified supplier status before buying."
153,NG-SEC-006,Ajax Hub 2 Plus - Professional Wireless Smart Alarm System,Security & Surveillance,2499,,3,Amazon.sa,Local market reference / supplier option,https://www.amazon.sa/s?k=Ajax+Hub+2+Plus+-+Professional+Wireless+Smart+Alarm+System,scraped via scripts/live-market-sync-inscope.js (2026-05-07),921,SAR,Existing workbook Amazon reference,Uses existing Amazon reference URL and price when the workbook has them.
153,NG-SEC-006,Ajax Hub 2 Plus - Professional Wireless Smart Alarm System,Security & Surveillance,2499,,4,Noon,Local market reference / supplier option,https://www.noon.com/saudi-en/search/?q=Ajax+Hub+2+Plus+-+Professional+Wireless+Smart+Alarm+System,,,SAR,Needs supplier verification,"Verify seller rating, warranty, and marketplace fulfillment before buying."
153,NG-SEC-006,Ajax Hub 2 Plus - Professional Wireless Smart Alarm System,Security & Surveillance,2499,,5,B&H Photo,US retailer / distributor search,https://www.bhphotovideo.com/c/search?Ntt=Ajax+Hub+2+Plus+-+Professional+Wireless+Smart+Alarm+System&N=0&InitialSearch=yes&sts=ma,,,USD,Needs supplier verification,"Best for cameras, networking, creators, and computer hardware."
154,NG-SEC-005,Reolink 16-Channel PoE NVR (RLN16-410) - 4K Network Video Recorder,Security & Surveillance,1599,,1,AliExpress,Marketplace supplier search,https://www.aliexpress.com/wholesale?SearchText=Reolink+16-Channel+PoE+NVR+%28RLN16-410%29+-+4K+Network+Video+Recorder,,,USD,Needs supplier verification,"Match exact product manually, then fill Buy URL and Supplier Price."
154,NG-SEC-005,Reolink 16-Channel PoE NVR (RLN16-410) - 4K Network Video Recorder,Security & Surveillance,1599,,2,Alibaba,B2B supplier search,https://www.alibaba.com/trade/search?SearchText=Reolink+16-Channel+PoE+NVR+%28RLN16-410%29+-+4K+Network+Video+Recorder,,,USD,Needs supplier verification,"Check MOQ, shipping terms, and verified supplier status before buying."
154,NG-SEC-005,Reolink 16-Channel PoE NVR (RLN16-410) - 4K Network Video Recorder,Security & Surveillance,1599,,3,Amazon.sa,Local market reference / supplier option,https://www.amazon.sa/s?k=Reolink+16-Channel+PoE+NVR+%28RLN16-410%29+-+4K+Network+Video+Recorder,scraped via scripts/live-market-sync-inscope.js (2026-05-07),2444,SAR,Existing workbook Amazon reference,Uses existing Amazon reference URL and price when the workbook has them.
154,NG-SEC-005,Reolink 16-Channel PoE NVR (RLN16-410) - 4K Network Video Recorder,Security & Surveillance,1599,,4,Noon,Local market reference / supplier option,https://www.noon.com/saudi-en/search/?q=Reolink+16-Channel+PoE+NVR+%28RLN16-410%29+-+4K+Network+Video+Recorder,,,SAR,Needs supplier verification,"Verify seller rating, warranty, and marketplace fulfillment before buying."
154,NG-SEC-005,Reolink 16-Channel PoE NVR (RLN16-410) - 4K Network Video Recorder,Security & Surveillance,1599,,5,B&H Photo,US retailer / distributor search,https://www.bhphotovideo.com/c/search?Ntt=Reolink+16-Channel+PoE+NVR+%28RLN16-410%29+-+4K+Network+Video+Recorder&N=0&InitialSearch=yes&sts=ma,,,USD,Needs supplier verification,"Best for cameras, networking, creators, and computer hardware."
155,NG-SEC-004,Ubiquiti UniFi Protect G4 Doorbell Pro - 5MP Smart Doorbell with Fingerprint Reader,Security & Surveillance,3140,,1,AliExpress,Marketplace supplier search,https://www.aliexpress.com/wholesale?SearchText=Ubiquiti+UniFi+Protect+G4+Doorbell+Pro+-+5MP+Smart+Doorbell+with+Fingerprint+Reader,,,USD,Needs supplier verification,"Match exact product manually, then fill Buy URL and Supplier Price."
155,NG-SEC-004,Ubiquiti UniFi Protect G4 Doorbell Pro - 5MP Smart Doorbell with Fingerprint Reader,Security & Surveillance,3140,,2,Alibaba,B2B supplier search,https://www.alibaba.com/trade/search?SearchText=Ubiquiti+UniFi+Protect+G4+Doorbell+Pro+-+5MP+Smart+Doorbell+with+Fingerprint+Reader,,,USD,Needs supplier verification,"Check MOQ, shipping terms, and verified supplier status before buying."
155,NG-SEC-004,Ubiquiti UniFi Protect G4 Doorbell Pro - 5MP Smart Doorbell with Fingerprint Reader,Security & Surveillance,3140,,3,Amazon.sa,Local market reference / supplier option,https://www.amazon.sa/s?k=Ubiquiti+UniFi+Protect+G4+Doorbell+Pro+-+5MP+Smart+Doorbell+with+Fingerprint+Reader,https://www.amazon.sa/-/en/Ubiquiti-UniFi-Protect-Doorbell-UVC-G4-DoorBell-Pro/dp/B0BH3XVGK1/ref=sr_1_1,2511,SAR,Existing workbook Amazon reference,Uses existing Amazon reference URL and price when the workbook has them.
155,NG-SEC-004,Ubiquiti UniFi Protect G4 Doorbell Pro - 5MP Smart Doorbell with Fingerprint Reader,Security & Surveillance,3140,,4,Noon,Local market reference / supplier option,https://www.noon.com/saudi-en/search/?q=Ubiquiti+UniFi+Protect+G4+Doorbell+Pro+-+5MP+Smart+Doorbell+with+Fingerprint+Reader,,,SAR,Needs supplier verification,"Verify seller rating, warranty, and marketplace fulfillment before buying."
155,NG-SEC-004,Ubiquiti UniFi Protect G4 Doorbell Pro - 5MP Smart Doorbell with Fingerprint Reader,Security & Surveillance,3140,,5,B&H Photo,US retailer / distributor search,https://www.bhphotovideo.com/c/search?Ntt=Ubiquiti+UniFi+Protect+G4+Doorbell+Pro+-+5MP+Smart+Doorbell+with+Fingerprint+Reader&N=0&InitialSearch=yes&sts=ma,,,USD,Needs supplier verification,"Best for cameras, networking, creators, and computer hardware."
156,NG-SEC-003,Hikvision DS-2CD2143G2-I - 4MP AcuSense Dome Camera,Security & Surveillance,749,,1,AliExpress,Marketplace supplier search,https://www.aliexpress.com/wholesale?SearchText=Hikvision+DS-2CD2143G2-I+-+4MP+AcuSense+Dome+Camera,,,USD,Needs supplier verification,"Match exact product manually, then fill Buy URL and Supplier Price."
156,NG-SEC-003,Hikvision DS-2CD2143G2-I - 4MP AcuSense Dome Camera,Security & Surveillance,749,,2,Alibaba,B2B supplier search,https://www.alibaba.com/trade/search?SearchText=Hikvision+DS-2CD2143G2-I+-+4MP+AcuSense+Dome+Camera,,,USD,Needs supplier verification,"Check MOQ, shipping terms, and verified supplier status before buying."
156,NG-SEC-003,Hikvision DS-2CD2143G2-I - 4MP AcuSense Dome Camera,Security & Surveillance,749,,3,Amazon.sa,Local market reference / supplier option,https://www.amazon.sa/s?k=Hikvision+DS-2CD2143G2-I+-+4MP+AcuSense+Dome+Camera,scraped via scripts/live-market-sync-inscope.js (2026-05-07),418,SAR,Existing workbook Amazon reference,Uses existing Amazon reference URL and price when the workbook has them.
156,NG-SEC-003,Hikvision DS-2CD2143G2-I - 4MP AcuSense Dome Camera,Security & Surveillance,749,,4,Noon,Local market reference / supplier option,https://www.noon.com/saudi-en/search/?q=Hikvision+DS-2CD2143G2-I+-+4MP+AcuSense+Dome+Camera,,,SAR,Needs supplier verification,"Verify seller rating, warranty, and marketplace fulfillment before buying."
156,NG-SEC-003,Hikvision DS-2CD2143G2-I - 4MP AcuSense Dome Camera,Security & Surveillance,749,,5,B&H Photo,US retailer / distributor search,https://www.bhphotovideo.com/c/search?Ntt=Hikvision+DS-2CD2143G2-I+-+4MP+AcuSense+Dome+Camera&N=0&InitialSearch=yes&sts=ma,,,USD,Needs supplier verification,"Best for cameras, networking, creators, and computer hardware."
157,NG-SEC-002,Reolink Argus 4 Pro - Solar-Powered Wireless 4K Security Camera,Security & Surveillance,1199,,1,AliExpress,Marketplace supplier search,https://www.aliexpress.com/wholesale?SearchText=Reolink+Argus+4+Pro+-+Solar-Powered+Wireless+4K+Security+Camera,,,USD,Needs supplier verification,"Match exact product manually, then fill Buy URL and Supplier Price."
157,NG-SEC-002,Reolink Argus 4 Pro - Solar-Powered Wireless 4K Security Camera,Security & Surveillance,1199,,2,Alibaba,B2B supplier search,https://www.alibaba.com/trade/search?SearchText=Reolink+Argus+4+Pro+-+Solar-Powered+Wireless+4K+Security+Camera,,,USD,Needs supplier verification,"Check MOQ, shipping terms, and verified supplier status before buying."
157,NG-SEC-002,Reolink Argus 4 Pro - Solar-Powered Wireless 4K Security Camera,Security & Surveillance,1199,,3,Amazon.sa,Local market reference / supplier option,https://www.amazon.sa/s?k=Reolink+Argus+4+Pro+-+Solar-Powered+Wireless+4K+Security+Camera,scraped via scripts/live-market-sync-inscope.js (2026-05-07),527,SAR,Existing workbook Amazon reference,Uses existing Amazon reference URL and price when the workbook has them.
157,NG-SEC-002,Reolink Argus 4 Pro - Solar-Powered Wireless 4K Security Camera,Security & Surveillance,1199,,4,Noon,Local market reference / supplier option,https://www.noon.com/saudi-en/search/?q=Reolink+Argus+4+Pro+-+Solar-Powered+Wireless+4K+Security+Camera,,,SAR,Needs supplier verification,"Verify seller rating, warranty, and marketplace fulfillment before buying."
157,NG-SEC-002,Reolink Argus 4 Pro - Solar-Powered Wireless 4K Security Camera,Security & Surveillance,1199,,5,B&H Photo,US retailer / distributor search,https://www.bhphotovideo.com/c/search?Ntt=Reolink+Argus+4+Pro+-+Solar-Powered+Wireless+4K+Security+Camera&N=0&InitialSearch=yes&sts=ma,,,USD,Needs supplier verification,"Best for cameras, networking, creators, and computer hardware."
158,NG-SEC-001,Reolink RLC-810A - 4K PoE AI Security Camera,Security & Surveillance,549,,1,AliExpress,Marketplace supplier search,https://www.aliexpress.com/wholesale?SearchText=Reolink+RLC-810A+-+4K+PoE+AI+Security+Camera,,,USD,Needs supplier verification,"Match exact product manually, then fill Buy URL and Supplier Price."
158,NG-SEC-001,Reolink RLC-810A - 4K PoE AI Security Camera,Security & Surveillance,549,,2,Alibaba,B2B supplier search,https://www.alibaba.com/trade/search?SearchText=Reolink+RLC-810A+-+4K+PoE+AI+Security+Camera,,,USD,Needs supplier verification,"Check MOQ, shipping terms, and verified supplier status before buying."
158,NG-SEC-001,Reolink RLC-810A - 4K PoE AI Security Camera,Security & Surveillance,549,,3,Amazon.sa,Local market reference / supplier option,https://www.amazon.sa/s?k=Reolink+RLC-810A+-+4K+PoE+AI+Security+Camera,scraped via scripts/live-market-sync-inscope.js (2026-05-07),639,SAR,Existing workbook Amazon reference,Uses existing Amazon reference URL and price when the workbook has them.
158,NG-SEC-001,Reolink RLC-810A - 4K PoE AI Security Camera,Security & Surveillance,549,,4,Noon,Local market reference / supplier option,https://www.noon.com/saudi-en/search/?q=Reolink+RLC-810A+-+4K+PoE+AI+Security+Camera,,,SAR,Needs supplier verification,"Verify seller rating, warranty, and marketplace fulfillment before buying."
158,NG-SEC-001,Reolink RLC-810A - 4K PoE AI Security Camera,Security & Surveillance,549,,5,B&H Photo,US retailer / distributor search,https://www.bhphotovideo.com/c/search?Ntt=Reolink+RLC-810A+-+4K+PoE+AI+Security+Camera&N=0&InitialSearch=yes&sts=ma,,,USD,Needs supplier verification,"Best for cameras, networking, creators, and computer hardware."
159,NG-DRN-008,DJI Pocket 3 - Pocket-Sized Gimbal Camera with 1-Inch Sensor,Drones & Robotics,3449,2999,1,AliExpress,Marketplace supplier search,https://www.aliexpress.com/wholesale?SearchText=DJI+Pocket+3+-+Pocket-Sized+Gimbal+Camera+with+1-Inch+Sensor,,,USD,Needs supplier verification,"Match exact product manually, then fill Buy URL and Supplier Price."
159,NG-DRN-008,DJI Pocket 3 - Pocket-Sized Gimbal Camera with 1-Inch Sensor,Drones & Robotics,3449,2999,2,Alibaba,B2B supplier search,https://www.alibaba.com/trade/search?SearchText=DJI+Pocket+3+-+Pocket-Sized+Gimbal+Camera+with+1-Inch+Sensor,,,USD,Needs supplier verification,"Check MOQ, shipping terms, and verified supplier status before buying."
159,NG-DRN-008,DJI Pocket 3 - Pocket-Sized Gimbal Camera with 1-Inch Sensor,Drones & Robotics,3449,2999,3,Amazon.sa,Local market reference / supplier option,https://www.amazon.sa/s?k=DJI+Pocket+3+-+Pocket-Sized+Gimbal+Camera+with+1-Inch+Sensor,,,SAR,Needs supplier verification,Uses existing Amazon reference URL and price when the workbook has them.
159,NG-DRN-008,DJI Pocket 3 - Pocket-Sized Gimbal Camera with 1-Inch Sensor,Drones & Robotics,3449,2999,4,Noon,Local market reference / supplier option,https://www.noon.com/saudi-en/search/?q=DJI+Pocket+3+-+Pocket-Sized+Gimbal+Camera+with+1-Inch+Sensor,,,SAR,Needs supplier verification,"Verify seller rating, warranty, and marketplace fulfillment before buying."
159,NG-DRN-008,DJI Pocket 3 - Pocket-Sized Gimbal Camera with 1-Inch Sensor,Drones & Robotics,3449,2999,5,B&H Photo,US retailer / distributor search,https://www.bhphotovideo.com/c/search?Ntt=DJI+Pocket+3+-+Pocket-Sized+Gimbal+Camera+with+1-Inch+Sensor&N=0&InitialSearch=yes&sts=ma,,,USD,Needs supplier verification,"Best for cameras, networking, creators, and computer hardware."
160,NG-DRN-007,"Roborock S8 MaxV Ultra - Smart Robot Vacuum with 10,000Pa Suction",Smart Home & IoT,8859,7699,1,AliExpress,Marketplace supplier search,https://www.aliexpress.com/wholesale?SearchText=Roborock+S8+MaxV+Ultra+-+Smart+Robot+Vacuum+with+10%2C000Pa+Suction,,,USD,Needs supplier verification,"Match exact product manually, then fill Buy URL and Supplier Price."
160,NG-DRN-007,"Roborock S8 MaxV Ultra - Smart Robot Vacuum with 10,000Pa Suction",Smart Home & IoT,8859,7699,2,Alibaba,B2B supplier search,https://www.alibaba.com/trade/search?SearchText=Roborock+S8+MaxV+Ultra+-+Smart+Robot+Vacuum+with+10%2C000Pa+Suction,,,USD,Needs supplier verification,"Check MOQ, shipping terms, and verified supplier status before buying."
160,NG-DRN-007,"Roborock S8 MaxV Ultra - Smart Robot Vacuum with 10,000Pa Suction",Smart Home & IoT,8859,7699,3,Amazon.sa,Local market reference / supplier option,https://www.amazon.sa/s?k=Roborock+S8+MaxV+Ultra+-+Smart+Robot+Vacuum+with+10%2C000Pa+Suction,scraped via scripts/live-market-sync-inscope.js (2026-05-07),4999,SAR,Existing workbook Amazon reference,Uses existing Amazon reference URL and price when the workbook has them.
160,NG-DRN-007,"Roborock S8 MaxV Ultra - Smart Robot Vacuum with 10,000Pa Suction",Smart Home & IoT,8859,7699,4,Noon,Local market reference / supplier option,https://www.noon.com/saudi-en/search/?q=Roborock+S8+MaxV+Ultra+-+Smart+Robot+Vacuum+with+10%2C000Pa+Suction,,,SAR,Needs supplier verification,"Verify seller rating, warranty, and marketplace fulfillment before buying."
160,NG-DRN-007,"Roborock S8 MaxV Ultra - Smart Robot Vacuum with 10,000Pa Suction",Smart Home & IoT,8859,7699,5,B&H Photo,US retailer / distributor search,https://www.bhphotovideo.com/c/search?Ntt=Roborock+S8+MaxV+Ultra+-+Smart+Robot+Vacuum+with+10%2C000Pa+Suction&N=0&InitialSearch=yes&sts=ma,,,USD,Needs supplier verification,"Best for cameras, networking, creators, and computer hardware."
161,NG-DRN-006,FIMI X8 Mini V2 - 4K Drone at 245g with Competitive Pricing,Drones & Robotics,2399,,1,AliExpress,Marketplace supplier search,https://www.aliexpress.com/wholesale?SearchText=FIMI+X8+Mini+V2+-+4K+Drone+at+245g+with+Competitive+Pricing,,,USD,Needs supplier verification,"Match exact product manually, then fill Buy URL and Supplier Price."
161,NG-DRN-006,FIMI X8 Mini V2 - 4K Drone at 245g with Competitive Pricing,Drones & Robotics,2399,,2,Alibaba,B2B supplier search,https://www.alibaba.com/trade/search?SearchText=FIMI+X8+Mini+V2+-+4K+Drone+at+245g+with+Competitive+Pricing,,,USD,Needs supplier verification,"Check MOQ, shipping terms, and verified supplier status before buying."
161,NG-DRN-006,FIMI X8 Mini V2 - 4K Drone at 245g with Competitive Pricing,Drones & Robotics,2399,,3,Amazon.sa,Local market reference / supplier option,https://www.amazon.sa/s?k=FIMI+X8+Mini+V2+-+4K+Drone+at+245g+with+Competitive+Pricing,,,SAR,Needs supplier verification,Uses existing Amazon reference URL and price when the workbook has them.
161,NG-DRN-006,FIMI X8 Mini V2 - 4K Drone at 245g with Competitive Pricing,Drones & Robotics,2399,,4,Noon,Local market reference / supplier option,https://www.noon.com/saudi-en/search/?q=FIMI+X8+Mini+V2+-+4K+Drone+at+245g+with+Competitive+Pricing,,,SAR,Needs supplier verification,"Verify seller rating, warranty, and marketplace fulfillment before buying."
161,NG-DRN-006,FIMI X8 Mini V2 - 4K Drone at 245g with Competitive Pricing,Drones & Robotics,2399,,5,B&H Photo,US retailer / distributor search,https://www.bhphotovideo.com/c/search?Ntt=FIMI+X8+Mini+V2+-+4K+Drone+at+245g+with+Competitive+Pricing&N=0&InitialSearch=yes&sts=ma,,,USD,Needs supplier verification,"Best for cameras, networking, creators, and computer hardware."
162,NG-DRN-005,Insta360 X4 - 8K 360-Degree Camera,Drones & Robotics,3499,,1,AliExpress,Marketplace supplier search,https://www.aliexpress.com/wholesale?SearchText=Insta360+X4+-+8K+360-Degree+Camera,,,USD,Needs supplier verification,"Match exact product manually, then fill Buy URL and Supplier Price."
162,NG-DRN-005,Insta360 X4 - 8K 360-Degree Camera,Drones & Robotics,3499,,2,Alibaba,B2B supplier search,https://www.alibaba.com/trade/search?SearchText=Insta360+X4+-+8K+360-Degree+Camera,,,USD,Needs supplier verification,"Check MOQ, shipping terms, and verified supplier status before buying."
162,NG-DRN-005,Insta360 X4 - 8K 360-Degree Camera,Drones & Robotics,3499,,3,Amazon.sa,Local market reference / supplier option,https://www.amazon.sa/s?k=Insta360+X4+-+8K+360-Degree+Camera,,,SAR,Needs supplier verification,Uses existing Amazon reference URL and price when the workbook has them.
162,NG-DRN-005,Insta360 X4 - 8K 360-Degree Camera,Drones & Robotics,3499,,4,Noon,Local market reference / supplier option,https://www.noon.com/saudi-en/search/?q=Insta360+X4+-+8K+360-Degree+Camera,,,SAR,Needs supplier verification,"Verify seller rating, warranty, and marketplace fulfillment before buying."
162,NG-DRN-005,Insta360 X4 - 8K 360-Degree Camera,Drones & Robotics,3499,,5,B&H Photo,US retailer / distributor search,https://www.bhphotovideo.com/c/search?Ntt=Insta360+X4+-+8K+360-Degree+Camera&N=0&InitialSearch=yes&sts=ma,,,USD,Needs supplier verification,"Best for cameras, networking, creators, and computer hardware."
163,NG-DRN-004,DJI RS 4 - 3-Axis Gimbal Stabilizer for Professional Cameras,Drones & Robotics,3099,,1,AliExpress,Marketplace supplier search,https://www.aliexpress.com/wholesale?SearchText=DJI+RS+4+-+3-Axis+Gimbal+Stabilizer+for+Professional+Cameras,,,USD,Needs supplier verification,"Match exact product manually, then fill Buy URL and Supplier Price."
163,NG-DRN-004,DJI RS 4 - 3-Axis Gimbal Stabilizer for Professional Cameras,Drones & Robotics,3099,,2,Alibaba,B2B supplier search,https://www.alibaba.com/trade/search?SearchText=DJI+RS+4+-+3-Axis+Gimbal+Stabilizer+for+Professional+Cameras,,,USD,Needs supplier verification,"Check MOQ, shipping terms, and verified supplier status before buying."
163,NG-DRN-004,DJI RS 4 - 3-Axis Gimbal Stabilizer for Professional Cameras,Drones & Robotics,3099,,3,Amazon.sa,Local market reference / supplier option,https://www.amazon.sa/s?k=DJI+RS+4+-+3-Axis+Gimbal+Stabilizer+for+Professional+Cameras,,,SAR,Needs supplier verification,Uses existing Amazon reference URL and price when the workbook has them.
163,NG-DRN-004,DJI RS 4 - 3-Axis Gimbal Stabilizer for Professional Cameras,Drones & Robotics,3099,,4,Noon,Local market reference / supplier option,https://www.noon.com/saudi-en/search/?q=DJI+RS+4+-+3-Axis+Gimbal+Stabilizer+for+Professional+Cameras,,,SAR,Needs supplier verification,"Verify seller rating, warranty, and marketplace fulfillment before buying."
163,NG-DRN-004,DJI RS 4 - 3-Axis Gimbal Stabilizer for Professional Cameras,Drones & Robotics,3099,,5,B&H Photo,US retailer / distributor search,https://www.bhphotovideo.com/c/search?Ntt=DJI+RS+4+-+3-Axis+Gimbal+Stabilizer+for+Professional+Cameras&N=0&InitialSearch=yes&sts=ma,,,USD,Needs supplier verification,"Best for cameras, networking, creators, and computer hardware."
164,NG-DRN-003,DJI Osmo Action 5 Pro - 4K/120fps Waterproof Action Camera,Drones & Robotics,2499,,1,AliExpress,Marketplace supplier search,https://www.aliexpress.com/wholesale?SearchText=DJI+Osmo+Action+5+Pro+-+4K%2F120fps+Waterproof+Action+Camera,,,USD,Needs supplier verification,"Match exact product manually, then fill Buy URL and Supplier Price."
164,NG-DRN-003,DJI Osmo Action 5 Pro - 4K/120fps Waterproof Action Camera,Drones & Robotics,2499,,2,Alibaba,B2B supplier search,https://www.alibaba.com/trade/search?SearchText=DJI+Osmo+Action+5+Pro+-+4K%2F120fps+Waterproof+Action+Camera,,,USD,Needs supplier verification,"Check MOQ, shipping terms, and verified supplier status before buying."
164,NG-DRN-003,DJI Osmo Action 5 Pro - 4K/120fps Waterproof Action Camera,Drones & Robotics,2499,,3,Amazon.sa,Local market reference / supplier option,https://www.amazon.sa/s?k=DJI+Osmo+Action+5+Pro+-+4K%2F120fps+Waterproof+Action+Camera,,,SAR,Needs supplier verification,Uses existing Amazon reference URL and price when the workbook has them.
164,NG-DRN-003,DJI Osmo Action 5 Pro - 4K/120fps Waterproof Action Camera,Drones & Robotics,2499,,4,Noon,Local market reference / supplier option,https://www.noon.com/saudi-en/search/?q=DJI+Osmo+Action+5+Pro+-+4K%2F120fps+Waterproof+Action+Camera,,,SAR,Needs supplier verification,"Verify seller rating, warranty, and marketplace fulfillment before buying."
164,NG-DRN-003,DJI Osmo Action 5 Pro - 4K/120fps Waterproof Action Camera,Drones & Robotics,2499,,5,B&H Photo,US retailer / distributor search,https://www.bhphotovideo.com/c/search?Ntt=DJI+Osmo+Action+5+Pro+-+4K%2F120fps+Waterproof+Action+Camera&N=0&InitialSearch=yes&sts=ma,,,USD,Needs supplier verification,"Best for cameras, networking, creators, and computer hardware."
165,NG-DRN-002,DJI Avata 2 - Immersive FPV Drone with Goggles,Drones & Robotics,4099,,1,AliExpress,Marketplace supplier search,https://www.aliexpress.com/wholesale?SearchText=DJI+Avata+2+-+Immersive+FPV+Drone+with+Goggles,,,USD,Needs supplier verification,"Match exact product manually, then fill Buy URL and Supplier Price."
165,NG-DRN-002,DJI Avata 2 - Immersive FPV Drone with Goggles,Drones & Robotics,4099,,2,Alibaba,B2B supplier search,https://www.alibaba.com/trade/search?SearchText=DJI+Avata+2+-+Immersive+FPV+Drone+with+Goggles,,,USD,Needs supplier verification,"Check MOQ, shipping terms, and verified supplier status before buying."
165,NG-DRN-002,DJI Avata 2 - Immersive FPV Drone with Goggles,Drones & Robotics,4099,,3,Amazon.sa,Local market reference / supplier option,https://www.amazon.sa/s?k=DJI+Avata+2+-+Immersive+FPV+Drone+with+Goggles,,,SAR,Needs supplier verification,Uses existing Amazon reference URL and price when the workbook has them.
165,NG-DRN-002,DJI Avata 2 - Immersive FPV Drone with Goggles,Drones & Robotics,4099,,4,Noon,Local market reference / supplier option,https://www.noon.com/saudi-en/search/?q=DJI+Avata+2+-+Immersive+FPV+Drone+with+Goggles,,,SAR,Needs supplier verification,"Verify seller rating, warranty, and marketplace fulfillment before buying."
165,NG-DRN-002,DJI Avata 2 - Immersive FPV Drone with Goggles,Drones & Robotics,4099,,5,B&H Photo,US retailer / distributor search,https://www.bhphotovideo.com/c/search?Ntt=DJI+Avata+2+-+Immersive+FPV+Drone+with+Goggles&N=0&InitialSearch=yes&sts=ma,,,USD,Needs supplier verification,"Best for cameras, networking, creators, and computer hardware."
166,NG-DRN-001,DJI Mini 4 Pro - Sub-249g Drone with 4K/60fps Camera,Drones & Robotics,7019,6099,1,AliExpress,Marketplace supplier search,https://www.aliexpress.com/wholesale?SearchText=DJI+Mini+4+Pro+-+Sub-249g+Drone+with+4K%2F60fps+Camera,,,USD,Needs supplier verification,"Match exact product manually, then fill Buy URL and Supplier Price."
166,NG-DRN-001,DJI Mini 4 Pro - Sub-249g Drone with 4K/60fps Camera,Drones & Robotics,7019,6099,2,Alibaba,B2B supplier search,https://www.alibaba.com/trade/search?SearchText=DJI+Mini+4+Pro+-+Sub-249g+Drone+with+4K%2F60fps+Camera,,,USD,Needs supplier verification,"Check MOQ, shipping terms, and verified supplier status before buying."
166,NG-DRN-001,DJI Mini 4 Pro - Sub-249g Drone with 4K/60fps Camera,Drones & Robotics,7019,6099,3,Amazon.sa,Local market reference / supplier option,https://www.amazon.sa/s?k=DJI+Mini+4+Pro+-+Sub-249g+Drone+with+4K%2F60fps+Camera,,,SAR,Needs supplier verification,Uses existing Amazon reference URL and price when the workbook has them.
166,NG-DRN-001,DJI Mini 4 Pro - Sub-249g Drone with 4K/60fps Camera,Drones & Robotics,7019,6099,4,Noon,Local market reference / supplier option,https://www.noon.com/saudi-en/search/?q=DJI+Mini+4+Pro+-+Sub-249g+Drone+with+4K%2F60fps+Camera,,,SAR,Needs supplier verification,"Verify seller rating, warranty, and marketplace fulfillment before buying."
166,NG-DRN-001,DJI Mini 4 Pro - Sub-249g Drone with 4K/60fps Camera,Drones & Robotics,7019,6099,5,B&H Photo,US retailer / distributor search,https://www.bhphotovideo.com/c/search?Ntt=DJI+Mini+4+Pro+-+Sub-249g+Drone+with+4K%2F60fps+Camera&N=0&InitialSearch=yes&sts=ma,,,USD,Needs supplier verification,"Best for cameras, networking, creators, and computer hardware."
167,NG-CBL-008,HDMI 2.1 8K Fiber Optic Cable (10m) - Zero Signal Loss,Cables & Adapters,359,,1,AliExpress,Marketplace supplier search,https://www.aliexpress.com/wholesale?SearchText=HDMI+2.1+8K+Fiber+Optic+Cable+%2810m%29+-+Zero+Signal+Loss,,,USD,Needs supplier verification,"Match exact product manually, then fill Buy URL and Supplier Price."
167,NG-CBL-008,HDMI 2.1 8K Fiber Optic Cable (10m) - Zero Signal Loss,Cables & Adapters,359,,2,Alibaba,B2B supplier search,https://www.alibaba.com/trade/search?SearchText=HDMI+2.1+8K+Fiber+Optic+Cable+%2810m%29+-+Zero+Signal+Loss,,,USD,Needs supplier verification,"Check MOQ, shipping terms, and verified supplier status before buying."
167,NG-CBL-008,HDMI 2.1 8K Fiber Optic Cable (10m) - Zero Signal Loss,Cables & Adapters,359,,3,Amazon.sa,Local market reference / supplier option,https://www.amazon.sa/s?k=HDMI+2.1+8K+Fiber+Optic+Cable+%2810m%29+-+Zero+Signal+Loss,,,SAR,Needs supplier verification,Uses existing Amazon reference URL and price when the workbook has them.
167,NG-CBL-008,HDMI 2.1 8K Fiber Optic Cable (10m) - Zero Signal Loss,Cables & Adapters,359,,4,Noon,Local market reference / supplier option,https://www.noon.com/saudi-en/search/?q=HDMI+2.1+8K+Fiber+Optic+Cable+%2810m%29+-+Zero+Signal+Loss,,,SAR,Needs supplier verification,"Verify seller rating, warranty, and marketplace fulfillment before buying."
167,NG-CBL-008,HDMI 2.1 8K Fiber Optic Cable (10m) - Zero Signal Loss,Cables & Adapters,359,,5,B&H Photo,US retailer / distributor search,https://www.bhphotovideo.com/c/search?Ntt=HDMI+2.1+8K+Fiber+Optic+Cable+%2810m%29+-+Zero+Signal+Loss&N=0&InitialSearch=yes&sts=ma,,,USD,Needs supplier verification,"Best for cameras, networking, creators, and computer hardware."
168,NG-CBL-007,DAC SFP+ 10G Direct Attach Cable (3m) - Direct Switch-to-Switch Connection,Cables & Adapters,229,,1,AliExpress,Marketplace supplier search,https://www.aliexpress.com/wholesale?SearchText=DAC+SFP%2B+10G+Direct+Attach+Cable+%283m%29+-+Direct+Switch-to-Switch+Connection,,,USD,Needs supplier verification,"Match exact product manually, then fill Buy URL and Supplier Price."
168,NG-CBL-007,DAC SFP+ 10G Direct Attach Cable (3m) - Direct Switch-to-Switch Connection,Cables & Adapters,229,,2,Alibaba,B2B supplier search,https://www.alibaba.com/trade/search?SearchText=DAC+SFP%2B+10G+Direct+Attach+Cable+%283m%29+-+Direct+Switch-to-Switch+Connection,,,USD,Needs supplier verification,"Check MOQ, shipping terms, and verified supplier status before buying."
168,NG-CBL-007,DAC SFP+ 10G Direct Attach Cable (3m) - Direct Switch-to-Switch Connection,Cables & Adapters,229,,3,Amazon.sa,Local market reference / supplier option,https://www.amazon.sa/s?k=DAC+SFP%2B+10G+Direct+Attach+Cable+%283m%29+-+Direct+Switch-to-Switch+Connection,,,SAR,Needs supplier verification,Uses existing Amazon reference URL and price when the workbook has them.
168,NG-CBL-007,DAC SFP+ 10G Direct Attach Cable (3m) - Direct Switch-to-Switch Connection,Cables & Adapters,229,,4,Noon,Local market reference / supplier option,https://www.noon.com/saudi-en/search/?q=DAC+SFP%2B+10G+Direct+Attach+Cable+%283m%29+-+Direct+Switch-to-Switch+Connection,,,SAR,Needs supplier verification,"Verify seller rating, warranty, and marketplace fulfillment before buying."
168,NG-CBL-007,DAC SFP+ 10G Direct Attach Cable (3m) - Direct Switch-to-Switch Connection,Cables & Adapters,229,,5,B&H Photo,US retailer / distributor search,https://www.bhphotovideo.com/c/search?Ntt=DAC+SFP%2B+10G+Direct+Attach+Cable+%283m%29+-+Direct+Switch-to-Switch+Connection&N=0&InitialSearch=yes&sts=ma,,,USD,Needs supplier verification,"Best for cameras, networking, creators, and computer hardware."
169,NG-CBL-006,Ugreen 5-in-1 USB-C Dock - HDMI 4K + Ethernet + USB 3.0,Cables & Adapters,289,249,1,AliExpress,Marketplace supplier search,https://www.aliexpress.com/wholesale?SearchText=Ugreen+5-in-1+USB-C+Dock+-+HDMI+4K+%2B+Ethernet+%2B+USB+3.0,,,USD,Needs supplier verification,"Match exact product manually, then fill Buy URL and Supplier Price."
169,NG-CBL-006,Ugreen 5-in-1 USB-C Dock - HDMI 4K + Ethernet + USB 3.0,Cables & Adapters,289,249,2,Alibaba,B2B supplier search,https://www.alibaba.com/trade/search?SearchText=Ugreen+5-in-1+USB-C+Dock+-+HDMI+4K+%2B+Ethernet+%2B+USB+3.0,,,USD,Needs supplier verification,"Check MOQ, shipping terms, and verified supplier status before buying."
169,NG-CBL-006,Ugreen 5-in-1 USB-C Dock - HDMI 4K + Ethernet + USB 3.0,Cables & Adapters,289,249,3,Amazon.sa,Local market reference / supplier option,https://www.amazon.sa/s?k=Ugreen+5-in-1+USB-C+Dock+-+HDMI+4K+%2B+Ethernet+%2B+USB+3.0,,,SAR,Needs supplier verification,Uses existing Amazon reference URL and price when the workbook has them.
169,NG-CBL-006,Ugreen 5-in-1 USB-C Dock - HDMI 4K + Ethernet + USB 3.0,Cables & Adapters,289,249,4,Noon,Local market reference / supplier option,https://www.noon.com/saudi-en/search/?q=Ugreen+5-in-1+USB-C+Dock+-+HDMI+4K+%2B+Ethernet+%2B+USB+3.0,,,SAR,Needs supplier verification,"Verify seller rating, warranty, and marketplace fulfillment before buying."
169,NG-CBL-006,Ugreen 5-in-1 USB-C Dock - HDMI 4K + Ethernet + USB 3.0,Cables & Adapters,289,249,5,B&H Photo,US retailer / distributor search,https://www.bhphotovideo.com/c/search?Ntt=Ugreen+5-in-1+USB-C+Dock+-+HDMI+4K+%2B+Ethernet+%2B+USB+3.0&N=0&InitialSearch=yes&sts=ma,,,USD,Needs supplier verification,"Best for cameras, networking, creators, and computer hardware."
170,NG-CBL-005,Baseus USB-C 100W Charging Cable (2m) - Fast Charge for Laptops and Phones,Cables & Adapters,109,,1,AliExpress,Marketplace supplier search,https://www.aliexpress.com/wholesale?SearchText=Baseus+USB-C+100W+Charging+Cable+%282m%29+-+Fast+Charge+for+Laptops+and+Phones,,,USD,Needs supplier verification,"Match exact product manually, then fill Buy URL and Supplier Price."
170,NG-CBL-005,Baseus USB-C 100W Charging Cable (2m) - Fast Charge for Laptops and Phones,Cables & Adapters,109,,2,Alibaba,B2B supplier search,https://www.alibaba.com/trade/search?SearchText=Baseus+USB-C+100W+Charging+Cable+%282m%29+-+Fast+Charge+for+Laptops+and+Phones,,,USD,Needs supplier verification,"Check MOQ, shipping terms, and verified supplier status before buying."
170,NG-CBL-005,Baseus USB-C 100W Charging Cable (2m) - Fast Charge for Laptops and Phones,Cables & Adapters,109,,3,Amazon.sa,Local market reference / supplier option,https://www.amazon.sa/s?k=Baseus+USB-C+100W+Charging+Cable+%282m%29+-+Fast+Charge+for+Laptops+and+Phones,,,SAR,Needs supplier verification,Uses existing Amazon reference URL and price when the workbook has them.
170,NG-CBL-005,Baseus USB-C 100W Charging Cable (2m) - Fast Charge for Laptops and Phones,Cables & Adapters,109,,4,Noon,Local market reference / supplier option,https://www.noon.com/saudi-en/search/?q=Baseus+USB-C+100W+Charging+Cable+%282m%29+-+Fast+Charge+for+Laptops+and+Phones,,,SAR,Needs supplier verification,"Verify seller rating, warranty, and marketplace fulfillment before buying."
170,NG-CBL-005,Baseus USB-C 100W Charging Cable (2m) - Fast Charge for Laptops and Phones,Cables & Adapters,109,,5,B&H Photo,US retailer / distributor search,https://www.bhphotovideo.com/c/search?Ntt=Baseus+USB-C+100W+Charging+Cable+%282m%29+-+Fast+Charge+for+Laptops+and+Phones&N=0&InitialSearch=yes&sts=ma,,,USD,Needs supplier verification,"Best for cameras, networking, creators, and computer hardware."
171,NG-CBL-004,Ugreen Cat 8 Ethernet Cable (5m) - 40Gbps Network Cable,Cables & Adapters,149,,1,AliExpress,Marketplace supplier search,https://www.aliexpress.com/wholesale?SearchText=Ugreen+Cat+8+Ethernet+Cable+%285m%29+-+40Gbps+Network+Cable,,,USD,Needs supplier verification,"Match exact product manually, then fill Buy URL and Supplier Price."
171,NG-CBL-004,Ugreen Cat 8 Ethernet Cable (5m) - 40Gbps Network Cable,Cables & Adapters,149,,2,Alibaba,B2B supplier search,https://www.alibaba.com/trade/search?SearchText=Ugreen+Cat+8+Ethernet+Cable+%285m%29+-+40Gbps+Network+Cable,,,USD,Needs supplier verification,"Check MOQ, shipping terms, and verified supplier status before buying."
171,NG-CBL-004,Ugreen Cat 8 Ethernet Cable (5m) - 40Gbps Network Cable,Cables & Adapters,149,,3,Amazon.sa,Local market reference / supplier option,https://www.amazon.sa/s?k=Ugreen+Cat+8+Ethernet+Cable+%285m%29+-+40Gbps+Network+Cable,,,SAR,Needs supplier verification,Uses existing Amazon reference URL and price when the workbook has them.
171,NG-CBL-004,Ugreen Cat 8 Ethernet Cable (5m) - 40Gbps Network Cable,Cables & Adapters,149,,4,Noon,Local market reference / supplier option,https://www.noon.com/saudi-en/search/?q=Ugreen+Cat+8+Ethernet+Cable+%285m%29+-+40Gbps+Network+Cable,,,SAR,Needs supplier verification,"Verify seller rating, warranty, and marketplace fulfillment before buying."
171,NG-CBL-004,Ugreen Cat 8 Ethernet Cable (5m) - 40Gbps Network Cable,Cables & Adapters,149,,5,B&H Photo,US retailer / distributor search,https://www.bhphotovideo.com/c/search?Ntt=Ugreen+Cat+8+Ethernet+Cable+%285m%29+-+40Gbps+Network+Cable&N=0&InitialSearch=yes&sts=ma,,,USD,Needs supplier verification,"Best for cameras, networking, creators, and computer hardware."
172,NG-CBL-003,Cable Matters Thunderbolt 4 Cable (2m) - 40Gbps with 100W Charging,Cables & Adapters,419,,1,AliExpress,Marketplace supplier search,https://www.aliexpress.com/wholesale?SearchText=Cable+Matters+Thunderbolt+4+Cable+%282m%29+-+40Gbps+with+100W+Charging,,,USD,Needs supplier verification,"Match exact product manually, then fill Buy URL and Supplier Price."
172,NG-CBL-003,Cable Matters Thunderbolt 4 Cable (2m) - 40Gbps with 100W Charging,Cables & Adapters,419,,2,Alibaba,B2B supplier search,https://www.alibaba.com/trade/search?SearchText=Cable+Matters+Thunderbolt+4+Cable+%282m%29+-+40Gbps+with+100W+Charging,,,USD,Needs supplier verification,"Check MOQ, shipping terms, and verified supplier status before buying."
172,NG-CBL-003,Cable Matters Thunderbolt 4 Cable (2m) - 40Gbps with 100W Charging,Cables & Adapters,419,,3,Amazon.sa,Local market reference / supplier option,https://www.amazon.sa/s?k=Cable+Matters+Thunderbolt+4+Cable+%282m%29+-+40Gbps+with+100W+Charging,,,SAR,Needs supplier verification,Uses existing Amazon reference URL and price when the workbook has them.
172,NG-CBL-003,Cable Matters Thunderbolt 4 Cable (2m) - 40Gbps with 100W Charging,Cables & Adapters,419,,4,Noon,Local market reference / supplier option,https://www.noon.com/saudi-en/search/?q=Cable+Matters+Thunderbolt+4+Cable+%282m%29+-+40Gbps+with+100W+Charging,,,SAR,Needs supplier verification,"Verify seller rating, warranty, and marketplace fulfillment before buying."
172,NG-CBL-003,Cable Matters Thunderbolt 4 Cable (2m) - 40Gbps with 100W Charging,Cables & Adapters,419,,5,B&H Photo,US retailer / distributor search,https://www.bhphotovideo.com/c/search?Ntt=Cable+Matters+Thunderbolt+4+Cable+%282m%29+-+40Gbps+with+100W+Charging&N=0&InitialSearch=yes&sts=ma,,,USD,Needs supplier verification,"Best for cameras, networking, creators, and computer hardware."
173,NG-CBL-002,Anker USB-C Hub 7-in-1 - Multi-Port Adapter for Laptops,Cables & Adapters,349,,1,AliExpress,Marketplace supplier search,https://www.aliexpress.com/wholesale?SearchText=Anker+USB-C+Hub+7-in-1+-+Multi-Port+Adapter+for+Laptops,,,USD,Needs supplier verification,"Match exact product manually, then fill Buy URL and Supplier Price."
173,NG-CBL-002,Anker USB-C Hub 7-in-1 - Multi-Port Adapter for Laptops,Cables & Adapters,349,,2,Alibaba,B2B supplier search,https://www.alibaba.com/trade/search?SearchText=Anker+USB-C+Hub+7-in-1+-+Multi-Port+Adapter+for+Laptops,,,USD,Needs supplier verification,"Check MOQ, shipping terms, and verified supplier status before buying."
173,NG-CBL-002,Anker USB-C Hub 7-in-1 - Multi-Port Adapter for Laptops,Cables & Adapters,349,,3,Amazon.sa,Local market reference / supplier option,https://www.amazon.sa/s?k=Anker+USB-C+Hub+7-in-1+-+Multi-Port+Adapter+for+Laptops,,,SAR,Needs supplier verification,Uses existing Amazon reference URL and price when the workbook has them.
173,NG-CBL-002,Anker USB-C Hub 7-in-1 - Multi-Port Adapter for Laptops,Cables & Adapters,349,,4,Noon,Local market reference / supplier option,https://www.noon.com/saudi-en/search/?q=Anker+USB-C+Hub+7-in-1+-+Multi-Port+Adapter+for+Laptops,,,SAR,Needs supplier verification,"Verify seller rating, warranty, and marketplace fulfillment before buying."
173,NG-CBL-002,Anker USB-C Hub 7-in-1 - Multi-Port Adapter for Laptops,Cables & Adapters,349,,5,B&H Photo,US retailer / distributor search,https://www.bhphotovideo.com/c/search?Ntt=Anker+USB-C+Hub+7-in-1+-+Multi-Port+Adapter+for+Laptops&N=0&InitialSearch=yes&sts=ma,,,USD,Needs supplier verification,"Best for cameras, networking, creators, and computer hardware."
174,NG-CBL-001,Ugreen USB-C to HDMI 2.1 Cable (2m) - 8K@60Hz Output,Cables & Adapters,219,,1,AliExpress,Marketplace supplier search,https://www.aliexpress.com/wholesale?SearchText=Ugreen+USB-C+to+HDMI+2.1+Cable+%282m%29+-+8K%4060Hz+Output,,,USD,Needs supplier verification,"Match exact product manually, then fill Buy URL and Supplier Price."
174,NG-CBL-001,Ugreen USB-C to HDMI 2.1 Cable (2m) - 8K@60Hz Output,Cables & Adapters,219,,2,Alibaba,B2B supplier search,https://www.alibaba.com/trade/search?SearchText=Ugreen+USB-C+to+HDMI+2.1+Cable+%282m%29+-+8K%4060Hz+Output,,,USD,Needs supplier verification,"Check MOQ, shipping terms, and verified supplier status before buying."
174,NG-CBL-001,Ugreen USB-C to HDMI 2.1 Cable (2m) - 8K@60Hz Output,Cables & Adapters,219,,3,Amazon.sa,Local market reference / supplier option,https://www.amazon.sa/s?k=Ugreen+USB-C+to+HDMI+2.1+Cable+%282m%29+-+8K%4060Hz+Output,,,SAR,Needs supplier verification,Uses existing Amazon reference URL and price when the workbook has them.
174,NG-CBL-001,Ugreen USB-C to HDMI 2.1 Cable (2m) - 8K@60Hz Output,Cables & Adapters,219,,4,Noon,Local market reference / supplier option,https://www.noon.com/saudi-en/search/?q=Ugreen+USB-C+to+HDMI+2.1+Cable+%282m%29+-+8K%4060Hz+Output,,,SAR,Needs supplier verification,"Verify seller rating, warranty, and marketplace fulfillment before buying."
174,NG-CBL-001,Ugreen USB-C to HDMI 2.1 Cable (2m) - 8K@60Hz Output,Cables & Adapters,219,,5,B&H Photo,US retailer / distributor search,https://www.bhphotovideo.com/c/search?Ntt=Ugreen+USB-C+to+HDMI+2.1+Cable+%282m%29+-+8K%4060Hz+Output&N=0&InitialSearch=yes&sts=ma,,,USD,Needs supplier verification,"Best for cameras, networking, creators, and computer hardware."
175,NG-3DP-008,Phrozen Sonic Mini 8K S - 22-Micron Pixel Resin 3D Printer,3D Printing & CNC,2899,,1,AliExpress,Marketplace supplier search,https://www.aliexpress.com/wholesale?SearchText=Phrozen+Sonic+Mini+8K+S+-+22-Micron+Pixel+Resin+3D+Printer,,,USD,Needs supplier verification,"Match exact product manually, then fill Buy URL and Supplier Price."
175,NG-3DP-008,Phrozen Sonic Mini 8K S - 22-Micron Pixel Resin 3D Printer,3D Printing & CNC,2899,,2,Alibaba,B2B supplier search,https://www.alibaba.com/trade/search?SearchText=Phrozen+Sonic+Mini+8K+S+-+22-Micron+Pixel+Resin+3D+Printer,,,USD,Needs supplier verification,"Check MOQ, shipping terms, and verified supplier status before buying."
175,NG-3DP-008,Phrozen Sonic Mini 8K S - 22-Micron Pixel Resin 3D Printer,3D Printing & CNC,2899,,3,Amazon.sa,Local market reference / supplier option,https://www.amazon.sa/s?k=Phrozen+Sonic+Mini+8K+S+-+22-Micron+Pixel+Resin+3D+Printer,,,SAR,Needs supplier verification,Uses existing Amazon reference URL and price when the workbook has them.
175,NG-3DP-008,Phrozen Sonic Mini 8K S - 22-Micron Pixel Resin 3D Printer,3D Printing & CNC,2899,,4,Noon,Local market reference / supplier option,https://www.noon.com/saudi-en/search/?q=Phrozen+Sonic+Mini+8K+S+-+22-Micron+Pixel+Resin+3D+Printer,,,SAR,Needs supplier verification,"Verify seller rating, warranty, and marketplace fulfillment before buying."
175,NG-3DP-008,Phrozen Sonic Mini 8K S - 22-Micron Pixel Resin 3D Printer,3D Printing & CNC,2899,,5,B&H Photo,US retailer / distributor search,https://www.bhphotovideo.com/c/search?Ntt=Phrozen+Sonic+Mini+8K+S+-+22-Micron+Pixel+Resin+3D+Printer&N=0&InitialSearch=yes&sts=ma,,,USD,Needs supplier verification,"Best for cameras, networking, creators, and computer hardware."
176,NG-3DP-007,Creality Sonic Pad - Klipper Tablet to Supercharge Your 3D Printer,3D Printing & CNC,1049,,1,AliExpress,Marketplace supplier search,https://www.aliexpress.com/wholesale?SearchText=Creality+Sonic+Pad+-+Klipper+Tablet+to+Supercharge+Your+3D+Printer,,,USD,Needs supplier verification,"Match exact product manually, then fill Buy URL and Supplier Price."
176,NG-3DP-007,Creality Sonic Pad - Klipper Tablet to Supercharge Your 3D Printer,3D Printing & CNC,1049,,2,Alibaba,B2B supplier search,https://www.alibaba.com/trade/search?SearchText=Creality+Sonic+Pad+-+Klipper+Tablet+to+Supercharge+Your+3D+Printer,,,USD,Needs supplier verification,"Check MOQ, shipping terms, and verified supplier status before buying."
176,NG-3DP-007,Creality Sonic Pad - Klipper Tablet to Supercharge Your 3D Printer,3D Printing & CNC,1049,,3,Amazon.sa,Local market reference / supplier option,https://www.amazon.sa/s?k=Creality+Sonic+Pad+-+Klipper+Tablet+to+Supercharge+Your+3D+Printer,,,SAR,Needs supplier verification,Uses existing Amazon reference URL and price when the workbook has them.
176,NG-3DP-007,Creality Sonic Pad - Klipper Tablet to Supercharge Your 3D Printer,3D Printing & CNC,1049,,4,Noon,Local market reference / supplier option,https://www.noon.com/saudi-en/search/?q=Creality+Sonic+Pad+-+Klipper+Tablet+to+Supercharge+Your+3D+Printer,,,SAR,Needs supplier verification,"Verify seller rating, warranty, and marketplace fulfillment before buying."
176,NG-3DP-007,Creality Sonic Pad - Klipper Tablet to Supercharge Your 3D Printer,3D Printing & CNC,1049,,5,B&H Photo,US retailer / distributor search,https://www.bhphotovideo.com/c/search?Ntt=Creality+Sonic+Pad+-+Klipper+Tablet+to+Supercharge+Your+3D+Printer&N=0&InitialSearch=yes&sts=ma,,,USD,Needs supplier verification,"Best for cameras, networking, creators, and computer hardware."
177,NG-3DP-006,BIQU H2 V2S Direct Drive Extruder - Lightweight Upgrade for Your 3D Printer,3D Printing & CNC,540,,1,AliExpress,Marketplace supplier search,https://www.aliexpress.com/wholesale?SearchText=BIQU+H2+V2S+Direct+Drive+Extruder+-+Lightweight+Upgrade+for+Your+3D+Printer,,,USD,Needs supplier verification,"Match exact product manually, then fill Buy URL and Supplier Price."
177,NG-3DP-006,BIQU H2 V2S Direct Drive Extruder - Lightweight Upgrade for Your 3D Printer,3D Printing & CNC,540,,2,Alibaba,B2B supplier search,https://www.alibaba.com/trade/search?SearchText=BIQU+H2+V2S+Direct+Drive+Extruder+-+Lightweight+Upgrade+for+Your+3D+Printer,,,USD,Needs supplier verification,"Check MOQ, shipping terms, and verified supplier status before buying."
177,NG-3DP-006,BIQU H2 V2S Direct Drive Extruder - Lightweight Upgrade for Your 3D Printer,3D Printing & CNC,540,,3,Amazon.sa,Local market reference / supplier option,https://www.amazon.sa/s?k=BIQU+H2+V2S+Direct+Drive+Extruder+-+Lightweight+Upgrade+for+Your+3D+Printer,https://www.amazon.sa/-/en/ZILOU-direct-extruder-Printer-Extruder/dp/B0C4YQ7S8V/ref=sr_1_2,430,SAR,Existing workbook Amazon reference,Uses existing Amazon reference URL and price when the workbook has them.
177,NG-3DP-006,BIQU H2 V2S Direct Drive Extruder - Lightweight Upgrade for Your 3D Printer,3D Printing & CNC,540,,4,Noon,Local market reference / supplier option,https://www.noon.com/saudi-en/search/?q=BIQU+H2+V2S+Direct+Drive+Extruder+-+Lightweight+Upgrade+for+Your+3D+Printer,,,SAR,Needs supplier verification,"Verify seller rating, warranty, and marketplace fulfillment before buying."
177,NG-3DP-006,BIQU H2 V2S Direct Drive Extruder - Lightweight Upgrade for Your 3D Printer,3D Printing & CNC,540,,5,B&H Photo,US retailer / distributor search,https://www.bhphotovideo.com/c/search?Ntt=BIQU+H2+V2S+Direct+Drive+Extruder+-+Lightweight+Upgrade+for+Your+3D+Printer&N=0&InitialSearch=yes&sts=ma,,,USD,Needs supplier verification,"Best for cameras, networking, creators, and computer hardware."
178,NG-3DP-005,Elegoo Saturn 3 Ultra - 12K Resin 3D Printer with 10-inch Screen,3D Printing & CNC,3499,,1,AliExpress,Marketplace supplier search,https://www.aliexpress.com/wholesale?SearchText=Elegoo+Saturn+3+Ultra+-+12K+Resin+3D+Printer+with+10-inch+Screen,,,USD,Needs supplier verification,"Match exact product manually, then fill Buy URL and Supplier Price."
178,NG-3DP-005,Elegoo Saturn 3 Ultra - 12K Resin 3D Printer with 10-inch Screen,3D Printing & CNC,3499,,2,Alibaba,B2B supplier search,https://www.alibaba.com/trade/search?SearchText=Elegoo+Saturn+3+Ultra+-+12K+Resin+3D+Printer+with+10-inch+Screen,,,USD,Needs supplier verification,"Check MOQ, shipping terms, and verified supplier status before buying."
178,NG-3DP-005,Elegoo Saturn 3 Ultra - 12K Resin 3D Printer with 10-inch Screen,3D Printing & CNC,3499,,3,Amazon.sa,Local market reference / supplier option,https://www.amazon.sa/s?k=Elegoo+Saturn+3+Ultra+-+12K+Resin+3D+Printer+with+10-inch+Screen,,,SAR,Needs supplier verification,Uses existing Amazon reference URL and price when the workbook has them.
178,NG-3DP-005,Elegoo Saturn 3 Ultra - 12K Resin 3D Printer with 10-inch Screen,3D Printing & CNC,3499,,4,Noon,Local market reference / supplier option,https://www.noon.com/saudi-en/search/?q=Elegoo+Saturn+3+Ultra+-+12K+Resin+3D+Printer+with+10-inch+Screen,,,SAR,Needs supplier verification,"Verify seller rating, warranty, and marketplace fulfillment before buying."
178,NG-3DP-005,Elegoo Saturn 3 Ultra - 12K Resin 3D Printer with 10-inch Screen,3D Printing & CNC,3499,,5,B&H Photo,US retailer / distributor search,https://www.bhphotovideo.com/c/search?Ntt=Elegoo+Saturn+3+Ultra+-+12K+Resin+3D+Printer+with+10-inch+Screen&N=0&InitialSearch=yes&sts=ma,,,USD,Needs supplier verification,"Best for cameras, networking, creators, and computer hardware."
179,NG-3DP-004,eSUN PLA+ Filament 10-Color Pack - 10kg Total for 3D Printing,3D Printing & CNC,1299,,1,AliExpress,Marketplace supplier search,https://www.aliexpress.com/wholesale?SearchText=eSUN+PLA%2B+Filament+10-Color+Pack+-+10kg+Total+for+3D+Printing,,,USD,Needs supplier verification,"Match exact product manually, then fill Buy URL and Supplier Price."
179,NG-3DP-004,eSUN PLA+ Filament 10-Color Pack - 10kg Total for 3D Printing,3D Printing & CNC,1299,,2,Alibaba,B2B supplier search,https://www.alibaba.com/trade/search?SearchText=eSUN+PLA%2B+Filament+10-Color+Pack+-+10kg+Total+for+3D+Printing,,,USD,Needs supplier verification,"Check MOQ, shipping terms, and verified supplier status before buying."
179,NG-3DP-004,eSUN PLA+ Filament 10-Color Pack - 10kg Total for 3D Printing,3D Printing & CNC,1299,,3,Amazon.sa,Local market reference / supplier option,https://www.amazon.sa/s?k=eSUN+PLA%2B+Filament+10-Color+Pack+-+10kg+Total+for+3D+Printing,,,SAR,Needs supplier verification,Uses existing Amazon reference URL and price when the workbook has them.
179,NG-3DP-004,eSUN PLA+ Filament 10-Color Pack - 10kg Total for 3D Printing,3D Printing & CNC,1299,,4,Noon,Local market reference / supplier option,https://www.noon.com/saudi-en/search/?q=eSUN+PLA%2B+Filament+10-Color+Pack+-+10kg+Total+for+3D+Printing,,,SAR,Needs supplier verification,"Verify seller rating, warranty, and marketplace fulfillment before buying."
179,NG-3DP-004,eSUN PLA+ Filament 10-Color Pack - 10kg Total for 3D Printing,3D Printing & CNC,1299,,5,B&H Photo,US retailer / distributor search,https://www.bhphotovideo.com/c/search?Ntt=eSUN+PLA%2B+Filament+10-Color+Pack+-+10kg+Total+for+3D+Printing&N=0&InitialSearch=yes&sts=ma,,,USD,Needs supplier verification,"Best for cameras, networking, creators, and computer hardware."
180,NG-3DP-003,Creality K1 Max - Large Format 3D Printer at 600mm/s,3D Printing & CNC,3380,,1,AliExpress,Marketplace supplier search,https://www.aliexpress.com/wholesale?SearchText=Creality+K1+Max+-+Large+Format+3D+Printer+at+600mm%2Fs,,,USD,Needs supplier verification,"Match exact product manually, then fill Buy URL and Supplier Price."
180,NG-3DP-003,Creality K1 Max - Large Format 3D Printer at 600mm/s,3D Printing & CNC,3380,,2,Alibaba,B2B supplier search,https://www.alibaba.com/trade/search?SearchText=Creality+K1+Max+-+Large+Format+3D+Printer+at+600mm%2Fs,,,USD,Needs supplier verification,"Check MOQ, shipping terms, and verified supplier status before buying."
180,NG-3DP-003,Creality K1 Max - Large Format 3D Printer at 600mm/s,3D Printing & CNC,3380,,3,Amazon.sa,Local market reference / supplier option,https://www.amazon.sa/s?k=Creality+K1+Max+-+Large+Format+3D+Printer+at+600mm%2Fs,https://www.amazon.sa/-/en/Creality-All-Metal-Extruder-Leveling-Filaments/dp/B0DND3CJQV/ref=sr_1_2,2699,SAR,Existing workbook Amazon reference,Uses existing Amazon reference URL and price when the workbook has them.
180,NG-3DP-003,Creality K1 Max - Large Format 3D Printer at 600mm/s,3D Printing & CNC,3380,,4,Noon,Local market reference / supplier option,https://www.noon.com/saudi-en/search/?q=Creality+K1+Max+-+Large+Format+3D+Printer+at+600mm%2Fs,,,SAR,Needs supplier verification,"Verify seller rating, warranty, and marketplace fulfillment before buying."
180,NG-3DP-003,Creality K1 Max - Large Format 3D Printer at 600mm/s,3D Printing & CNC,3380,,5,B&H Photo,US retailer / distributor search,https://www.bhphotovideo.com/c/search?Ntt=Creality+K1+Max+-+Large+Format+3D+Printer+at+600mm%2Fs&N=0&InitialSearch=yes&sts=ma,,,USD,Needs supplier verification,"Best for cameras, networking, creators, and computer hardware."
181,NG-3DP-002,Bambu Lab AMS - Automatic Material System for Multi-Color 3D Printing,3D Printing & CNC,1250,,1,AliExpress,Marketplace supplier search,https://www.aliexpress.com/wholesale?SearchText=Bambu+Lab+AMS+-+Automatic+Material+System+for+Multi-Color+3D+Printing,,,USD,Needs supplier verification,"Match exact product manually, then fill Buy URL and Supplier Price."
181,NG-3DP-002,Bambu Lab AMS - Automatic Material System for Multi-Color 3D Printing,3D Printing & CNC,1250,,2,Alibaba,B2B supplier search,https://www.alibaba.com/trade/search?SearchText=Bambu+Lab+AMS+-+Automatic+Material+System+for+Multi-Color+3D+Printing,,,USD,Needs supplier verification,"Check MOQ, shipping terms, and verified supplier status before buying."
181,NG-3DP-002,Bambu Lab AMS - Automatic Material System for Multi-Color 3D Printing,3D Printing & CNC,1250,,3,Amazon.sa,Local market reference / supplier option,https://www.amazon.sa/s?k=Bambu+Lab+AMS+-+Automatic+Material+System+for+Multi-Color+3D+Printing,https://www.amazon.sa/-/en/AMS-Heater-Bambu-Lab/dp/B0FNDFPJH7/ref=sr_1_1,996,SAR,Existing workbook Amazon reference,Uses existing Amazon reference URL and price when the workbook has them.
181,NG-3DP-002,Bambu Lab AMS - Automatic Material System for Multi-Color 3D Printing,3D Printing & CNC,1250,,4,Noon,Local market reference / supplier option,https://www.noon.com/saudi-en/search/?q=Bambu+Lab+AMS+-+Automatic+Material+System+for+Multi-Color+3D+Printing,,,SAR,Needs supplier verification,"Verify seller rating, warranty, and marketplace fulfillment before buying."
181,NG-3DP-002,Bambu Lab AMS - Automatic Material System for Multi-Color 3D Printing,3D Printing & CNC,1250,,5,B&H Photo,US retailer / distributor search,https://www.bhphotovideo.com/c/search?Ntt=Bambu+Lab+AMS+-+Automatic+Material+System+for+Multi-Color+3D+Printing&N=0&InitialSearch=yes&sts=ma,,,USD,Needs supplier verification,"Best for cameras, networking, creators, and computer hardware."
182,NG-3DP-001,Bambu Lab P1S 3D Printer - Blazing Speed and Pro Quality in an Enclosed Design,3D Printing & CNC,5099,,1,AliExpress,Marketplace supplier search,https://www.aliexpress.com/wholesale?SearchText=Bambu+Lab+P1S+3D+Printer+-+Blazing+Speed+and+Pro+Quality+in+an+Enclosed+Design,,,USD,Needs supplier verification,"Match exact product manually, then fill Buy URL and Supplier Price."
182,NG-3DP-001,Bambu Lab P1S 3D Printer - Blazing Speed and Pro Quality in an Enclosed Design,3D Printing & CNC,5099,,2,Alibaba,B2B supplier search,https://www.alibaba.com/trade/search?SearchText=Bambu+Lab+P1S+3D+Printer+-+Blazing+Speed+and+Pro+Quality+in+an+Enclosed+Design,,,USD,Needs supplier verification,"Check MOQ, shipping terms, and verified supplier status before buying."
182,NG-3DP-001,Bambu Lab P1S 3D Printer - Blazing Speed and Pro Quality in an Enclosed Design,3D Printing & CNC,5099,,3,Amazon.sa,Local market reference / supplier option,https://www.amazon.sa/s?k=Bambu+Lab+P1S+3D+Printer+-+Blazing+Speed+and+Pro+Quality+in+an+Enclosed+Design,,,SAR,Needs supplier verification,Uses existing Amazon reference URL and price when the workbook has them.
182,NG-3DP-001,Bambu Lab P1S 3D Printer - Blazing Speed and Pro Quality in an Enclosed Design,3D Printing & CNC,5099,,4,Noon,Local market reference / supplier option,https://www.noon.com/saudi-en/search/?q=Bambu+Lab+P1S+3D+Printer+-+Blazing+Speed+and+Pro+Quality+in+an+Enclosed+Design,,,SAR,Needs supplier verification,"Verify seller rating, warranty, and marketplace fulfillment before buying."
182,NG-3DP-001,Bambu Lab P1S 3D Printer - Blazing Speed and Pro Quality in an Enclosed Design,3D Printing & CNC,5099,,5,B&H Photo,US retailer / distributor search,https://www.bhphotovideo.com/c/search?Ntt=Bambu+Lab+P1S+3D+Printer+-+Blazing+Speed+and+Pro+Quality+in+an+Enclosed+Design&N=0&InitialSearch=yes&sts=ma,,,USD,Needs supplier verification,"Best for cameras, networking, creators, and computer hardware."
183,NG-ACC-010,WD Red Plus 8TB NAS Hard Drive - Built for Always-On NAS Systems,Hardware,1449,,1,AliExpress,Marketplace supplier search,https://www.aliexpress.com/wholesale?SearchText=WD+Red+Plus+8TB+NAS+Hard+Drive+-+Built+for+Always-On+NAS+Systems,,,USD,Needs supplier verification,"Match exact product manually, then fill Buy URL and Supplier Price."
183,NG-ACC-010,WD Red Plus 8TB NAS Hard Drive - Built for Always-On NAS Systems,Hardware,1449,,2,Alibaba,B2B supplier search,https://www.alibaba.com/trade/search?SearchText=WD+Red+Plus+8TB+NAS+Hard+Drive+-+Built+for+Always-On+NAS+Systems,,,USD,Needs supplier verification,"Check MOQ, shipping terms, and verified supplier status before buying."
183,NG-ACC-010,WD Red Plus 8TB NAS Hard Drive - Built for Always-On NAS Systems,Hardware,1449,,3,Amazon.sa,Local market reference / supplier option,https://www.amazon.sa/s?k=WD+Red+Plus+8TB+NAS+Hard+Drive+-+Built+for+Always-On+NAS+Systems,,,SAR,Needs supplier verification,Uses existing Amazon reference URL and price when the workbook has them.
183,NG-ACC-010,WD Red Plus 8TB NAS Hard Drive - Built for Always-On NAS Systems,Hardware,1449,,4,Noon,Local market reference / supplier option,https://www.noon.com/saudi-en/search/?q=WD+Red+Plus+8TB+NAS+Hard+Drive+-+Built+for+Always-On+NAS+Systems,,,SAR,Needs supplier verification,"Verify seller rating, warranty, and marketplace fulfillment before buying."
183,NG-ACC-010,WD Red Plus 8TB NAS Hard Drive - Built for Always-On NAS Systems,Hardware,1449,,5,B&H Photo,US retailer / distributor search,https://www.bhphotovideo.com/c/search?Ntt=WD+Red+Plus+8TB+NAS+Hard+Drive+-+Built+for+Always-On+NAS+Systems&N=0&InitialSearch=yes&sts=ma,,,USD,Needs supplier verification,"Best for cameras, networking, creators, and computer hardware."
184,NG-ACC-009,Ugreen Nexode 100W GaN Charger - 4-Port Gallium Nitride Fast Charger,Accessories & Lifestyle,439,,1,AliExpress,Marketplace supplier search,https://www.aliexpress.com/wholesale?SearchText=Ugreen+Nexode+100W+GaN+Charger+-+4-Port+Gallium+Nitride+Fast+Charger,,,USD,Needs supplier verification,"Match exact product manually, then fill Buy URL and Supplier Price."
184,NG-ACC-009,Ugreen Nexode 100W GaN Charger - 4-Port Gallium Nitride Fast Charger,Accessories & Lifestyle,439,,2,Alibaba,B2B supplier search,https://www.alibaba.com/trade/search?SearchText=Ugreen+Nexode+100W+GaN+Charger+-+4-Port+Gallium+Nitride+Fast+Charger,,,USD,Needs supplier verification,"Check MOQ, shipping terms, and verified supplier status before buying."
184,NG-ACC-009,Ugreen Nexode 100W GaN Charger - 4-Port Gallium Nitride Fast Charger,Accessories & Lifestyle,439,,3,Amazon.sa,Local market reference / supplier option,https://www.amazon.sa/s?k=Ugreen+Nexode+100W+GaN+Charger+-+4-Port+Gallium+Nitride+Fast+Charger,,,SAR,Needs supplier verification,Uses existing Amazon reference URL and price when the workbook has them.
184,NG-ACC-009,Ugreen Nexode 100W GaN Charger - 4-Port Gallium Nitride Fast Charger,Accessories & Lifestyle,439,,4,Noon,Local market reference / supplier option,https://www.noon.com/saudi-en/search/?q=Ugreen+Nexode+100W+GaN+Charger+-+4-Port+Gallium+Nitride+Fast+Charger,,,SAR,Needs supplier verification,"Verify seller rating, warranty, and marketplace fulfillment before buying."
184,NG-ACC-009,Ugreen Nexode 100W GaN Charger - 4-Port Gallium Nitride Fast Charger,Accessories & Lifestyle,439,,5,B&H Photo,US retailer / distributor search,https://www.bhphotovideo.com/c/search?Ntt=Ugreen+Nexode+100W+GaN+Charger+-+4-Port+Gallium+Nitride+Fast+Charger&N=0&InitialSearch=yes&sts=ma,,,USD,Needs supplier verification,"Best for cameras, networking, creators, and computer hardware."
185,NG-ACC-008,CalDigit TS4 Thunderbolt 4 Dock - 18-Port Professional Docking Station,Accessories & Lifestyle,2170,,1,AliExpress,Marketplace supplier search,https://www.aliexpress.com/wholesale?SearchText=CalDigit+TS4+Thunderbolt+4+Dock+-+18-Port+Professional+Docking+Station,,,USD,Needs supplier verification,"Match exact product manually, then fill Buy URL and Supplier Price."
185,NG-ACC-008,CalDigit TS4 Thunderbolt 4 Dock - 18-Port Professional Docking Station,Accessories & Lifestyle,2170,,2,Alibaba,B2B supplier search,https://www.alibaba.com/trade/search?SearchText=CalDigit+TS4+Thunderbolt+4+Dock+-+18-Port+Professional+Docking+Station,,,USD,Needs supplier verification,"Check MOQ, shipping terms, and verified supplier status before buying."
185,NG-ACC-008,CalDigit TS4 Thunderbolt 4 Dock - 18-Port Professional Docking Station,Accessories & Lifestyle,2170,,3,Amazon.sa,Local market reference / supplier option,https://www.amazon.sa/s?k=CalDigit+TS4+Thunderbolt+4+Dock+-+18-Port+Professional+Docking+Station,https://www.amazon.sa/-/en/CalDigit-TS4-Thunderbolt-Dock-USB/dp/B09GK8LBWS,1730,SAR,Existing workbook Amazon reference,Uses existing Amazon reference URL and price when the workbook has them.
185,NG-ACC-008,CalDigit TS4 Thunderbolt 4 Dock - 18-Port Professional Docking Station,Accessories & Lifestyle,2170,,4,Noon,Local market reference / supplier option,https://www.noon.com/saudi-en/search/?q=CalDigit+TS4+Thunderbolt+4+Dock+-+18-Port+Professional+Docking+Station,,,SAR,Needs supplier verification,"Verify seller rating, warranty, and marketplace fulfillment before buying."
185,NG-ACC-008,CalDigit TS4 Thunderbolt 4 Dock - 18-Port Professional Docking Station,Accessories & Lifestyle,2170,,5,B&H Photo,US retailer / distributor search,https://www.bhphotovideo.com/c/search?Ntt=CalDigit+TS4+Thunderbolt+4+Dock+-+18-Port+Professional+Docking+Station&N=0&InitialSearch=yes&sts=ma,,,USD,Needs supplier verification,"Best for cameras, networking, creators, and computer hardware."
186,NG-ACC-007,Anker PowerConf S330 USB Speakerphone - Smart Noise-Canceling Conference Speaker,Accessories & Lifestyle,599,,1,AliExpress,Marketplace supplier search,https://www.aliexpress.com/wholesale?SearchText=Anker+PowerConf+S330+USB+Speakerphone+-+Smart+Noise-Canceling+Conference+Speaker,,,USD,Needs supplier verification,"Match exact product manually, then fill Buy URL and Supplier Price."
186,NG-ACC-007,Anker PowerConf S330 USB Speakerphone - Smart Noise-Canceling Conference Speaker,Accessories & Lifestyle,599,,2,Alibaba,B2B supplier search,https://www.alibaba.com/trade/search?SearchText=Anker+PowerConf+S330+USB+Speakerphone+-+Smart+Noise-Canceling+Conference+Speaker,,,USD,Needs supplier verification,"Check MOQ, shipping terms, and verified supplier status before buying."
186,NG-ACC-007,Anker PowerConf S330 USB Speakerphone - Smart Noise-Canceling Conference Speaker,Accessories & Lifestyle,599,,3,Amazon.sa,Local market reference / supplier option,https://www.amazon.sa/s?k=Anker+PowerConf+S330+USB+Speakerphone+-+Smart+Noise-Canceling+Conference+Speaker,,,SAR,Needs supplier verification,Uses existing Amazon reference URL and price when the workbook has them.
186,NG-ACC-007,Anker PowerConf S330 USB Speakerphone - Smart Noise-Canceling Conference Speaker,Accessories & Lifestyle,599,,4,Noon,Local market reference / supplier option,https://www.noon.com/saudi-en/search/?q=Anker+PowerConf+S330+USB+Speakerphone+-+Smart+Noise-Canceling+Conference+Speaker,,,SAR,Needs supplier verification,"Verify seller rating, warranty, and marketplace fulfillment before buying."
186,NG-ACC-007,Anker PowerConf S330 USB Speakerphone - Smart Noise-Canceling Conference Speaker,Accessories & Lifestyle,599,,5,B&H Photo,US retailer / distributor search,https://www.bhphotovideo.com/c/search?Ntt=Anker+PowerConf+S330+USB+Speakerphone+-+Smart+Noise-Canceling+Conference+Speaker&N=0&InitialSearch=yes&sts=ma,,,USD,Needs supplier verification,"Best for cameras, networking, creators, and computer hardware."
187,NG-ACC-006,"Samsung T7 Shield 2TB Portable SSD - Rugged, Fast, and Secure",Hardware,1299,,1,AliExpress,Marketplace supplier search,https://www.aliexpress.com/wholesale?SearchText=Samsung+T7+Shield+2TB+Portable+SSD+-+Rugged%2C+Fast%2C+and+Secure,,,USD,Needs supplier verification,"Match exact product manually, then fill Buy URL and Supplier Price."
187,NG-ACC-006,"Samsung T7 Shield 2TB Portable SSD - Rugged, Fast, and Secure",Hardware,1299,,2,Alibaba,B2B supplier search,https://www.alibaba.com/trade/search?SearchText=Samsung+T7+Shield+2TB+Portable+SSD+-+Rugged%2C+Fast%2C+and+Secure,,,USD,Needs supplier verification,"Check MOQ, shipping terms, and verified supplier status before buying."
187,NG-ACC-006,"Samsung T7 Shield 2TB Portable SSD - Rugged, Fast, and Secure",Hardware,1299,,3,Amazon.sa,Local market reference / supplier option,https://www.amazon.sa/s?k=Samsung+T7+Shield+2TB+Portable+SSD+-+Rugged%2C+Fast%2C+and+Secure,,,SAR,Needs supplier verification,Uses existing Amazon reference URL and price when the workbook has them.
187,NG-ACC-006,"Samsung T7 Shield 2TB Portable SSD - Rugged, Fast, and Secure",Hardware,1299,,4,Noon,Local market reference / supplier option,https://www.noon.com/saudi-en/search/?q=Samsung+T7+Shield+2TB+Portable+SSD+-+Rugged%2C+Fast%2C+and+Secure,,,SAR,Needs supplier verification,"Verify seller rating, warranty, and marketplace fulfillment before buying."
187,NG-ACC-006,"Samsung T7 Shield 2TB Portable SSD - Rugged, Fast, and Secure",Hardware,1299,,5,B&H Photo,US retailer / distributor search,https://www.bhphotovideo.com/c/search?Ntt=Samsung+T7+Shield+2TB+Portable+SSD+-+Rugged%2C+Fast%2C+and+Secure&N=0&InitialSearch=yes&sts=ma,,,USD,Needs supplier verification,"Best for cameras, networking, creators, and computer hardware."
188,NG-MKR-010,Elegoo Mars 4 Ultra Resin 3D Printer - 9K Resolution for Stunning Detail,Enthusiasts & Gamers,2399,,1,AliExpress,Marketplace supplier search,https://www.aliexpress.com/wholesale?SearchText=Elegoo+Mars+4+Ultra+Resin+3D+Printer+-+9K+Resolution+for+Stunning+Detail,,,USD,Needs supplier verification,"Match exact product manually, then fill Buy URL and Supplier Price."
188,NG-MKR-010,Elegoo Mars 4 Ultra Resin 3D Printer - 9K Resolution for Stunning Detail,Enthusiasts & Gamers,2399,,2,Alibaba,B2B supplier search,https://www.alibaba.com/trade/search?SearchText=Elegoo+Mars+4+Ultra+Resin+3D+Printer+-+9K+Resolution+for+Stunning+Detail,,,USD,Needs supplier verification,"Check MOQ, shipping terms, and verified supplier status before buying."
188,NG-MKR-010,Elegoo Mars 4 Ultra Resin 3D Printer - 9K Resolution for Stunning Detail,Enthusiasts & Gamers,2399,,3,Amazon.sa,Local market reference / supplier option,https://www.amazon.sa/s?k=Elegoo+Mars+4+Ultra+Resin+3D+Printer+-+9K+Resolution+for+Stunning+Detail,,,SAR,Needs supplier verification,Uses existing Amazon reference URL and price when the workbook has them.
188,NG-MKR-010,Elegoo Mars 4 Ultra Resin 3D Printer - 9K Resolution for Stunning Detail,Enthusiasts & Gamers,2399,,4,Noon,Local market reference / supplier option,https://www.noon.com/saudi-en/search/?q=Elegoo+Mars+4+Ultra+Resin+3D+Printer+-+9K+Resolution+for+Stunning+Detail,,,SAR,Needs supplier verification,"Verify seller rating, warranty, and marketplace fulfillment before buying."
188,NG-MKR-010,Elegoo Mars 4 Ultra Resin 3D Printer - 9K Resolution for Stunning Detail,Enthusiasts & Gamers,2399,,5,B&H Photo,US retailer / distributor search,https://www.bhphotovideo.com/c/search?Ntt=Elegoo+Mars+4+Ultra+Resin+3D+Printer+-+9K+Resolution+for+Stunning+Detail&N=0&InitialSearch=yes&sts=ma,,,USD,Needs supplier verification,"Best for cameras, networking, creators, and computer hardware."
189,NG-MKR-009,ESP32-S3 DevKit 10-Pack - Wi-Fi + Bluetooth 5 Microcontroller for Smart Projects,Hardware,809,699,1,AliExpress,Marketplace supplier search,https://www.aliexpress.com/wholesale?SearchText=ESP32-S3+DevKit+10-Pack+-+Wi-Fi+%2B+Bluetooth+5+Microcontroller+for+Smart+Projects,,,USD,Needs supplier verification,"Match exact product manually, then fill Buy URL and Supplier Price."
189,NG-MKR-009,ESP32-S3 DevKit 10-Pack - Wi-Fi + Bluetooth 5 Microcontroller for Smart Projects,Hardware,809,699,2,Alibaba,B2B supplier search,https://www.alibaba.com/trade/search?SearchText=ESP32-S3+DevKit+10-Pack+-+Wi-Fi+%2B+Bluetooth+5+Microcontroller+for+Smart+Projects,,,USD,Needs supplier verification,"Check MOQ, shipping terms, and verified supplier status before buying."
189,NG-MKR-009,ESP32-S3 DevKit 10-Pack - Wi-Fi + Bluetooth 5 Microcontroller for Smart Projects,Hardware,809,699,3,Amazon.sa,Local market reference / supplier option,https://www.amazon.sa/s?k=ESP32-S3+DevKit+10-Pack+-+Wi-Fi+%2B+Bluetooth+5+Microcontroller+for+Smart+Projects,,,SAR,Needs supplier verification,Uses existing Amazon reference URL and price when the workbook has them.
189,NG-MKR-009,ESP32-S3 DevKit 10-Pack - Wi-Fi + Bluetooth 5 Microcontroller for Smart Projects,Hardware,809,699,4,Noon,Local market reference / supplier option,https://www.noon.com/saudi-en/search/?q=ESP32-S3+DevKit+10-Pack+-+Wi-Fi+%2B+Bluetooth+5+Microcontroller+for+Smart+Projects,,,SAR,Needs supplier verification,"Verify seller rating, warranty, and marketplace fulfillment before buying."
189,NG-MKR-009,ESP32-S3 DevKit 10-Pack - Wi-Fi + Bluetooth 5 Microcontroller for Smart Projects,Hardware,809,699,5,B&H Photo,US retailer / distributor search,https://www.bhphotovideo.com/c/search?Ntt=ESP32-S3+DevKit+10-Pack+-+Wi-Fi+%2B+Bluetooth+5+Microcontroller+for+Smart+Projects&N=0&InitialSearch=yes&sts=ma,,,USD,Needs supplier verification,"Best for cameras, networking, creators, and computer hardware."
190,NG-MKR-008,Creality Ender-3 V3 SE - The Best Entry-Level 3D Printer,Enthusiasts & Gamers,1250,,1,AliExpress,Marketplace supplier search,https://www.aliexpress.com/wholesale?SearchText=Creality+Ender-3+V3+SE+-+The+Best+Entry-Level+3D+Printer,,,USD,Needs supplier verification,"Match exact product manually, then fill Buy URL and Supplier Price."
190,NG-MKR-008,Creality Ender-3 V3 SE - The Best Entry-Level 3D Printer,Enthusiasts & Gamers,1250,,2,Alibaba,B2B supplier search,https://www.alibaba.com/trade/search?SearchText=Creality+Ender-3+V3+SE+-+The+Best+Entry-Level+3D+Printer,,,USD,Needs supplier verification,"Check MOQ, shipping terms, and verified supplier status before buying."
190,NG-MKR-008,Creality Ender-3 V3 SE - The Best Entry-Level 3D Printer,Enthusiasts & Gamers,1250,,3,Amazon.sa,Local market reference / supplier option,https://www.amazon.sa/s?k=Creality+Ender-3+V3+SE+-+The+Best+Entry-Level+3D+Printer,https://www.amazon.sa/-/en/Creality-Printer-Printing-Printers-Auto-Load/dp/B0CYHHFH79/ref=sr_1_6,1000,SAR,Existing workbook Amazon reference,Uses existing Amazon reference URL and price when the workbook has them.
190,NG-MKR-008,Creality Ender-3 V3 SE - The Best Entry-Level 3D Printer,Enthusiasts & Gamers,1250,,4,Noon,Local market reference / supplier option,https://www.noon.com/saudi-en/search/?q=Creality+Ender-3+V3+SE+-+The+Best+Entry-Level+3D+Printer,,,SAR,Needs supplier verification,"Verify seller rating, warranty, and marketplace fulfillment before buying."
190,NG-MKR-008,Creality Ender-3 V3 SE - The Best Entry-Level 3D Printer,Enthusiasts & Gamers,1250,,5,B&H Photo,US retailer / distributor search,https://www.bhphotovideo.com/c/search?Ntt=Creality+Ender-3+V3+SE+-+The+Best+Entry-Level+3D+Printer&N=0&InitialSearch=yes&sts=ma,,,USD,Needs supplier verification,"Best for cameras, networking, creators, and computer hardware."
191,NG-MKR-007,Prusa Mini+ 3D Printer - Professional Precision in a Compact Package,Enthusiasts & Gamers,3799,3299,1,AliExpress,Marketplace supplier search,https://www.aliexpress.com/wholesale?SearchText=Prusa+Mini%2B+3D+Printer+-+Professional+Precision+in+a+Compact+Package,,,USD,Needs supplier verification,"Match exact product manually, then fill Buy URL and Supplier Price."
191,NG-MKR-007,Prusa Mini+ 3D Printer - Professional Precision in a Compact Package,Enthusiasts & Gamers,3799,3299,2,Alibaba,B2B supplier search,https://www.alibaba.com/trade/search?SearchText=Prusa+Mini%2B+3D+Printer+-+Professional+Precision+in+a+Compact+Package,,,USD,Needs supplier verification,"Check MOQ, shipping terms, and verified supplier status before buying."
191,NG-MKR-007,Prusa Mini+ 3D Printer - Professional Precision in a Compact Package,Enthusiasts & Gamers,3799,3299,3,Amazon.sa,Local market reference / supplier option,https://www.amazon.sa/s?k=Prusa+Mini%2B+3D+Printer+-+Professional+Precision+in+a+Compact+Package,,,SAR,Needs supplier verification,Uses existing Amazon reference URL and price when the workbook has them.
191,NG-MKR-007,Prusa Mini+ 3D Printer - Professional Precision in a Compact Package,Enthusiasts & Gamers,3799,3299,4,Noon,Local market reference / supplier option,https://www.noon.com/saudi-en/search/?q=Prusa+Mini%2B+3D+Printer+-+Professional+Precision+in+a+Compact+Package,,,SAR,Needs supplier verification,"Verify seller rating, warranty, and marketplace fulfillment before buying."
191,NG-MKR-007,Prusa Mini+ 3D Printer - Professional Precision in a Compact Package,Enthusiasts & Gamers,3799,3299,5,B&H Photo,US retailer / distributor search,https://www.bhphotovideo.com/c/search?Ntt=Prusa+Mini%2B+3D+Printer+-+Professional+Precision+in+a+Compact+Package&N=0&InitialSearch=yes&sts=ma,,,USD,Needs supplier verification,"Best for cameras, networking, creators, and computer hardware."
192,NG-MKR-006,Arduino Mega 2560 Rev3 - The Ultimate Microcontroller Board for Advanced Projects,Hardware,549,,1,AliExpress,Marketplace supplier search,https://www.aliexpress.com/wholesale?SearchText=Arduino+Mega+2560+Rev3+-+The+Ultimate+Microcontroller+Board+for+Advanced+Projects,,,USD,Needs supplier verification,"Match exact product manually, then fill Buy URL and Supplier Price."
192,NG-MKR-006,Arduino Mega 2560 Rev3 - The Ultimate Microcontroller Board for Advanced Projects,Hardware,549,,2,Alibaba,B2B supplier search,https://www.alibaba.com/trade/search?SearchText=Arduino+Mega+2560+Rev3+-+The+Ultimate+Microcontroller+Board+for+Advanced+Projects,,,USD,Needs supplier verification,"Check MOQ, shipping terms, and verified supplier status before buying."
192,NG-MKR-006,Arduino Mega 2560 Rev3 - The Ultimate Microcontroller Board for Advanced Projects,Hardware,549,,3,Amazon.sa,Local market reference / supplier option,https://www.amazon.sa/s?k=Arduino+Mega+2560+Rev3+-+The+Ultimate+Microcontroller+Board+for+Advanced+Projects,,,SAR,Needs supplier verification,Uses existing Amazon reference URL and price when the workbook has them.
192,NG-MKR-006,Arduino Mega 2560 Rev3 - The Ultimate Microcontroller Board for Advanced Projects,Hardware,549,,4,Noon,Local market reference / supplier option,https://www.noon.com/saudi-en/search/?q=Arduino+Mega+2560+Rev3+-+The+Ultimate+Microcontroller+Board+for+Advanced+Projects,,,SAR,Needs supplier verification,"Verify seller rating, warranty, and marketplace fulfillment before buying."
192,NG-MKR-006,Arduino Mega 2560 Rev3 - The Ultimate Microcontroller Board for Advanced Projects,Hardware,549,,5,B&H Photo,US retailer / distributor search,https://www.bhphotovideo.com/c/search?Ntt=Arduino+Mega+2560+Rev3+-+The+Ultimate+Microcontroller+Board+for+Advanced+Projects&N=0&InitialSearch=yes&sts=ma,,,USD,Needs supplier verification,"Best for cameras, networking, creators, and computer hardware."
205,NG-NET-012,Ubiquiti UniFi Cloud Gateway Ultra - All-in-One UniFi Gateway,Networking,680,,1,AliExpress,Marketplace supplier search,https://www.aliexpress.com/wholesale?SearchText=Ubiquiti+UniFi+Cloud+Gateway+Ultra+-+All-in-One+UniFi+Gateway,,,USD,Needs supplier verification,"Match exact product manually, then fill Buy URL and Supplier Price."
205,NG-NET-012,Ubiquiti UniFi Cloud Gateway Ultra - All-in-One UniFi Gateway,Networking,680,,2,Alibaba,B2B supplier search,https://www.alibaba.com/trade/search?SearchText=Ubiquiti+UniFi+Cloud+Gateway+Ultra+-+All-in-One+UniFi+Gateway,,,USD,Needs supplier verification,"Check MOQ, shipping terms, and verified supplier status before buying."
205,NG-NET-012,Ubiquiti UniFi Cloud Gateway Ultra - All-in-One UniFi Gateway,Networking,680,,3,Amazon.sa,Local market reference / supplier option,https://www.amazon.sa/s?k=Ubiquiti+UniFi+Cloud+Gateway+Ultra+-+All-in-One+UniFi+Gateway,https://www.amazon.sa/-/en/Ubiquiti-Cloud-Gateway-Ultra-UCG-Ultra/dp/B0CWLKD9RP/ref=sr_1_1,540,SAR,Existing workbook Amazon reference,Uses existing Amazon reference URL and price when the workbook has them.
205,NG-NET-012,Ubiquiti UniFi Cloud Gateway Ultra - All-in-One UniFi Gateway,Networking,680,,4,Noon,Local market reference / supplier option,https://www.noon.com/saudi-en/search/?q=Ubiquiti+UniFi+Cloud+Gateway+Ultra+-+All-in-One+UniFi+Gateway,,,SAR,Needs supplier verification,"Verify seller rating, warranty, and marketplace fulfillment before buying."
205,NG-NET-012,Ubiquiti UniFi Cloud Gateway Ultra - All-in-One UniFi Gateway,Networking,680,,5,B&H Photo,US retailer / distributor search,https://www.bhphotovideo.com/c/search?Ntt=Ubiquiti+UniFi+Cloud+Gateway+Ultra+-+All-in-One+UniFi+Gateway&N=0&InitialSearch=yes&sts=ma,,,USD,Needs supplier verification,"Best for cameras, networking, creators, and computer hardware."
206,NG-NET-011,TP-Link Archer AXE75 - AXE5400 Tri-Band WiFi 6E Router,Networking,1499,1299,1,AliExpress,Marketplace supplier search,https://www.aliexpress.com/wholesale?SearchText=TP-Link+Archer+AXE75+-+AXE5400+Tri-Band+WiFi+6E+Router,,,USD,Needs supplier verification,"Match exact product manually, then fill Buy URL and Supplier Price."
206,NG-NET-011,TP-Link Archer AXE75 - AXE5400 Tri-Band WiFi 6E Router,Networking,1499,1299,2,Alibaba,B2B supplier search,https://www.alibaba.com/trade/search?SearchText=TP-Link+Archer+AXE75+-+AXE5400+Tri-Band+WiFi+6E+Router,,,USD,Needs supplier verification,"Check MOQ, shipping terms, and verified supplier status before buying."
206,NG-NET-011,TP-Link Archer AXE75 - AXE5400 Tri-Band WiFi 6E Router,Networking,1499,1299,3,Amazon.sa,Local market reference / supplier option,https://www.amazon.sa/s?k=TP-Link+Archer+AXE75+-+AXE5400+Tri-Band+WiFi+6E+Router,scraped via scripts/live-market-sync-inscope.js (2026-05-07),499,SAR,Existing workbook Amazon reference,Uses existing Amazon reference URL and price when the workbook has them.
206,NG-NET-011,TP-Link Archer AXE75 - AXE5400 Tri-Band WiFi 6E Router,Networking,1499,1299,4,Noon,Local market reference / supplier option,https://www.noon.com/saudi-en/search/?q=TP-Link+Archer+AXE75+-+AXE5400+Tri-Band+WiFi+6E+Router,,,SAR,Needs supplier verification,"Verify seller rating, warranty, and marketplace fulfillment before buying."
206,NG-NET-011,TP-Link Archer AXE75 - AXE5400 Tri-Band WiFi 6E Router,Networking,1499,1299,5,B&H Photo,US retailer / distributor search,https://www.bhphotovideo.com/c/search?Ntt=TP-Link+Archer+AXE75+-+AXE5400+Tri-Band+WiFi+6E+Router&N=0&InitialSearch=yes&sts=ma,,,USD,Needs supplier verification,"Best for cameras, networking, creators, and computer hardware."
207,NG-NET-010,Ubiquiti UniFi USW-Flex-Mini - Ultra-Compact 5-Port Managed Switch,Networking,219,,1,AliExpress,Marketplace supplier search,https://www.aliexpress.com/wholesale?SearchText=Ubiquiti+UniFi+USW-Flex-Mini+-+Ultra-Compact+5-Port+Managed+Switch,,,USD,Needs supplier verification,"Match exact product manually, then fill Buy URL and Supplier Price."
207,NG-NET-010,Ubiquiti UniFi USW-Flex-Mini - Ultra-Compact 5-Port Managed Switch,Networking,219,,2,Alibaba,B2B supplier search,https://www.alibaba.com/trade/search?SearchText=Ubiquiti+UniFi+USW-Flex-Mini+-+Ultra-Compact+5-Port+Managed+Switch,,,USD,Needs supplier verification,"Check MOQ, shipping terms, and verified supplier status before buying."
207,NG-NET-010,Ubiquiti UniFi USW-Flex-Mini - Ultra-Compact 5-Port Managed Switch,Networking,219,,3,Amazon.sa,Local market reference / supplier option,https://www.amazon.sa/s?k=Ubiquiti+UniFi+USW-Flex-Mini+-+Ultra-Compact+5-Port+Managed+Switch,scraped via scripts/live-market-sync-inscope.js (2026-05-07),281,SAR,Existing workbook Amazon reference,Uses existing Amazon reference URL and price when the workbook has them.
207,NG-NET-010,Ubiquiti UniFi USW-Flex-Mini - Ultra-Compact 5-Port Managed Switch,Networking,219,,4,Noon,Local market reference / supplier option,https://www.noon.com/saudi-en/search/?q=Ubiquiti+UniFi+USW-Flex-Mini+-+Ultra-Compact+5-Port+Managed+Switch,,,SAR,Needs supplier verification,"Verify seller rating, warranty, and marketplace fulfillment before buying."
207,NG-NET-010,Ubiquiti UniFi USW-Flex-Mini - Ultra-Compact 5-Port Managed Switch,Networking,219,,5,B&H Photo,US retailer / distributor search,https://www.bhphotovideo.com/c/search?Ntt=Ubiquiti+UniFi+USW-Flex-Mini+-+Ultra-Compact+5-Port+Managed+Switch&N=0&InitialSearch=yes&sts=ma,,,USD,Needs supplier verification,"Best for cameras, networking, creators, and computer hardware."
208,NG-NET-009,Netgear GS308E - 8-Port Gigabit Plus Smart Managed Switch,Networking,209,,1,AliExpress,Marketplace supplier search,https://www.aliexpress.com/wholesale?SearchText=Netgear+GS308E+-+8-Port+Gigabit+Plus+Smart+Managed+Switch,,,USD,Needs supplier verification,"Match exact product manually, then fill Buy URL and Supplier Price."
208,NG-NET-009,Netgear GS308E - 8-Port Gigabit Plus Smart Managed Switch,Networking,209,,2,Alibaba,B2B supplier search,https://www.alibaba.com/trade/search?SearchText=Netgear+GS308E+-+8-Port+Gigabit+Plus+Smart+Managed+Switch,,,USD,Needs supplier verification,"Check MOQ, shipping terms, and verified supplier status before buying."
208,NG-NET-009,Netgear GS308E - 8-Port Gigabit Plus Smart Managed Switch,Networking,209,,3,Amazon.sa,Local market reference / supplier option,https://www.amazon.sa/s?k=Netgear+GS308E+-+8-Port+Gigabit+Plus+Smart+Managed+Switch,scraped via scripts/live-market-sync-inscope.js (2026-05-07),130,SAR,Existing workbook Amazon reference,Uses existing Amazon reference URL and price when the workbook has them.
208,NG-NET-009,Netgear GS308E - 8-Port Gigabit Plus Smart Managed Switch,Networking,209,,4,Noon,Local market reference / supplier option,https://www.noon.com/saudi-en/search/?q=Netgear+GS308E+-+8-Port+Gigabit+Plus+Smart+Managed+Switch,,,SAR,Needs supplier verification,"Verify seller rating, warranty, and marketplace fulfillment before buying."
208,NG-NET-009,Netgear GS308E - 8-Port Gigabit Plus Smart Managed Switch,Networking,209,,5,B&H Photo,US retailer / distributor search,https://www.bhphotovideo.com/c/search?Ntt=Netgear+GS308E+-+8-Port+Gigabit+Plus+Smart+Managed+Switch&N=0&InitialSearch=yes&sts=ma,,,USD,Needs supplier verification,"Best for cameras, networking, creators, and computer hardware."
209,NG-NET-008,MikroTik hEX S (RB760iGS) - 5-Port Gigabit Router with SFP and USB,Networking,649,,1,AliExpress,Marketplace supplier search,https://www.aliexpress.com/wholesale?SearchText=MikroTik+hEX+S+%28RB760iGS%29+-+5-Port+Gigabit+Router+with+SFP+and+USB,,,USD,Needs supplier verification,"Match exact product manually, then fill Buy URL and Supplier Price."
209,NG-NET-008,MikroTik hEX S (RB760iGS) - 5-Port Gigabit Router with SFP and USB,Networking,649,,2,Alibaba,B2B supplier search,https://www.alibaba.com/trade/search?SearchText=MikroTik+hEX+S+%28RB760iGS%29+-+5-Port+Gigabit+Router+with+SFP+and+USB,,,USD,Needs supplier verification,"Check MOQ, shipping terms, and verified supplier status before buying."
209,NG-NET-008,MikroTik hEX S (RB760iGS) - 5-Port Gigabit Router with SFP and USB,Networking,649,,3,Amazon.sa,Local market reference / supplier option,https://www.amazon.sa/s?k=MikroTik+hEX+S+%28RB760iGS%29+-+5-Port+Gigabit+Router+with+SFP+and+USB,scraped via scripts/live-market-sync-inscope.js (2026-05-07),205,SAR,Existing workbook Amazon reference,Uses existing Amazon reference URL and price when the workbook has them.
209,NG-NET-008,MikroTik hEX S (RB760iGS) - 5-Port Gigabit Router with SFP and USB,Networking,649,,4,Noon,Local market reference / supplier option,https://www.noon.com/saudi-en/search/?q=MikroTik+hEX+S+%28RB760iGS%29+-+5-Port+Gigabit+Router+with+SFP+and+USB,,,SAR,Needs supplier verification,"Verify seller rating, warranty, and marketplace fulfillment before buying."
209,NG-NET-008,MikroTik hEX S (RB760iGS) - 5-Port Gigabit Router with SFP and USB,Networking,649,,5,B&H Photo,US retailer / distributor search,https://www.bhphotovideo.com/c/search?Ntt=MikroTik+hEX+S+%28RB760iGS%29+-+5-Port+Gigabit+Router+with+SFP+and+USB&N=0&InitialSearch=yes&sts=ma,,,USD,Needs supplier verification,"Best for cameras, networking, creators, and computer hardware."
210,NG-NET-007,Ubiquiti EdgeRouter X - Advanced Gigabit Router in a Pocket-Sized Form,Networking,549,,1,AliExpress,Marketplace supplier search,https://www.aliexpress.com/wholesale?SearchText=Ubiquiti+EdgeRouter+X+-+Advanced+Gigabit+Router+in+a+Pocket-Sized+Form,,,USD,Needs supplier verification,"Match exact product manually, then fill Buy URL and Supplier Price."
210,NG-NET-007,Ubiquiti EdgeRouter X - Advanced Gigabit Router in a Pocket-Sized Form,Networking,549,,2,Alibaba,B2B supplier search,https://www.alibaba.com/trade/search?SearchText=Ubiquiti+EdgeRouter+X+-+Advanced+Gigabit+Router+in+a+Pocket-Sized+Form,,,USD,Needs supplier verification,"Check MOQ, shipping terms, and verified supplier status before buying."
210,NG-NET-007,Ubiquiti EdgeRouter X - Advanced Gigabit Router in a Pocket-Sized Form,Networking,549,,3,Amazon.sa,Local market reference / supplier option,https://www.amazon.sa/s?k=Ubiquiti+EdgeRouter+X+-+Advanced+Gigabit+Router+in+a+Pocket-Sized+Form,scraped via scripts/live-market-sync-inscope.js (2026-05-07),1942,SAR,Existing workbook Amazon reference,Uses existing Amazon reference URL and price when the workbook has them.
210,NG-NET-007,Ubiquiti EdgeRouter X - Advanced Gigabit Router in a Pocket-Sized Form,Networking,549,,4,Noon,Local market reference / supplier option,https://www.noon.com/saudi-en/search/?q=Ubiquiti+EdgeRouter+X+-+Advanced+Gigabit+Router+in+a+Pocket-Sized+Form,,,SAR,Needs supplier verification,"Verify seller rating, warranty, and marketplace fulfillment before buying."
210,NG-NET-007,Ubiquiti EdgeRouter X - Advanced Gigabit Router in a Pocket-Sized Form,Networking,549,,5,B&H Photo,US retailer / distributor search,https://www.bhphotovideo.com/c/search?Ntt=Ubiquiti+EdgeRouter+X+-+Advanced+Gigabit+Router+in+a+Pocket-Sized+Form&N=0&InitialSearch=yes&sts=ma,,,USD,Needs supplier verification,"Best for cameras, networking, creators, and computer hardware."
211,NG-NET-006,TP-Link TL-SG108E - 8-Port Gigabit Easy Smart Managed Switch,Networking,229,,1,AliExpress,Marketplace supplier search,https://www.aliexpress.com/wholesale?SearchText=TP-Link+TL-SG108E+-+8-Port+Gigabit+Easy+Smart+Managed+Switch,,,USD,Needs supplier verification,"Match exact product manually, then fill Buy URL and Supplier Price."
211,NG-NET-006,TP-Link TL-SG108E - 8-Port Gigabit Easy Smart Managed Switch,Networking,229,,2,Alibaba,B2B supplier search,https://www.alibaba.com/trade/search?SearchText=TP-Link+TL-SG108E+-+8-Port+Gigabit+Easy+Smart+Managed+Switch,,,USD,Needs supplier verification,"Check MOQ, shipping terms, and verified supplier status before buying."
211,NG-NET-006,TP-Link TL-SG108E - 8-Port Gigabit Easy Smart Managed Switch,Networking,229,,3,Amazon.sa,Local market reference / supplier option,https://www.amazon.sa/s?k=TP-Link+TL-SG108E+-+8-Port+Gigabit+Easy+Smart+Managed+Switch,scraped via scripts/live-market-sync-inscope.js (2026-05-07),123,SAR,Existing workbook Amazon reference,Uses existing Amazon reference URL and price when the workbook has them.
211,NG-NET-006,TP-Link TL-SG108E - 8-Port Gigabit Easy Smart Managed Switch,Networking,229,,4,Noon,Local market reference / supplier option,https://www.noon.com/saudi-en/search/?q=TP-Link+TL-SG108E+-+8-Port+Gigabit+Easy+Smart+Managed+Switch,,,SAR,Needs supplier verification,"Verify seller rating, warranty, and marketplace fulfillment before buying."
211,NG-NET-006,TP-Link TL-SG108E - 8-Port Gigabit Easy Smart Managed Switch,Networking,229,,5,B&H Photo,US retailer / distributor search,https://www.bhphotovideo.com/c/search?Ntt=TP-Link+TL-SG108E+-+8-Port+Gigabit+Easy+Smart+Managed+Switch&N=0&InitialSearch=yes&sts=ma,,,USD,Needs supplier verification,"Best for cameras, networking, creators, and computer hardware."
212,NG-NET-005,Ubiquiti UniFi 6 Lite - WiFi 6 Access Point (AX1500),Networking,849,,1,AliExpress,Marketplace supplier search,https://www.aliexpress.com/wholesale?SearchText=Ubiquiti+UniFi+6+Lite+-+WiFi+6+Access+Point+%28AX1500%29,,,USD,Needs supplier verification,"Match exact product manually, then fill Buy URL and Supplier Price."
212,NG-NET-005,Ubiquiti UniFi 6 Lite - WiFi 6 Access Point (AX1500),Networking,849,,2,Alibaba,B2B supplier search,https://www.alibaba.com/trade/search?SearchText=Ubiquiti+UniFi+6+Lite+-+WiFi+6+Access+Point+%28AX1500%29,,,USD,Needs supplier verification,"Check MOQ, shipping terms, and verified supplier status before buying."
212,NG-NET-005,Ubiquiti UniFi 6 Lite - WiFi 6 Access Point (AX1500),Networking,849,,3,Amazon.sa,Local market reference / supplier option,https://www.amazon.sa/s?k=Ubiquiti+UniFi+6+Lite+-+WiFi+6+Access+Point+%28AX1500%29,scraped via scripts/live-market-sync-inscope.js (2026-05-07),640,SAR,Existing workbook Amazon reference,Uses existing Amazon reference URL and price when the workbook has them.
212,NG-NET-005,Ubiquiti UniFi 6 Lite - WiFi 6 Access Point (AX1500),Networking,849,,4,Noon,Local market reference / supplier option,https://www.noon.com/saudi-en/search/?q=Ubiquiti+UniFi+6+Lite+-+WiFi+6+Access+Point+%28AX1500%29,,,SAR,Needs supplier verification,"Verify seller rating, warranty, and marketplace fulfillment before buying."
212,NG-NET-005,Ubiquiti UniFi 6 Lite - WiFi 6 Access Point (AX1500),Networking,849,,5,B&H Photo,US retailer / distributor search,https://www.bhphotovideo.com/c/search?Ntt=Ubiquiti+UniFi+6+Lite+-+WiFi+6+Access+Point+%28AX1500%29&N=0&InitialSearch=yes&sts=ma,,,USD,Needs supplier verification,"Best for cameras, networking, creators, and computer hardware."
213,NG-NET-004,MikroTik CRS305-1G-4S+IN - 4-Port 10G SFP+ Desktop Switch,Networking,1149,,1,AliExpress,Marketplace supplier search,https://www.aliexpress.com/wholesale?SearchText=MikroTik+CRS305-1G-4S%2BIN+-+4-Port+10G+SFP%2B+Desktop+Switch,,,USD,Needs supplier verification,"Match exact product manually, then fill Buy URL and Supplier Price."
213,NG-NET-004,MikroTik CRS305-1G-4S+IN - 4-Port 10G SFP+ Desktop Switch,Networking,1149,,2,Alibaba,B2B supplier search,https://www.alibaba.com/trade/search?SearchText=MikroTik+CRS305-1G-4S%2BIN+-+4-Port+10G+SFP%2B+Desktop+Switch,,,USD,Needs supplier verification,"Check MOQ, shipping terms, and verified supplier status before buying."
213,NG-NET-004,MikroTik CRS305-1G-4S+IN - 4-Port 10G SFP+ Desktop Switch,Networking,1149,,3,Amazon.sa,Local market reference / supplier option,https://www.amazon.sa/s?k=MikroTik+CRS305-1G-4S%2BIN+-+4-Port+10G+SFP%2B+Desktop+Switch,scraped via scripts/live-market-sync-inscope.js (2026-05-07),931,SAR,Existing workbook Amazon reference,Uses existing Amazon reference URL and price when the workbook has them.
213,NG-NET-004,MikroTik CRS305-1G-4S+IN - 4-Port 10G SFP+ Desktop Switch,Networking,1149,,4,Noon,Local market reference / supplier option,https://www.noon.com/saudi-en/search/?q=MikroTik+CRS305-1G-4S%2BIN+-+4-Port+10G+SFP%2B+Desktop+Switch,,,SAR,Needs supplier verification,"Verify seller rating, warranty, and marketplace fulfillment before buying."
213,NG-NET-004,MikroTik CRS305-1G-4S+IN - 4-Port 10G SFP+ Desktop Switch,Networking,1149,,5,B&H Photo,US retailer / distributor search,https://www.bhphotovideo.com/c/search?Ntt=MikroTik+CRS305-1G-4S%2BIN+-+4-Port+10G+SFP%2B+Desktop+Switch&N=0&InitialSearch=yes&sts=ma,,,USD,Needs supplier verification,"Best for cameras, networking, creators, and computer hardware."
214,NG-NET-003,Ubiquiti UniFi Switch Lite 16 PoE - 16-Port Managed Gigabit PoE+ Switch,Networking,1399,,1,AliExpress,Marketplace supplier search,https://www.aliexpress.com/wholesale?SearchText=Ubiquiti+UniFi+Switch+Lite+16+PoE+-+16-Port+Managed+Gigabit+PoE%2B+Switch,,,USD,Needs supplier verification,"Match exact product manually, then fill Buy URL and Supplier Price."
214,NG-NET-003,Ubiquiti UniFi Switch Lite 16 PoE - 16-Port Managed Gigabit PoE+ Switch,Networking,1399,,2,Alibaba,B2B supplier search,https://www.alibaba.com/trade/search?SearchText=Ubiquiti+UniFi+Switch+Lite+16+PoE+-+16-Port+Managed+Gigabit+PoE%2B+Switch,,,USD,Needs supplier verification,"Check MOQ, shipping terms, and verified supplier status before buying."
214,NG-NET-003,Ubiquiti UniFi Switch Lite 16 PoE - 16-Port Managed Gigabit PoE+ Switch,Networking,1399,,3,Amazon.sa,Local market reference / supplier option,https://www.amazon.sa/s?k=Ubiquiti+UniFi+Switch+Lite+16+PoE+-+16-Port+Managed+Gigabit+PoE%2B+Switch,scraped via scripts/live-market-sync-inscope.js (2026-05-07),369,SAR,Existing workbook Amazon reference,Uses existing Amazon reference URL and price when the workbook has them.
214,NG-NET-003,Ubiquiti UniFi Switch Lite 16 PoE - 16-Port Managed Gigabit PoE+ Switch,Networking,1399,,4,Noon,Local market reference / supplier option,https://www.noon.com/saudi-en/search/?q=Ubiquiti+UniFi+Switch+Lite+16+PoE+-+16-Port+Managed+Gigabit+PoE%2B+Switch,,,SAR,Needs supplier verification,"Verify seller rating, warranty, and marketplace fulfillment before buying."
214,NG-NET-003,Ubiquiti UniFi Switch Lite 16 PoE - 16-Port Managed Gigabit PoE+ Switch,Networking,1399,,5,B&H Photo,US retailer / distributor search,https://www.bhphotovideo.com/c/search?Ntt=Ubiquiti+UniFi+Switch+Lite+16+PoE+-+16-Port+Managed+Gigabit+PoE%2B+Switch&N=0&InitialSearch=yes&sts=ma,,,USD,Needs supplier verification,"Best for cameras, networking, creators, and computer hardware."
215,NG-NET-002,TP-Link Deco XE75 (3-Pack) - AXE5400 WiFi 6E Whole-Home Mesh System,Networking,2419,2099,1,AliExpress,Marketplace supplier search,https://www.aliexpress.com/wholesale?SearchText=TP-Link+Deco+XE75+%283-Pack%29+-+AXE5400+WiFi+6E+Whole-Home+Mesh+System,,,USD,Needs supplier verification,"Match exact product manually, then fill Buy URL and Supplier Price."
215,NG-NET-002,TP-Link Deco XE75 (3-Pack) - AXE5400 WiFi 6E Whole-Home Mesh System,Networking,2419,2099,2,Alibaba,B2B supplier search,https://www.alibaba.com/trade/search?SearchText=TP-Link+Deco+XE75+%283-Pack%29+-+AXE5400+WiFi+6E+Whole-Home+Mesh+System,,,USD,Needs supplier verification,"Check MOQ, shipping terms, and verified supplier status before buying."
215,NG-NET-002,TP-Link Deco XE75 (3-Pack) - AXE5400 WiFi 6E Whole-Home Mesh System,Networking,2419,2099,3,Amazon.sa,Local market reference / supplier option,https://www.amazon.sa/s?k=TP-Link+Deco+XE75+%283-Pack%29+-+AXE5400+WiFi+6E+Whole-Home+Mesh+System,scraped via scripts/live-market-sync-inscope.js (2026-05-07),1199,SAR,Existing workbook Amazon reference,Uses existing Amazon reference URL and price when the workbook has them.
215,NG-NET-002,TP-Link Deco XE75 (3-Pack) - AXE5400 WiFi 6E Whole-Home Mesh System,Networking,2419,2099,4,Noon,Local market reference / supplier option,https://www.noon.com/saudi-en/search/?q=TP-Link+Deco+XE75+%283-Pack%29+-+AXE5400+WiFi+6E+Whole-Home+Mesh+System,,,SAR,Needs supplier verification,"Verify seller rating, warranty, and marketplace fulfillment before buying."
215,NG-NET-002,TP-Link Deco XE75 (3-Pack) - AXE5400 WiFi 6E Whole-Home Mesh System,Networking,2419,2099,5,B&H Photo,US retailer / distributor search,https://www.bhphotovideo.com/c/search?Ntt=TP-Link+Deco+XE75+%283-Pack%29+-+AXE5400+WiFi+6E+Whole-Home+Mesh+System&N=0&InitialSearch=yes&sts=ma,,,USD,Needs supplier verification,"Best for cameras, networking, creators, and computer hardware."
216,NG-NET-001,MikroTik hAP ax3 - WiFi 6 Router with RouterOS Power,Networking,799,,1,AliExpress,Marketplace supplier search,https://www.aliexpress.com/wholesale?SearchText=MikroTik+hAP+ax3+-+WiFi+6+Router+with+RouterOS+Power,,,USD,Needs supplier verification,"Match exact product manually, then fill Buy URL and Supplier Price."
216,NG-NET-001,MikroTik hAP ax3 - WiFi 6 Router with RouterOS Power,Networking,799,,2,Alibaba,B2B supplier search,https://www.alibaba.com/trade/search?SearchText=MikroTik+hAP+ax3+-+WiFi+6+Router+with+RouterOS+Power,,,USD,Needs supplier verification,"Check MOQ, shipping terms, and verified supplier status before buying."
216,NG-NET-001,MikroTik hAP ax3 - WiFi 6 Router with RouterOS Power,Networking,799,,3,Amazon.sa,Local market reference / supplier option,https://www.amazon.sa/s?k=MikroTik+hAP+ax3+-+WiFi+6+Router+with+RouterOS+Power,scraped via scripts/live-market-sync-inscope.js (2026-05-07),559,SAR,Existing workbook Amazon reference,Uses existing Amazon reference URL and price when the workbook has them.
216,NG-NET-001,MikroTik hAP ax3 - WiFi 6 Router with RouterOS Power,Networking,799,,4,Noon,Local market reference / supplier option,https://www.noon.com/saudi-en/search/?q=MikroTik+hAP+ax3+-+WiFi+6+Router+with+RouterOS+Power,,,SAR,Needs supplier verification,"Verify seller rating, warranty, and marketplace fulfillment before buying."
216,NG-NET-001,MikroTik hAP ax3 - WiFi 6 Router with RouterOS Power,Networking,799,,5,B&H Photo,US retailer / distributor search,https://www.bhphotovideo.com/c/search?Ntt=MikroTik+hAP+ax3+-+WiFi+6+Router+with+RouterOS+Power&N=0&InitialSearch=yes&sts=ma,,,USD,Needs supplier verification,"Best for cameras, networking, creators, and computer hardware."
217,NG-SH-015,Sonoff SNZB-02D Zigbee Temperature &amp; Humidity Sensor with LCD Display,Smart Home & IoT,159,,1,AliExpress,Marketplace supplier search,https://www.aliexpress.com/wholesale?SearchText=Sonoff+SNZB-02D+Zigbee+Temperature+%26amp%3B+Humidity+Sensor+with+LCD+Display,,,USD,Needs supplier verification,"Match exact product manually, then fill Buy URL and Supplier Price."
217,NG-SH-015,Sonoff SNZB-02D Zigbee Temperature &amp; Humidity Sensor with LCD Display,Smart Home & IoT,159,,2,Alibaba,B2B supplier search,https://www.alibaba.com/trade/search?SearchText=Sonoff+SNZB-02D+Zigbee+Temperature+%26amp%3B+Humidity+Sensor+with+LCD+Display,,,USD,Needs supplier verification,"Check MOQ, shipping terms, and verified supplier status before buying."
217,NG-SH-015,Sonoff SNZB-02D Zigbee Temperature &amp; Humidity Sensor with LCD Display,Smart Home & IoT,159,,3,Amazon.sa,Local market reference / supplier option,https://www.amazon.sa/s?k=Sonoff+SNZB-02D+Zigbee+Temperature+%26amp%3B+Humidity+Sensor+with+LCD+Display,scraped via scripts/live-market-sync-inscope.js (2026-05-07),62,SAR,Existing workbook Amazon reference,Uses existing Amazon reference URL and price when the workbook has them.
217,NG-SH-015,Sonoff SNZB-02D Zigbee Temperature &amp; Humidity Sensor with LCD Display,Smart Home & IoT,159,,4,Noon,Local market reference / supplier option,https://www.noon.com/saudi-en/search/?q=Sonoff+SNZB-02D+Zigbee+Temperature+%26amp%3B+Humidity+Sensor+with+LCD+Display,,,SAR,Needs supplier verification,"Verify seller rating, warranty, and marketplace fulfillment before buying."
217,NG-SH-015,Sonoff SNZB-02D Zigbee Temperature &amp; Humidity Sensor with LCD Display,Smart Home & IoT,159,,5,B&H Photo,US retailer / distributor search,https://www.bhphotovideo.com/c/search?Ntt=Sonoff+SNZB-02D+Zigbee+Temperature+%26amp%3B+Humidity+Sensor+with+LCD+Display&N=0&InitialSearch=yes&sts=ma,,,USD,Needs supplier verification,"Best for cameras, networking, creators, and computer hardware."
218,NG-SH-014,MOES Zigbee Smart Thermostat (BHT-002-GCLZB) - Programmable HVAC Control,Smart Home & IoT,439,379,1,AliExpress,Marketplace supplier search,https://www.aliexpress.com/wholesale?SearchText=MOES+Zigbee+Smart+Thermostat+%28BHT-002-GCLZB%29+-+Programmable+HVAC+Control,,,USD,Needs supplier verification,"Match exact product manually, then fill Buy URL and Supplier Price."
218,NG-SH-014,MOES Zigbee Smart Thermostat (BHT-002-GCLZB) - Programmable HVAC Control,Smart Home & IoT,439,379,2,Alibaba,B2B supplier search,https://www.alibaba.com/trade/search?SearchText=MOES+Zigbee+Smart+Thermostat+%28BHT-002-GCLZB%29+-+Programmable+HVAC+Control,,,USD,Needs supplier verification,"Check MOQ, shipping terms, and verified supplier status before buying."
218,NG-SH-014,MOES Zigbee Smart Thermostat (BHT-002-GCLZB) - Programmable HVAC Control,Smart Home & IoT,439,379,3,Amazon.sa,Local market reference / supplier option,https://www.amazon.sa/s?k=MOES+Zigbee+Smart+Thermostat+%28BHT-002-GCLZB%29+-+Programmable+HVAC+Control,scraped via scripts/live-market-sync-inscope.js (2026-05-07),176,SAR,Existing workbook Amazon reference,Uses existing Amazon reference URL and price when the workbook has them.
218,NG-SH-014,MOES Zigbee Smart Thermostat (BHT-002-GCLZB) - Programmable HVAC Control,Smart Home & IoT,439,379,4,Noon,Local market reference / supplier option,https://www.noon.com/saudi-en/search/?q=MOES+Zigbee+Smart+Thermostat+%28BHT-002-GCLZB%29+-+Programmable+HVAC+Control,,,SAR,Needs supplier verification,"Verify seller rating, warranty, and marketplace fulfillment before buying."
218,NG-SH-014,MOES Zigbee Smart Thermostat (BHT-002-GCLZB) - Programmable HVAC Control,Smart Home & IoT,439,379,5,B&H Photo,US retailer / distributor search,https://www.bhphotovideo.com/c/search?Ntt=MOES+Zigbee+Smart+Thermostat+%28BHT-002-GCLZB%29+-+Programmable+HVAC+Control&N=0&InitialSearch=yes&sts=ma,,,USD,Needs supplier verification,"Best for cameras, networking, creators, and computer hardware."
219,NG-SH-013,Zemismart Zigbee Smart Tubular Motor (ZM25TQ) - Heavy-Duty Roller Blind Motor,Smart Home & IoT,699,,1,AliExpress,Marketplace supplier search,https://www.aliexpress.com/wholesale?SearchText=Zemismart+Zigbee+Smart+Tubular+Motor+%28ZM25TQ%29+-+Heavy-Duty+Roller+Blind+Motor,,,USD,Needs supplier verification,"Match exact product manually, then fill Buy URL and Supplier Price."
219,NG-SH-013,Zemismart Zigbee Smart Tubular Motor (ZM25TQ) - Heavy-Duty Roller Blind Motor,Smart Home & IoT,699,,2,Alibaba,B2B supplier search,https://www.alibaba.com/trade/search?SearchText=Zemismart+Zigbee+Smart+Tubular+Motor+%28ZM25TQ%29+-+Heavy-Duty+Roller+Blind+Motor,,,USD,Needs supplier verification,"Check MOQ, shipping terms, and verified supplier status before buying."
219,NG-SH-013,Zemismart Zigbee Smart Tubular Motor (ZM25TQ) - Heavy-Duty Roller Blind Motor,Smart Home & IoT,699,,3,Amazon.sa,Local market reference / supplier option,https://www.amazon.sa/s?k=Zemismart+Zigbee+Smart+Tubular+Motor+%28ZM25TQ%29+-+Heavy-Duty+Roller+Blind+Motor,scraped via scripts/live-market-sync-inscope.js (2026-05-07),264,SAR,Existing workbook Amazon reference,Uses existing Amazon reference URL and price when the workbook has them.
219,NG-SH-013,Zemismart Zigbee Smart Tubular Motor (ZM25TQ) - Heavy-Duty Roller Blind Motor,Smart Home & IoT,699,,4,Noon,Local market reference / supplier option,https://www.noon.com/saudi-en/search/?q=Zemismart+Zigbee+Smart+Tubular+Motor+%28ZM25TQ%29+-+Heavy-Duty+Roller+Blind+Motor,,,SAR,Needs supplier verification,"Verify seller rating, warranty, and marketplace fulfillment before buying."
219,NG-SH-013,Zemismart Zigbee Smart Tubular Motor (ZM25TQ) - Heavy-Duty Roller Blind Motor,Smart Home & IoT,699,,5,B&H Photo,US retailer / distributor search,https://www.bhphotovideo.com/c/search?Ntt=Zemismart+Zigbee+Smart+Tubular+Motor+%28ZM25TQ%29+-+Heavy-Duty+Roller+Blind+Motor&N=0&InitialSearch=yes&sts=ma,,,USD,Needs supplier verification,"Best for cameras, networking, creators, and computer hardware."
220,NG-SH-012,Aqara Roller Shade Driver E1 (RSD-M01) - Smart Roller Blind Motor with HomeKit,Smart Home & IoT,689,599,1,AliExpress,Marketplace supplier search,https://www.aliexpress.com/wholesale?SearchText=Aqara+Roller+Shade+Driver+E1+%28RSD-M01%29+-+Smart+Roller+Blind+Motor+with+HomeKit,,,USD,Needs supplier verification,"Match exact product manually, then fill Buy URL and Supplier Price."
220,NG-SH-012,Aqara Roller Shade Driver E1 (RSD-M01) - Smart Roller Blind Motor with HomeKit,Smart Home & IoT,689,599,2,Alibaba,B2B supplier search,https://www.alibaba.com/trade/search?SearchText=Aqara+Roller+Shade+Driver+E1+%28RSD-M01%29+-+Smart+Roller+Blind+Motor+with+HomeKit,,,USD,Needs supplier verification,"Check MOQ, shipping terms, and verified supplier status before buying."
220,NG-SH-012,Aqara Roller Shade Driver E1 (RSD-M01) - Smart Roller Blind Motor with HomeKit,Smart Home & IoT,689,599,3,Amazon.sa,Local market reference / supplier option,https://www.amazon.sa/s?k=Aqara+Roller+Shade+Driver+E1+%28RSD-M01%29+-+Smart+Roller+Blind+Motor+with+HomeKit,scraped via scripts/live-market-sync-inscope.js (2026-05-07),340,SAR,Existing workbook Amazon reference,Uses existing Amazon reference URL and price when the workbook has them.
220,NG-SH-012,Aqara Roller Shade Driver E1 (RSD-M01) - Smart Roller Blind Motor with HomeKit,Smart Home & IoT,689,599,4,Noon,Local market reference / supplier option,https://www.noon.com/saudi-en/search/?q=Aqara+Roller+Shade+Driver+E1+%28RSD-M01%29+-+Smart+Roller+Blind+Motor+with+HomeKit,,,SAR,Needs supplier verification,"Verify seller rating, warranty, and marketplace fulfillment before buying."
220,NG-SH-012,Aqara Roller Shade Driver E1 (RSD-M01) - Smart Roller Blind Motor with HomeKit,Smart Home & IoT,689,599,5,B&H Photo,US retailer / distributor search,https://www.bhphotovideo.com/c/search?Ntt=Aqara+Roller+Shade+Driver+E1+%28RSD-M01%29+-+Smart+Roller+Blind+Motor+with+HomeKit&N=0&InitialSearch=yes&sts=ma,,,USD,Needs supplier verification,"Best for cameras, networking, creators, and computer hardware."
221,NG-SH-011,SwitchBot Bot (S1) - Robotic Finger That Makes Any Button Smart,Smart Home & IoT,279,,1,AliExpress,Marketplace supplier search,https://www.aliexpress.com/wholesale?SearchText=SwitchBot+Bot+%28S1%29+-+Robotic+Finger+That+Makes+Any+Button+Smart,,,USD,Needs supplier verification,"Match exact product manually, then fill Buy URL and Supplier Price."
221,NG-SH-011,SwitchBot Bot (S1) - Robotic Finger That Makes Any Button Smart,Smart Home & IoT,279,,2,Alibaba,B2B supplier search,https://www.alibaba.com/trade/search?SearchText=SwitchBot+Bot+%28S1%29+-+Robotic+Finger+That+Makes+Any+Button+Smart,,,USD,Needs supplier verification,"Check MOQ, shipping terms, and verified supplier status before buying."
221,NG-SH-011,SwitchBot Bot (S1) - Robotic Finger That Makes Any Button Smart,Smart Home & IoT,279,,3,Amazon.sa,Local market reference / supplier option,https://www.amazon.sa/s?k=SwitchBot+Bot+%28S1%29+-+Robotic+Finger+That+Makes+Any+Button+Smart,scraped via scripts/live-market-sync-inscope.js (2026-05-07),153,SAR,Existing workbook Amazon reference,Uses existing Amazon reference URL and price when the workbook has them.
221,NG-SH-011,SwitchBot Bot (S1) - Robotic Finger That Makes Any Button Smart,Smart Home & IoT,279,,4,Noon,Local market reference / supplier option,https://www.noon.com/saudi-en/search/?q=SwitchBot+Bot+%28S1%29+-+Robotic+Finger+That+Makes+Any+Button+Smart,,,SAR,Needs supplier verification,"Verify seller rating, warranty, and marketplace fulfillment before buying."
221,NG-SH-011,SwitchBot Bot (S1) - Robotic Finger That Makes Any Button Smart,Smart Home & IoT,279,,5,B&H Photo,US retailer / distributor search,https://www.bhphotovideo.com/c/search?Ntt=SwitchBot+Bot+%28S1%29+-+Robotic+Finger+That+Makes+Any+Button+Smart&N=0&InitialSearch=yes&sts=ma,,,USD,Needs supplier verification,"Best for cameras, networking, creators, and computer hardware."
222,NG-SH-010,Eve Energy Smart Plug (Matter/Thread) - Next-Gen Smart Plug with Power Monitoring,Smart Home & IoT,399,,1,AliExpress,Marketplace supplier search,https://www.aliexpress.com/wholesale?SearchText=Eve+Energy+Smart+Plug+%28Matter%2FThread%29+-+Next-Gen+Smart+Plug+with+Power+Monitoring,,,USD,Needs supplier verification,"Match exact product manually, then fill Buy URL and Supplier Price."
222,NG-SH-010,Eve Energy Smart Plug (Matter/Thread) - Next-Gen Smart Plug with Power Monitoring,Smart Home & IoT,399,,2,Alibaba,B2B supplier search,https://www.alibaba.com/trade/search?SearchText=Eve+Energy+Smart+Plug+%28Matter%2FThread%29+-+Next-Gen+Smart+Plug+with+Power+Monitoring,,,USD,Needs supplier verification,"Check MOQ, shipping terms, and verified supplier status before buying."
222,NG-SH-010,Eve Energy Smart Plug (Matter/Thread) - Next-Gen Smart Plug with Power Monitoring,Smart Home & IoT,399,,3,Amazon.sa,Local market reference / supplier option,https://www.amazon.sa/s?k=Eve+Energy+Smart+Plug+%28Matter%2FThread%29+-+Next-Gen+Smart+Plug+with+Power+Monitoring,scraped via scripts/live-market-sync-inscope.js (2026-05-07),175,SAR,Existing workbook Amazon reference,Uses existing Amazon reference URL and price when the workbook has them.
222,NG-SH-010,Eve Energy Smart Plug (Matter/Thread) - Next-Gen Smart Plug with Power Monitoring,Smart Home & IoT,399,,4,Noon,Local market reference / supplier option,https://www.noon.com/saudi-en/search/?q=Eve+Energy+Smart+Plug+%28Matter%2FThread%29+-+Next-Gen+Smart+Plug+with+Power+Monitoring,,,SAR,Needs supplier verification,"Verify seller rating, warranty, and marketplace fulfillment before buying."
222,NG-SH-010,Eve Energy Smart Plug (Matter/Thread) - Next-Gen Smart Plug with Power Monitoring,Smart Home & IoT,399,,5,B&H Photo,US retailer / distributor search,https://www.bhphotovideo.com/c/search?Ntt=Eve+Energy+Smart+Plug+%28Matter%2FThread%29+-+Next-Gen+Smart+Plug+with+Power+Monitoring&N=0&InitialSearch=yes&sts=ma,,,USD,Needs supplier verification,"Best for cameras, networking, creators, and computer hardware."
223,NG-SH-009,Aqara Motion Sensor P1 (MS-S02) - Wide-Angle 170° Smart PIR Sensor,Smart Home & IoT,279,,1,AliExpress,Marketplace supplier search,https://www.aliexpress.com/wholesale?SearchText=Aqara+Motion+Sensor+P1+%28MS-S02%29+-+Wide-Angle+170%C2%B0+Smart+PIR+Sensor,,,USD,Needs supplier verification,"Match exact product manually, then fill Buy URL and Supplier Price."
223,NG-SH-009,Aqara Motion Sensor P1 (MS-S02) - Wide-Angle 170° Smart PIR Sensor,Smart Home & IoT,279,,2,Alibaba,B2B supplier search,https://www.alibaba.com/trade/search?SearchText=Aqara+Motion+Sensor+P1+%28MS-S02%29+-+Wide-Angle+170%C2%B0+Smart+PIR+Sensor,,,USD,Needs supplier verification,"Check MOQ, shipping terms, and verified supplier status before buying."
223,NG-SH-009,Aqara Motion Sensor P1 (MS-S02) - Wide-Angle 170° Smart PIR Sensor,Smart Home & IoT,279,,3,Amazon.sa,Local market reference / supplier option,https://www.amazon.sa/s?k=Aqara+Motion+Sensor+P1+%28MS-S02%29+-+Wide-Angle+170%C2%B0+Smart+PIR+Sensor,scraped via scripts/live-market-sync-inscope.js (2026-05-07),161,SAR,Existing workbook Amazon reference,Uses existing Amazon reference URL and price when the workbook has them.
223,NG-SH-009,Aqara Motion Sensor P1 (MS-S02) - Wide-Angle 170° Smart PIR Sensor,Smart Home & IoT,279,,4,Noon,Local market reference / supplier option,https://www.noon.com/saudi-en/search/?q=Aqara+Motion+Sensor+P1+%28MS-S02%29+-+Wide-Angle+170%C2%B0+Smart+PIR+Sensor,,,SAR,Needs supplier verification,"Verify seller rating, warranty, and marketplace fulfillment before buying."
223,NG-SH-009,Aqara Motion Sensor P1 (MS-S02) - Wide-Angle 170° Smart PIR Sensor,Smart Home & IoT,279,,5,B&H Photo,US retailer / distributor search,https://www.bhphotovideo.com/c/search?Ntt=Aqara+Motion+Sensor+P1+%28MS-S02%29+-+Wide-Angle+170%C2%B0+Smart+PIR+Sensor&N=0&InitialSearch=yes&sts=ma,,,USD,Needs supplier verification,"Best for cameras, networking, creators, and computer hardware."
224,NG-SH-008,Shelly Plus 1PM - Smart Wi-Fi Relay with Power Monitoring,Smart Home & IoT,189,,1,AliExpress,Marketplace supplier search,https://www.aliexpress.com/wholesale?SearchText=Shelly+Plus+1PM+-+Smart+Wi-Fi+Relay+with+Power+Monitoring,,,USD,Needs supplier verification,"Match exact product manually, then fill Buy URL and Supplier Price."
224,NG-SH-008,Shelly Plus 1PM - Smart Wi-Fi Relay with Power Monitoring,Smart Home & IoT,189,,2,Alibaba,B2B supplier search,https://www.alibaba.com/trade/search?SearchText=Shelly+Plus+1PM+-+Smart+Wi-Fi+Relay+with+Power+Monitoring,,,USD,Needs supplier verification,"Check MOQ, shipping terms, and verified supplier status before buying."
224,NG-SH-008,Shelly Plus 1PM - Smart Wi-Fi Relay with Power Monitoring,Smart Home & IoT,189,,3,Amazon.sa,Local market reference / supplier option,https://www.amazon.sa/s?k=Shelly+Plus+1PM+-+Smart+Wi-Fi+Relay+with+Power+Monitoring,scraped via scripts/live-market-sync-inscope.js (2026-05-07),100,SAR,Existing workbook Amazon reference,Uses existing Amazon reference URL and price when the workbook has them.
224,NG-SH-008,Shelly Plus 1PM - Smart Wi-Fi Relay with Power Monitoring,Smart Home & IoT,189,,4,Noon,Local market reference / supplier option,https://www.noon.com/saudi-en/search/?q=Shelly+Plus+1PM+-+Smart+Wi-Fi+Relay+with+Power+Monitoring,,,SAR,Needs supplier verification,"Verify seller rating, warranty, and marketplace fulfillment before buying."
224,NG-SH-008,Shelly Plus 1PM - Smart Wi-Fi Relay with Power Monitoring,Smart Home & IoT,189,,5,B&H Photo,US retailer / distributor search,https://www.bhphotovideo.com/c/search?Ntt=Shelly+Plus+1PM+-+Smart+Wi-Fi+Relay+with+Power+Monitoring&N=0&InitialSearch=yes&sts=ma,,,USD,Needs supplier verification,"Best for cameras, networking, creators, and computer hardware."
225,NG-SH-007,SwitchBot Curtain 3 (W2400000) - Turn Any Curtain Smart in Minutes,Smart Home & IoT,639,549,1,AliExpress,Marketplace supplier search,https://www.aliexpress.com/wholesale?SearchText=SwitchBot+Curtain+3+%28W2400000%29+-+Turn+Any+Curtain+Smart+in+Minutes,,,USD,Needs supplier verification,"Match exact product manually, then fill Buy URL and Supplier Price."
225,NG-SH-007,SwitchBot Curtain 3 (W2400000) - Turn Any Curtain Smart in Minutes,Smart Home & IoT,639,549,2,Alibaba,B2B supplier search,https://www.alibaba.com/trade/search?SearchText=SwitchBot+Curtain+3+%28W2400000%29+-+Turn+Any+Curtain+Smart+in+Minutes,,,USD,Needs supplier verification,"Check MOQ, shipping terms, and verified supplier status before buying."
225,NG-SH-007,SwitchBot Curtain 3 (W2400000) - Turn Any Curtain Smart in Minutes,Smart Home & IoT,639,549,3,Amazon.sa,Local market reference / supplier option,https://www.amazon.sa/s?k=SwitchBot+Curtain+3+%28W2400000%29+-+Turn+Any+Curtain+Smart+in+Minutes,scraped via scripts/live-market-sync-inscope.js (2026-05-07),282,SAR,Existing workbook Amazon reference,Uses existing Amazon reference URL and price when the workbook has them.
225,NG-SH-007,SwitchBot Curtain 3 (W2400000) - Turn Any Curtain Smart in Minutes,Smart Home & IoT,639,549,4,Noon,Local market reference / supplier option,https://www.noon.com/saudi-en/search/?q=SwitchBot+Curtain+3+%28W2400000%29+-+Turn+Any+Curtain+Smart+in+Minutes,,,SAR,Needs supplier verification,"Verify seller rating, warranty, and marketplace fulfillment before buying."
225,NG-SH-007,SwitchBot Curtain 3 (W2400000) - Turn Any Curtain Smart in Minutes,Smart Home & IoT,639,549,5,B&H Photo,US retailer / distributor search,https://www.bhphotovideo.com/c/search?Ntt=SwitchBot+Curtain+3+%28W2400000%29+-+Turn+Any+Curtain+Smart+in+Minutes&N=0&InitialSearch=yes&sts=ma,,,USD,Needs supplier verification,"Best for cameras, networking, creators, and computer hardware."
226,NG-SH-006,Aqara Hub M2 (HM2-G01) - Multi-Protocol Smart Home Gateway,Smart Home & IoT,499,,1,AliExpress,Marketplace supplier search,https://www.aliexpress.com/wholesale?SearchText=Aqara+Hub+M2+%28HM2-G01%29+-+Multi-Protocol+Smart+Home+Gateway,,,USD,Needs supplier verification,"Match exact product manually, then fill Buy URL and Supplier Price."
226,NG-SH-006,Aqara Hub M2 (HM2-G01) - Multi-Protocol Smart Home Gateway,Smart Home & IoT,499,,2,Alibaba,B2B supplier search,https://www.alibaba.com/trade/search?SearchText=Aqara+Hub+M2+%28HM2-G01%29+-+Multi-Protocol+Smart+Home+Gateway,,,USD,Needs supplier verification,"Check MOQ, shipping terms, and verified supplier status before buying."
226,NG-SH-006,Aqara Hub M2 (HM2-G01) - Multi-Protocol Smart Home Gateway,Smart Home & IoT,499,,3,Amazon.sa,Local market reference / supplier option,https://www.amazon.sa/s?k=Aqara+Hub+M2+%28HM2-G01%29+-+Multi-Protocol+Smart+Home+Gateway,scraped via scripts/live-market-sync-inscope.js (2026-05-07),489,SAR,Existing workbook Amazon reference,Uses existing Amazon reference URL and price when the workbook has them.
226,NG-SH-006,Aqara Hub M2 (HM2-G01) - Multi-Protocol Smart Home Gateway,Smart Home & IoT,499,,4,Noon,Local market reference / supplier option,https://www.noon.com/saudi-en/search/?q=Aqara+Hub+M2+%28HM2-G01%29+-+Multi-Protocol+Smart+Home+Gateway,,,SAR,Needs supplier verification,"Verify seller rating, warranty, and marketplace fulfillment before buying."
226,NG-SH-006,Aqara Hub M2 (HM2-G01) - Multi-Protocol Smart Home Gateway,Smart Home & IoT,499,,5,B&H Photo,US retailer / distributor search,https://www.bhphotovideo.com/c/search?Ntt=Aqara+Hub+M2+%28HM2-G01%29+-+Multi-Protocol+Smart+Home+Gateway&N=0&InitialSearch=yes&sts=ma,,,USD,Needs supplier verification,"Best for cameras, networking, creators, and computer hardware."
227,NG-ENT-010,Ubiquiti UniFi Switch Pro 24 PoE (USW-Pro-24-PoE) - Smart Managed PoE+ Switch,Homelab,4199,,1,AliExpress,Marketplace supplier search,https://www.aliexpress.com/wholesale?SearchText=Ubiquiti+UniFi+Switch+Pro+24+PoE+%28USW-Pro-24-PoE%29+-+Smart+Managed+PoE%2B+Switch,,,USD,Needs supplier verification,"Match exact product manually, then fill Buy URL and Supplier Price."
227,NG-ENT-010,Ubiquiti UniFi Switch Pro 24 PoE (USW-Pro-24-PoE) - Smart Managed PoE+ Switch,Homelab,4199,,2,Alibaba,B2B supplier search,https://www.alibaba.com/trade/search?SearchText=Ubiquiti+UniFi+Switch+Pro+24+PoE+%28USW-Pro-24-PoE%29+-+Smart+Managed+PoE%2B+Switch,,,USD,Needs supplier verification,"Check MOQ, shipping terms, and verified supplier status before buying."
227,NG-ENT-010,Ubiquiti UniFi Switch Pro 24 PoE (USW-Pro-24-PoE) - Smart Managed PoE+ Switch,Homelab,4199,,3,Amazon.sa,Local market reference / supplier option,https://www.amazon.sa/s?k=Ubiquiti+UniFi+Switch+Pro+24+PoE+%28USW-Pro-24-PoE%29+-+Smart+Managed+PoE%2B+Switch,"https://saudi.microless.com/product/unifi-switch-pro-24-poe/ (Microless, in stock 2026-05-07)",3064.74,SAR,Existing workbook Amazon reference,Uses existing Amazon reference URL and price when the workbook has them.
227,NG-ENT-010,Ubiquiti UniFi Switch Pro 24 PoE (USW-Pro-24-PoE) - Smart Managed PoE+ Switch,Homelab,4199,,4,Noon,Local market reference / supplier option,https://www.noon.com/saudi-en/search/?q=Ubiquiti+UniFi+Switch+Pro+24+PoE+%28USW-Pro-24-PoE%29+-+Smart+Managed+PoE%2B+Switch,,,SAR,Needs supplier verification,"Verify seller rating, warranty, and marketplace fulfillment before buying."
227,NG-ENT-010,Ubiquiti UniFi Switch Pro 24 PoE (USW-Pro-24-PoE) - Smart Managed PoE+ Switch,Homelab,4199,,5,B&H Photo,US retailer / distributor search,https://www.bhphotovideo.com/c/search?Ntt=Ubiquiti+UniFi+Switch+Pro+24+PoE+%28USW-Pro-24-PoE%29+-+Smart+Managed+PoE%2B+Switch&N=0&InitialSearch=yes&sts=ma,,,USD,Needs supplier verification,"Best for cameras, networking, creators, and computer hardware."
228,NG-ENT-009,HPE ProLiant DL380 Gen10 Server (Refurbished) - Data Center Power at Smart Pricing,Homelab,8630,,1,AliExpress,Marketplace supplier search,https://www.aliexpress.com/wholesale?SearchText=HPE+ProLiant+DL380+Gen10+Server+%28Refurbished%29+-+Data+Center+Power+at+Smart+Pricing,,,USD,Needs supplier verification,"Match exact product manually, then fill Buy URL and Supplier Price."
228,NG-ENT-009,HPE ProLiant DL380 Gen10 Server (Refurbished) - Data Center Power at Smart Pricing,Homelab,8630,,2,Alibaba,B2B supplier search,https://www.alibaba.com/trade/search?SearchText=HPE+ProLiant+DL380+Gen10+Server+%28Refurbished%29+-+Data+Center+Power+at+Smart+Pricing,,,USD,Needs supplier verification,"Check MOQ, shipping terms, and verified supplier status before buying."
228,NG-ENT-009,HPE ProLiant DL380 Gen10 Server (Refurbished) - Data Center Power at Smart Pricing,Homelab,8630,,3,Amazon.sa,Local market reference / supplier option,https://www.amazon.sa/s?k=HPE+ProLiant+DL380+Gen10+Server+%28Refurbished%29+-+Data+Center+Power+at+Smart+Pricing,https://www.amazon.sa/-/en/ProLiant-DL380-Server-3-20GHz-Renewed/dp/B0GW1G7H16/ref=sr_1_1,6899,SAR,Existing workbook Amazon reference,Uses existing Amazon reference URL and price when the workbook has them.
228,NG-ENT-009,HPE ProLiant DL380 Gen10 Server (Refurbished) - Data Center Power at Smart Pricing,Homelab,8630,,4,Noon,Local market reference / supplier option,https://www.noon.com/saudi-en/search/?q=HPE+ProLiant+DL380+Gen10+Server+%28Refurbished%29+-+Data+Center+Power+at+Smart+Pricing,,,SAR,Needs supplier verification,"Verify seller rating, warranty, and marketplace fulfillment before buying."
228,NG-ENT-009,HPE ProLiant DL380 Gen10 Server (Refurbished) - Data Center Power at Smart Pricing,Homelab,8630,,5,B&H Photo,US retailer / distributor search,https://www.bhphotovideo.com/c/search?Ntt=HPE+ProLiant+DL380+Gen10+Server+%28Refurbished%29+-+Data+Center+Power+at+Smart+Pricing&N=0&InitialSearch=yes&sts=ma,,,USD,Needs supplier verification,"Best for cameras, networking, creators, and computer hardware."
229,NG-ENT-008,APC Smart-UPS 1500VA LCD RM 2U (SMT1500RMI2U) - Pure Sine Wave Rack UPS,Homelab,4899,,1,AliExpress,Marketplace supplier search,https://www.aliexpress.com/wholesale?SearchText=APC+Smart-UPS+1500VA+LCD+RM+2U+%28SMT1500RMI2U%29+-+Pure+Sine+Wave+Rack+UPS,,,USD,Needs supplier verification,"Match exact product manually, then fill Buy URL and Supplier Price."
229,NG-ENT-008,APC Smart-UPS 1500VA LCD RM 2U (SMT1500RMI2U) - Pure Sine Wave Rack UPS,Homelab,4899,,2,Alibaba,B2B supplier search,https://www.alibaba.com/trade/search?SearchText=APC+Smart-UPS+1500VA+LCD+RM+2U+%28SMT1500RMI2U%29+-+Pure+Sine+Wave+Rack+UPS,,,USD,Needs supplier verification,"Check MOQ, shipping terms, and verified supplier status before buying."
229,NG-ENT-008,APC Smart-UPS 1500VA LCD RM 2U (SMT1500RMI2U) - Pure Sine Wave Rack UPS,Homelab,4899,,3,Amazon.sa,Local market reference / supplier option,https://www.amazon.sa/s?k=APC+Smart-UPS+1500VA+LCD+RM+2U+%28SMT1500RMI2U%29+-+Pure+Sine+Wave+Rack+UPS,,,SAR,Needs supplier verification,Uses existing Amazon reference URL and price when the workbook has them.
229,NG-ENT-008,APC Smart-UPS 1500VA LCD RM 2U (SMT1500RMI2U) - Pure Sine Wave Rack UPS,Homelab,4899,,4,Noon,Local market reference / supplier option,https://www.noon.com/saudi-en/search/?q=APC+Smart-UPS+1500VA+LCD+RM+2U+%28SMT1500RMI2U%29+-+Pure+Sine+Wave+Rack+UPS,,,SAR,Needs supplier verification,"Verify seller rating, warranty, and marketplace fulfillment before buying."
229,NG-ENT-008,APC Smart-UPS 1500VA LCD RM 2U (SMT1500RMI2U) - Pure Sine Wave Rack UPS,Homelab,4899,,5,B&H Photo,US retailer / distributor search,https://www.bhphotovideo.com/c/search?Ntt=APC+Smart-UPS+1500VA+LCD+RM+2U+%28SMT1500RMI2U%29+-+Pure+Sine+Wave+Rack+UPS&N=0&InitialSearch=yes&sts=ma,,,USD,Needs supplier verification,"Best for cameras, networking, creators, and computer hardware."
230,NG-ENT-007,MikroTik CRS326-24G-2S+RM 24-Port Managed Gigabit Switch with 10G SFP+,Homelab,1110,,1,AliExpress,Marketplace supplier search,https://www.aliexpress.com/wholesale?SearchText=MikroTik+CRS326-24G-2S%2BRM+24-Port+Managed+Gigabit+Switch+with+10G+SFP%2B,,,USD,Needs supplier verification,"Match exact product manually, then fill Buy URL and Supplier Price."
230,NG-ENT-007,MikroTik CRS326-24G-2S+RM 24-Port Managed Gigabit Switch with 10G SFP+,Homelab,1110,,2,Alibaba,B2B supplier search,https://www.alibaba.com/trade/search?SearchText=MikroTik+CRS326-24G-2S%2BRM+24-Port+Managed+Gigabit+Switch+with+10G+SFP%2B,,,USD,Needs supplier verification,"Check MOQ, shipping terms, and verified supplier status before buying."
230,NG-ENT-007,MikroTik CRS326-24G-2S+RM 24-Port Managed Gigabit Switch with 10G SFP+,Homelab,1110,,3,Amazon.sa,Local market reference / supplier option,https://www.amazon.sa/s?k=MikroTik+CRS326-24G-2S%2BRM+24-Port+Managed+Gigabit+Switch+with+10G+SFP%2B,https://www.amazon.sa/-/en/Switch-ports-Gigabit-MikroTik-CRS326-24G-2S-RM/dp/B0747TBTDX/ref=sr_1_1,884,SAR,Existing workbook Amazon reference,Uses existing Amazon reference URL and price when the workbook has them.
230,NG-ENT-007,MikroTik CRS326-24G-2S+RM 24-Port Managed Gigabit Switch with 10G SFP+,Homelab,1110,,4,Noon,Local market reference / supplier option,https://www.noon.com/saudi-en/search/?q=MikroTik+CRS326-24G-2S%2BRM+24-Port+Managed+Gigabit+Switch+with+10G+SFP%2B,,,SAR,Needs supplier verification,"Verify seller rating, warranty, and marketplace fulfillment before buying."
230,NG-ENT-007,MikroTik CRS326-24G-2S+RM 24-Port Managed Gigabit Switch with 10G SFP+,Homelab,1110,,5,B&H Photo,US retailer / distributor search,https://www.bhphotovideo.com/c/search?Ntt=MikroTik+CRS326-24G-2S%2BRM+24-Port+Managed+Gigabit+Switch+with+10G+SFP%2B&N=0&InitialSearch=yes&sts=ma,,,USD,Needs supplier verification,"Best for cameras, networking, creators, and computer hardware."
231,NG-ENT-006,Synology DiskStation DS1621+ 6-Bay NAS - Enterprise Storage Powerhouse,Homelab,5599,,1,AliExpress,Marketplace supplier search,https://www.aliexpress.com/wholesale?SearchText=Synology+DiskStation+DS1621%2B+6-Bay+NAS+-+Enterprise+Storage+Powerhouse,,,USD,Needs supplier verification,"Match exact product manually, then fill Buy URL and Supplier Price."
231,NG-ENT-006,Synology DiskStation DS1621+ 6-Bay NAS - Enterprise Storage Powerhouse,Homelab,5599,,2,Alibaba,B2B supplier search,https://www.alibaba.com/trade/search?SearchText=Synology+DiskStation+DS1621%2B+6-Bay+NAS+-+Enterprise+Storage+Powerhouse,,,USD,Needs supplier verification,"Check MOQ, shipping terms, and verified supplier status before buying."
231,NG-ENT-006,Synology DiskStation DS1621+ 6-Bay NAS - Enterprise Storage Powerhouse,Homelab,5599,,3,Amazon.sa,Local market reference / supplier option,https://www.amazon.sa/s?k=Synology+DiskStation+DS1621%2B+6-Bay+NAS+-+Enterprise+Storage+Powerhouse,scraped via scripts/live-market-sync-inscope.js (2026-05-07),6877,SAR,Existing workbook Amazon reference,Uses existing Amazon reference URL and price when the workbook has them.
231,NG-ENT-006,Synology DiskStation DS1621+ 6-Bay NAS - Enterprise Storage Powerhouse,Homelab,5599,,4,Noon,Local market reference / supplier option,https://www.noon.com/saudi-en/search/?q=Synology+DiskStation+DS1621%2B+6-Bay+NAS+-+Enterprise+Storage+Powerhouse,,,SAR,Needs supplier verification,"Verify seller rating, warranty, and marketplace fulfillment before buying."
231,NG-ENT-006,Synology DiskStation DS1621+ 6-Bay NAS - Enterprise Storage Powerhouse,Homelab,5599,,5,B&H Photo,US retailer / distributor search,https://www.bhphotovideo.com/c/search?Ntt=Synology+DiskStation+DS1621%2B+6-Bay+NAS+-+Enterprise+Storage+Powerhouse&N=0&InitialSearch=yes&sts=ma,,,USD,Needs supplier verification,"Best for cameras, networking, creators, and computer hardware."
233,NG-ACC-004,Seagate IronWolf 18TB NAS Internal Hard Drive - Built for 24/7 Performance,Hardware,3109,2699,1,AliExpress,Marketplace supplier search,https://www.aliexpress.com/wholesale?SearchText=Seagate+IronWolf+18TB+NAS+Internal+Hard+Drive+-+Built+for+24%2F7+Performance,,,USD,Needs supplier verification,"Match exact product manually, then fill Buy URL and Supplier Price."
233,NG-ACC-004,Seagate IronWolf 18TB NAS Internal Hard Drive - Built for 24/7 Performance,Hardware,3109,2699,2,Alibaba,B2B supplier search,https://www.alibaba.com/trade/search?SearchText=Seagate+IronWolf+18TB+NAS+Internal+Hard+Drive+-+Built+for+24%2F7+Performance,,,USD,Needs supplier verification,"Check MOQ, shipping terms, and verified supplier status before buying."
233,NG-ACC-004,Seagate IronWolf 18TB NAS Internal Hard Drive - Built for 24/7 Performance,Hardware,3109,2699,3,Amazon.sa,Local market reference / supplier option,https://www.amazon.sa/s?k=Seagate+IronWolf+18TB+NAS+Internal+Hard+Drive+-+Built+for+24%2F7+Performance,,,SAR,Needs supplier verification,Uses existing Amazon reference URL and price when the workbook has them.
233,NG-ACC-004,Seagate IronWolf 18TB NAS Internal Hard Drive - Built for 24/7 Performance,Hardware,3109,2699,4,Noon,Local market reference / supplier option,https://www.noon.com/saudi-en/search/?q=Seagate+IronWolf+18TB+NAS+Internal+Hard+Drive+-+Built+for+24%2F7+Performance,,,SAR,Needs supplier verification,"Verify seller rating, warranty, and marketplace fulfillment before buying."
233,NG-ACC-004,Seagate IronWolf 18TB NAS Internal Hard Drive - Built for 24/7 Performance,Hardware,3109,2699,5,B&H Photo,US retailer / distributor search,https://www.bhphotovideo.com/c/search?Ntt=Seagate+IronWolf+18TB+NAS+Internal+Hard+Drive+-+Built+for+24%2F7+Performance&N=0&InitialSearch=yes&sts=ma,,,USD,Needs supplier verification,"Best for cameras, networking, creators, and computer hardware."
234,NG-ACC-003,Mark Ryden Anti-theft Laptop Backpack - Maximum Protection for Your Tech,Accessories & Lifestyle,479,409,1,AliExpress,Marketplace supplier search,https://www.aliexpress.com/wholesale?SearchText=Mark+Ryden+Anti-theft+Laptop+Backpack+-+Maximum+Protection+for+Your+Tech,,,USD,Needs supplier verification,"Match exact product manually, then fill Buy URL and Supplier Price."
234,NG-ACC-003,Mark Ryden Anti-theft Laptop Backpack - Maximum Protection for Your Tech,Accessories & Lifestyle,479,409,2,Alibaba,B2B supplier search,https://www.alibaba.com/trade/search?SearchText=Mark+Ryden+Anti-theft+Laptop+Backpack+-+Maximum+Protection+for+Your+Tech,,,USD,Needs supplier verification,"Check MOQ, shipping terms, and verified supplier status before buying."
234,NG-ACC-003,Mark Ryden Anti-theft Laptop Backpack - Maximum Protection for Your Tech,Accessories & Lifestyle,479,409,3,Amazon.sa,Local market reference / supplier option,https://www.amazon.sa/s?k=Mark+Ryden+Anti-theft+Laptop+Backpack+-+Maximum+Protection+for+Your+Tech,,,SAR,Needs supplier verification,Uses existing Amazon reference URL and price when the workbook has them.
234,NG-ACC-003,Mark Ryden Anti-theft Laptop Backpack - Maximum Protection for Your Tech,Accessories & Lifestyle,479,409,4,Noon,Local market reference / supplier option,https://www.noon.com/saudi-en/search/?q=Mark+Ryden+Anti-theft+Laptop+Backpack+-+Maximum+Protection+for+Your+Tech,,,SAR,Needs supplier verification,"Verify seller rating, warranty, and marketplace fulfillment before buying."
234,NG-ACC-003,Mark Ryden Anti-theft Laptop Backpack - Maximum Protection for Your Tech,Accessories & Lifestyle,479,409,5,B&H Photo,US retailer / distributor search,https://www.bhphotovideo.com/c/search?Ntt=Mark+Ryden+Anti-theft+Laptop+Backpack+-+Maximum+Protection+for+Your+Tech&N=0&InitialSearch=yes&sts=ma,,,USD,Needs supplier verification,"Best for cameras, networking, creators, and computer hardware."
235,NG-ACC-002,Anker 735 GaN 65W Charger - Compact 3-Port Fast Charger,Accessories & Lifestyle,379,,1,AliExpress,Marketplace supplier search,https://www.aliexpress.com/wholesale?SearchText=Anker+735+GaN+65W+Charger+-+Compact+3-Port+Fast+Charger,,,USD,Needs supplier verification,"Match exact product manually, then fill Buy URL and Supplier Price."
235,NG-ACC-002,Anker 735 GaN 65W Charger - Compact 3-Port Fast Charger,Accessories & Lifestyle,379,,2,Alibaba,B2B supplier search,https://www.alibaba.com/trade/search?SearchText=Anker+735+GaN+65W+Charger+-+Compact+3-Port+Fast+Charger,,,USD,Needs supplier verification,"Check MOQ, shipping terms, and verified supplier status before buying."
235,NG-ACC-002,Anker 735 GaN 65W Charger - Compact 3-Port Fast Charger,Accessories & Lifestyle,379,,3,Amazon.sa,Local market reference / supplier option,https://www.amazon.sa/s?k=Anker+735+GaN+65W+Charger+-+Compact+3-Port+Fast+Charger,,,SAR,Needs supplier verification,Uses existing Amazon reference URL and price when the workbook has them.
235,NG-ACC-002,Anker 735 GaN 65W Charger - Compact 3-Port Fast Charger,Accessories & Lifestyle,379,,4,Noon,Local market reference / supplier option,https://www.noon.com/saudi-en/search/?q=Anker+735+GaN+65W+Charger+-+Compact+3-Port+Fast+Charger,,,SAR,Needs supplier verification,"Verify seller rating, warranty, and marketplace fulfillment before buying."
235,NG-ACC-002,Anker 735 GaN 65W Charger - Compact 3-Port Fast Charger,Accessories & Lifestyle,379,,5,B&H Photo,US retailer / distributor search,https://www.bhphotovideo.com/c/search?Ntt=Anker+735+GaN+65W+Charger+-+Compact+3-Port+Fast+Charger&N=0&InitialSearch=yes&sts=ma,,,USD,Needs supplier verification,"Best for cameras, networking, creators, and computer hardware."
236,NG-ACC-001,Baseus Blade 100W Power Bank - Ultra-Slim Laptop Portable Charger,Accessories & Lifestyle,499,,1,AliExpress,Marketplace supplier search,https://www.aliexpress.com/wholesale?SearchText=Baseus+Blade+100W+Power+Bank+-+Ultra-Slim+Laptop+Portable+Charger,,,USD,Needs supplier verification,"Match exact product manually, then fill Buy URL and Supplier Price."
236,NG-ACC-001,Baseus Blade 100W Power Bank - Ultra-Slim Laptop Portable Charger,Accessories & Lifestyle,499,,2,Alibaba,B2B supplier search,https://www.alibaba.com/trade/search?SearchText=Baseus+Blade+100W+Power+Bank+-+Ultra-Slim+Laptop+Portable+Charger,,,USD,Needs supplier verification,"Check MOQ, shipping terms, and verified supplier status before buying."
236,NG-ACC-001,Baseus Blade 100W Power Bank - Ultra-Slim Laptop Portable Charger,Accessories & Lifestyle,499,,3,Amazon.sa,Local market reference / supplier option,https://www.amazon.sa/s?k=Baseus+Blade+100W+Power+Bank+-+Ultra-Slim+Laptop+Portable+Charger,,,SAR,Needs supplier verification,Uses existing Amazon reference URL and price when the workbook has them.
236,NG-ACC-001,Baseus Blade 100W Power Bank - Ultra-Slim Laptop Portable Charger,Accessories & Lifestyle,499,,4,Noon,Local market reference / supplier option,https://www.noon.com/saudi-en/search/?q=Baseus+Blade+100W+Power+Bank+-+Ultra-Slim+Laptop+Portable+Charger,,,SAR,Needs supplier verification,"Verify seller rating, warranty, and marketplace fulfillment before buying."
236,NG-ACC-001,Baseus Blade 100W Power Bank - Ultra-Slim Laptop Portable Charger,Accessories & Lifestyle,499,,5,B&H Photo,US retailer / distributor search,https://www.bhphotovideo.com/c/search?Ntt=Baseus+Blade+100W+Power+Bank+-+Ultra-Slim+Laptop+Portable+Charger&N=0&InitialSearch=yes&sts=ma,,,USD,Needs supplier verification,"Best for cameras, networking, creators, and computer hardware."
237,NG-MKR-005,Elgato Stream Deck MK.2 - Professional Productivity Console with 15 LCD Keys,Enthusiasts & Gamers,1439,1249,1,AliExpress,Marketplace supplier search,https://www.aliexpress.com/wholesale?SearchText=Elgato+Stream+Deck+MK.2+-+Professional+Productivity+Console+with+15+LCD+Keys,,,USD,Needs supplier verification,"Match exact product manually, then fill Buy URL and Supplier Price."
237,NG-MKR-005,Elgato Stream Deck MK.2 - Professional Productivity Console with 15 LCD Keys,Enthusiasts & Gamers,1439,1249,2,Alibaba,B2B supplier search,https://www.alibaba.com/trade/search?SearchText=Elgato+Stream+Deck+MK.2+-+Professional+Productivity+Console+with+15+LCD+Keys,,,USD,Needs supplier verification,"Check MOQ, shipping terms, and verified supplier status before buying."
237,NG-MKR-005,Elgato Stream Deck MK.2 - Professional Productivity Console with 15 LCD Keys,Enthusiasts & Gamers,1439,1249,3,Amazon.sa,Local market reference / supplier option,https://www.amazon.sa/s?k=Elgato+Stream+Deck+MK.2+-+Professional+Productivity+Console+with+15+LCD+Keys,,,SAR,Needs supplier verification,Uses existing Amazon reference URL and price when the workbook has them.
237,NG-MKR-005,Elgato Stream Deck MK.2 - Professional Productivity Console with 15 LCD Keys,Enthusiasts & Gamers,1439,1249,4,Noon,Local market reference / supplier option,https://www.noon.com/saudi-en/search/?q=Elgato+Stream+Deck+MK.2+-+Professional+Productivity+Console+with+15+LCD+Keys,,,SAR,Needs supplier verification,"Verify seller rating, warranty, and marketplace fulfillment before buying."
237,NG-MKR-005,Elgato Stream Deck MK.2 - Professional Productivity Console with 15 LCD Keys,Enthusiasts & Gamers,1439,1249,5,B&H Photo,US retailer / distributor search,https://www.bhphotovideo.com/c/search?Ntt=Elgato+Stream+Deck+MK.2+-+Professional+Productivity+Console+with+15+LCD+Keys&N=0&InitialSearch=yes&sts=ma,,,USD,Needs supplier verification,"Best for cameras, networking, creators, and computer hardware."
238,NG-MKR-004,Meta Quest 3 128GB - The Most Powerful Mixed Reality Headset,Enthusiasts & Gamers,3060,,1,AliExpress,Marketplace supplier search,https://www.aliexpress.com/wholesale?SearchText=Meta+Quest+3+128GB+-+The+Most+Powerful+Mixed+Reality+Headset,,,USD,Needs supplier verification,"Match exact product manually, then fill Buy URL and Supplier Price."
238,NG-MKR-004,Meta Quest 3 128GB - The Most Powerful Mixed Reality Headset,Enthusiasts & Gamers,3060,,2,Alibaba,B2B supplier search,https://www.alibaba.com/trade/search?SearchText=Meta+Quest+3+128GB+-+The+Most+Powerful+Mixed+Reality+Headset,,,USD,Needs supplier verification,"Check MOQ, shipping terms, and verified supplier status before buying."
238,NG-MKR-004,Meta Quest 3 128GB - The Most Powerful Mixed Reality Headset,Enthusiasts & Gamers,3060,,3,Amazon.sa,Local market reference / supplier option,https://www.amazon.sa/s?k=Meta+Quest+3+128GB+-+The+Most+Powerful+Mixed+Reality+Headset,https://www.amazon.sa/-/en/Meta-Quest-512GB-All-One/dp/B0CD1JTBSC/ref=sr_1_2,2441,SAR,Existing workbook Amazon reference,Uses existing Amazon reference URL and price when the workbook has them.
238,NG-MKR-004,Meta Quest 3 128GB - The Most Powerful Mixed Reality Headset,Enthusiasts & Gamers,3060,,4,Noon,Local market reference / supplier option,https://www.noon.com/saudi-en/search/?q=Meta+Quest+3+128GB+-+The+Most+Powerful+Mixed+Reality+Headset,,,SAR,Needs supplier verification,"Verify seller rating, warranty, and marketplace fulfillment before buying."
238,NG-MKR-004,Meta Quest 3 128GB - The Most Powerful Mixed Reality Headset,Enthusiasts & Gamers,3060,,5,B&H Photo,US retailer / distributor search,https://www.bhphotovideo.com/c/search?Ntt=Meta+Quest+3+128GB+-+The+Most+Powerful+Mixed+Reality+Headset&N=0&InitialSearch=yes&sts=ma,,,USD,Needs supplier verification,"Best for cameras, networking, creators, and computer hardware."
239,NG-MKR-003,Keychron Q1 - Premium Full Aluminum Custom Mechanical Keyboard,Enthusiasts & Gamers,1449,,1,AliExpress,Marketplace supplier search,https://www.aliexpress.com/wholesale?SearchText=Keychron+Q1+-+Premium+Full+Aluminum+Custom+Mechanical+Keyboard,,,USD,Needs supplier verification,"Match exact product manually, then fill Buy URL and Supplier Price."
239,NG-MKR-003,Keychron Q1 - Premium Full Aluminum Custom Mechanical Keyboard,Enthusiasts & Gamers,1449,,2,Alibaba,B2B supplier search,https://www.alibaba.com/trade/search?SearchText=Keychron+Q1+-+Premium+Full+Aluminum+Custom+Mechanical+Keyboard,,,USD,Needs supplier verification,"Check MOQ, shipping terms, and verified supplier status before buying."
239,NG-MKR-003,Keychron Q1 - Premium Full Aluminum Custom Mechanical Keyboard,Enthusiasts & Gamers,1449,,3,Amazon.sa,Local market reference / supplier option,https://www.amazon.sa/s?k=Keychron+Q1+-+Premium+Full+Aluminum+Custom+Mechanical+Keyboard,,,SAR,Needs supplier verification,Uses existing Amazon reference URL and price when the workbook has them.
239,NG-MKR-003,Keychron Q1 - Premium Full Aluminum Custom Mechanical Keyboard,Enthusiasts & Gamers,1449,,4,Noon,Local market reference / supplier option,https://www.noon.com/saudi-en/search/?q=Keychron+Q1+-+Premium+Full+Aluminum+Custom+Mechanical+Keyboard,,,SAR,Needs supplier verification,"Verify seller rating, warranty, and marketplace fulfillment before buying."
239,NG-MKR-003,Keychron Q1 - Premium Full Aluminum Custom Mechanical Keyboard,Enthusiasts & Gamers,1449,,5,B&H Photo,US retailer / distributor search,https://www.bhphotovideo.com/c/search?Ntt=Keychron+Q1+-+Premium+Full+Aluminum+Custom+Mechanical+Keyboard&N=0&InitialSearch=yes&sts=ma,,,USD,Needs supplier verification,"Best for cameras, networking, creators, and computer hardware."
240,NG-MKR-002,Raspberry Pi 5 Ultimate Starter Kit - Everything You Need in One Box,Hardware,1329,1149,1,AliExpress,Marketplace supplier search,https://www.aliexpress.com/wholesale?SearchText=Raspberry+Pi+5+Ultimate+Starter+Kit+-+Everything+You+Need+in+One+Box,,,USD,Needs supplier verification,"Match exact product manually, then fill Buy URL and Supplier Price."
240,NG-MKR-002,Raspberry Pi 5 Ultimate Starter Kit - Everything You Need in One Box,Hardware,1329,1149,2,Alibaba,B2B supplier search,https://www.alibaba.com/trade/search?SearchText=Raspberry+Pi+5+Ultimate+Starter+Kit+-+Everything+You+Need+in+One+Box,,,USD,Needs supplier verification,"Check MOQ, shipping terms, and verified supplier status before buying."
240,NG-MKR-002,Raspberry Pi 5 Ultimate Starter Kit - Everything You Need in One Box,Hardware,1329,1149,3,Amazon.sa,Local market reference / supplier option,https://www.amazon.sa/s?k=Raspberry+Pi+5+Ultimate+Starter+Kit+-+Everything+You+Need+in+One+Box,,,SAR,Needs supplier verification,Uses existing Amazon reference URL and price when the workbook has them.
240,NG-MKR-002,Raspberry Pi 5 Ultimate Starter Kit - Everything You Need in One Box,Hardware,1329,1149,4,Noon,Local market reference / supplier option,https://www.noon.com/saudi-en/search/?q=Raspberry+Pi+5+Ultimate+Starter+Kit+-+Everything+You+Need+in+One+Box,,,SAR,Needs supplier verification,"Verify seller rating, warranty, and marketplace fulfillment before buying."
240,NG-MKR-002,Raspberry Pi 5 Ultimate Starter Kit - Everything You Need in One Box,Hardware,1329,1149,5,B&H Photo,US retailer / distributor search,https://www.bhphotovideo.com/c/search?Ntt=Raspberry+Pi+5+Ultimate+Starter+Kit+-+Everything+You+Need+in+One+Box&N=0&InitialSearch=yes&sts=ma,,,USD,Needs supplier verification,"Best for cameras, networking, creators, and computer hardware."
241,NG-MKR-001,Raspberry Pi 5 8GB - The New Standard in Single Board Computing,Hardware,1039,899,1,AliExpress,Marketplace supplier search,https://www.aliexpress.com/wholesale?SearchText=Raspberry+Pi+5+8GB+-+The+New+Standard+in+Single+Board+Computing,,,USD,Needs supplier verification,"Match exact product manually, then fill Buy URL and Supplier Price."
241,NG-MKR-001,Raspberry Pi 5 8GB - The New Standard in Single Board Computing,Hardware,1039,899,2,Alibaba,B2B supplier search,https://www.alibaba.com/trade/search?SearchText=Raspberry+Pi+5+8GB+-+The+New+Standard+in+Single+Board+Computing,,,USD,Needs supplier verification,"Check MOQ, shipping terms, and verified supplier status before buying."
241,NG-MKR-001,Raspberry Pi 5 8GB - The New Standard in Single Board Computing,Hardware,1039,899,3,Amazon.sa,Local market reference / supplier option,https://www.amazon.sa/s?k=Raspberry+Pi+5+8GB+-+The+New+Standard+in+Single+Board+Computing,,,SAR,Needs supplier verification,Uses existing Amazon reference URL and price when the workbook has them.
241,NG-MKR-001,Raspberry Pi 5 8GB - The New Standard in Single Board Computing,Hardware,1039,899,4,Noon,Local market reference / supplier option,https://www.noon.com/saudi-en/search/?q=Raspberry+Pi+5+8GB+-+The+New+Standard+in+Single+Board+Computing,,,SAR,Needs supplier verification,"Verify seller rating, warranty, and marketplace fulfillment before buying."
241,NG-MKR-001,Raspberry Pi 5 8GB - The New Standard in Single Board Computing,Hardware,1039,899,5,B&H Photo,US retailer / distributor search,https://www.bhphotovideo.com/c/search?Ntt=Raspberry+Pi+5+8GB+-+The+New+Standard+in+Single+Board+Computing&N=0&InitialSearch=yes&sts=ma,,,USD,Needs supplier verification,"Best for cameras, networking, creators, and computer hardware."
242,NG-SH-005,Sonoff TX Ultimate (T5) Smart Wall Switch - Interactive Elegance with RGB,Smart Home & IoT,309,269,1,AliExpress,Marketplace supplier search,https://www.aliexpress.com/wholesale?SearchText=Sonoff+TX+Ultimate+%28T5%29+Smart+Wall+Switch+-+Interactive+Elegance+with+RGB,,,USD,Needs supplier verification,"Match exact product manually, then fill Buy URL and Supplier Price."
242,NG-SH-005,Sonoff TX Ultimate (T5) Smart Wall Switch - Interactive Elegance with RGB,Smart Home & IoT,309,269,2,Alibaba,B2B supplier search,https://www.alibaba.com/trade/search?SearchText=Sonoff+TX+Ultimate+%28T5%29+Smart+Wall+Switch+-+Interactive+Elegance+with+RGB,,,USD,Needs supplier verification,"Check MOQ, shipping terms, and verified supplier status before buying."
242,NG-SH-005,Sonoff TX Ultimate (T5) Smart Wall Switch - Interactive Elegance with RGB,Smart Home & IoT,309,269,3,Amazon.sa,Local market reference / supplier option,https://www.amazon.sa/s?k=Sonoff+TX+Ultimate+%28T5%29+Smart+Wall+Switch+-+Interactive+Elegance+with+RGB,scraped via scripts/live-market-sync-inscope.js (2026-05-07),141,SAR,Existing workbook Amazon reference,Uses existing Amazon reference URL and price when the workbook has them.
242,NG-SH-005,Sonoff TX Ultimate (T5) Smart Wall Switch - Interactive Elegance with RGB,Smart Home & IoT,309,269,4,Noon,Local market reference / supplier option,https://www.noon.com/saudi-en/search/?q=Sonoff+TX+Ultimate+%28T5%29+Smart+Wall+Switch+-+Interactive+Elegance+with+RGB,,,SAR,Needs supplier verification,"Verify seller rating, warranty, and marketplace fulfillment before buying."
242,NG-SH-005,Sonoff TX Ultimate (T5) Smart Wall Switch - Interactive Elegance with RGB,Smart Home & IoT,309,269,5,B&H Photo,US retailer / distributor search,https://www.bhphotovideo.com/c/search?Ntt=Sonoff+TX+Ultimate+%28T5%29+Smart+Wall+Switch+-+Interactive+Elegance+with+RGB&N=0&InitialSearch=yes&sts=ma,,,USD,Needs supplier verification,"Best for cameras, networking, creators, and computer hardware."
243,NG-SH-004,Aqara Water Leak Sensor - Safeguard Your Home from Water Damage,Smart Home & IoT,259,219,1,AliExpress,Marketplace supplier search,https://www.aliexpress.com/wholesale?SearchText=Aqara+Water+Leak+Sensor+-+Safeguard+Your+Home+from+Water+Damage,,,USD,Needs supplier verification,"Match exact product manually, then fill Buy URL and Supplier Price."
243,NG-SH-004,Aqara Water Leak Sensor - Safeguard Your Home from Water Damage,Smart Home & IoT,259,219,2,Alibaba,B2B supplier search,https://www.alibaba.com/trade/search?SearchText=Aqara+Water+Leak+Sensor+-+Safeguard+Your+Home+from+Water+Damage,,,USD,Needs supplier verification,"Check MOQ, shipping terms, and verified supplier status before buying."
243,NG-SH-004,Aqara Water Leak Sensor - Safeguard Your Home from Water Damage,Smart Home & IoT,259,219,3,Amazon.sa,Local market reference / supplier option,https://www.amazon.sa/s?k=Aqara+Water+Leak+Sensor+-+Safeguard+Your+Home+from+Water+Damage,scraped via scripts/live-market-sync-inscope.js (2026-05-07),143,SAR,Existing workbook Amazon reference,Uses existing Amazon reference URL and price when the workbook has them.
243,NG-SH-004,Aqara Water Leak Sensor - Safeguard Your Home from Water Damage,Smart Home & IoT,259,219,4,Noon,Local market reference / supplier option,https://www.noon.com/saudi-en/search/?q=Aqara+Water+Leak+Sensor+-+Safeguard+Your+Home+from+Water+Damage,,,SAR,Needs supplier verification,"Verify seller rating, warranty, and marketplace fulfillment before buying."
243,NG-SH-004,Aqara Water Leak Sensor - Safeguard Your Home from Water Damage,Smart Home & IoT,259,219,5,B&H Photo,US retailer / distributor search,https://www.bhphotovideo.com/c/search?Ntt=Aqara+Water+Leak+Sensor+-+Safeguard+Your+Home+from+Water+Damage&N=0&InitialSearch=yes&sts=ma,,,USD,Needs supplier verification,"Best for cameras, networking, creators, and computer hardware."
244,NG-SH-003,Broadlink RM4 Pro - Universal Smart Remote for IR &amp; RF Devices,Smart Home & IoT,359,,1,AliExpress,Marketplace supplier search,https://www.aliexpress.com/wholesale?SearchText=Broadlink+RM4+Pro+-+Universal+Smart+Remote+for+IR+%26amp%3B+RF+Devices,,,USD,Needs supplier verification,"Match exact product manually, then fill Buy URL and Supplier Price."
244,NG-SH-003,Broadlink RM4 Pro - Universal Smart Remote for IR &amp; RF Devices,Smart Home & IoT,359,,2,Alibaba,B2B supplier search,https://www.alibaba.com/trade/search?SearchText=Broadlink+RM4+Pro+-+Universal+Smart+Remote+for+IR+%26amp%3B+RF+Devices,,,USD,Needs supplier verification,"Check MOQ, shipping terms, and verified supplier status before buying."
244,NG-SH-003,Broadlink RM4 Pro - Universal Smart Remote for IR &amp; RF Devices,Smart Home & IoT,359,,3,Amazon.sa,Local market reference / supplier option,https://www.amazon.sa/s?k=Broadlink+RM4+Pro+-+Universal+Smart+Remote+for+IR+%26amp%3B+RF+Devices,scraped via scripts/live-market-sync-inscope.js (2026-05-07),189,SAR,Existing workbook Amazon reference,Uses existing Amazon reference URL and price when the workbook has them.
244,NG-SH-003,Broadlink RM4 Pro - Universal Smart Remote for IR &amp; RF Devices,Smart Home & IoT,359,,4,Noon,Local market reference / supplier option,https://www.noon.com/saudi-en/search/?q=Broadlink+RM4+Pro+-+Universal+Smart+Remote+for+IR+%26amp%3B+RF+Devices,,,SAR,Needs supplier verification,"Verify seller rating, warranty, and marketplace fulfillment before buying."
244,NG-SH-003,Broadlink RM4 Pro - Universal Smart Remote for IR &amp; RF Devices,Smart Home & IoT,359,,5,B&H Photo,US retailer / distributor search,https://www.bhphotovideo.com/c/search?Ntt=Broadlink+RM4+Pro+-+Universal+Smart+Remote+for+IR+%26amp%3B+RF+Devices&N=0&InitialSearch=yes&sts=ma,,,USD,Needs supplier verification,"Best for cameras, networking, creators, and computer hardware."
245,NG-SH-002,UniFi Protect G4 Pro Camera - 4K Ultra HD Surveillance Excellence,Smart Home & IoT,2520,,1,AliExpress,Marketplace supplier search,https://www.aliexpress.com/wholesale?SearchText=UniFi+Protect+G4+Pro+Camera+-+4K+Ultra+HD+Surveillance+Excellence,,,USD,Needs supplier verification,"Match exact product manually, then fill Buy URL and Supplier Price."
245,NG-SH-002,UniFi Protect G4 Pro Camera - 4K Ultra HD Surveillance Excellence,Smart Home & IoT,2520,,2,Alibaba,B2B supplier search,https://www.alibaba.com/trade/search?SearchText=UniFi+Protect+G4+Pro+Camera+-+4K+Ultra+HD+Surveillance+Excellence,,,USD,Needs supplier verification,"Check MOQ, shipping terms, and verified supplier status before buying."
245,NG-SH-002,UniFi Protect G4 Pro Camera - 4K Ultra HD Surveillance Excellence,Smart Home & IoT,2520,,3,Amazon.sa,Local market reference / supplier option,https://www.amazon.sa/s?k=UniFi+Protect+G4+Pro+Camera+-+4K+Ultra+HD+Surveillance+Excellence,https://www.amazon.sa/-/en/Ubiquiti-Networks-UVC-G4-PRO-PROTECT-G4-PRO/dp/B07R7F7KJM/ref=sr_1_1,2008,SAR,Existing workbook Amazon reference,Uses existing Amazon reference URL and price when the workbook has them.
245,NG-SH-002,UniFi Protect G4 Pro Camera - 4K Ultra HD Surveillance Excellence,Smart Home & IoT,2520,,4,Noon,Local market reference / supplier option,https://www.noon.com/saudi-en/search/?q=UniFi+Protect+G4+Pro+Camera+-+4K+Ultra+HD+Surveillance+Excellence,,,SAR,Needs supplier verification,"Verify seller rating, warranty, and marketplace fulfillment before buying."
245,NG-SH-002,UniFi Protect G4 Pro Camera - 4K Ultra HD Surveillance Excellence,Smart Home & IoT,2520,,5,B&H Photo,US retailer / distributor search,https://www.bhphotovideo.com/c/search?Ntt=UniFi+Protect+G4+Pro+Camera+-+4K+Ultra+HD+Surveillance+Excellence&N=0&InitialSearch=yes&sts=ma,,,USD,Needs supplier verification,"Best for cameras, networking, creators, and computer hardware."
246,NG-SH-001,Aqara Smart Door Lock A100 - Elite Security with Apple HomeKey Support,Smart Home & IoT,1649,,1,AliExpress,Marketplace supplier search,https://www.aliexpress.com/wholesale?SearchText=Aqara+Smart+Door+Lock+A100+-+Elite+Security+with+Apple+HomeKey+Support,,,USD,Needs supplier verification,"Match exact product manually, then fill Buy URL and Supplier Price."
246,NG-SH-001,Aqara Smart Door Lock A100 - Elite Security with Apple HomeKey Support,Smart Home & IoT,1649,,2,Alibaba,B2B supplier search,https://www.alibaba.com/trade/search?SearchText=Aqara+Smart+Door+Lock+A100+-+Elite+Security+with+Apple+HomeKey+Support,,,USD,Needs supplier verification,"Check MOQ, shipping terms, and verified supplier status before buying."
246,NG-SH-001,Aqara Smart Door Lock A100 - Elite Security with Apple HomeKey Support,Smart Home & IoT,1649,,3,Amazon.sa,Local market reference / supplier option,https://www.amazon.sa/s?k=Aqara+Smart+Door+Lock+A100+-+Elite+Security+with+Apple+HomeKey+Support,scraped via scripts/live-market-sync-inscope.js (2026-05-07),1699,SAR,Existing workbook Amazon reference,Uses existing Amazon reference URL and price when the workbook has them.
246,NG-SH-001,Aqara Smart Door Lock A100 - Elite Security with Apple HomeKey Support,Smart Home & IoT,1649,,4,Noon,Local market reference / supplier option,https://www.noon.com/saudi-en/search/?q=Aqara+Smart+Door+Lock+A100+-+Elite+Security+with+Apple+HomeKey+Support,,,SAR,Needs supplier verification,"Verify seller rating, warranty, and marketplace fulfillment before buying."
246,NG-SH-001,Aqara Smart Door Lock A100 - Elite Security with Apple HomeKey Support,Smart Home & IoT,1649,,5,B&H Photo,US retailer / distributor search,https://www.bhphotovideo.com/c/search?Ntt=Aqara+Smart+Door+Lock+A100+-+Elite+Security+with+Apple+HomeKey+Support&N=0&InitialSearch=yes&sts=ma,,,USD,Needs supplier verification,"Best for cameras, networking, creators, and computer hardware."
247,NG-ENT-005,Asustor Flashstor 6 (FS6706T) - All-NVMe SSD NAS for Extreme Performance,Homelab,3099,,1,AliExpress,Marketplace supplier search,https://www.aliexpress.com/wholesale?SearchText=Asustor+Flashstor+6+%28FS6706T%29+-+All-NVMe+SSD+NAS+for+Extreme+Performance,,,USD,Needs supplier verification,"Match exact product manually, then fill Buy URL and Supplier Price."
247,NG-ENT-005,Asustor Flashstor 6 (FS6706T) - All-NVMe SSD NAS for Extreme Performance,Homelab,3099,,2,Alibaba,B2B supplier search,https://www.alibaba.com/trade/search?SearchText=Asustor+Flashstor+6+%28FS6706T%29+-+All-NVMe+SSD+NAS+for+Extreme+Performance,,,USD,Needs supplier verification,"Check MOQ, shipping terms, and verified supplier status before buying."
247,NG-ENT-005,Asustor Flashstor 6 (FS6706T) - All-NVMe SSD NAS for Extreme Performance,Homelab,3099,,3,Amazon.sa,Local market reference / supplier option,https://www.amazon.sa/s?k=Asustor+Flashstor+6+%28FS6706T%29+-+All-NVMe+SSD+NAS+for+Extreme+Performance,scraped via scripts/live-market-sync-inscope.js (2026-05-07),2802,SAR,Existing workbook Amazon reference,Uses existing Amazon reference URL and price when the workbook has them.
247,NG-ENT-005,Asustor Flashstor 6 (FS6706T) - All-NVMe SSD NAS for Extreme Performance,Homelab,3099,,4,Noon,Local market reference / supplier option,https://www.noon.com/saudi-en/search/?q=Asustor+Flashstor+6+%28FS6706T%29+-+All-NVMe+SSD+NAS+for+Extreme+Performance,,,SAR,Needs supplier verification,"Verify seller rating, warranty, and marketplace fulfillment before buying."
247,NG-ENT-005,Asustor Flashstor 6 (FS6706T) - All-NVMe SSD NAS for Extreme Performance,Homelab,3099,,5,B&H Photo,US retailer / distributor search,https://www.bhphotovideo.com/c/search?Ntt=Asustor+Flashstor+6+%28FS6706T%29+-+All-NVMe+SSD+NAS+for+Extreme+Performance&N=0&InitialSearch=yes&sts=ma,,,USD,Needs supplier verification,"Best for cameras, networking, creators, and computer hardware."
248,NG-ENT-004,UniFi 6 Long-Range (U6-LR) - High-Performance WiFi 6 Access Point,Homelab,1180,,1,AliExpress,Marketplace supplier search,https://www.aliexpress.com/wholesale?SearchText=UniFi+6+Long-Range+%28U6-LR%29+-+High-Performance+WiFi+6+Access+Point,,,USD,Needs supplier verification,"Match exact product manually, then fill Buy URL and Supplier Price."
248,NG-ENT-004,UniFi 6 Long-Range (U6-LR) - High-Performance WiFi 6 Access Point,Homelab,1180,,2,Alibaba,B2B supplier search,https://www.alibaba.com/trade/search?SearchText=UniFi+6+Long-Range+%28U6-LR%29+-+High-Performance+WiFi+6+Access+Point,,,USD,Needs supplier verification,"Check MOQ, shipping terms, and verified supplier status before buying."
248,NG-ENT-004,UniFi 6 Long-Range (U6-LR) - High-Performance WiFi 6 Access Point,Homelab,1180,,3,Amazon.sa,Local market reference / supplier option,https://www.amazon.sa/s?k=UniFi+6+Long-Range+%28U6-LR%29+-+High-Performance+WiFi+6+Access+Point,https://www.amazon.sa/-/en/Ubiquiti-Wireless-Long-Range-Included-U6-LR-US/dp/B08V1PF29L/ref=sr_1_2,938,SAR,Existing workbook Amazon reference,Uses existing Amazon reference URL and price when the workbook has them.
248,NG-ENT-004,UniFi 6 Long-Range (U6-LR) - High-Performance WiFi 6 Access Point,Homelab,1180,,4,Noon,Local market reference / supplier option,https://www.noon.com/saudi-en/search/?q=UniFi+6+Long-Range+%28U6-LR%29+-+High-Performance+WiFi+6+Access+Point,,,SAR,Needs supplier verification,"Verify seller rating, warranty, and marketplace fulfillment before buying."
248,NG-ENT-004,UniFi 6 Long-Range (U6-LR) - High-Performance WiFi 6 Access Point,Homelab,1180,,5,B&H Photo,US retailer / distributor search,https://www.bhphotovideo.com/c/search?Ntt=UniFi+6+Long-Range+%28U6-LR%29+-+High-Performance+WiFi+6+Access+Point&N=0&InitialSearch=yes&sts=ma,,,USD,Needs supplier verification,"Best for cameras, networking, creators, and computer hardware."
249,NG-ENT-003,Ubiquiti UniFi Dream Machine Pro (UDM-Pro) - All-in-One Enterprise Network Console,Homelab,2570,,1,AliExpress,Marketplace supplier search,https://www.aliexpress.com/wholesale?SearchText=Ubiquiti+UniFi+Dream+Machine+Pro+%28UDM-Pro%29+-+All-in-One+Enterprise+Network+Console,,,USD,Needs supplier verification,"Match exact product manually, then fill Buy URL and Supplier Price."
249,NG-ENT-003,Ubiquiti UniFi Dream Machine Pro (UDM-Pro) - All-in-One Enterprise Network Console,Homelab,2570,,2,Alibaba,B2B supplier search,https://www.alibaba.com/trade/search?SearchText=Ubiquiti+UniFi+Dream+Machine+Pro+%28UDM-Pro%29+-+All-in-One+Enterprise+Network+Console,,,USD,Needs supplier verification,"Check MOQ, shipping terms, and verified supplier status before buying."
249,NG-ENT-003,Ubiquiti UniFi Dream Machine Pro (UDM-Pro) - All-in-One Enterprise Network Console,Homelab,2570,,3,Amazon.sa,Local market reference / supplier option,https://www.amazon.sa/s?k=Ubiquiti+UniFi+Dream+Machine+Pro+%28UDM-Pro%29+-+All-in-One+Enterprise+Network+Console,https://www.amazon.sa/-/en/Ubiquiti-Networks-Touchscreen-Enterprise-Cortex-A57/dp/B086967C9X,2054,SAR,Existing workbook Amazon reference,Uses existing Amazon reference URL and price when the workbook has them.
249,NG-ENT-003,Ubiquiti UniFi Dream Machine Pro (UDM-Pro) - All-in-One Enterprise Network Console,Homelab,2570,,4,Noon,Local market reference / supplier option,https://www.noon.com/saudi-en/search/?q=Ubiquiti+UniFi+Dream+Machine+Pro+%28UDM-Pro%29+-+All-in-One+Enterprise+Network+Console,,,SAR,Needs supplier verification,"Verify seller rating, warranty, and marketplace fulfillment before buying."
249,NG-ENT-003,Ubiquiti UniFi Dream Machine Pro (UDM-Pro) - All-in-One Enterprise Network Console,Homelab,2570,,5,B&H Photo,US retailer / distributor search,https://www.bhphotovideo.com/c/search?Ntt=Ubiquiti+UniFi+Dream+Machine+Pro+%28UDM-Pro%29+-+All-in-One+Enterprise+Network+Console&N=0&InitialSearch=yes&sts=ma,,,USD,Needs supplier verification,"Best for cameras, networking, creators, and computer hardware."
250,NG-ENT-002,Asustor Lockerstor 4 (AS6604T) - Professional 4-Bay NAS for Creators,Homelab,3099,,1,AliExpress,Marketplace supplier search,https://www.aliexpress.com/wholesale?SearchText=Asustor+Lockerstor+4+%28AS6604T%29+-+Professional+4-Bay+NAS+for+Creators,,,USD,Needs supplier verification,"Match exact product manually, then fill Buy URL and Supplier Price."
250,NG-ENT-002,Asustor Lockerstor 4 (AS6604T) - Professional 4-Bay NAS for Creators,Homelab,3099,,2,Alibaba,B2B supplier search,https://www.alibaba.com/trade/search?SearchText=Asustor+Lockerstor+4+%28AS6604T%29+-+Professional+4-Bay+NAS+for+Creators,,,USD,Needs supplier verification,"Check MOQ, shipping terms, and verified supplier status before buying."
250,NG-ENT-002,Asustor Lockerstor 4 (AS6604T) - Professional 4-Bay NAS for Creators,Homelab,3099,,3,Amazon.sa,Local market reference / supplier option,https://www.amazon.sa/s?k=Asustor+Lockerstor+4+%28AS6604T%29+-+Professional+4-Bay+NAS+for+Creators,scraped via scripts/live-market-sync-inscope.js (2026-05-07),3137,SAR,Existing workbook Amazon reference,Uses existing Amazon reference URL and price when the workbook has them.
250,NG-ENT-002,Asustor Lockerstor 4 (AS6604T) - Professional 4-Bay NAS for Creators,Homelab,3099,,4,Noon,Local market reference / supplier option,https://www.noon.com/saudi-en/search/?q=Asustor+Lockerstor+4+%28AS6604T%29+-+Professional+4-Bay+NAS+for+Creators,,,SAR,Needs supplier verification,"Verify seller rating, warranty, and marketplace fulfillment before buying."
250,NG-ENT-002,Asustor Lockerstor 4 (AS6604T) - Professional 4-Bay NAS for Creators,Homelab,3099,,5,B&H Photo,US retailer / distributor search,https://www.bhphotovideo.com/c/search?Ntt=Asustor+Lockerstor+4+%28AS6604T%29+-+Professional+4-Bay+NAS+for+Creators&N=0&InitialSearch=yes&sts=ma,,,USD,Needs supplier verification,"Best for cameras, networking, creators, and computer hardware."
251,NG-ENT-001,"Dell PowerEdge R730 Refurbished Server - Enterprise Power, Smart Investment",Homelab,8099,,1,AliExpress,Marketplace supplier search,https://www.aliexpress.com/wholesale?SearchText=Dell+PowerEdge+R730+Refurbished+Server+-+Enterprise+Power%2C+Smart+Investment,,,USD,Needs supplier verification,"Match exact product manually, then fill Buy URL and Supplier Price."
251,NG-ENT-001,"Dell PowerEdge R730 Refurbished Server - Enterprise Power, Smart Investment",Homelab,8099,,2,Alibaba,B2B supplier search,https://www.alibaba.com/trade/search?SearchText=Dell+PowerEdge+R730+Refurbished+Server+-+Enterprise+Power%2C+Smart+Investment,,,USD,Needs supplier verification,"Check MOQ, shipping terms, and verified supplier status before buying."
251,NG-ENT-001,"Dell PowerEdge R730 Refurbished Server - Enterprise Power, Smart Investment",Homelab,8099,,3,Amazon.sa,Local market reference / supplier option,https://www.amazon.sa/s?k=Dell+PowerEdge+R730+Refurbished+Server+-+Enterprise+Power%2C+Smart+Investment,scraped via scripts/live-market-sync-inscope.js (2026-05-07),5899,SAR,Existing workbook Amazon reference,Uses existing Amazon reference URL and price when the workbook has them.
251,NG-ENT-001,"Dell PowerEdge R730 Refurbished Server - Enterprise Power, Smart Investment",Homelab,8099,,4,Noon,Local market reference / supplier option,https://www.noon.com/saudi-en/search/?q=Dell+PowerEdge+R730+Refurbished+Server+-+Enterprise+Power%2C+Smart+Investment,,,SAR,Needs supplier verification,"Verify seller rating, warranty, and marketplace fulfillment before buying."
251,NG-ENT-001,"Dell PowerEdge R730 Refurbished Server - Enterprise Power, Smart Investment",Homelab,8099,,5,B&H Photo,US retailer / distributor search,https://www.bhphotovideo.com/c/search?Ntt=Dell+PowerEdge+R730+Refurbished+Server+-+Enterprise+Power%2C+Smart+Investment&N=0&InitialSearch=yes&sts=ma,,,USD,Needs supplier verification,"Best for cameras, networking, creators, and computer hardware."
577,SH-WIN-ECVX-001,Ecovacs WINBOT W2 OMNI - Robotic Window Cleaner,Smart Home & IoT,2299,,1,AliExpress,Marketplace supplier search,https://www.aliexpress.com/wholesale?SearchText=Ecovacs+WINBOT+W2+OMNI+-+Robotic+Window+Cleaner,,,USD,Needs supplier verification,"Match exact product manually, then fill Buy URL and Supplier Price."
577,SH-WIN-ECVX-001,Ecovacs WINBOT W2 OMNI - Robotic Window Cleaner,Smart Home & IoT,2299,,2,Alibaba,B2B supplier search,https://www.alibaba.com/trade/search?SearchText=Ecovacs+WINBOT+W2+OMNI+-+Robotic+Window+Cleaner,,,USD,Needs supplier verification,"Check MOQ, shipping terms, and verified supplier status before buying."
577,SH-WIN-ECVX-001,Ecovacs WINBOT W2 OMNI - Robotic Window Cleaner,Smart Home & IoT,2299,,3,Amazon.sa,Local market reference / supplier option,https://www.amazon.sa/s?k=Ecovacs+WINBOT+W2+OMNI+-+Robotic+Window+Cleaner,scraped via scripts/live-market-sync-inscope.js (2026-05-07),1598,SAR,Existing workbook Amazon reference,Uses existing Amazon reference URL and price when the workbook has them.
577,SH-WIN-ECVX-001,Ecovacs WINBOT W2 OMNI - Robotic Window Cleaner,Smart Home & IoT,2299,,4,Noon,Local market reference / supplier option,https://www.noon.com/saudi-en/search/?q=Ecovacs+WINBOT+W2+OMNI+-+Robotic+Window+Cleaner,,,SAR,Needs supplier verification,"Verify seller rating, warranty, and marketplace fulfillment before buying."
577,SH-WIN-ECVX-001,Ecovacs WINBOT W2 OMNI - Robotic Window Cleaner,Smart Home & IoT,2299,,5,B&H Photo,US retailer / distributor search,https://www.bhphotovideo.com/c/search?Ntt=Ecovacs+WINBOT+W2+OMNI+-+Robotic+Window+Cleaner&N=0&InitialSearch=yes&sts=ma,,,USD,Needs supplier verification,"Best for cameras, networking, creators, and computer hardware."
578,SH-WIN-HBT-001,HOBOT-R3 - Window Cleaning Robot,Smart Home & IoT,1599,,1,AliExpress,Marketplace supplier search,https://www.aliexpress.com/wholesale?SearchText=HOBOT-R3+-+Window+Cleaning+Robot,,,USD,Needs supplier verification,"Match exact product manually, then fill Buy URL and Supplier Price."
578,SH-WIN-HBT-001,HOBOT-R3 - Window Cleaning Robot,Smart Home & IoT,1599,,2,Alibaba,B2B supplier search,https://www.alibaba.com/trade/search?SearchText=HOBOT-R3+-+Window+Cleaning+Robot,,,USD,Needs supplier verification,"Check MOQ, shipping terms, and verified supplier status before buying."
578,SH-WIN-HBT-001,HOBOT-R3 - Window Cleaning Robot,Smart Home & IoT,1599,,3,Amazon.sa,Local market reference / supplier option,https://www.amazon.sa/s?k=HOBOT-R3+-+Window+Cleaning+Robot,scraped via scripts/live-market-sync-inscope.js (2026-05-07),1294,SAR,Existing workbook Amazon reference,Uses existing Amazon reference URL and price when the workbook has them.
578,SH-WIN-HBT-001,HOBOT-R3 - Window Cleaning Robot,Smart Home & IoT,1599,,4,Noon,Local market reference / supplier option,https://www.noon.com/saudi-en/search/?q=HOBOT-R3+-+Window+Cleaning+Robot,,,SAR,Needs supplier verification,"Verify seller rating, warranty, and marketplace fulfillment before buying."
578,SH-WIN-HBT-001,HOBOT-R3 - Window Cleaning Robot,Smart Home & IoT,1599,,5,B&H Photo,US retailer / distributor search,https://www.bhphotovideo.com/c/search?Ntt=HOBOT-R3+-+Window+Cleaning+Robot&N=0&InitialSearch=yes&sts=ma,,,USD,Needs supplier verification,"Best for cameras, networking, creators, and computer hardware."
581,SH-POL-BBT-001,Beatbot AquaSense Pro - Cordless Pool Cleaning Robot,Smart Home & IoT,7499,,1,AliExpress,Marketplace supplier search,https://www.aliexpress.com/wholesale?SearchText=Beatbot+AquaSense+Pro+-+Cordless+Pool+Cleaning+Robot,,,USD,Needs supplier verification,"Match exact product manually, then fill Buy URL and Supplier Price."
581,SH-POL-BBT-001,Beatbot AquaSense Pro - Cordless Pool Cleaning Robot,Smart Home & IoT,7499,,2,Alibaba,B2B supplier search,https://www.alibaba.com/trade/search?SearchText=Beatbot+AquaSense+Pro+-+Cordless+Pool+Cleaning+Robot,,,USD,Needs supplier verification,"Check MOQ, shipping terms, and verified supplier status before buying."
581,SH-POL-BBT-001,Beatbot AquaSense Pro - Cordless Pool Cleaning Robot,Smart Home & IoT,7499,,3,Amazon.sa,Local market reference / supplier option,https://www.amazon.sa/s?k=Beatbot+AquaSense+Pro+-+Cordless+Pool+Cleaning+Robot,scraped via scripts/live-market-sync-inscope.js (2026-05-07),5498,SAR,Existing workbook Amazon reference,Uses existing Amazon reference URL and price when the workbook has them.
581,SH-POL-BBT-001,Beatbot AquaSense Pro - Cordless Pool Cleaning Robot,Smart Home & IoT,7499,,4,Noon,Local market reference / supplier option,https://www.noon.com/saudi-en/search/?q=Beatbot+AquaSense+Pro+-+Cordless+Pool+Cleaning+Robot,,,SAR,Needs supplier verification,"Verify seller rating, warranty, and marketplace fulfillment before buying."
581,SH-POL-BBT-001,Beatbot AquaSense Pro - Cordless Pool Cleaning Robot,Smart Home & IoT,7499,,5,B&H Photo,US retailer / distributor search,https://www.bhphotovideo.com/c/search?Ntt=Beatbot+AquaSense+Pro+-+Cordless+Pool+Cleaning+Robot&N=0&InitialSearch=yes&sts=ma,,,USD,Needs supplier verification,"Best for cameras, networking, creators, and computer hardware."
582,SH-POL-DOL-001,Maytronics Dolphin Premier - Robotic Pool Cleaner,Smart Home & IoT,5999,,1,AliExpress,Marketplace supplier search,https://www.aliexpress.com/wholesale?SearchText=Maytronics+Dolphin+Premier+-+Robotic+Pool+Cleaner,,,USD,Needs supplier verification,"Match exact product manually, then fill Buy URL and Supplier Price."
582,SH-POL-DOL-001,Maytronics Dolphin Premier - Robotic Pool Cleaner,Smart Home & IoT,5999,,2,Alibaba,B2B supplier search,https://www.alibaba.com/trade/search?SearchText=Maytronics+Dolphin+Premier+-+Robotic+Pool+Cleaner,,,USD,Needs supplier verification,"Check MOQ, shipping terms, and verified supplier status before buying."
582,SH-POL-DOL-001,Maytronics Dolphin Premier - Robotic Pool Cleaner,Smart Home & IoT,5999,,3,Amazon.sa,Local market reference / supplier option,https://www.amazon.sa/s?k=Maytronics+Dolphin+Premier+-+Robotic+Pool+Cleaner,scraped via scripts/live-market-sync-inscope.js (2026-05-07),5956,SAR,Existing workbook Amazon reference,Uses existing Amazon reference URL and price when the workbook has them.
582,SH-POL-DOL-001,Maytronics Dolphin Premier - Robotic Pool Cleaner,Smart Home & IoT,5999,,4,Noon,Local market reference / supplier option,https://www.noon.com/saudi-en/search/?q=Maytronics+Dolphin+Premier+-+Robotic+Pool+Cleaner,,,SAR,Needs supplier verification,"Verify seller rating, warranty, and marketplace fulfillment before buying."
582,SH-POL-DOL-001,Maytronics Dolphin Premier - Robotic Pool Cleaner,Smart Home & IoT,5999,,5,B&H Photo,US retailer / distributor search,https://www.bhphotovideo.com/c/search?Ntt=Maytronics+Dolphin+Premier+-+Robotic+Pool+Cleaner&N=0&InitialSearch=yes&sts=ma,,,USD,Needs supplier verification,"Best for cameras, networking, creators, and computer hardware."
