ID,Type,SKU,"GTIN, UPC, EAN, or ISBN",Name,Published,Is featured?,Visibility in catalog,Sale price,Regular price,Categories,Brands,Shipping class,Weight (kg),Length (cm),Width (cm),Height (cm),Meta: _ng_warranty,Meta: _ng_tech_specs,Meta: _ng_ar_title,Meta: _ng_ar_description,Meta: _ng_model_number,Meta: _ng_country_of_origin,Meta: _ng_hs_code,Meta: _ng_voltage,Meta: _ng_lifecycle_status
42,simple,GC-SW-ACC1,,Adobe Creative Cloud 1 Year,0,0,visible,1999,2499,Gift Cards & Software Keys,,Digital - No Shipping,,,,,Standard NGS Warranty,Condition: New | Class: Digital - No Shipping,أدوبي كرييتف كلاود,<p>اشتراك Adobe Creative Cloud لمدة سنة يوفر لك الوصول إلى مجموعة شاملة من أقوى أدوات التحرير والتصميم.</p> <section> <h2><strong>لماذا هذا المنتج؟</strong></h2> <ul>,,,,,Mainstream
43,simple,GC-SW-KTS1,,Kaspersky Total Security 1 Year,0,0,visible,119,149,Gift Cards & Software Keys,,Digital - No Shipping,,,,,Standard NGS Warranty,Condition: New | Class: Digital - No Shipping,كاسبرسكي,<p>كاسبرسكاي توتال سيركيتيون لعام واحد لحماية جهازك من الفيروسات والتهديدات بشكل شامل.</p> <h2><strong>لماذا هذا المنتج؟</strong></h2> <ul> <li>حماية متقدمة ضد الفيروسات والبرامج الخب,,,,,Mainstream
44,simple,GC-APL-100,,Apple Gift Card $100,1,0,visible,,389,Gift Cards & Software Keys,,Digital - No Shipping,,,,,Standard NGS Warranty,Condition: New | Class: Digital - No Shipping,بطاقة آبل,"<p>بطاقة هدية Apple بقيمة 100 دولار أميركي لشراء منتجات متعددة.</p> <h2><strong>لماذا هذا المنتج؟</strong></h2> <ul style=""direction: rtl;""> <li>توفير قيمة 100 دولار أميركي لشراء منتج",,,,,Mainstream
45,simple,GC-GP-50,,Google Play $50 Gift Card,1,0,visible,,199,Gift Cards & Software Keys,,Digital - No Shipping,,,,,Standard NGS Warranty,Condition: New | Class: Digital - No Shipping,بطاقة قوقل بلاي,<p>تمنحك بطاقة Google Play بقيمة 50 دولار إمكانية الشراء من متجر التطبيقات والألعاب والأفلام والمزيد.</p> <h2><strong>لماذا هذا المنتج؟</strong></h2> <ul> <li>مثالي لشراء التطبيقات وا,,,,,Mainstream
46,simple,GC-NFX-100,,Netflix Gift Card $100,1,0,visible,,389,Gift Cards & Software Keys,,Digital - No Shipping,,,,,Standard NGS Warranty,Condition: New | Class: Digital - No Shipping,بطاقة نتفلكس,<p>تمنح بطاقة هدية Netflix بقيمة 100 دولار إمكانية الوصول إلى خدمات الترفيه عبر الإنترنت من Netflix.</p> <strong>لماذا هذا المنتج؟</strong> <ul> <li>صالح لجميع الحسابات على Netflix.</,,,,,Mainstream
47,simple,GC-XBX-GPU3,,Xbox Game Pass Ultimate 3 Months,0,0,visible,149,179,Gift Cards & Software Keys,,Digital - No Shipping,,,,,Standard NGS Warranty,Condition: New | Class: Digital - No Shipping,قيم باس,"<p>اشتراك Xbox Game Pass Ultimate لمدة 3 أشهر، يوفر لك مكتبة ضخمة من الألعاب بالإضافة إلى خدمة EA Play و Xbox Live Gold.</p> <h2><strong>لماذا هذا المنتج؟</strong></h2> <ul style=""direction:",,,,,Mainstream
48,simple,GC-STM-50,,Steam Wallet $50 Gift Card,1,0,visible,,199,Gift Cards & Software Keys,,Digital - No Shipping,,,,,Standard NGS Warranty,Condition: New | Class: Digital - No Shipping,بطاقة ستيم,"<p>بطاقة هدية Steam Wallet بقيمة 50 دولارًا، تتيح لك شراء الألعاب والتحديثات وعناصر متجر Steam.</p> <h2><strong>لماذا هذا المنتج؟</strong></h2> <ul style=""direction: ltr;""> <li>تسهيل",,,,,Mainstream
49,simple,GC-PSN-50,,PlayStation Store $50 Gift Card,1,0,visible,,199,Gift Cards & Software Keys,,Digital - No Shipping,,,,,Standard NGS Warranty,Condition: New | Class: Digital - No Shipping,بطاقة بلايستيشن,"<p>استمتع بتجربة الألعاب الإلكترونية المذهلة عبر PlayStation Store ببطاقة هدية قيمتها 50 دولار.</p> <h2><strong>لماذا هذا المنتج؟</strong></h2> <ul style=""direction: rtl;""> <li>يسمح ب",,,,,Mainstream
50,simple,GC-SW-OFF24,,Microsoft Office 2024 Pro Plus,0,0,visible,349,399,Gift Cards & Software Keys,,Digital - No Shipping,,,,,Standard NGS Warranty,Condition: New | Class: Digital - No Shipping,أوفيس 2024 برو,"<p>مفتاح تفعيل Microsoft Office 2024 Pro Plus، يشمل Word, Excel, PowerPoint, و Outlook.</p> <strong>لماذا هذا المنتج؟</strong> <ul> <li>يحتوي على أحدث إصدارات برامج Microsoft الرئيسية",,,,,Mainstream
51,simple,GC-SW-WIN11,,Windows 11 Pro License Key,0,0,visible,199,249,Gift Cards & Software Keys,,Digital - No Shipping,,,,,Standard NGS Warranty,Condition: New | Class: Digital - No Shipping,مفتاح ويندوز 11 برو,<p>مفتاح تفعيل أصلي لنظام التشغيل Windows 11 Professional، متوفر فورًا عبر البريد الإلكتروني.</p> <section> <h3><strong>لماذا هذا المنتج؟</strong></h3> <ul> <li>دعم الن,,,,,Mainstream
52,simple,GM-RTR-ASU-001,,ASUS ROG Rapture GT-BE19000AI (WiFi 7),0,0,visible,,4799,Gaming,,Heavy,3.2,45,35,20,Standard NGS Warranty,Condition: New | Class: Heavy,اسوس روج Rapture GT-BE19000AI (WiFi 7),"<p>تتميز شبكة ASUS ROG Rapture GT-BE19000AI بمواصفات متقدمة تجعلها الخيار الأمثل لمستخدمي الألعاب والمتخصصين في الشبكات.</p> <strong>لماذا هذا المنتج؟</strong> <ul style=""direction: rtl;""> <li>دع",,,,,Mainstream
53,simple,GM-PGA-JSA-001,,JSAUX 6-in-1 Dock (Steam Deck/ROG Ally),0,0,visible,459,529,Gaming,,Standard,0.35,18,12,6,Standard NGS Warranty,Condition: New | Class: Standard,جيه ساكس 6-in-1 دوك (ستيم ديك/ROG Ally),"<!-- فقرة افتتاحية واحدة --> <p>تعد دوك JSAUX 6-in-1 Dock الخيار الأمثل لمستخدمي Steam Deck وrog Ally، حيث توفر حلًا متكاملًا للشحن والاتصال.</p> <!-- قسم ""لماذا هذا المنتج؟"" --> <strong>",,,,,Mainstream
54,simple,GM-CMP-NZX-001,,NZXT H9 Elite Mid-Tower ATX Case,0,0,visible,,1349,Hardware,,Oversized,12,60,55,55,Standard NGS Warranty,Condition: New | Class: Oversized,NZXT H9 Elite كيس متوسط كيس ATX,"<p>يقدم لك NZXT H9 Elite Mid-Tower ATX Case حلًا مثاليًا لتنظيم أجهزتك الإلكترونية وتعزيز أدائها.</p> <h2><strong>لماذا هذا المنتج؟</strong></h2> <ul style=""direction: rtl;""> <li>تصمي",,,,,Mainstream
55,simple,GM-CMP-COR-001,,Corsair iCUE H150i RGB Elite (360mm AIO),0,0,visible,,1149,Hardware,,Heavy,2.5,42,22,14,Standard NGS Warranty,Condition: New | Class: Heavy,كورسير iCUE H150i RGB Elite (360mm AIO),"<p>تتميز لوحة التبريد ال todo ""أيكو"" من كورسار بتصميمها المبتكر وتقنياتها المتقدمة، مما يجعلها الخيار الأمثل لمحبي الألعاب.</p> <h2><strong>لماذا هذا المنتج؟</strong></h2> <ul style=""directio",,,,,Mainstream
56,simple,GM-GPU-GIG-001,,Gigabyte AORUS RTX 5090 Master 32GB,0,0,visible,,27999,Hardware,,Heavy,3.5,45,30,15,Standard NGS Warranty,Condition: New | Class: Heavy,جيجابايت AORUS RTX 5090 Master 32GB,<p>تتميز بطاقة الرسوميات Gigabyte AORUS RTX 5090 Master 32GB بأداء قوي ودقة رسومية عالية، مثالية لمحترفي التحرير الفيديو والألعاب ثلاثية الأبعاد.</p> <h2><strong>لماذا هذا المنتج؟</strong></h2>,,,,,Mainstream
57,simple,GM-GPU-NVD-002,,NVIDIA RTX 5080 Founders Edition (16GB),0,0,visible,,6499,Hardware,,Heavy,2.8,40,25,12,Standard NGS Warranty,Condition: New | Class: Heavy,إنفيديا RTX 5080 فاوندرز إديشن (16GB),"<p>تتميز بمعالج NVIDIA RTX 5080 Founders Edition بأحدث التقنيات التي تضمن أداءً مذهلاً في الألعاب والتطبيقات المتقدمة.</p> <h2><strong>لماذا هذا المنتج؟</strong></h2> <ul style=""direction: rt",,,,,Mainstream
58,simple,GM-GPU-NVD-001,,NVIDIA RTX 5090 Founders Edition (32GB),0,0,visible,22999,26449,Hardware,,Heavy,3.2,42,28,14,Standard NGS Warranty,Condition: New | Class: Heavy,إنفيديا RTX 5090 فاوندرز إديشن (32GB),<p>تعد NVIDIA RTX 5090 Founders Edition من أقوى بطاقات الرسوميات المتاحة حالياً، مصممة لتقديم تجربة رسومية عميقة وذكاء حاسوبي متقدم.</p> <strong>لماذا هذا المنتج؟</strong> <ul> <li>قد,,,,,Mainstream
59,simple,GM-STR-HPX-001,,HyperX QuadCast S USB Microphone,1,0,visible,,580,Gaming,,Standard,0.7,25,18,15,Standard NGS Warranty,Condition: New | Class: Standard,هايبر إكس QuadCast S ميكروفون USB,<p>يعد ميكروفون HyperX QuadCast S الخيار الأمثل للبث المباشر والتسجيلات الصوتية العالية الجودة.</p> <h2><strong>لماذا هذا المنتج؟</strong></h2> <ul> <li>يتميز بجودة صوت عالية ودقة تفا,,,,,Mainstream
60,simple,GM-STR-ELG-001,,Elgato Stream Deck MK.2,0,0,visible,949,1099,Gaming,,Standard,0.5,22,16,6,Standard NGS Warranty,Condition: New | Class: Standard,إلجاتو ستريم ديك MK.2,"<p>إنه منتج إلكتروني مبتكر يساعد في إدارة وتنظيم أدوات البرمجة والألعاب بشكل فعال.</p> <h3><strong>لماذا هذا المنتج؟</strong></h3> <ul style=""list-style-type: disc;""> <li>يتميز بواجهة",,,,,Mainstream
61,simple,GM-CAP-AVR-001,,AVerMedia Live Gamer Ultra S,0,0,visible,,1049,Gaming,,Standard,0.4,20,14,5,Standard NGS Warranty,Condition: New | Class: Standard,أفرميديا Live Gamer Ultra S,"<!-- فقرة افتتاحية واحدة --> <p>أقدم لكم أحدث إصدار من أجهزة البث المباشر، AVerMedia Live Gamer Ultra S، وهي الخيار الأمثل لمحترفي الألعاب والبث عبر الإنترنت.</p> <!-- قسم ""لماذا هذا المنتج؟""",,,,,Mainstream
62,simple,GM-CAP-ELG-001,,Elgato HD60 X Capture Card,0,0,visible,,1099,Gaming,,Standard,0.3,18,13,5,Standard NGS Warranty,Condition: New | Class: Standard,إلجاتو HD60 X كرت تسجيل,"<!-- فقرة افتتاحية واحدة --> <p>تتميز كارد القبض Elgato HD60 X بجودة تصوير عالية ووظائف متقدمة لتسجيل الألعاب والفيديو.</p> <!-- قسم ""لماذا هذا المنتج؟"" --> <h2><strong>لماذا هذا المنتج؟<",,,,,Mainstream
63,simple,GM-CTR-SON-001,,Sony DualSense Edge Controller,0,0,visible,1349,1559,Gaming,,Standard,0.6,22,18,8,Standard NGS Warranty,Condition: New | Class: Standard,سوني دوال سنس Edge يد تحكم,<p>تعد ماسح ضوئي Sony DualSense Edge Controller أداة فعالة لمحترفي الألعاب، مع تصميمها المحسّن وأدائها القوي.</p> <h2><strong>لماذا هذا المنتج؟</strong></h2> <ul> <li>تصميم متطور يضمن,,,,,Mainstream
64,simple,GM-CTR-MSF-001,,Xbox Elite Controller Series 2 Core,1,0,visible,,720,Gaming,,Standard,0.55,22,18,8,Standard NGS Warranty,Condition: New | Class: Standard,إكس بوكس إيليت يد تحكم Series 2 Core,"<p>تعد مفاتيح Xbox Elite Controller Series 2 Core من أفضل الخيارات للألعاب الجادة، مع تصميمها المخصص والميزات المتقدمة.</p> <h3><strong>لماذا هذا المنتج؟</strong></h3> <ul style=""direction: r",,,,,Mainstream
65,simple,GM-RGB-GOV-001,,Govee DreamView G1 Pro Gaming Light,1,0,visible,,790,Gaming,,Standard,1.2,40,25,10,Standard NGS Warranty,Condition: New | Class: Standard,جوفي DreamView G1 Pro إضاءة قيمنق,"<!-- فقرة افتتاحية واحدة --> <p>تستعد لتجربة ترفيهية لا مثيل لها مع جهاز الإضاءة اللامع Govee DreamView G1 Pro Gaming Light.</p> <!-- قسم ""لماذا هذا المنتج؟"" --> <section> <h2><st",,,,,Mainstream
66,simple,GM-RGB-COR-001,,Corsair iCUE LC100 Lighting Panels,0,0,visible,,549,Gaming,,Standard,0.8,35,20,8,Standard NGS Warranty,Condition: New | Class: Standard,كورسير iCUE LC100 بانلات إضاءة,"<p>تتميز لوحة التحكم الضوئية Corsair iCUE LC100 بتصميمها المبتكر وفعاليتها في تحسين جمال نظام الكمبيوتر الخاص بك.</p> <h2><strong>لماذا هذا المنتج؟</strong></h2> <ul style=""direction: rtl;"">",,,,,Mainstream
67,simple,GM-CHR-RAZ-001,,Razer Iskur V2 NewGen,0,0,visible,,3199,Gaming,,Oversized,28,88,68,38,Standard NGS Warranty,Condition: New | Class: Oversized,رايزر Iskur V2 NewGen,<p>رغم أن الريزير إسكور في 2 جيل جديد يحمل نفس اسم السلسلة، إلا أنه يأتي مع تحديثات تقنية ملحوظة تجعله الخيار الأمثل للألعاب.</p> <h3><strong>لماذا هذا المنتج؟</strong></h3> <ul> <li>,,,,,Mainstream
68,simple,GM-CHR-SEC-001,,Secretlab Titan Evo,1,0,visible,,4630,Gaming,,Oversized,32,90,70,40,Standard NGS Warranty,Condition: New | Class: Oversized,ThroneLab تيتان إيفو,"<p>يقدم سريكتلاب تيتان إيفو مقعدًا كهربائيًا عالي الجودة يجمع بين الراحة والكفاءة في التصميم.</p> <h2><strong>لماذا هذا المنتج؟</strong></h2> <ul style=""list-style-type: disc;""> <li>د",,,,,Mainstream
69,simple,GM-HST-RAZ-001,,Razer BlackShark V2 Pro 2023,0,0,visible,999,1149,Gaming,,Standard,0.45,22,20,10,Standard NGS Warranty,Condition: New | Class: Standard,رايزر BlackShark V2 Pro 2023,<p>تستعد رازر لتقديم تجربة صوتية فريدة مع سماعات Razer BlackShark V2 Pro 2023، مصممة خصيصًا للألعاب.</p> <h2><strong>لماذا هذا المنتج؟</strong></h2> <ul> <li>نظام الصوت المحيطي True W,,,,,Mainstream
70,simple,GM-HST-STS-001,,SteelSeries Arctis Nova 7 Wireless,1,0,visible,,860,Gaming,,Standard,0.5,22,20,10,Standard NGS Warranty,Condition: New | Class: Standard,ستيل سيريز Arctis Nova 7 لاسلكي,"<p>تتميز سماعاتSteelSeries Arctis Nova 7 Wireless بأداء عالٍ وتصميم مريح، مما يجعلها الخيار الأمثل لمحترفي الألعاب.</p> <h2><strong>لماذا هذا المنتج؟</strong></h2> <ul style=""direction: rtl;""",,,,,Mainstream
71,simple,GM-HST-HPX-001,,HyperX Cloud Alpha Wireless (300hr),0,0,visible,,1199,Gaming,,Standard,0.5,22,20,10,Standard NGS Warranty,Condition: New | Class: Standard,هايبر إكس Cloud Alpha لاسلكي (300hr),<p>تتميز سماعات HyperX Cloud Alpha Wireless (300hr) بتصميمها المبتكر ودقة الصوت العالية، مما يجعلها الخيار الأمثل لمحبي الألعاب والصوت الممتاز.</p> <h2><strong>لماذا هذا المنتج؟</strong></h2>,,,,,Mainstream
72,simple,GM-MOU-RAZ-002,,Razer Viper V3 Pro (54g Wireless),0,0,visible,1049,1209,Gaming,,Standard,0.2,16,12,8,Standard NGS Warranty,Condition: New | Class: Standard,رايزر Viper V3 Pro (54g لاسلكي),"<p>تتميز رافعة الماوس Razer Viper V3 Pro بوزنها الخفيف وتقنياتها المتقدمة، مما يجعلها الخيار الأمثل للمحترفين في مجال الألعاب.</p> <h2><strong>لماذا هذا المنتج؟</strong></h2> <ul style=""list-",,,,,Mainstream
73,simple,GM-MOU-LOG-001,,Logitech G Pro X Superlight 2 DEX,0,0,visible,,1099,Gaming,,Standard,0.2,16,12,8,Standard NGS Warranty,Condition: New | Class: Standard,لوجيتك G Pro X Superlight 2 DEX,"<p>تتميز سماعات Logitech G Pro X Superlight 2 DEX بتصميمها المبتكر ووزنها الخفيف، مما يجعلها الخيار الأمثل للألعاب والعمل.</p> <h3><strong>لماذا هذا المنتج؟</strong></h3> <ul style=""direction",,,,,Mainstream
74,simple,GM-MOU-RAZ-001,,Razer DeathAdder V4 Pro (57g Wireless),0,0,visible,1149,1329,Gaming,,Standard,0.2,16,12,8,Standard NGS Warranty,Condition: New | Class: Standard,رايزر DeathAdder V4 Pro (57g لاسلكي),"<p>تتميز رايزر ديث أديزر فيرجينيوس بتصميمها المبتكر وزنها الخفيف، مما يجعلها الخيار الأمثل للاعبين المحترفين.</p> <h2><strong>لماذا هذا المنتج؟</strong></h2> <ul style=""list-style-type: disc;",,,,,Mainstream
75,simple,GM-KBD-KEY-001,,Keychron K10 HE (Arabic Layout),1,0,visible,,690,Gaming,,Standard,1.2,48,18,6,Standard NGS Warranty,Condition: New | Class: Standard,كيكرون K10 HE (Arabic Layout),"<p>إليك أفضل لوحة مفاتيح إلكترونية تتميز بمرونتها العالية وتصميمها المبتكر.</p> <section> <h2><strong>لماذا هذا المنتج؟</strong></h2> <ul style=""list-style-type: disc; margin-left",,,,,Mainstream
76,simple,GM-KBD-LOG-001,,Logitech G Pro X TKL LIGHTSPEED,0,0,visible,1199,1379,Gaming,,Standard,1,42,18,6,Standard NGS Warranty,Condition: New | Class: Standard,لوجيتك G Pro X TKL LIGHTSPEED,"<p>يتميز مفاتيح لوจيتيسك G Pro X TKL LIGHTSPEED بتصميمها المبتكر ودقة تحكم عالية.</p> <h2><strong>لماذا هذا المنتج؟</strong></h2> <ul style=""direction: rtl;""> <li>يتميز بأداء عالي يتن",,,,,Mainstream
77,simple,GM-KBD-COR-001,,Corsair K70 MAX RGB,0,0,visible,,1299,Gaming,,Standard,1.3,48,20,6,Standard NGS Warranty,Condition: New | Class: Standard,كورسير K70 MAX RGB,<p> Corsair K70 MAX RGB هو لوحة مفاتيح عصرية تجمع بين الأداء العالي والتصميم الجذاب.</p> <h2><strong>لماذا هذا المنتج؟</strong></h2> <ul> <li>دعم اللون RGB المتعدد للتحكم في الإضاءة.<,,,,,Mainstream
78,simple,GM-KBD-RAZ-001,,Razer Huntsman V3 Pro TKL,0,0,visible,1349,1559,Gaming,,Standard,1,42,18,6,Standard NGS Warranty,Condition: New | Class: Standard,رايزر Huntsman V3 Pro TKL,"<!-- فقرة افتتاحية واحدة --> <p>تتميز لوحة المفاتيح Razer Huntsman V3 Pro TKL بتصميمها المبتكر وأدائها الفائق، مما يجعلها الخيار الأمثل للمحترفين في مجال الألعاب.</p> <!-- قسم ""لماذا هذا المن",,,,,Mainstream
79,simple,GM-MON-DEL-001,,"Dell Alienware AW2725DF (27"" QD-OLED 360Hz)",0,0,visible,,5599,Gaming,,Oversized,8.5,72,45,22,Standard NGS Warranty,Condition: New | Class: Oversized,ديل أليو Way AW2725DF (27 بوصة QD-OLED 360 هيرتز),"<p>شاشة Dell Alienware AW2725DF تجمع بين الأداء القوي والتصميم المبتكر لتعطيك تجربة إبداعية لا مثيل لها.</p> <h3><strong>لماذا هذا المنتج؟</strong></h3> <ul style=""direction: rtl;""> <",,,,,Mainstream
80,simple,GM-MON-LGE-001,,"LG UltraGear OLED 27GR95QE-B (27"" QHD 240Hz)",0,0,visible,4899,5639,Gaming,,Oversized,8,70,45,22,Standard NGS Warranty,Condition: New | Class: Oversized,LG UltraGear OLED 27GR95QE-B (27 بوصة QHD 240 هيرتز),<!-- فقرة افتتاحية واحدة --> <p>تتميز شاشة LG UltraGear OLED 27GR95QE-B بجودة الصورة الفائقة والسرعة العالية، مما يجعلها الخيار الأمثل لمحترفي الألعاب وعشاق الترفيه.</p> <!-- قسم لماذا هذا ال,,,,,Mainstream
81,simple,GM-MON-SAM-002,,"Samsung Odyssey G7 G70D (32"" 4K 144Hz)",1,0,visible,,2600,Gaming,,Oversized,9,78,50,22,Standard NGS Warranty,Condition: New | Class: Oversized,"سامسونج Odyssey G7 G70D (32"" 4K 144Hz)",<div> <p>سوبرميجا شاشة عرض Samsung Odyssey G7 G70D تتميز بحجم 32 بوصة ودقة 4K وسرعة تحديث 144 هرتز، جعلت منها الخيار الأمثل للألعاب والمشاهدة.</p> <h2><strong>لماذا هذا المنتج؟</strong></h2>,,,,,Mainstream
82,simple,GM-MON-SAM-001,,"Samsung Odyssey OLED G8 (34"" UWQHD 175Hz)",1,0,visible,,4870,Gaming,,Oversized,10,85,50,22,Standard NGS Warranty,Condition: New | Class: Oversized,"سامسونج Odyssey OLED G8 (34"" UWQHD 175Hz)","<p>سوبرفليش الشاشة في سامسونج أوديسي G8 يوفر تجربة مشاهدة فائقة الوضوح والسرعة.</p> <h2><strong>لماذا هذا المنتج؟</strong></h2> <ul style=""list-style-type: disc; margin-left: 30px;"">",,,,,Mainstream
83,simple,GM-MON-ASU-001,,"ASUS ROG Swift OLED PG27AQDM (27"" QHD 240Hz)",1,0,visible,,4080,Gaming,,Oversized,8,70,45,22,Standard NGS Warranty,Condition: New | Class: Oversized,"اسوس روج Swift OLED PG27AQDM (27"" QHD 240Hz)",<p>تتميز شاشة ASUS ROG Swift OLED PG27AQDM بحجم 27 بوصة ودقة QHD وسرعة تحديث تصل إلى 240 هيرتز، مما يجعلها الخيار الأمثل لمحبي الألعاب والعملية الرسومية.</p> <strong>لماذا هذا المنتج؟</strong>,,,,,Mainstream
84,simple,NT-MPC-DEL-001,,Dell OptiPlex 7070 Micro (Refurb),1,0,visible,,1610,Homelab,,Standard,1.5,22,20,8,Standard NGS Warranty,Condition: Refurbished | Class: Standard,دell OptiPlex 7070 ميكرو (مرجع),<p>تتميز ديل أوبتيبلекс 7070 ميكرو (ريفورب) بتصميمها компактный وفعالية عالية في استخدام الطاقة، مما يجعلها خيارًا مثاليًا للعملاء الذين يبحثون عن كمبيوتر قوي ومحمول.</p> <h2><strong>لماذا هذ,,,,,Mainstream
85,simple,NT-MPC-BLK-002,,Beelink EQ12 (Intel N100),0,0,visible,,999,Homelab,,Standard,0.8,18,15,8,Standard NGS Warranty,Condition: New | Class: Standard,بييلينك إيه جي 12 (إنтел ن100),<p>يقدم لكم متجرنا الإلكتروني Beelink EQ12، جهازًا مثاليًا للعملاء الذين يبحثون عن أداء عالٍ في الحوسبة المحمولة.</p> <h3><strong>لماذا هذا المنتج؟</strong></h3> <ul> <li>معالج Intel,,,,,Mainstream
86,simple,NT-MPC-BLK-001,,Beelink SER7 (Ryzen 7 7735HS),0,0,visible,,2399,Homelab,,Standard,1,18,15,8,Standard NGS Warranty,Condition: New | Class: Standard,بييلينك سير7 (ريزين 7 7735HS),"<p>تتميز جهاز Beelink SER7 بمعالج Ryzen 7 7735HS القوي والمتطور، مما يجعله الخيار الأمثل للعمل والترفيه.</p> <h2><strong>لماذا هذا المنتج؟</strong></h2> <ul style=""direction: rtl;""> <",,,,,Mainstream
87,simple,NT-MPC-MNF-001,,MinisForum MS-01 (Homelab Server),0,0,visible,3999,4599,Homelab,,Heavy,3.5,35,25,12,Standard NGS Warranty,Condition: New | Class: Heavy,مินيسفورم MS-01 (خادم المنزلية),"<p>مُعد للعمل في المنزل، يوفر MinisForum MS-01 أداءً قويًا مع تصميم مدمج.</p> <h2><strong>لماذا هذا المنتج؟</strong></h2> <ul style=""direction: rtl;""> <li>معالج Intel® Core™ i3-10",,,,,Mainstream
88,simple,NT-POE-TPL-001,,TP-Link TL-SG1005P 5-Port PoE,0,0,visible,,299,Networking,,Standard,0.5,20,15,5,Standard NGS Warranty,Condition: New | Class: Standard,تي بي لينك TL-SG1005P 5-Port PoE,<p>تتميز شبكة تبادل البيانات اللاسلكية TP-Link TL-SG1005P بخمس منافذ PoE، مما يجعلها الخيار الأمثل لشبكات الشركات الصغيرة والمتوسطة.</p> <h2><strong>لماذا هذا المنتج؟</strong></h2> <ul style=,,,,,Mainstream
89,simple,NT-POE-UBQ-001,,Ubiquiti USW-Lite-8-PoE,0,0,visible,,849,Networking,,Standard,0.8,28,18,5,Standard NGS Warranty,Condition: New | Class: Standard,يوبيكويتي USW-Lite-8-PoE,<p>يعد جهاز الـ <strong>USW-Lite-8-PoE</strong> من عبiquiti حلًا مثاليًا لشبكات الشركات الصغيرة والمتوسطة، حيث يجمع بين الأداء العالي والتكلفة المنخفضة.</p> <h2><strong>لماذا هذا المنتج؟</str,,,,,Mainstream
90,simple,NT-KVM-ATN-001,,ATEN CS1924M 4-Port DP KVM,0,0,visible,,2399,Homelab,,Standard,1.5,35,22,8,Standard NGS Warranty,Condition: New | Class: Standard,unità كيام فيم أرتبت 4 من دببلير,"<!-- فقرة افتتاحية واحدة --> <p>ATEN CS1924M هو كمبيوتر مركزي متعدد الأجهزة يوفر حلًا فعالاً لتحكم وإدارة أجهزة الكمبيوتر.</p> <!-- قسم ""لماذا هذا المنتج؟"" --> <h3><strong>لماذا هذا المنت",,,,,Mainstream
91,simple,NT-KVM-TES-001,,TESmart HKS0401A1U 4-Port HDMI KVM,0,0,visible,599,689,Homelab,,Standard,1.2,30,20,6,Standard NGS Warranty,Condition: New | Class: Standard,TESmart HKS0401A1U 4-قناة كييهأمفي إتشديمي,<p>تتميز لوحة التحكم HDMI KVM TESmart HKS0401A1U بتصميمها المبتكر وسهولة استخدامها، مما يجعلها الخيار الأمثل لمن يرغب في إدارة عدة أجهزة إلكترونية من خلال جهاز واحد.</p> <h2><strong>لماذا هذا المن,,,,,Mainstream
92,simple,NT-FWL-FTN-001,,Fortinet FortiGate 60F,0,0,visible,5499,6329,Homelab,,Standard,1.5,30,22,6,Standard NGS Warranty,Condition: New | Class: Standard,فورتي نت FortiGate 60F,"<p>هذا الصرح التقني المتميز، Fortinet FortiGate 60F، هو الحل الأمثل للحماية الرقمية في منازل وشركات صغيرة.</p> <h2><strong>لماذا هذا المنتج؟</strong></h2> <ul style=""direction: rtl;"">",,,,,Mainstream
93,simple,NT-FWL-NGT-002,,Netgate 2100 MAX pfSense+ Gateway,1,0,visible,,2740,Homelab,,Standard,1.2,25,18,6,Standard NGS Warranty,Condition: New | Class: Standard,نتجيت 2100 MAX pfSense+ Gateway,<p>يعد جهاز Netgate 2100 MAX pfSense+ Gateway الحل الأمثل للشبكات المتوسطة الحجم والكبيرة، حيث يجمع بين أمان متقدم وسرعة اتصال عالية.</p> <h3><strong>لماذا هذا المنتج؟</strong></h3> <ul style,,,,,Mainstream
94,simple,NT-FWL-NGT-001,,Netgate 4200 MAX pfSense+ Gateway,0,0,visible,,3399,Homelab,,Standard,1.8,30,22,6,Standard NGS Warranty,Condition: New | Class: Standard,نتجيت 4200 MAX pfSense+ Gateway,"<p>يقدم لك Netgate 4200 MAX pfSense+ Gateway أداءً عالي الجودة وموثوقية في حلول الشبكات.</p> <section> <h3><strong>لماذا هذا المنتج؟</strong></h3> <ul style=""list-style-type: disc",,,,,Mainstream
95,simple,NT-CBL-GEN-001,,Cat6a Shielded Bulk Cable (305m),1,0,visible,,740,Networking,,Oversized,15,40,35,35,Standard NGS Warranty,Condition: New | Class: Oversized,كابل كاثي 6ا مغطى بالحشوات (305م),<p>هذا الحبل الكاث 6 آيه مغطى مناسب لنقل البيانات بسرعة عالية ودقة.</p> <h2><strong>لماذا هذا المنتج؟</strong></h2> <ul> <li>سرعة نقل البيانات تصل إلى 10 جيجابايت في الثانية.</li>,,,,,Mainstream
96,simple,NT-CBL-FSC-001,,10G SFP+ DAC Twinax Cable (1m),1,0,visible,,80,Networking,,Standard,0.15,20,10,3,Standard NGS Warranty,Condition: New | Class: Standard,خطа 10G SFP+ DAC تيفيناكس (1م),<p>هذا الكابل DAC SFP+ 10G مصمم للاستخدام في شبكات البيانات العالية السرعة.</p> <ul> <li><strong>عالي الأداء:</strong> يدعم سرعات نقل بيانات تصل إلى 10 غيغابايت في الثانية.</li> <li><strong>م,,,,,Mainstream
97,simple,NT-SFP-FSC-001,,FS.com 10GBASE-SR SFP+ Transceiver,0,0,visible,,129,Networking,,Standard,0.05,12,8,3,Standard NGS Warranty,Condition: New | Class: Standard,فركس.كوم 10GBASE-SR سفبيس بلس ترانسفيسر,"<p>هذا الترانسيIVER FS.com 10GBASE-SR SFP+ هو الخيار الأمثل لشبكات البيانات السريعة.</p> <h2><strong>لماذا هذا المنتج؟</strong></h2> <ul style=""direction: rtl;""> <li>سرعة انتقال بيانا",,,,,Mainstream
98,simple,NT-SRV-NVP-001,,NavePoint 1U Cantilever Rack Shelf,0,0,visible,,249,Homelab,,Heavy,3,55,35,8,Standard NGS Warranty,Condition: New | Class: Heavy,رacksHELF 1U قوسية من NavePoint,"<p>يقدم لك NavePoint 1U Cantilever Rack Shelf حلًا فعالًا لتنظيم أدواتك الإلكترونية بفعالية.</p> <h2><strong>لماذا هذا المنتج؟</strong></h2> <ul style=""margin-left: 30px;""> <li>تصميم",,,,,Mainstream
99,simple,NT-SRV-CBM-001,,Cable Matters 24-Port Cat6 Patch Panel (1U),0,0,visible,,239,Homelab,,Standard,1.5,55,20,6,Standard NGS Warranty,Condition: New | Class: Standard,كيبل ماترز 24-Port Cat6 Patch Panel (1U),"<p>تتميز لوحة التوصيل Cat6 24-بوابات من Cable Matters بتصميمها المتطور وقوتها في معالجة البيانات.</p> <h3><strong>لماذا هذا المنتج؟</strong></h3> <ul style=""margin-left: 20px;""> <li>ت",,,,,Mainstream
100,simple,NT-SRV-STC-001,,StarTech RK12WALLOA 12U Wall-Mount Rack,0,0,visible,,1399,Homelab,,Oversized,18,65,55,65,Standard NGS Warranty,Condition: New | Class: Oversized,رacks StarTech RK12WALLOA 12U لصقل جداري,"<p>تعد رف StarTech RK12WALLOA 12U المثبت على الجدار الخيار الأمثل لتنظيم وحماية أجهزة الكمبيوتر والشبكات في مراكز البيانات الصغيرة.</p> <h3><strong>لماذا هذا المنتج؟</strong></h3> <ul style=""",,,,,Mainstream
101,simple,NT-UPS-APC-002,,APC Back-UPS Pro BX1500M (Tower),0,0,visible,1599,1839,Homelab,,Oversized,12,45,30,22,Standard NGS Warranty,Condition: New | Class: Oversized,أي بي سي بæk-آب آر باس برو بكس1500م (توير),"<p>يعد Back-UPS Pro BX1500M من APC حلًا مثاليًا للحماية من انقطاع التيار الكهربائي في بيئات العمل المنزلية والتجارية.</p> <h2><strong>لماذا هذا المنتج؟</strong></h2> <ul style=""direction: rtl",,,,,Mainstream
102,simple,NT-UPS-CYB-001,,CyberPower OR1500LCDRM1U (1500VA 1U),0,0,visible,2099,2419,Homelab,,Oversized,14,55,35,12,Standard NGS Warranty,Condition: New | Class: Oversized,كابايوراوتر أر1500لسيدرم1يو (1500واط 1يو),"<!-- فقرة افتتاحية واحدة --> <p>يعد CyberPower OR1500LCDRM1U نظامًا كهربائيًا موثوقًا وفعالًا يوفر حماية شاملة للكمبيوترات والأنظمة الإلكترونية.</p> <!-- قسم ""لماذا هذا المنتج؟"" --> <h2>ل",,,,,Mainstream
103,simple,NT-UPS-APC-001,,APC Smart-UPS SMT1500RM2UC (1500VA Rack),0,0,visible,,4899,Homelab,,Oversized,22,58,38,12,Standard NGS Warranty,Condition: New | Class: Oversized,أي بي سي سمارت آبس إس إم تي 1500 في أي راك,<p>يتميز جهاز APC Smart-UPS SMT1500RM2UC (1500VA Rack) بقدرته على توفير حماية فعالة للمعدات الإلكترونية أثناء انقطاع التيار الكهربائي.</p> <h3><strong>لماذا هذا المنتج؟</strong></h3> <ul styl,,,,,Mainstream
104,simple,NT-NAS-QNP-002,,QNAP TS-262-4G (2-Bay),0,0,visible,,1899,Homelab,,Heavy,2.5,30,22,18,Standard NGS Warranty,Condition: New | Class: Heavy,كيو ناب TS-262-4G (2-Bay),"<p>هذا الجهاز الرقمي المتطور من QNAP يوفر حل تخزين البيانات الأمثل لمستخدميه.</p> <h2><strong>لماذا هذا المنتج؟</strong></h2> <ul style=""direction: rtl;""> <li>دعم أجهزة الذاكرة ذات ال",,,,,Mainstream
105,simple,NT-NAS-QNP-001,,QNAP TS-464-8G (4-Bay),0,0,visible,,2799,Homelab,,Heavy,3.5,32,25,22,Standard NGS Warranty,Condition: New | Class: Heavy,كيو ناب TS-464-8G (4-Bay),"<p>المنتج المتميز QNAP TS-464-8G هو حل تخزين بيانات متقدم يوفر أداءً عاليًا وموثوقية ممتازة.</p> <strong>لماذا هذا المنتج؟</strong> <ul style=""margin-left: 20px;""> <li>يتميز بمعالج Intel Atom X5-",,,,,Mainstream
106,simple,NT-NAS-SYN-002,,Synology DS925+ (4-Bay),0,0,visible,,3499,Homelab,,Heavy,3.5,32,25,22,Standard NGS Warranty,Condition: New | Class: Heavy,سينولوجي DS925+ (4-Bay),"<!-- فقرة افتتاحية واحدة --> <p>الإنتراكتور المثالي لمنزلك، Synology DS925+ (4-Bay) يجمع بين الأداء القوي والموثوقية العالية في نظام تخزين متعدد الاستخدامات.</p> <!-- قسم ""لماذا هذا المنتج؟""",,,,,Mainstream
107,simple,NT-NAS-SYN-001,,Synology DS225+ (2-Bay),0,0,visible,2099,2419,Homelab,,Heavy,2.5,28,22,18,Standard NGS Warranty,Condition: New | Class: Heavy,سينولوجي DS225+ (2-Bay),"<p>إنه حل تخزين بيانات متقدم يجمع بين الأداء العالي والموثوقية.</p> <h3><strong>لماذا هذا المنتج؟</strong></h3> <ul style=""list-style-type: disc;""> <li>معالج Intel Atom E3805D بسرعة 1",,,,,Mainstream
108,simple,NT-WAP-TPL-002,,TP-Link Omada EAP650,0,0,visible,799,919,Networking,,Standard,0.6,28,28,8,Standard NGS Warranty,Condition: New | Class: Standard,تي بي لينك Omada EAP650,"<!-- فقرة افتتاحية واحدة --> <p>تتميز محطة Wi-Fi المتنقلة TP-Link Omada EAP650 بقدراتها المتقدمة وموثوقيتها، مما يجعلها الخيار الأمثل لشبكات الشركات الصغيرة والمتوسطة.</p> <!-- قسم ""لماذا هذا",,,,,Mainstream
109,simple,NT-WAP-TPL-001,,TP-Link Omada EAP610,0,0,visible,599,689,Networking,,Standard,0.6,28,28,8,Standard NGS Warranty,Condition: New | Class: Standard,تي بي لينك Omada EAP610,<!-- فقرة افتتاحية واحدة --> <p>تتميز محطة Wi-Fi المدمجة TP-Link Omada EAP610 بقدراتها القوية وتصميمها المبتكر، مما يجعلها الخيار الأمثل لتحسين تغطية الشبكة في منازل وأماكن العمل.</p> <!-- قس,,,,,Mainstream
110,simple,NT-WAP-UBQ-002,,Ubiquiti UniFi U7 Pro,0,0,visible,1399,1609,Networking,,Standard,0.5,25,25,8,Standard NGS Warranty,Condition: New | Class: Standard,يوبيكويتي UniFi U7 Pro,<p>تتميز شبكة Wi-Fi Ubiquiti UniFi U7 Pro بتقنية متقدمة تضمن سرعة وثبات الاتصال.</p> <h2><strong>لماذا هذا المنتج؟</strong></h2> <ul> <li>سرعة اتصال Wi-Fi تصل إلى 867 ميجابت في الثاني,,,,,Mainstream
111,simple,NT-WAP-UBQ-001,,Ubiquiti UniFi U6 Pro,1,0,visible,,910,Networking,,Standard,0.5,25,25,8,Standard NGS Warranty,Condition: New | Class: Standard,يوبيكويتي UniFi U6 Pro,"<p>يتميز جهاز Ubiquiti UniFi U6 Pro بتصميم مبتكر يجمع بين الأداء العالي والموثوقية.</p> <h2><strong>لماذا هذا المنتج؟</strong></h2> <ul style=""list-style-type: disc; margin-left: 30px;"">",,,,,Mainstream
112,simple,NT-NET-UBQ-001,,Ubiquiti USW-Pro-24-PoE,1,0,visible,,2370,Networking,,Heavy,5.5,55,35,8,Standard NGS Warranty,Condition: New | Class: Heavy,يوبيكويتي USW-Pro-24-PoE,"<p>يتميز جهاز التبادل الرقمي Ubiquiti USW-Pro-24-PoE بتصميمه المبتكر وقوته في تقديم خدمات الشبكة.</p> <h3><strong>لماذا هذا المنتج؟</strong></h3> <ul style=""direction: ltr;""> <li>يوفر",,,,,Mainstream
113,simple,NT-NET-MKT-004,,MikroTik CRS312-4C+8XG-RM,0,0,visible,,2799,Networking,,Standard,2,35,22,5,Standard NGS Warranty,Condition: New | Class: Standard,ميكروتيك CRS312-4C+8XG-RM,"<p>يقدم MikroTik CRS312-4C+8XG-RM حلًا شاملًا لشبكات البيانات الصغيرة والمتوسطة الحجم، مع مزيج قوي من الأداء والموثوقية.</p> <h2><strong>لماذا هذا المنتج؟</strong></h2> <ul style=""direction:",,,,,Mainstream
114,simple,NT-NET-MKT-003,,MikroTik CRS328-24P-4S+RM (PoE),0,0,visible,2699,3109,Networking,,Heavy,5,55,35,8,Standard NGS Warranty,Condition: New | Class: Heavy,ميكروتيك CRS328-24P-4S+RM (PoE),<p>تتميز شبكة MikroTik CRS328-24P-4S+RM (PoE) بأدائها القوي وموثوقيتها العالية، مما يجعلها الخيار الأمثل لشبكات الشركات الصغيرة والمتوسطة.</p> <h2><strong>لماذا هذا المنتج؟</strong></h2>,,,,,Mainstream
115,simple,NT-NET-MKT-002,,MikroTik CRS326-24G-2S+RM,0,0,visible,,1199,Networking,,Heavy,3.5,55,30,8,Standard NGS Warranty,Condition: New | Class: Heavy,ميكروتيك CRS326-24G-2S+RM,"<p>تتميز شبكة MikroTik CRS326-24G-2S+RM بقدرتها على توفير حلول متعددة الاستخدامات في مجال الشبكات الصغيرة والمتوسطة.</p> <h2><strong>لماذا هذا المنتج؟</strong></h2> <ul style=""direction: rtl;",,,,,Mainstream
116,simple,NT-NET-MKT-001,,MikroTik CRS305-1G-4S+IN,0,0,visible,,999,Networking,,Standard,0.5,18,14,5,Standard NGS Warranty,Condition: New | Class: Standard,ميكروتيك CRS305-1G-4S+IN,<p>هذا الراوتر القوي مصمم خصيصًا لشبكات الأعمال الصغيرة والمتوسطة، مع دعم متعدد الأجهزة وسرعة عالية.</p> <h2><strong>لماذا هذا المنتج؟</strong></h2> <ul> <li>دعم 4 أجهزة USB للتخز,,,,,Mainstream
117,simple,SH-SWB-SWBT-003,,SwitchBot Blind Tilt,0,0,visible,,479,Smart Home & IoT,,Standard,0.15,14,10,5,Standard NGS Warranty,Condition: New | Class: Standard,سويتشBot Blind Tilt,<div> <p>SwitchBot Blind Tilt هو حل ذكي يتيح لك التحكم في نوافذ الستائر من خلال هاتفك الذكي، مما يجعل عملية فتح وغلق الستائر أكثر سهولة.</p> <h2><strong>لماذا هذا المنتج؟</strong></h2> <ul,,,,,Mainstream
118,simple,SH-SWB-SWBT-002,,SwitchBot Bot (Smart Button Pusher),0,0,visible,,239,Smart Home & IoT,,Standard,0.1,10,8,5,Standard NGS Warranty,Condition: New | Class: Standard,_switchBot بوت (مُدَفِّع زر ذكي)_,<div> <p>تستعرض لكم SwitchBot Bot، زر ذكي يتيح لك التحكم في أجهزتك الذكية بسهولة.</p> <h2><strong>لماذا هذا المنتج؟</strong></h2> <ul> <li>يتميز بتصميم فريد وسهل الاستخدام.</li>,,,,,Mainstream
119,simple,SH-SWB-SWBT-001,,SwitchBot Hub 2 (Matter Enabled),0,0,visible,479,559,Smart Home & IoT,,Standard,0.2,14,10,5,Standard NGS Warranty,Condition: New | Class: Standard,سويتشBot Hub 2 (Matter Enabled),"<p>تتميز تقنية التحكم الذكي في المنزل باستخدام SwitchBot Hub 2 (Matter Enabled) بسهولة وفعالية غير مسبوقة.</p> <h3><strong>لماذا هذا المنتج؟</strong></h3> <ul style=""direction: rtl;"">",,,,,Mainstream
120,simple,SH-HUB-HUBI-001,,Hubitat Elevation C-8 Pro,0,0,visible,,1199,Smart Home & IoT,,Standard,0.3,16,12,6,Standard NGS Warranty,Condition: New | Class: Standard,محطات إيليفيشن C-8 برو,"<!-- فقرة افتتاحية واحدة --> <p>يقدم جهاز Hubitat Elevation C-8 Pro حلًا شاملًا للمراقبة والتحكم في منزلك الذكي.</p> <!-- قسم ""لماذا هذا المنتج؟"" --> <strong>لماذا هذا المنتج؟</strong>",,,,,Mainstream
121,simple,SH-HUB-HASS-001,,Home Assistant Green,1,0,visible,,890,Smart Home & IoT,,Standard,0.3,16,12,6,Standard NGS Warranty,Condition: New | Class: Standard,هوم أسيستنت Green,"<p>تتميز منصة Home Assistant Green بقدرتها على تحسين إدارة الأجهزة الذكية في المنزل بشكل فعّال وسهل.</p> <strong>لماذا هذا المنتج؟</strong> <ul style=""margin-left: 20px;""> <li>واجهة م",,,,,Mainstream
122,simple,SH-HUB-AQRA-001,,Aqara Hub M3,0,0,visible,899,1039,Smart Home & IoT,,Standard,0.25,14,10,5,Standard NGS Warranty,Condition: New | Class: Standard,مجمع أقارة M3,"<p>أدخل عالم التحكم الذكي بفضل أقارة هاب م3، جهاز مركز متقدم يربط بين جميع أدواتك الذكية.</p> <h2><strong>لماذا هذا المنتج؟</strong></h2> <ul style=""list-style-type: disc;""> <li>د",,,,,Mainstream
123,simple,SH-BLD-IKEA-001,,IKEA FYRTUR Blackout Smart Roller Blind,0,0,visible,949,1099,Smart Home & IoT,,Oversized,3.5,100,15,12,Standard NGS Warranty,Condition: New | Class: Oversized,ROLLER BLIND FYRTUR ذكي مقفول الألوان أسود,"<!-- فقرة افتتاحية واحدة --> <p>إليك حلول التحكم الذكي في الإضاءة مع علامة تجارية موثوقة: IKEA FYRTUR Blackout Smart Roller Blind.</p> <!-- قسم ""لماذا هذا المنتج؟"" --> <section> <",,,,,Mainstream
124,simple,SH-BLD-SWBT-001,,SwitchBot Curtain 3,0,0,visible,,649,Smart Home & IoT,,Standard,0.3,18,10,8,Standard NGS Warranty,Condition: New | Class: Standard,سويتشBot Curtain 3,"<p>تتميز سماعة SwitchBot Curtain 3 بسهولة التشغيل والتحكم عن بعد في الأقفال الكهربائية للنوافذ.</p> <h2><strong>لماذا هذا المنتج؟</strong></h2> <ul style=""direction: rtl;""> <li>إمكاني",,,,,Mainstream
125,simple,SH-VDB-EUFY-001,,Eufy Video Doorbell E340 (Dual Camera),0,0,visible,,999,Smart Home & IoT,,Standard,0.5,22,14,8,Standard NGS Warranty,Condition: New | Class: Standard,يوفي Video جرس باب E340 (Dual كاميرا),"<!-- فقرة افتتاحية واحدة --> <p>إنه الحل الأمثل لحماية منزلك، مع الكاميرا المزدوجة والذكاء الصناعي.</p> <!-- قسم ""لماذا هذا المنتج؟"" --> <strong>لماذا هذا المنتج؟</strong> <ul>",,,,,Mainstream
126,simple,SH-VDB-RING-001,,Ring Battery Doorbell Plus,0,0,visible,,999,Smart Home & IoT,,Standard,0.45,20,14,8,Standard NGS Warranty,Condition: New | Class: Standard,Ring Battery جرس باب Plus,"<p>هذا البابلير الكهربائي من Ring هو الحل الأمثل لحماية منزلك وتحسين تجربة الاستقبال.</p> <h2><strong>لماذا هذا المنتج؟</strong></h2> <ul style=""list-style-type: disc; margin-left: 30px;"">",,,,,Mainstream
127,simple,SH-CAM-RELK-001,,Reolink Argus 4 Pro (4K),0,0,visible,899,1039,Smart Home & IoT,,Standard,0.5,18,14,10,Standard NGS Warranty,Condition: New | Class: Standard,ريولينك أرگوس 4 برو (4K),"<p>تتميز كاميرا Reolink Argus 4 Pro بجودة الفيديو الـ4K وتقنيات الذكاء الصناعي المتقدمة.</p> <h2><strong>لماذا هذا المنتج؟</strong></h2> <ul style=""list-style-type: disc;""> <li>دقة في",,,,,Mainstream
128,simple,SH-CAM-EUFY-001,,Eufy eufyCam 3 (4K + HomeBase 3 Kit),0,0,visible,,1649,Smart Home & IoT,,Heavy,3.5,35,28,18,Standard NGS Warranty,Condition: New | Class: Heavy,يوفي يوفيCam 3 (4K + HomeBase 3 Kit),"<p>تتميز كاميرا Eufy Cam 3 وملحقاتها بجودة الصورة الاحترافية والحماية الذكية للمنزل.</p> <h2><strong>لماذا هذا المنتج؟</strong></h2> <ul style=""list-style-type: disc;""> <li>دعم الفيدي",,,,,Mainstream
129,simple,SH-CAM-ARLO-001,,Arlo Pro 5 2K Spotlight Camera,0,0,visible,,1549,Smart Home & IoT,,Standard,0.6,20,15,10,Standard NGS Warranty,Condition: New | Class: Standard,Arlo Pro 5 2K Spotlight كاميرا,"<!-- فقرة افتتاحية واحدة --> <p>تتميز كاميرا Arlo Pro 5 2K Spotlight بجودة الصورة الفائقة وتقنيات الأمان المتقدمة.</p> <!-- قسم ""لماذا هذا المنتج؟"" --> <strong>لماذا هذا المنتج؟</strong>",,,,,Mainstream
130,simple,SH-CAM-RING-001,,Ring Indoor Cam (2nd Gen),0,0,visible,,479,Smart Home & IoT,,Standard,0.25,14,10,6,Standard NGS Warranty,Condition: New | Class: Standard,캠 داخلي رينج (الجيل الثاني),<p>تتميز كاميرا Ring Indoor Cam (2nd Gen) بجودة الصورة الواضحة والقدرة على التعرف على الحركة، مما يجعلها الخيار الأمثل لحماية منزلك.</p> <h3><strong>لماذا هذا المنتج؟</strong></h3> <ul style=,,,,,Mainstream
131,simple,SH-PLG-MERS-001,,Meross Smart Plug Mini MSS110 (HomeKit),0,0,visible,,159,Smart Home & IoT,,Standard,0.1,10,8,5,Standard NGS Warranty,Condition: New | Class: Standard,Meross قابس ذكي Mini MSS110 (HomeKit),"<p>استمتع بتحكمك الذكي في أجهزتك المنزلية مع مروس سمارت بلاغ ميني MSS110 (هومكيت).</p> <h2><strong>لماذا هذا المنتج؟</strong></h2> <ul style=""list-style-type: disc;""> <li>تصميم صغير و",,,,,Mainstream
132,simple,SH-PLG-TPLK-001,,"TP-Link Tapo P125M Smart Plug (Matter, 2-pack)",0,0,visible,,149,Smart Home & IoT,,Standard,0.2,14,10,6,Standard NGS Warranty,Condition: New | Class: Standard,"تي بي لينك Tapo P125M قابس ذكي (Matter, 2-pack)","<p>موصل ذكي متعدد الاستخدامات من تپلینک، يتيح لك التحكم في الأجهزة الكهربائية عن بعد.</p> <h3><strong>لماذا هذا المنتج؟</strong></h3> <ul style=""direction: rtl;""> <li>دعم ماثر (Matter",,,,,Mainstream
133,simple,SH-THR-ECOB-001,,Ecobee Smart Thermostat Premium,0,0,visible,,1549,Smart Home & IoT,,Standard,0.5,20,16,8,Standard NGS Warranty,Condition: New | Class: Standard,thermostat الذكي المتميز إيكوببي,"<p>يقدم Ecobee Smart Thermostat Premium تجربة دفء ذكية وفعالة في إدارة درجة الحرارة.</p> <h2><strong>لماذا هذا المنتج؟</strong></h2> <ul style=""list-style-type: disc;""> <li>يتميز بذكا",,,,,Mainstream
134,simple,SH-THR-NEST-001,,Google Nest Learning Thermostat (4th Gen),0,0,visible,,1699,Smart Home & IoT,,Standard,0.5,18,14,8,Standard NGS Warranty,Condition: New | Class: Standard,نظام تدفئة ذكي متعلم من جوجل (4세대),<p>تتميز أنظمة التدفئة الذكية Google Nest Learning Thermostat (4th Gen) بتقنية ذكاء اصطناعي متقدمة تتيح لك إدارة درجة الحرارة في منزلك بكل سهولة.</p> <h2><strong>لماذا هذا المنتج؟</strong></h2>,,,,,Mainstream
135,simple,SH-RVC-ECVX-001,,Ecovacs Deebot X9 Pro Omni,0,0,visible,,5699,Smart Home & IoT,,Oversized,14,55,45,45,Standard NGS Warranty,Condition: New | Class: Oversized,إيكوفاكس Deebot X9 Pro Omni,"<p>تستعد منزلك للاستمتاع بأحدث التقنيات الذكية مع Ecovacs Deebot X9 Pro Omni، الروبوت المروни الأكثر تقدماً في تنظيف منازلنا.</p> <h2><strong>لماذا هذا المنتج؟</strong></h2> <ul style=""list-s",,,,,Mainstream
136,simple,SH-RVC-DREM-001,,Dreame L50 Ultra,0,0,visible,,4599,Smart Home & IoT,,Oversized,13,55,45,45,Standard NGS Warranty,Condition: New | Class: Oversized,دريم L50 Ultra,<p>تتميز Dreame L50 Ultra بتصميمها المبتكر وعمر البطارية الطويل، مما يجعلها الخيار الأمثل للمسافرين والمستخدمين اليوميين.</p> <h2><strong>لماذا هذا المنتج؟</strong></h2> <ul> <li>عمر,,,,,Mainstream
137,simple,SH-RVC-RBRC-001,,Roborock Qrevo CurvX,0,0,visible,,4599,Smart Home & IoT,,Oversized,13,55,45,45,Standard NGS Warranty,Condition: New | Class: Oversized,روبوروك Qrevo CurvX,"<!-- فقرة افتتاحية واحدة --> <p>روبروكوك Qrevo CurvX هو روبوت تنظيف أرضيات مبتكر يجمع بين الأداء العالي والتصميم المميز.</p> <!-- قسم ""لماذا هذا المنتج؟"" --> <h2><strong>لماذا هذا المنتج؟",,,,,Mainstream
138,simple,SH-LGT-GOVE-002,,Govee Glide Hexagon Light Panels Ultra (10-pack),0,0,visible,1299,1499,Smart Home & IoT,,Heavy,2.5,45,35,12,Standard NGS Warranty,Condition: New | Class: Heavy,لوايات هексا곤 إضائة جلدي جلايد (10-قطعة),"<p>تستعرض لكم منتج Govee Glide Hexagon Light Panels Ultra (10-pack)، حل مبتكر لضياء منازلك.</p> <h2><strong>لماذا هذا المنتج؟</strong></h2> <ul style=""direction: rtl;""> <li>تصميم هكسa",,,,,Mainstream
139,simple,SH-LGT-GOVE-001,,Govee RGBIC LED Strip M1 (5m),0,0,visible,399,459,Smart Home & IoT,,Standard,0.4,30,8,5,Standard NGS Warranty,Condition: New | Class: Standard,يفي رGBIC ليد ستريپ م1 (5م),"<p>تعد شريط الإضاءة LED Govee RGBIC M1 (5m) الخيار الأمثل للمنزل والديكورات الداخلية، حيث تتميز بألوانها المتنوعة وسهولة التحكم.</p> <strong>لماذا هذا المنتج؟</strong> <ul style=""list-style-type: dis",,,,,Mainstream
140,simple,SH-LGT-LIFX-001,,LIFX Color A19 1100lm Bulb,0,0,visible,279,329,Smart Home & IoT,,Standard,0.2,14,10,10,Standard NGS Warranty,Condition: New | Class: Standard,ليفك كولور أ19 1100lm بولب,<p>لمحة عن LIFX Color A19 1100lm Bulb: إنها ضوء متعدد الاستخدامات الذي يجمع بين الجمال والكفاءة في واحدة من الحلول الإضاءة الذكية.</p> <ul> <li><strong>التحكم الذكي:</strong> يمكن التحكم في لون وس,,,,,Mainstream
141,simple,SH-LGT-PHUE-002,,Philips Hue Gradient Lightstrip (2m),0,0,visible,,1149,Smart Home & IoT,,Standard,0.5,35,10,8,Standard NGS Warranty,Condition: New | Class: Standard,ليدز Gradientsية من فิلسبي (2m),"<p>تتميز شريط الإضاءة Philips Hue Gradient بتصميمها الفريد وتقنياتها المتقدمة، مما يجعلها الخيار الأمثل لمنزلك.</p> <h3><strong>لماذا هذا المنتج؟</strong></h3> <ul style=""direction: rtl;"">",,,,,Mainstream
142,simple,SH-LGT-PHUE-001,,Philips Hue Starter Kit (3x A19 + Bridge),0,0,visible,,899,Smart Home & IoT,,Standard,0.8,25,20,14,Standard NGS Warranty,Condition: New | Class: Standard,كit البدأية فيلips هو (3x A19 + بريج),"<p>تستعد منزلك لعالم الذكاء الاصطناعي مع مزيج فريد من الإضاءة Philips Hue.</p> <h2><strong>لماذا هذا المنتج؟</strong></h2> <ul style=""list-style-type: disc;""> <li>التحكم عن بعد باستخد",,,,,Mainstream
143,simple,SH-LCK-AUGS-001,,August Wi-Fi Smart Lock (4th Gen),0,0,visible,1299,1499,Smart Home & IoT,,Standard,0.7,22,16,10,Standard NGS Warranty,Condition: New | Class: Standard,august Wi-Fi ذكي قفل الجيل الرابع,"<p>موكل ذكي August Wi-Fi Smart Lock (4th Gen) هو حل أمني مبتكر يتيح لك التحكم في باب منزلك عن بعد.</p> <strong>لماذا هذا المنتج؟</strong> <ul style=""direction: rtl;""> <li>التحكم عن بع",,,,,Mainstream
144,simple,SH-LCK-AQRA-001,,Aqara Smart Lock U200,0,0,visible,1249,1439,Smart Home & IoT,,Standard,1.5,28,20,12,Standard NGS Warranty,Condition: New | Class: Standard,آلة التحكم الذكي أقارة U200,"<p>موصل ذكي مصمم للتحكم في الأبواب بسهولة ودقة، يوفر أمانًا عاليًا لمنزلك.</p> <h3><strong>لماذا هذا المنتج؟</strong></h3> <ul style=""list-style-type: disc;""> <li>يتميز بميزات الأ",,,,,Mainstream
145,simple,SH-LCK-YALE-001,,Yale Assure Lock 2 Wi-Fi,0,0,visible,,1549,Smart Home & IoT,,Standard,1.5,28,20,12,Standard NGS Warranty,Condition: New | Class: Standard,قفل يالى تأكد 2 ويفي,"<p>يقدم Yale Assure Lock 2 Wi-Fi حلًا آمنًا وعالي التقنية لحماية باب منزلك.</p> <h3><strong>لماذا هذا المنتج؟</strong></h3> <ul style=""list-style-type: disc; margin-left: 20px;""> <li>",,,,,Mainstream
146,simple,SH-DSP-GGLE-001,,Google Nest Hub (2nd Gen),0,0,visible,,699,Smart Home & IoT,,Standard,0.8,25,20,12,Standard NGS Warranty,Condition: New | Class: Standard,Google نست هاب (2nd Gen),<p>يتميز جوجل نست هاب الثاني بتصميمه المبتكر وواجهته البسيطة التي تجعل التحكم في المنزل أكثر سهولة.</p> <h3><strong>لماذا هذا المنتج؟</strong></h3> <ul> <li>شاشة عرض عالية الدقة (10.1,,,,,Mainstream
147,simple,SH-DSP-AMZN-001,,Amazon Echo Show 8 (3rd Gen),0,0,visible,,999,Smart Home & IoT,,Standard,1,28,22,14,Standard NGS Warranty,Condition: New | Class: Standard,أمازون إيكو شو 8 (الجيل الثالث),"<p>إنه جهاز ذكي متعدد الاستخدامات يجمع بين الصوت الرائع والشاشة اللمسية في تصميم أنيق.</p> <h2><strong>لماذا هذا المنتج؟</strong></h2> <ul style=""list-style-type: disc; margin-left: 20px;"">",,,,,Mainstream
148,simple,SH-SPK-AMZN-002,,Amazon Echo Dot (5th Gen),0,0,visible,399,459,Smart Home & IoT,,Standard,0.35,14,14,12,Standard NGS Warranty,Condition: New | Class: Standard,إيكو دوت (الجيل الخامس),<p>أطلق على نفسك تجربة الذكاء الصناعي في المنزل مع Amazon Echo Dot (5th Gen)، جهاز صوت ذكي يجمع بين التكنولوجيا المتقدمة والتصميم المبتكر.</p> <h2><strong>لماذا هذا المنتج؟</strong></h2> <ul,,,,,Mainstream
149,simple,SH-SPK-GGLE-001,,Google Nest Audio,0,0,visible,699,809,Smart Home & IoT,,Standard,1.2,22,18,14,Standard NGS Warranty,Condition: New | Class: Standard,نست أوديو,"<!-- فقرة افتتاحية واحدة --> <p>يقدم جوجل ناست أوديو تجربة صوتية مذهلة مع تصميم بسيط وعالي الجودة.</p> <!-- قسم ""لماذا هذا المنتج؟"" --> <h2><strong>لماذا هذا المنتج؟</strong></h2> <ul",,,,,Mainstream
150,simple,SH-SPK-APPL-001,,Apple HomePod Mini,0,0,visible,,699,Smart Home & IoT,,Standard,0.4,12,12,12,Standard NGS Warranty,Condition: New | Class: Standard,آبل HomePod Mini,"<!-- فقرة افتتاحية واحدة --> <p>إنه جهاز صوت مدمج يجمع بين التصميم المبتكر والجودة الصوتية العالية في حجم صغير.</p> <!-- قسم ""لماذا هذا المنتج؟"" --> <section> <h2><strong>لماذا هذ",,,,,Mainstream
151,simple,SH-SPK-AMZN-001,,Amazon Echo (4th Gen),0,0,visible,,699,Smart Home & IoT,,Standard,1,20,18,18,Standard NGS Warranty,Condition: New | Class: Standard,أمازون إيكو (الجيل الرابع),<p>أعلمني بأحدث الأخبار والتوقعات الجوية وقم بتشغيل الموسيقى مباشرة من صوتك مع جهاز Amazon EchoFourth Generation.</p> <h2><strong>لماذا هذا المنتج؟</strong></h2> <ul> <li>شاشة عرض 5.5,,,,,Mainstream
152,simple,NG-SEC-007,,Eufy Video Doorbell S330 - Dual Camera Smart Doorbell (2K + Package Cam),0,0,visible,,1449,Security & Surveillance,,Standard,1,25,18,12,Standard NGS Warranty,Condition: New | Class: Standard,يوفي Video جرس باب S330 - Dual كاميرا Smart جرس باب (2K + Package Cam),<div> <p>إذا كنت ترغب في رؤية كل ما يحدث عند باب منزلك، سواء كان ذلك الوجه الزائر أو حقيبته، فهذا هو الحل الأمثل.</p> <strong>لماذا هذا المنتج؟</strong> <ul> <li>الكاميرا المزدوجة,,,,,Mainstream
153,simple,NG-SEC-006,,Ajax Hub 2 Plus - Professional Wireless Smart Alarm System,0,0,visible,,2499,Security & Surveillance,,Standard,0.8,22,16,8,Standard NGS Warranty,Condition: New | Class: Standard,محرك أ贾克斯 2 بلس - نظام إنذار ذكي sans線路無線專業版,<p>نظام إنذار ذكي متقدم لحماية ما يهمك.</p> <ul> <li><strong>200 جهاز:</strong> اتصل بالمراقبات الحركية، نقاط الاتصال باب، أجهزة الكشف عن الدخان، وأجهزة كشف تسرب المياه.</li> <li><strong>ثلاثة,,,,,Mainstream
154,simple,NG-SEC-005,,Reolink 16-Channel PoE NVR (RLN16-410) - 4K Network Video Recorder,0,0,visible,,1599,Security & Surveillance,,Heavy,3.5,40,32,10,Standard NGS Warranty,Condition: New | Class: Heavy,ريولينك 16-قناة مراقبة شبكيه PoE (RLN16-410) - سجل صوتية الشبكة بدقة 4K,<p>مركز تحكم شامل في المراقبة لمنزلك أو عملك.</p> <ul> <li><strong>16 قناة PoE:</strong> اربط 16 كاميرا مباشرة باستخدام كابل إيثرنت واحد لكل كاميرا.</li> <li><strong>حد أقصى دقة 12MP:</strong>,,,,,Mainstream
155,simple,NG-SEC-004,,Ubiquiti UniFi Protect G4 Doorbell Pro - 5MP Smart Doorbell with Fingerprint Reader,1,0,visible,,3140,Security & Surveillance,,Standard,0.8,22,16,10,Standard NGS Warranty,Condition: New | Class: Standard,يوبيكويتي UniFi Protect G4 جرس باب Pro - 5MP Smart جرس باب with Fingerprint Reader,<p>العندل الذكي الأكثر تقدماً في العالم.</p> <strong>لماذا هذا المنتج؟</strong> <ul> <li><span>5MP كاميرا:</span> منظور واسع يغطي الباب والمنطقة المحيطة بتفاصيل عالية.</li> <l,,,,,Mainstream
156,simple,NG-SEC-003,,Hikvision DS-2CD2143G2-I - 4MP AcuSense Dome Camera,0,0,visible,,749,Security & Surveillance,,Standard,0.5,15,12,10,Standard NGS Warranty,Condition: New | Class: Standard,هيكسيونس دس-2cd2143ج2-إي - كاميرا قبة حادة الأدراك 4 ميجابكسل,<p>هيكفينسون DS-2CD2143G2-I، أحدث إصدار من كاميرات المراقبة الذكية التي تجمع بين الجودة والذكاء الاصطناعي.</p> <strong>لماذا هذا المنتج؟</strong> <ul> <li>تقنية AcuSense: خوارزمية الت,,,,,Mainstream
157,simple,NG-SEC-002,,Reolink Argus 4 Pro - Solar-Powered Wireless 4K Security Camera,0,0,visible,,1199,Security & Surveillance,,Standard,0.5,18,14,10,Standard NGS Warranty,Condition: New | Class: Standard,Reolink Argus 4 Pro - Solar-Powered لاسلكي 4K Security كاميرا,<p>surveillance بدون كابلات، بدون فواتير الكهرباء، بدون حدود.</p> <ul> <li><strong>مدعوم بالطاقة الشمسية:</strong> لوحة شمسية مدمجة تضمن الشحن الدائم للبطارية.</li> <li><strong>4K كاميرا:</str,,,,,Mainstream
158,simple,NG-SEC-001,,Reolink RLC-810A - 4K PoE AI Security Camera,0,0,visible,,549,Security & Surveillance,,Standard,0.6,18,14,10,Standard NGS Warranty,Condition: New | Class: Standard,كاميرا أمان ذكية متصلة بالطاقة عبر الشبكة Reolink RLC-810A - 4K,<p>-surveillance لا تعرف حدودها مع كاميرا Reolink RLC-810A.</p> <ul> <li><strong>لماذا هذا المنتج؟</strong></li> <ul> <li>True 4K: يوفر 3840×2160 بكسلًا للتفاصيل الواضحة حتى مع التكبير,,,,,Mainstream
159,simple,NG-DRN-008,,DJI Pocket 3 - Pocket-Sized Gimbal Camera with 1-Inch Sensor,0,0,visible,2999,3449,Drones & Robotics,,Standard,0.5,22,15,10,Standard NGS Warranty,Condition: New | Class: Standard,دي جي آي Pocket 3 - Pocket-Sized Gimbal كاميرا with 1-Inch Sensor,<p>استوديو تصوير كاميرا صغيرة في جيبك.</p> <ul> <li><strong>1-Inch Sensor:</strong> أداء ضوئي رائع في الظلام مع عمق حقل طبيعي.</li> <li><strong>3-Axis Gimbal:</strong> استقرار ميكانيكي حقيقي ل,,,,,Mainstream
160,simple,NG-DRN-007,,"Roborock S8 MaxV Ultra - Smart Robot Vacuum with 10,000Pa Suction",0,0,visible,7699,8859,Smart Home & IoT,,Oversized,14,55,45,45,Standard NGS Warranty,Condition: New | Class: Oversized,"روبوروك S8 MaxV Ultra - Smart روبوت تنظيف with 10,000Pa Suction","<p>روبوت تنظيف المنزل الذكي Roborock S8 MaxV Ultra، قوة شفط تصل إلى 10,000Pa يضمن لك نظافة منزلك بأتمتة.</p> <ul> <li><strong>قوة الشفط القوية:</strong> مع 10,000Pa، يقوم بتنظيف البلاطات والنباء",,,,,Mainstream
161,simple,NG-DRN-006,,FIMI X8 Mini V2 - 4K Drone at 245g with Competitive Pricing,0,0,visible,,2399,Drones & Robotics,,Standard,1.5,30,22,12,Standard NGS Warranty,Condition: New | Class: Standard,FIMI X8 Mini V2 - كاميرا 4K موزع بوزن 245 جرام مع أسعار تنافسية,<p>يقدم لك FIMI X8 Mini V2 مواصفات مذهلة بسعر تنافسي يقل عن أغلب المنافسين.</p> <strong>لماذا هذا المنتج؟</strong> <ul> <li><span>245g:</span> تحت الحد الأقصى البالغ 249g، لا تحتاج إل,,,,,Mainstream
162,simple,NG-DRN-005,,Insta360 X4 - 8K 360-Degree Camera,0,0,visible,,3499,Drones & Robotics,,Standard,0.6,22,14,10,Standard NGS Warranty,Condition: New | Class: Standard,إنستا 360 X4 - 8K 360-Degree كاميرا,<p>التقط كل شيء، ثم اختار الزاوية المثلى لاحقًا.</p> <ul> <li><strong>لماذا هذا المنتج؟</strong></li> <li>8K/30fps في 360°: أعلى دقة متاحة في كاميرا 360 درجة للجمهور.</li> <li>الاسترجاع ال,,,,,Mainstream
163,simple,NG-DRN-004,,DJI RS 4 - 3-Axis Gimbal Stabilizer for Professional Cameras,0,0,visible,,3099,Drones & Robotics,,Heavy,2.5,42,22,12,Standard NGS Warranty,Condition: New | Class: Heavy,دي جي آي RS 4 - 3-Axis Gimbal Stabilizer for Professional كاميراs,<p>استقرئ استقرارًا فائقًا مع DJI RS 4 - مستقيم ثلاثي المحاور للكاميرات المهنية.</p> <ul> <li><strong>3kg Payload:</strong> يدعم كاميرات مثل Sony A7IV و Canon R6 II مع عدسات كبيرة.</li> <li><s,,,,,Mainstream
164,simple,NG-DRN-003,,DJI Osmo Action 5 Pro - 4K/120fps Waterproof Action Camera,0,0,visible,,2499,Drones & Robotics,,Standard,0.5,18,12,8,Standard NGS Warranty,Condition: New | Class: Standard,دي جي آي Osmo Action 5 Pro - 4K/120fps Waterproof كاميرا أكشن,"<p>الكاميرا التي لا تتوقف، تحت أي ظروف.</p> <ul> <li><strong>4K/120fps:</strong> تسجيل بطيء الحركة في جودة 4K الكاملة.</li> <li><strong>1/1.3"" سينسور:</strong> أداء ضوئي مدهش في الظلام الدامس.",,,,,Mainstream
165,simple,NG-DRN-002,,DJI Avata 2 - Immersive FPV Drone with Goggles,0,0,visible,,4099,Drones & Robotics,,Heavy,3.5,40,32,18,Standard NGS Warranty,Condition: New | Class: Heavy,دي جي آي Avata 2 - Immersive FPV درون with Goggles,<p>استمتع بتجربة الطيران الأولى من نوعها مع DJI Avata 2 - أول طائرة بدون طيار يرتد فيها القارئ قناعًا لرؤية مباشرة.</p> <ul> <li><strong>قناع الرؤية المباشرة:</strong> عرض ميكرو-OLED 1080p للرؤية,,,,,Mainstream
166,simple,NG-DRN-001,,DJI Mini 4 Pro - Sub-249g Drone with 4K/60fps Camera,0,0,visible,6099,7019,Drones & Robotics,,Standard,1.5,32,25,12,Standard NGS Warranty,Condition: New | Class: Standard,دي جي آي Mini 4 Pro - Sub-249g درون with 4K/60fps كاميرا,"درونز DJI Mini 4 Pro <p>درونز تصويري يناسب حجم قبضة اليد.</p> <strong>لماذا هذا المنتج؟</strong> <ul style=""list-style-type: disc;""> <li><span>وزنه أقل من 249 جرام:</span> معفٍ",,,,,Mainstream
167,simple,NG-CBL-008,,HDMI 2.1 8K Fiber Optic Cable (10m) - Zero Signal Loss,0,0,visible,,359,Cables & Adapters,,Standard,0.4,32,8,5,Standard NGS Warranty,Condition: New | Class: Standard,كابل ألياف ضوئية HDMI 2.1 8K (10م) - بدون فقدان إشارة,<p>هذا الكابل الرقمي الألياف الضوئية HDMI 2.1 8K (10m) يوفر تجربة بصرية فائقة مع خسارة صوتية و visuals مثالية.</p> <ul> <li><strong>10 أمتار، بدون خسارة:</strong> يضمن الألياف الضوئية نقل الإشارة,,,,,Mainstream
168,simple,NG-CBL-007,,DAC SFP+ 10G Direct Attach Cable (3m) - Direct Switch-to-Switch Connection,0,0,visible,,229,Cables & Adapters,,Standard,0.2,22,8,4,Standard NGS Warranty,Condition: New | Class: Standard,DAC SFP+ 10G Direct Attach كابل (3m) - Direct سويتش-to-سويتش Connection,<p>تربط أجهزة الشبكة بسرعة 10 غيجابت بأقل تكلفة.</p> <ul> <li><strong>لماذا هذا المنتج؟</strong></li> <li>السرعة الكاملة لـ 10 جيجابايت في الكابل المعدني المباشر.</li> <li>حد الأدنى من الت,,,,,Mainstream
169,simple,NG-CBL-006,,Ugreen 5-in-1 USB-C Dock - HDMI 4K + Ethernet + USB 3.0,0,0,visible,249,289,Cables & Adapters,,Standard,0.2,16,10,4,Standard NGS Warranty,Condition: New | Class: Standard,docking坞 端口 5-in-1 عبر USB-C - HDMI 4K + إثارة الشبكة العنكبوتية + USB 3.0,<p>جهاز Ugreen 5-in-1 USB-C Dock يجمع خمسة منافذ ضرورية في جهاز صغير حجم أظافر الإصبع.</p> <ul> <li><strong>لماذا هذا المنتج؟</strong></li> <ul> <li>HDMI 4K@60Hz: عرض كامل بسرعة ت鲜度高达,,,,,Mainstream
170,simple,NG-CBL-005,,Baseus USB-C 100W Charging Cable (2m) - Fast Charge for Laptops and Phones,0,0,visible,,109,Cables & Adapters,,Standard,0.1,22,6,3,Standard NGS Warranty,Condition: New | Class: Standard,كابل الشحن USB-C 100W (2م) - شحن سريع للكمبيوترات المحمولة والأجهزة المحمولة,<p>تجمع سلك الشحن USB-C 100W من Baseus كل ما تحتاجه لشحن جهازك بسرعة.</p> <ul> <li><strong>لماذا هذا المنتج؟</strong></li> <li>يوفر تيار شحن قوي يصل إلى 100W، مما يسمح بشحن سريعة لأجهزة الكمب,,,,,Mainstream
171,simple,NG-CBL-004,,Ugreen Cat 8 Ethernet Cable (5m) - 40Gbps Network Cable,0,0,visible,,149,Cables & Adapters,,Standard,0.2,22,8,4,Standard NGS Warranty,Condition: New | Class: Standard,Ugreen Cat 8 Ethernet كابل (5m) - 40Gbps Network كابل,<p>تستحق شبكة منزلك سرعات تتناسب مع أجهزتك.</p> <ul> <li><strong>40Gbps / 2000MHz:</strong> يدعم شبكات 10GbE، 25GbE و 40GbE.</li> <li><strong>S/FTP Shielding:</strong> حماية مزدوجة (箔 + 编织) تم,,,,,Mainstream
172,simple,NG-CBL-003,,Cable Matters Thunderbolt 4 Cable (2m) - 40Gbps with 100W Charging,0,0,visible,,419,Cables & Adapters,,Standard,0.15,22,6,3,Standard NGS Warranty,Condition: New | Class: Standard,كيبل ماترز Thunderbolt 4 كابل (2m) - 40Gbps with 100W Charging,<p>تجمع كابل <span>Cable Matters Thunderbolt 4</span> كل الوظائف في كابل واحد: نقل البيانات، البث الفيديو، وشحن الطاقة.</p> <ul> <li><strong>40Gbps:</strong>&nbsp;نقل بيانات سريع لاستوديوهات التو,,,,,Mainstream
173,simple,NG-CBL-002,,Anker USB-C Hub 7-in-1 - Multi-Port Adapter for Laptops,0,0,visible,,349,Cables & Adapters,,Standard,0.2,16,10,4,Standard NGS Warranty,Condition: New | Class: Standard,انكر USB-C Hub 7-in-1 - Multi-Port محول for Laptops,<p>احول منفذ USB-C واحد على لاب توبك إلى سبع نقاط اتصال.</p> <ul> <li><strong>لماذا هذا المنتج؟</strong></li> <li>HDMI 4K@30Hz: يمكّنك من عرض الصورة بجودة 4K على شاشة خارجية أو معدات العرض.</,,,,,Mainstream
174,simple,NG-CBL-001,,Ugreen USB-C to HDMI 2.1 Cable (2m) - 8K@60Hz Output,0,0,visible,,219,Cables & Adapters,,Standard,0.15,22,6,3,Standard NGS Warranty,Condition: New | Class: Standard,كابل Ugreen USB-C إلى HDMI 2.1 (2م) - إخراج بجودة 8K@60Гц,<p>تُظهر شاشتك على أضخم الخشبات بجودة تفاصيل عالية.</p> <ul> <li><strong>لماذا هذا المنتج؟</strong></li> <li>دعم الـ HDMI 2.1 لعرض 8K@60Hz و4K@120Hz للتجربة البصرية الفاخرة.</li> <li>السرع,,,,,Mainstream
175,simple,NG-3DP-008,,Phrozen Sonic Mini 8K S - 22-Micron Pixel Resin 3D Printer,0,0,visible,,2899,3D Printing & CNC,,Oversized,7,40,35,45,Standard NGS Warranty,Condition: New | Class: Oversized,فروزن Sonic Mini 8K S - 22-Micron Pixel Resin طابعة ثلاثية الأبعاد,"<p>صغير الحجم، غير محدود في الدقة.</p> <ul> <li><strong>لماذا هذا المنتج؟</strong></li> <li>8K رésolution: شاشة عرض 7,500 × 3,240 لتفاصيل سطحية ultra-smooth.</li> <li>22-micron Pixels: من",,,,,Mainstream
176,simple,NG-3DP-007,,Creality Sonic Pad - Klipper Tablet to Supercharge Your 3D Printer,0,0,visible,,1049,3D Printing & CNC,,Standard,0.8,25,20,8,Standard NGS Warranty,Condition: New | Class: Standard,كريالتي Sonic Pad - Klipper Tablet to Supercharge Your طابعة ثلاثية الأبعاد,<p>تُحول كرياليتي سونيك باد طابعتك القديمة إلى آلة طباعة فائقة السرعة باستخدام برنامج كليكر.</p> <strong>لماذا هذا المنتج؟</strong> <ul> <li><span>كليكر فورموير:</span> يُقلل من العمل,,,,,Mainstream
177,simple,NG-3DP-006,,BIQU H2 V2S Direct Drive Extruder - Lightweight Upgrade for Your 3D Printer,1,0,visible,,540,3D Printing & CNC,,Standard,0.3,14,10,8,Standard NGS Warranty,Condition: New | Class: Standard,BIQU H2 V2S Direct Drive Extruder - Lightweight Upgrade for Your طابعة ثلاثية الأبعاد,"<p>تستحق طابعتك القديمة الحصول على قلب جديد.</p> <strong>لماذا هذا المنتج؟</strong> <ul style=""direction: rtl;""> <li>**مثالي للوزن الخفيف:** يزن 217 غرام فقط، مما يجعله مناسباً لطابعا",,,,,Mainstream
178,simple,NG-3DP-005,,Elegoo Saturn 3 Ultra - 12K Resin 3D Printer with 10-inch Screen,0,0,visible,,3499,3D Printing & CNC,,Oversized,12,50,45,55,Standard NGS Warranty,Condition: New | Class: Oversized,إيليجو Saturn 3 Ultra - 12K Resin طابعة ثلاثية الأبعاد with 10-inch Screen,"<p>مع إلكوو ساترن 3 ألترا، تحقق من دقة تبلغ 12K على منطقة بناء كبيرة.</p> <h2><strong>لماذا هذا المنتج؟</strong></h2> <ul style=""direction: ltr;""> <li>دقة 12K: مع 11,520 × 5,120 بكسلً",,,,,Mainstream
179,simple,NG-3DP-004,,eSUN PLA+ Filament 10-Color Pack - 10kg Total for 3D Printing,0,0,visible,,1299,3D Printing & CNC,,Oversized,11,45,35,35,Standard NGS Warranty,Condition: New | Class: Oversized,ملف eSUN PLA+ 10 ألوان - 10 كجم مجموعًا للطباعة ثلاثية الأبعاد,<p>تستحق كل مشروع لونه الخاص. ابدأ مع عشرة ألوان في آن واحد.</p> <ul> <li><strong>10 ألوان متنوعة:</strong> أسود، أبيض، رمادي، أحمر، أزرق، vert، كريمي، أصفر، م่วه، ووردي.</li> <li><strong>PLA+,,,,,Mainstream
180,simple,NG-3DP-003,,Creality K1 Max - Large Format 3D Printer at 600mm/s,1,0,visible,,3380,3D Printing & CNC,,Oversized,16,55,50,55,Standard NGS Warranty,Condition: New | Class: Oversized,كريالتي K1 Max - Large Format طابعة ثلاثية الأبعاد at 600mm/s,<p>مشاريع كبيرة تحتاج طابعة تتناسب مع طموحك.</p> <strong>لماذا هذا المنتج؟</strong> <ul> <li><span>حجم بناء ضخم:</span> 300×300×300 مم - أكبر بنسبة 60% من معظم الطابعات السريعة.</li>,,,,,Mainstream
181,simple,NG-3DP-002,,Bambu Lab AMS - Automatic Material System for Multi-Color 3D Printing,1,0,visible,,1250,3D Printing & CNC,,Heavy,2.5,35,25,20,Standard NGS Warranty,Condition: New | Class: Heavy,نظام بامبو لاب آم تلقائي لطباعة ثلاثية الأبعاد متعددة الألوان,<p>إطلق خيالك بأربعة ألوان في طباعة واحدة.</p> <ul> <li><strong>4 ألوان/مواد:</strong> طبّق التصاميم المتعددة الألوان أو ادمج مواد مختلفة (مثل: PLA + TPU).</li> <li><strong>تبديل تلقائي:</stro,,,,,Mainstream
182,simple,NG-3DP-001,,Bambu Lab P1S 3D Printer - Blazing Speed and Pro Quality in an Enclosed Design,0,0,visible,,5099,3D Printing & CNC,,Oversized,14,55,48,55,Standard NGS Warranty,Condition: New | Class: Oversized,بامبو لاب P1S طابعة ثلاثية الأبعاد - Blazing Speed and Pro Quality in an Enclosed Design,"<p>بفضل بامبو لاب بي1س، أصبحت السرعة والجودة متاحة في آلة واحدة.</p> <strong>لماذا هذا المنتج؟</strong> <ul> <li><span>500mm/s سرعة:</span> تسارع يصل إلى 20,000mm/s² يكمل الطباعة في د",,,,,Mainstream
183,simple,NG-ACC-010,,WD Red Plus 8TB NAS Hard Drive - Built for Always-On NAS Systems,0,0,visible,,1449,Hardware,,Standard,0.8,18,14,5,Standard NGS Warranty,Condition: New | Class: Standard,Dysks صناعي WD Red Plus 8TB ل sistemasNAS مستقرة على الدوام,<p>جهاز الـ <strong>NAS</strong> الخاص بك يستحق القرص الثابت المخصص له.</p> <ul> <li><strong>تقنية CMR:</strong> تسهم في أداء الكتابة المستمر والموحد.</li> <li><strong>NASware 3.0:</strong> مت,,,,,Mainstream
184,simple,NG-ACC-009,,Ugreen Nexode 100W GaN Charger - 4-Port Gallium Nitride Fast Charger,0,0,visible,,439,Accessories & Lifestyle,,Standard,0.3,14,10,6,Standard NGS Warranty,Condition: New | Class: Standard,ع格林 نيكود 100وات ششرager رباعي المنافذ,"<p>عندما تحتاج إلى شحن عدة أجهزة في وقت واحد، هذا الشاحن هو الحل الأمثل.</p> <ul> <li><strong>100W Output:</strong> كافية لشحن MacBook Pro 16"" بسرعة.</li> <li><strong>4 Ports:</strong> 3x USB",,,,,Mainstream
185,simple,NG-ACC-008,,CalDigit TS4 Thunderbolt 4 Dock - 18-Port Professional Docking Station,1,0,visible,,2170,Accessories & Lifestyle,,Standard,0.9,25,18,10,Standard NGS Warranty,Condition: New | Class: Standard,كال ديجيت TS4 Thunderbolt 4 دوك - 18-Port Professional دوكing Station,"<p>تجمع كابل واحد كل أدواتك الرقمية في مكان واحد.</p> <strong>لماذا هذا المنتج؟</strong> <ul style=""list-style-type: disc; margin-left: 20px;""> <li><span>عدد المنافذ 18:</span> 3 من T",,,,,Mainstream
186,simple,NG-ACC-007,,Anker PowerConf S330 USB Speakerphone - Smart Noise-Canceling Conference Speaker,0,0,visible,,599,Accessories & Lifestyle,,Standard,0.4,18,14,6,Standard NGS Warranty,Condition: New | Class: Standard,anker powerconf s330 سماعات مؤتمر ذكية مع إلغاء الضوضاء,<p>يمكنك تحسين جودة الصوت في اجتماعاتك بدلاً من استخدام سماعات الكمبيوتر المدمجة.</p> <ul> <li><strong>الميكروفون الذكي:</strong> التقاط الصوت بزاوية 360 درجة مع تقنية VoiceRadar لتعقب الصوت.</li>,,,,,Mainstream
187,simple,NG-ACC-006,,"Samsung T7 Shield 2TB Portable SSD - Rugged, Fast, and Secure",0,0,visible,,1299,Hardware,,Standard,0.15,14,10,3,Standard NGS Warranty,Condition: New | Class: Standard,سامسونج ت7 شيلد 2 تيبيه جيجابايت جيجابايت قابل للتنقل - متين، سريع، وآمن,<p>تستحق بياناتك الحساسة الحماية القوية والغير متنازل عنها.</p> <ul> <li><strong>سرعة فائقة:</strong> يتيح لك نقل تيرابايت في أقل من 20 دقيقة عبر USB 3.2 Gen 2.</li> <li><strong>مقاوم للغبار و,,,,,Mainstream
188,simple,NG-MKR-010,,Elegoo Mars 4 Ultra Resin 3D Printer - 9K Resolution for Stunning Detail,0,0,visible,,2399,Enthusiasts & Gamers,,Oversized,7,38,35,42,Standard NGS Warranty,Condition: New | Class: Oversized,إيليجو Mars 4 Ultra Resin طابعة ثلاثية الأبعاد - 9K Resolution for Stunning Detail,<p>يتميز طابعة Elegoo Mars 4 Ultra بتفاصيل دقيقة لا تضاهى، مما يجعلها الخيار الأمثل لصنع القطع الصغيرة والتصاميم المعقدة.</p> <ul> <li><strong>9K حلولول:</strong> شاشة بدقة 8520 × 4320 لدقة متناه,,,,,Mainstream
189,simple,NG-MKR-009,,ESP32-S3 DevKit 10-Pack - Wi-Fi + Bluetooth 5 Microcontroller for Smart Projects,0,0,visible,699,809,Hardware,,Standard,0.3,18,12,6,Standard NGS Warranty,Condition: New | Class: Standard,طقم تطوير ESP32-S3 10 وحدة - ميكروكوントرولر ذكي مع Wi-Fi و Bluetooth 5,<p>اكتشف قوة التكنولوجيا مع حزمة ESP32-S3 DevKit 10-Pack من NeoGen، مثالية لمشاريع الذكاء الصناعي.</p> <ul> <li><strong>السبب الأول:</strong> المعالج المزدوج النق Xtensa LX7 بسرعة تصل إلى 240 MHz,,,,,Mainstream
190,simple,NG-MKR-008,,Creality Ender-3 V3 SE - The Best Entry-Level 3D Printer,1,0,visible,,1250,Enthusiasts & Gamers,,Oversized,10,55,48,30,Standard NGS Warranty,Condition: New | Class: Oversized,كريالتي Ender-3 V3 SE - The Best Entry-Level طابعة ثلاثية الأبعاد,"<p>انضم إلى عالم الطباعة ثلاثية الأبعاد بثقة وسهولة باستخدام <strong>Creality Ender-3 V3 SE</strong>.</p> <ul> <li><strong>سرعة 250mm/s:</strong> طباعة سريعة مدعومة بالمحرّك المباشر الجديد ""Sprit",,,,,Mainstream
191,simple,NG-MKR-007,,Prusa Mini+ 3D Printer - Professional Precision in a Compact Package,0,0,visible,3299,3799,Enthusiasts & Gamers,,Oversized,6.5,42,38,38,Standard NGS Warranty,Condition: New | Class: Oversized,Prusa Mini+ طابعة ثلاثية الأبعاد - Professional Precision in a Compact Package,<p>لا تحتاج إلى آلة كبيرة لاستخراج طابعات 3D محترفة.</p> <ul> <li><strong>التفاصيل الفائقة:</strong> طبقات منخفضة من 0.05mm لإنتاج طباعة مذهلة بالتفاصيل.</li> <li><strong> leveling تلقائي للسط,,,,,Mainstream
192,simple,NG-MKR-006,,Arduino Mega 2560 Rev3 - The Ultimate Microcontroller Board for Advanced Projects,0,0,visible,,549,Hardware,,Standard,0.15,14,10,4,Standard NGS Warranty,Condition: New | Class: Standard,arduino mega 2560 rev3 - لوحة ميكروكونترولر فائقة للمشاريع المتقدمة,<div> <p>إذا كنت قد نضجت من استخدام Arduino Uno وتحتاج إلى لوحة ميكروكونترولر قوية تتميز بمزيد من الأبواب الرقمية والمدخلات المعلمة، فهنا هو الحل الأمثل: Arduino Mega 2560 Rev3.</p> <strong>لم,,,,,Mainstream
193,simple,NG-GAM-012,,Elgato Wave:3 - Premium USB Condenser Microphone for Streaming,0,0,visible,1149,1329,Gaming,,Standard,0.7,25,18,15,Standard NGS Warranty,Condition: New | Class: Standard,إلجاتو Wave:3 - Premium USB Condenser ميكروفون for Streaming,<p>يعد الميكروفون الرقمي Elgato Wave:3 الخيار الأمثل لمن يرغب في تسجيل الصوت بجودة محترفة دون التعقيدات التقنية.</p> <section> <h2><strong>لماذا هذا المنتج؟</strong></h2> <ul>,,,,,Mainstream
194,simple,NG-GAM-011,,SteelSeries QcK Heavy XXL - Extra-Large Gaming Mouse Pad,1,0,visible,,200,Gaming,,Standard,0.5,50,42,3,Standard NGS Warranty,Condition: New | Class: Standard,ستيل سيريز QcK Heavy XXL - Extra-Large ماوس قيمنق Pad,<p>توسع مجالك من التحكم مع <strong>SteelSeries QcK Heavy XXL</strong>، لوحة الماوس الكبيرة التي تضمن أداء أفضل للمحول المرئي.</p> <ul> <li><strong>الحجم XXL (900x400mm):</strong> تغطي سطح الطاولة,,,,,Mainstream
195,simple,NG-GAM-010,,BenQ Zowie XL2546K - 240Hz Esports Gaming Monitor,0,0,visible,2999,3449,Gaming,,Oversized,8,70,45,22,Standard NGS Warranty,Condition: New | Class: Oversized,لوحة العرض الرياضية للألعاب بنسخته Zowie XL2546K - 240 هرتز,<p>استمتع بتجربة اللعب المثالية مع <strong>BenQ Zowie XL2546K</strong> - شاشة ألعاب إلكترونية تستخدم في جميع البطولات الكبرى للألعاب الإلكترونية حول العالم.</p> <ul> <li><strong>240Hz + 0.5ms:</s,,,,,Mainstream
196,simple,NG-GAM-009,,Corsair K70 RGB Pro - Legendary Mechanical Gaming Keyboard,0,0,visible,,999,Gaming,,Standard,1.3,48,20,6,Standard NGS Warranty,Condition: New | Class: Standard,كورسير K70 RGB Pro - Legendary Mechanical كيبورد قيمنق,<p>传奇游戏无需多言，<strong>Corsair K70 RGB Pro</strong> هو لوحة المفاتيح мехánيكية المعتمدة من قبل ملايين اللاعبين حول العالم لسنوات.</p> <ul> <li><strong>شواحن Cherry MX:</strong> اختر بين الأحمر (سريع,,,,,Mainstream
197,simple,NG-GAM-008,,Razer Basilisk V3 X HyperSpeed - Versatile Wireless Gaming Mouse,0,0,visible,,649,Gaming,,Standard,0.2,16,12,8,Standard NGS Warranty,Condition: New | Class: Standard,رايزر Basilisk V3 X HyperSpeed - Versatile لاسلكي ماوس قيمنق,<p>جهاز متعدد الاستخدامات لألعاب الفيديو والعمل، يجمع **Razer Basilisk V3 X HyperSpeed** بين الرد الفوري للألعاب وراحة يومية مثالية.</p> <ul> <li><strong>18K DPI Sensor:</strong> دقة عالية لألعاب,,,,,Mainstream
198,simple,NG-GAM-007,,8BitDo Arcade Stick - Authentic Arcade Experience at Home,1,0,visible,,530,Gaming,,Heavy,2,40,25,12,Standard NGS Warranty,Condition: New | Class: Heavy,8BitDo أريادنيك ستيك - تجربة قاعة الألعاب في المنزل,<p>استمتع بتجربة الأركاد في منزلك مع <strong>8BitDo Arcade Stick</strong>.</p> <ul> <li><strong>القطع الأصلية:</strong> يحتوي على جليفوس JLF وButtons OBSF-30 من شركة سانوا اليابانية، المعيار العا,,,,,Mainstream
199,simple,NG-GAM-006,,SteelSeries Arctis Nova 7 - Multi-Platform Wireless Gaming Headset,0,0,visible,,1199,Gaming,,Standard,0.5,22,20,10,Standard NGS Warranty,Condition: New | Class: Standard,ستيل سيريز Arctis Nova 7 - Multi-Platform لاسلكي سماعة قيمنق,<p>ال SteelSeries Arctis Nova 7 - سماعات ألعاب متعددة المنصات اللاسلكية، تتميز بالاندماج السلس بين الكمبيوتر وال PlayStation و الأجهزة المحمولة.</p> <strong>لماذا هذا المنتج؟</strong> <ul> <li><s,,,,,Mainstream
200,simple,NG-GAM-005,,Elgato HD60 X - External Capture Card for Streaming and Recording,0,0,visible,,1249,Gaming,,Standard,0.3,18,13,5,Standard NGS Warranty,Condition: New | Class: Standard,إلجاتو HD60 X - External كرت تسجيل for Streaming and Recording,"<p>ابدأ رحلتك في التسجيل والعمل على المحتوى بشكل محترف مع <strong>Elgato HD60 X</strong>, التي تلتقط لعبتك بجودة عالية دون أي تأخير.</p> <ul> <li><strong>التقاط بجودة 4K30 / 1080p60 HDR10:</stron",,,,,Mainstream
201,simple,NG-GAM-004,,Razer BlackWidow V4 75% - Compact Mechanical Gaming Keyboard,0,0,visible,,1199,Gaming,,Standard,1,40,18,5,Standard NGS Warranty,Condition: New | Class: Standard,رايزر BlackWidow V4 75% - Compact Mechanical كيبورد قيمنق,<p>كل ما تحتاجه من مفاتيح، ولا أكثر. تجمع لوحة المفاتيح Razer BlackWidow V4 75% بين تصميم صغير الحجم مع ميزات كاملة في تصميم يجذب الانتباه.</p> <strong>لماذا هذا المنتج؟</strong> <ul> <li><strong>مفات,,,,,Mainstream
202,simple,NG-GAM-003,,HyperX Cloud III Wireless - Premium Wireless Gaming Headset,0,0,visible,999,1149,Gaming,,Standard,0.5,22,20,10,Standard NGS Warranty,Condition: New | Class: Standard,هايبر إكس Cloud III لاسلكي - Premium لاسلكي سماعة قيمنق,"<p>استمتع بجودة الصوت الواضحة والدقيقة مع <strong>HyperX Cloud III Wireless</strong>, سماعات الألعاب اللاسلكية المثالية للاعبين الذين لا يقبلون التنازل عن جودة الصوت.</p> <ul> <li><strong>المحركات",,,,,Mainstream
203,simple,NG-GAM-002,,Razer DeathAdder V3 HyperSpeed - Ultra-Light Wireless Gaming Mouse,0,0,visible,849,979,Gaming,,Standard,0.2,16,12,8,Standard NGS Warranty,Condition: New | Class: Standard,رايزر DeathAdder V3 HyperSpeed - Ultra-Light لاسلكي ماوس قيمنق,<p>الرجوع إلى العصر مع رازر ديثاددر V3 هايبرسبيد، الماوس الإلكتروني الأخف والأسرع.</p> <strong>لماذا هذا المنتج؟</strong> <ul> <li><span>شريحة فوكس برو 26K:</span> تقدم دقة تتراوح حتى,,,,,Mainstream
204,simple,NG-GAM-001,,8BitDo Ultimate C Bluetooth Controller - Multi-Platform Gaming,1,0,visible,,180,Gaming,,Standard,0.3,18,14,8,Standard NGS Warranty,Condition: New | Class: Standard,8BitDo Ultimate C بلوتوث يد تحكم - Multi-Platform Gaming,"<p>تستمتع باللعب على أي منصة تريدها مع <strong>8BitDo Ultimate C</strong>, المُتحكم الذكي الذي يجمع بين الأداء والتوافق الواسع دون الإضرار بالميزانية.</p> <ul> <li><strong>توافق متعدد المنصات عبر",,,,,Mainstream
205,simple,NG-NET-012,,Ubiquiti UniFi Cloud Gateway Ultra - All-in-One UniFi Gateway,1,0,visible,,680,Networking,,Standard,0.6,18,14,5,Standard NGS Warranty,Condition: New | Class: Standard,غوايتي كلاود أونيفاintégrال إكسترا - غوايتي أنيو-أيوني夫intégrال,<p>ابدأ ببناء شبكة UniFi المهنية بسهولة. يُعد UniFi Cloud Gateway Ultra كل ما تحتاجه كجهاز ذكي يُدار من مكان واحد جميع أجهزة UniFi الخاصة بك.</p> <strong>لماذا هذا المنتج؟</strong> <ul> <li>التحكم الذ,,,,,Mainstream
206,simple,NG-NET-011,,TP-Link Archer AXE75 - AXE5400 Tri-Band WiFi 6E Router,0,0,visible,1299,1499,Networking,,Standard,1.2,30,22,8,Standard NGS Warranty,Condition: New | Class: Standard,تي بي لينك Archer AXE75 - AXE5400 Tri-Band WiFi 6E راوتر,"<p>تستعد لتجربة الإنترنت القادم. يفتح **TP-Link Archer AXE75** الباب للصارة في النطاق 6GHz مع سرعات وغطاء غير متاح من قبل.</p> <strong>لماذا هذا المنتج؟</strong> <ul style=""list-style-type: d",,,,,Mainstream
207,simple,NG-NET-010,,Ubiquiti UniFi USW-Flex-Mini - Ultra-Compact 5-Port Managed Switch,0,0,visible,,219,Networking,,Standard,0.2,12,10,4,Standard NGS Warranty,Condition: New | Class: Standard,يوبيكويتي UniFi USW-Flex-Mini - Ultra-Compact 5-Port Managed سويتش,<p>صغير الحجم، كبير في الأداء. يُعتبر <strong>UniFi USW-Flex-Mini</strong> أصغر مُسويّ مُدارة في عائلة UniFi، مستعدًا للعمل في أي مكان تحتاج إليه.</p> <strong>لماذا هذا المنتج؟</strong> <ul> <li>5 منا,,,,,Mainstream
208,simple,NG-NET-009,,Netgear GS308E - 8-Port Gigabit Plus Smart Managed Switch,0,0,visible,,209,Networking,,Standard,0.5,20,14,5,Standard NGS Warranty,Condition: New | Class: Standard,شبكة جيجابايت ذكي مدبرة غس308إighted - 8 منفذات,<p>يجمع <strong>Netgear GS308E</strong> بين سهولة الاستخدام وقوة التحكم الذكي في تصميم مدمج من المعدن، مما يجعله خيارًا مثاليًا لتحسين أداء الشبكات المنزلية أو المؤسسية.</p> <strong>لماذا هذا المنتج؟<,,,,,Mainstream
209,simple,NG-NET-008,,MikroTik hEX S (RB760iGS) - 5-Port Gigabit Router with SFP and USB,0,0,visible,,649,Networking,,Standard,0.5,18,14,5,Standard NGS Warranty,Condition: New | Class: Standard,ميكروتيك hEX S (RB760iGS) - 5-Port Gigabit راوتر with SFP and USB,<p>هل تبحث عن جهاز راوتر يفهم الشبكات حقًا؟ يُعتبر **MikroTik hEX S** خيارًا ذكيًا لأي شخص يرغب في التحكم الكامل في الشبكة مع مرونة غير مسبوقة.</p> <strong>لماذا هذا المنتج؟</strong> <ul> <li><strong>,,,,,Mainstream
210,simple,NG-NET-007,,Ubiquiti EdgeRouter X - Advanced Gigabit Router in a Pocket-Sized Form,0,0,visible,,549,Networking,,Standard,0.3,14,12,4,Standard NGS Warranty,Condition: New | Class: Standard,يوبيكويتي Edgeراوتر X - Advanced Gigabit راوتر in a Pocket-Sized Form,<p>لا تدع الحجم الصغير يخدعك. يحتوي **Ubiquiti EdgeRouter X** على قدرات توجيهية من الدرجة التجارية التي تتفوق على أجهزة تكلفة مئات المرات أكثر.</p> <strong>لماذا هذا المنتج؟</strong> <ul> <li><strong>,,,,,Mainstream
211,simple,NG-NET-006,,TP-Link TL-SG108E - 8-Port Gigabit Easy Smart Managed Switch,0,0,visible,,229,Networking,,Standard,0.5,20,14,5,Standard NGS Warranty,Condition: New | Class: Standard,تي بي لينك TL-SG108E - 8-Port Gigabit Easy Smart Managed سويتش,"<p>تتميز لوحة التبادل الذكي المدارة <strong>TP-Link TL-SG108E</strong> بتقنيات إدارة متقدمة بأسعار مدعومة.</p> <section> <h2><strong>لماذا هذا المنتج؟</strong></h2> <ul style=""lis",,,,,Mainstream
212,simple,NG-NET-005,,Ubiquiti UniFi 6 Lite - WiFi 6 Access Point (AX1500),0,0,visible,,849,Networking,,Standard,0.4,25,25,8,Standard NGS Warranty,Condition: New | Class: Standard,يوبيكويتي UniFi 6 Lite - WiFi 6 نقطة وصول (AX1500),<p>تحديث نظام الواي فاي الخاص بك مع <strong>Ubiquiti UniFi 6 Lite</strong>. تصميم أنيق و أداء الواي فاي 6 موثوق به، بالإضافة إلى سعر مناسب يجعله الخيار الأمثل لأي تثبيت.</p> <ul> <li><strong>الوا,,,,,Mainstream
213,simple,NG-NET-004,,MikroTik CRS305-1G-4S+IN - 4-Port 10G SFP+ Desktop Switch,0,0,visible,,1149,Networking,,Standard,0.5,18,14,5,Standard NGS Warranty,Condition: New | Class: Standard,ميكروتيك CRS305-1G-4S+IN - 4-Port 10G SFP+ Desktop سويتش,<p>استمتع بتجربة شبكة 10 جيغابت بدون تكلفة عالية. يوفر <strong>MikroTik CRS305-1G-4S+IN</strong> أربع منافذ SFP+ بسرعة 10Gbps في جسم صغير الحجم بدون مروحة.</p> <strong>لماذا هذا المنتج,,,,,Mainstream
214,simple,NG-NET-003,,Ubiquiti UniFi Switch Lite 16 PoE - 16-Port Managed Gigabit PoE+ Switch,0,0,visible,,1399,Networking,,Heavy,3,45,30,8,Standard NGS Warranty,Condition: New | Class: Heavy,يوبيكويتي UniFi سويتش Lite 16 PoE - 16-Port Managed Gigabit PoE+ سويتش,<p> construّع شبكة محترفة مع <strong>Ubiquiti UniFi Switch Lite 16 PoE</strong>. قم بتوصيل أجهزتك بالبيانات والكهرباء عبر كابل واحد.</p> <ul> <li><strong>8 منافذ PoE+</strong>: ميزانية تبلغ 45W لد,,,,,Mainstream
215,simple,NG-NET-002,,TP-Link Deco XE75 (3-Pack) - AXE5400 WiFi 6E Whole-Home Mesh System,0,0,visible,2099,2419,Networking,,Heavy,3,38,30,20,Standard NGS Warranty,Condition: New | Class: Heavy,طپ-لينك ديكوXE75 (3-قطعة) - نظام شبكي واي فاي 6E كلي البيت مع أداء AXE5400,<p>احصل على تغطية سريعة وموثوقة لمنزلك بفضل نظام شبكة واي فاي 6E متكامل من <strong>TP-Link Deco XE75</strong>، الذي يزيل العيوب في الإشارة ويغطي المساحات الكبيرة بسلاسة.</p> <strong>لماذا هذا المنتج؟<,,,,,Mainstream
216,simple,NG-NET-001,,MikroTik hAP ax3 - WiFi 6 Router with RouterOS Power,0,0,visible,,799,Networking,,Standard,0.6,22,16,6,Standard NGS Warranty,Condition: New | Class: Standard,ميكروتيك hAP ax3 - WiFi 6 راوتر with راوترOS Power,<p>استمتع بتحكم كامل في شبكة الإنترنت مع موديل MikroTik hAP ax3. هذا جهاز WiFi 6 يجمع بين نظام RouterOS من المستوى الصناعي وتصميم سهل الاستخدام.</p> <strong>لماذا هذا المنتج؟</strong> <ul> <li><strong,,,,,Mainstream
217,simple,NG-SH-015,,Sonoff SNZB-02D Zigbee Temperature &amp; Humidity Sensor with LCD Display,0,0,visible,,159,Smart Home & IoT,,Standard,0.05,8,6,3,Standard NGS Warranty,Condition: New | Class: Standard,سونوف SNZB-02D زيجبي سينسر لقياس درجة الحرارة والرطوبة مع شاشة LCD,<p>تريد معرفة درجة الحرارة والتوازن الرطبي بدقة في كل غرفة من غرف منزلك بتكلفة قليلة؟</p> <strong>لماذا هذا المنتج؟</strong> <ul> <li>شاشة LCD ذات حجم 2.7 بوصة تظهر درجة الحرارة والتو,,,,,Mainstream
218,simple,NG-SH-014,,MOES Zigbee Smart Thermostat (BHT-002-GCLZB) - Programmable HVAC Control,0,0,visible,379,439,Smart Home & IoT,,Standard,0.25,14,10,5,Standard NGS Warranty,Condition: New | Class: Standard,موديل زيجبي ذكي للتحكم في درجة الحرارة وظائف قابلة للبرمجة (BHT-002-GCLZB) - التحكم في نظام التدفئة والتهوية والتبريد,<p>هل تدفع فواتير الكهرباء المرتفعة بسبب تشغيل التدفئة أو التكييف طوال اليوم دون ضبط ذكي؟ اكتشف حلًا ذكيًا مع منظم الحرارة الذكي MOES Zigbee (BHT-002-GCLZB) - منظم حراري ذكي لضبط أنظمة التدفئة والتبري,,,,,Mainstream
219,simple,NG-SH-013,,Zemismart Zigbee Smart Tubular Motor (ZM25TQ) - Heavy-Duty Roller Blind Motor,0,0,visible,,699,Smart Home & IoT,,Standard,1,45,12,10,Standard NGS Warranty,Condition: New | Class: Standard,zemismart ذكية زيجبي موتور لفتحة السقف الثقيلة (ZM25TQ) - موتور ستاربلاين,<p>هل تبحث عن محرك ذكي قوي لستائر التروس الثقيلة؟ هذا المحرك الذكي من Zemismart يوفر قوة دفع عالية لتعمل مع أثقال تصل إلى 8 كجم، مع تصميم مدمج يناسب جميع أنواع الستائر.</p> <strong>لماذا هذا المنتج؟</,,,,,Mainstream
220,simple,NG-SH-012,,Aqara Roller Shade Driver E1 (RSD-M01) - Smart Roller Blind Motor with HomeKit,0,0,visible,599,689,Smart Home & IoT,,Standard,0.5,20,12,8,Standard NGS Warranty,Condition: New | Class: Standard,جهاز قياس ستاره متحرك أقراة E1 (RSD-M01) - محرك ستار متحرك ذكي مع دعم هومكิت,<p>هل ترغب في التحكم في الستائر المتدلية من هاتفك دون الحاجة إلى تركيب معقد؟</p> <strong>لماذا هذا المنتج؟</strong> <ul> <li>يتناسب مع الستائر المتدلية الحالية التي,,,,,Mainstream
221,simple,NG-SH-011,,SwitchBot Bot (S1) - Robotic Finger That Makes Any Button Smart,0,0,visible,,279,Smart Home & IoT,,Standard,0.1,10,8,5,Standard NGS Warranty,Condition: New | Class: Standard,SwitchBot بوت (S1) - أطراف ذكية تجعل أي زر ذكي,<p>هل لديك جهاز قديم ترغب في التحكم فيه من هاتفك لكنه يسبق تكنولوجيا الذكاء الاصطناعي؟</p> <strong>لماذا هذا المنتج؟</strong> <ul> <li>ذراع ميكانيكي يضغط على أي زر - من إضاءة مكتبية إلى آلة قهوة، أي ش,,,,,Mainstream
222,simple,NG-SH-010,,Eve Energy Smart Plug (Matter/Thread) - Next-Gen Smart Plug with Power Monitoring,0,0,visible,,399,Smart Home & IoT,,Standard,0.15,12,8,5,Standard NGS Warranty,Condition: New | Class: Standard,Eve Energy قابس ذكي (Matter/Thread) - Next-Gen قابس ذكي with Power شاشةing,<p>اكتشف كيف تعرف بدقة استهلاك كل جهاز في منزلك ومتى يجب إيقافه مع منفذ ذكي ذي مراقبة طاقة متطورة.</p> <strong>لماذا هذا المنتج؟</strong> <ul> <li>تقنية Matter over Thread - لا يحتاج لشبكة Wi-Fi، يعمل,,,,,Mainstream
223,simple,NG-SH-009,,Aqara Motion Sensor P1 (MS-S02) - Wide-Angle 170° Smart PIR Sensor,0,0,visible,,279,Smart Home & IoT,,Standard,0.1,10,8,5,Standard NGS Warranty,Condition: New | Class: Standard,أقراها سينسر حركة P1 (MS-S02) - سعاتي 170° ذكي مستشعر PIR,<p>استمتع بضوء تلقائي ينير بمجرد دخولك الغرفة ويطفئ نفسه عند مغادرتك.</p> <ul> <li><strong>لماذا هذا المنتج؟</strong></li> <li>زاوية اكتشاف واسعة تبلغ 170° × 40° (العمودي × الأفقي) لتشمل جميع,,,,,Mainstream
224,simple,NG-SH-008,,Shelly Plus 1PM - Smart Wi-Fi Relay with Power Monitoring,0,0,visible,,189,Smart Home & IoT,,Standard,0.05,8,6,3,Standard NGS Warranty,Condition: New | Class: Standard,شيللي بلس 1PM - مرتعش ذكي بثاني أكسيد النيتروجين مع مراقبة الطاقة,<p>هل ترغب في جعل أضواءك وآلاتك الذكية دون الحاجة لتعديل المفاتيح؟ يُعد Shelly Plus 1PM حلًا مثاليًا لتحويل الأجهزة الموجودة إلى منظومة ذكية بسهولة وفعالية.</p> <strong>لماذا هذا المنتج؟</strong> <ul>,,,,,Mainstream
225,simple,NG-SH-007,,SwitchBot Curtain 3 (W2400000) - Turn Any Curtain Smart in Minutes,0,0,visible,549,639,Smart Home & IoT,,Standard,0.3,18,10,8,Standard NGS Warranty,Condition: New | Class: Standard,'-switchbot ستارن سكينر 3 (W2400000) - جعل أي شтор ذكي في دقائق,<p>استمتع بتحكم فوري في ستائرك باستخدام صوتك أو هاتفك الذكي مع SwitchBot Curtain 3 (W2400000).</p> <ul> <li><strong>التركيب السهل:</strong> يتم تركيبه بدون أداة في أقل من خمس دقائق ويتناسب مع مسا,,,,,Mainstream
226,simple,NG-SH-006,,Aqara Hub M2 (HM2-G01) - Multi-Protocol Smart Home Gateway,0,0,visible,,499,Smart Home & IoT,,Standard,0.2,14,10,5,Standard NGS Warranty,Condition: New | Class: Standard,محول أقارة M2 (HM2-G01) - بوابة ذكية متعددة البروتوكولات للمنزل,<p>هل لديك أجهزة ذكية مبعثرة دون منصة واحدة لربطها؟ اكتشف Hub M2 من Aqara، بوابة ذكية متعددة البروتوكولات تدمج أجهزتك في نظام واحد سلس وآمن.</p> <strong>لماذا هذا المنتج؟</strong> <ul> <li>دعم Zigbee,,,,,Mainstream
227,simple,NG-ENT-010,,Ubiquiti UniFi Switch Pro 24 PoE (USW-Pro-24-PoE) - Smart Managed PoE+ Switch,0,0,visible,,4199,Homelab,,Heavy,5.5,55,35,8,Standard NGS Warranty,Condition: New | Class: Heavy,يوبيكويتي UniFi سويتش Pro 24 PoE (USW-Pro-24-PoE) - Smart Managed PoE+ سويتش,<p>هل تشعر بالإرهاق من توصيل أسلاك كهربائية منفصلة لكل كاميرا ونقطة الوصول في شبكة الإنترنت الخاصة بك؟</p> <strong>لماذا هذا المنتج؟</strong> <ul> <li>24 منفذًا بسرعة جيجابت مع ميزانية كهرباء عبر الشب,,,,,Mainstream
228,simple,NG-ENT-009,,HPE ProLiant DL380 Gen10 Server (Refurbished) - Data Center Power at Smart Pricing,1,0,visible,,8630,Homelab,,Oversized,25,80,55,22,Standard NGS Warranty,Condition: Refurbished | Class: Oversized,خادم هوايبي برولينيوت دل380 جين10 (مسترجَع) - قوة مركز البيانات بأثمنة ذكية,<p>هل تحتاج إلى أداء خادم من نوع مركز البيانات ولكن ميزانيتك لا تسمح بشراء نموذج جديد؟ اكتشف HPE ProLiant DL380 Gen10 Server (الملف المُعاد تجميعه) الذي يوفر أداءً عاليًا بأسعار مناسبة.</p> <strong>لم,,,,,Mainstream
229,simple,NG-ENT-008,,APC Smart-UPS 1500VA LCD RM 2U (SMT1500RMI2U) - Pure Sine Wave Rack UPS,0,0,visible,,4899,Homelab,,Oversized,22,58,38,12,Standard NGS Warranty,Condition: New | Class: Oversized,APC Smart-UPS 1500VA LCD RM 2U (SMT1500RMI2U) - مولد طاقة نقية الدائرة الرفقي,<p>هل تواجه مشاكل في فقدان البيانات أو ضرر الأجهزة بسبب انقطاع التيار الكهربائي المفاجئ؟ يوفر لك هذا الجهاز حماية موثوقة وتشغيلًا مستقرًا لجميع أجهزتك الحساسة.</p> <strong>لماذا هذا المنتج؟</strong> <,,,,,Mainstream
230,simple,NG-ENT-007,,MikroTik CRS326-24G-2S+RM 24-Port Managed Gigabit Switch with 10G SFP+,1,0,visible,,1110,Homelab,,Heavy,3.5,55,30,8,Standard NGS Warranty,Condition: New | Class: Heavy,ميكروتيك CRS326-24G-2S+RM 24-Port Managed Gigabit سويتش with 10G SFP+,<p>هل تبحث عن مُدارة تبادل بيانات مع ميزات احترافية دون دفع أسعار العلامات التجارية الفاخرة؟ هذا المنتج هو الحل الأمثل لاحتياجاتك في الشبكات المتقدمة بجودة عالية وبأسعار مناسبة.</p> <strong>لماذا هذا,,,,,Mainstream
231,simple,NG-ENT-006,,Synology DiskStation DS1621+ 6-Bay NAS - Enterprise Storage Powerhouse,0,0,visible,,5599,Homelab,,Heavy,5,35,30,25,Standard NGS Warranty,Condition: New | Class: Heavy,نظام التخزين enterprise DiskStation DS1621+ 6-بوابات,<p>إذا كنت تبحث عن حل تخزين مركز يوفر كلا من الأداء والموثوقية لعملك، فهذا المنتج هو الخيار الأمثل.</p> <ul> <li><strong>الأداء:</strong> مع معالج AMD Ryzen V1500B quad-core 2.2GHz، تضمن التجاوزا,,,,,Mainstream
233,simple,NG-ACC-004,,Seagate IronWolf 18TB NAS Internal Hard Drive - Built for 24/7 Performance,0,0,visible,2699,3109,Hardware,,Standard,1,20,14,5,Standard NGS Warranty,Condition: New | Class: Standard,قرص صلب داخلي سيراجيت إيرونوول 18 تي بي آيسي - مصمم لل أداء 24/7,<p>استخدم نظامك التخزيني NAS بمحرك أقراص Seagate IronWolf 18TB، محرك أقراص مصمم خصيصًا لتحمل متطلبات البيئات متعددة المستخدمين وتشغيل 24/7. قوي، قابل للتوسع، وموثوق—هو الأساس الأساسي لبنية بياناتك.</p,,,,,Mainstream
234,simple,NG-ACC-003,,Mark Ryden Anti-theft Laptop Backpack - Maximum Protection for Your Tech,0,0,visible,409,479,Accessories & Lifestyle,,Standard,1.2,50,35,15,Standard NGS Warranty,Condition: New | Class: Standard,حقيبة حماية أمنية لمحمول Mark Ryden - حماية قصوى لتقنيتك,<p>استمتع بالسفر بثقة وسلاسة مع حقيبة الظهر المضادة للسرقة من مارك ريدن. هذه الحقيبة ليست مجرد حقيبة، بل هي خزنة متنقلة تحمي معداتك الثمينة، مصممة لليوميات والمسافرين المكثفين.</p> <strong>لماذا هذا ا,,,,,Mainstream
235,simple,NG-ACC-002,,Anker 735 GaN 65W Charger - Compact 3-Port Fast Charger,0,0,visible,,379,Accessories & Lifestyle,,Standard,0.2,12,8,5,Standard NGS Warranty,Condition: New | Class: Standard,انكر 735 GaN 65W شاحن - Compact 3-Port Fast شاحن,<p>اكتشف تجربة شحن سلسة مع **Anker 735 Charger (GaNPrime 65W)**. اخلع الأجهزة الثقيلة واحصل على شحن سريع لثلاثة أجهزة في وقت واحد من منفذ صغير الحجم.</p> <strong>لماذا هذا المنتج؟</strong> <ul> <li><s,,,,,Mainstream
236,simple,NG-ACC-001,,Baseus Blade 100W Power Bank - Ultra-Slim Laptop Portable Charger,0,0,visible,,499,Accessories & Lifestyle,,Standard,0.5,22,15,4,Standard NGS Warranty,Condition: New | Class: Standard,แบสิว بلايد 100W بورر بنك - شحذة محمولة للكمبيوتر المحمول رقيقة جدا,<p>استعد لحياتك المهنية ببطاقة شحن Baseus Blade 100W. مصممة لمن لا يرغبون في الارتباط بالمنافذ,,,,,Mainstream
237,simple,NG-MKR-005,,Elgato Stream Deck MK.2 - Professional Productivity Console with 15 LCD Keys,0,0,visible,1249,1439,Enthusiasts & Gamers,,Standard,0.5,22,16,6,Standard NGS Warranty,Condition: New | Class: Standard,إلجاتو ستريم ديك MK.2 - Professional Productivity Console with 15 LCD Keys,<p>تحكم في حياتك الرقمية بجهاز **Elgato Stream Deck MK.2**. أكثر من مجرد جهاز تحكم لمستخدمي البث، فهو لوحة تحكم قوية تُسرع المهام، من تحرير الفيديو إلى تطوير البرمجيات المعقدة.</p> <strong>لماذا هذا ا,,,,,Mainstream
238,simple,NG-MKR-004,,Meta Quest 3 128GB - The Most Powerful Mixed Reality Headset,1,0,visible,,3060,Enthusiasts & Gamers,,Heavy,1.8,30,22,18,Standard NGS Warranty,Condition: New | Class: Heavy,ميتا كويست 3 128GB - The Most Powerful Mixed Reality سماعة,<p>اكتشف عالمًا جديدًا مع **Meta Quest 3**. سواء كنت تغوص في مغامرات ألعاب مذهلة أو تحول غرفة المعيشة إلى مكتب افتراضي، فإن Quest 3 يوفر تجربة واقع مختلط مبتكرة تدمج بين العالم الرقمي والفيزيائي بسلاس,,,,,Mainstream
239,simple,NG-MKR-003,,Keychron Q1 - Premium Full Aluminum Custom Mechanical Keyboard,0,0,visible,,1449,Enthusiasts & Gamers,,Standard,1.5,42,18,6,Standard NGS Warranty,Condition: New | Class: Standard,كيكرون Q1 - Premium Full Aluminum Custom كيبورد ميكانيكي,<p>استعد لتجربة تحريرية فريدة مع <strong>Keychron Q1</strong>، لوحة ميكانيكية مصنوعة من الألمنيوم الكامل تجمع بين الأناقة والقوة، مصممة لتعزيز كفاءة العمل وتقديم تجربة تصفية مثالية.</p> <strong>لماذا,,,,,Mainstream
240,simple,NG-MKR-002,,Raspberry Pi 5 Ultimate Starter Kit - Everything You Need in One Box,0,0,visible,1149,1329,Hardware,,Standard,1,25,20,12,Standard NGS Warranty,Condition: New | Class: Standard,رازبيري باي 5 Ultimate Starter Kit - Everything You Need in One Box,<p>لا تبحث عن أجزاء متوافقة، بل ابدأ مباشرة ببناء مشاريعك. مجموعة Raspberry Pi 5 Ultimate Starter Kit تحتوي على كل ما تحتاجه لبدء مشاريعك فورًا.</p> <strong>لماذا هذا المنتج؟</strong> <ul> <li>تتوافق,,,,,Mainstream
241,simple,NG-MKR-001,,Raspberry Pi 5 8GB - The New Standard in Single Board Computing,0,0,visible,899,1039,Hardware,,Standard,0.15,12,10,4,Standard NGS Warranty,Condition: New | Class: Standard,رازبيري باي 5 8GB - The New Standard in Single Board Computing,<p>استمتع بقوة لا تضاهى في يدك مع Raspberry Pi 5. يتميز بزيادة كبيرة في سرعة المعالجة وقدرة الرسومات، مما يجعله مناسبًا لتطبيقات الصناعة المعقدة وخدمات المنزل عالية الجودة.</p> <strong>لماذا هذا المنت,,,,,Mainstream
242,simple,NG-SH-005,,Sonoff TX Ultimate (T5) Smart Wall Switch - Interactive Elegance with RGB,0,0,visible,269,309,Smart Home & IoT,,Standard,0.3,14,10,5,Standard NGS Warranty,Condition: New | Class: Standard,سونوف تي إكس أوميتيلايت (ت5) ذكي مزودح - إleganza تفاعلية مع RGB,<p>استبدل طريقة التحكم في الإضاءة بتصميم عصري يدمج بين الجمال والوظيفة، مع مفتاح جدار ذكي يُعيد تعريف تجربة التفاعل مع الإضاءة.</p> <strong>لماذا هذا المنتج؟</strong> <ul> <li><strong>تجربة لمسة مُتكا,,,,,Mainstream
243,simple,NG-SH-004,,Aqara Water Leak Sensor - Safeguard Your Home from Water Damage,0,0,visible,219,259,Smart Home & IoT,,Standard,0.05,8,6,3,Standard NGS Warranty,Condition: New | Class: Standard,ساحر حساس تسرب المياه - حافظ على منزلك من أضرار المياه,<p>احمي منزلك من الكوارث المفاجئة مع أحدث جهاز كشف تسربات المياه من Aqara. يراقب الجهاز منزلك على,,,,,Mainstream
244,simple,NG-SH-003,,Broadlink RM4 Pro - Universal Smart Remote for IR &amp; RF Devices,0,0,visible,,359,Smart Home & IoT,,Standard,0.2,14,10,5,Standard NGS Warranty,Condition: New | Class: Standard,Broadlink RM4 Pro - ذكاء جهاز عنصري متعدد للتحكم عن بعد عبرIR وRF,<p>المنتج المثالي لتحويل منزلك إلى منزل ذكي بدون إزعاج، يجمع بين التحكم في الأجهزة عبر تطبيق واحد على هاتفك. سواء كان جهاز التكييف أو باب المندفع الكهربائي، يدمج RM4 Pro كل شيء في نظام المنزل الذكي.</,,,,,Mainstream
245,simple,NG-SH-002,,UniFi Protect G4 Pro Camera - 4K Ultra HD Surveillance Excellence,1,0,visible,,2520,Smart Home & IoT,,Standard,0.8,22,16,14,Standard NGS Warranty,Condition: New | Class: Standard,كاميرا يونيفي برو G4 حراسة فائقة الوضوح UHD 4K,<p>اكتشف كل التفاصيل، سواء في النهار أو الليل، مع كاميرا **UniFi Protect G4 Pro**. هذه الكاميرا من الطراز العالي توفر وضوحًا 4K مذهل، مما يضمن لك رؤية دقيقة في اللحظات الحاسمة.</p> <strong>لماذا هذا ا,,,,,Mainstream
246,simple,NG-SH-001,,Aqara Smart Door Lock A100 - Elite Security with Apple HomeKey Support,0,0,visible,,1649,Smart Home & IoT,,Heavy,2,30,22,12,Standard NGS Warranty,Condition: New | Class: Heavy,آقارة ذكي قفل باب أ100 - أمان عالي مع دعم هومكي من آبل,<p>تحديث أمان منزلك مع <strong>Aqara A100</strong>، قفل باب ذكي آمن ومتعدد الاستخدامات. اترك المفاتيح الورقية وابدأ في فتح منزلك ببصمة الإصبع أو أجهزة آبل.</p> <strong>لماذا هذا المنتج؟</strong> <ul>,,,,,Mainstream
247,simple,NG-ENT-005,,Asustor Flashstor 6 (FS6706T) - All-NVMe SSD NAS for Extreme Performance,0,0,visible,,3099,Homelab,,Standard,2,25,18,12,Standard NGS Warranty,Condition: New | Class: Standard,Asustor فشستور 6 (FS6706T) - نظام تخزينNAS=all-NVMe SSD لمحوّل الأداء المُتطرِف,<p>ابتعد عن الأقراص الصلبة التقليدية وابدأ في عصر تخزين البيانات مع Asustor Flashstor 6. هذا ليس مجرد وحدة تخزين (NAS) – بل قوة مدمجة بالكامل مصممة لمن يطلبون صفر تأخير وسرعة قصوى.</p> <strong>لماذا ه,,,,,Mainstream
248,simple,NG-ENT-004,,UniFi 6 Long-Range (U6-LR) - High-Performance WiFi 6 Access Point,1,0,visible,,1180,Homelab,,Standard,0.5,25,25,8,Standard NGS Warranty,Condition: New | Class: Standard,وحدة فاي بي 6 طويلة المدى (U6-LR) - نقطة دخول فاي بي 6 عالية الأداء,<p>أقصِّي نطاق الاتصال اللاسلكي وسرعة الأداء مع UniFi 6 Long-Range. مصمم لقوة وموثوقية، فإن U6-LR هو نقطة دخول عالية الأداء تجلب مستقبل WiFi 6 إلى منزلك أو مكتبك الكبير.</p> <strong>لماذا هذا المنتج؟<,,,,,Mainstream
249,simple,NG-ENT-003,,Ubiquiti UniFi Dream Machine Pro (UDM-Pro) - All-in-One Enterprise Network Console,1,0,visible,,2570,Homelab,,Heavy,3.5,35,28,10,Standard NGS Warranty,Condition: New | Class: Heavy,مكملة شبكة أنيقة د림 ميشين برو (UDM-Pro) - وحدة تحكم شبكيه تجميعية للأعمال,<p>اكتشف السيطرة الكاملة على بيئةك الرقمية مع <strong>UniFi Dream Machine Pro</strong>. هذا الجهاز المتكامل من نوع واحد قوي مصمم ليتوافق مع احتياجاتك، ويقدم أمانًا وسرعة تصل إلى مستوى الشركات.</p> <st,,,,,Mainstream
250,simple,NG-ENT-002,,Asustor Lockerstor 4 (AS6604T) - Professional 4-Bay NAS for Creators,0,0,visible,,3099,Homelab,,Heavy,4,32,25,22,Standard NGS Warranty,Condition: New | Class: Heavy,أساستور لوكيرستور 4 (AS6604T) - نظام تخزين متعدد الأغراض للمساهمين专业的创作者4盘位网络存储系统,<p>أعد تشكيل إدارة بياناتك مع <strong>Asustor Lockerstor 4</strong>. مصمم لمستخدمي القوة وشركات الأعمال الصغيرة، يجمع بين السرعة والمساحة والحماية بأسلوب مثالي.</p> <strong>لماذا هذا المنتج؟</strong>,,,,,Mainstream
251,simple,NG-ENT-001,,"Dell PowerEdge R730 Refurbished Server - Enterprise Power, Smart Investment",0,0,visible,,8099,Homelab,,Oversized,25,80,55,22,Standard NGS Warranty,Condition: Refurbished | Class: Oversized,دell PowerEdge R730_SERVER مسترد - قوة الأعمال، استثمار ذكي,<p>استثمر في بناء البنية التحتية الخاصة بك دون تكلفة الشركات الكبرى. يوفر <strong>Dell PowerEdge R730</strong> أداءً متميزًا بسعر مناسب، مع تجديد احترافي يضمن أداءً مماثلًا للمنتجات الجديدة.</p> <stro,,,,,Mainstream
577,simple,SH-WIN-ECVX-001,,Ecovacs WINBOT W2 OMNI - Robotic Window Cleaner,0,0,visible,,2299,Smart Home & IoT,,Heavy,4,38,28,18,Standard NGS Warranty,Condition: New | Class: Heavy,إيكوفاكس WINBOT W2 OMNI · روبوت تنظيف زجاج,<p>يُعتبر Ecovacs WINBOT W2 OMNI أحدث تطور في تنظيف النوافذ تلقائيًا، حيث يجمع بين الذكاء الاصطناعي والتقنيات المتقدمة لتقديم نظافة مثالية دون تدخل بشري. يتميز بتصميم عصري ووظائف ذكية تضمن كفاءة عالية,,,,,Mainstream
578,simple,SH-WIN-HBT-001,,HOBOT-R3 - Window Cleaning Robot,0,0,visible,,1599,Smart Home & IoT,,Heavy,3.5,35,25,15,Standard NGS Warranty,Condition: New | Class: Heavy,HOBOT R3 · روبوت تنظيف نوافذ,<p>يُقدّم لك HOBOT-R3 أحدث تقنية في تنظيف النوافذ بسلاسة وفعالية. يُنظّم هذا الروبوت تلقائيًا النوافذ بفضل نظام تحديد المواقع الذكي، مما يوفر لك وقتًا ويعزز نظافة المنزل دون الحاجة إلى تعب العمل اليدو,,,,,Mainstream
579,simple,SH-LWN-MAM-001,,Mammotion LUBA 2 AWD 5000H - Wireless Robotic Lawn Mower,0,0,visible,,14999,Smart Home & IoT,,Oversized,22,75,65,40,Standard NGS Warranty,Condition: New | Class: Oversized,ماموشن لوبا 2 · جزّازة عشب آلية بلا أسلاك,<p>يُعد Mammotion LUBA 2 AWD 5000H أحدث تقنية في قطاع أجهزة الحفر الآلي، حيث يوفر حلاً ذكياً لتنظيف الحدائق بسلاسة وفعالية. يتميز بتصميم عصري ووظائف متقدمة تضمن تجربة سلسة للمستخدم.</p> <strong>لماذا,,,,,Mainstream
580,simple,SH-LWN-WRX-001,,Worx Landroid Vision M600 - Camera-Guided Robot Mower,0,0,visible,,6999,Smart Home & IoT,,Oversized,15,65,55,35,Standard NGS Warranty,Condition: New | Class: Oversized,ووركس لاندرويد فيجن M600 · جزّازة عشب ذكية بكاميرا,<p>يُعد Worx Landroid Vision M600 أحدث تقنية في قطاع أجهزة الحفر الآلي، حيث يجمع بين الذكاء الاصطناعي والرؤية ثلاثية الأبعاد لتقديم حفر مثالي وسريع دون تدخل بشري.</p> <strong>لماذا هذا المنتج؟</strong,,,,,Mainstream
581,simple,SH-POL-BBT-001,,Beatbot AquaSense Pro - Cordless Pool Cleaning Robot,0,0,visible,,7499,Smart Home & IoT,,Oversized,12,55,45,35,Standard NGS Warranty,Condition: New | Class: Oversized,بيت بوت أكواسنس برو · روبوت تنظيف مسابح لاسلكي,<p>يُعد Beatbot AquaSense Pro أحدث تطور في تقنية تنظيف المسبحات، حيث يجمع بين الذكاء الاصطناعي والكفاءة العالية لضمان تنظيف شامل دون الحاجة إلى توصيل كهربائي.</p> <strong>لماذا هذا المنتج؟</strong> <u,,,,,Mainstream
582,simple,SH-POL-DOL-001,,Maytronics Dolphin Premier - Robotic Pool Cleaner,0,0,visible,,5999,Smart Home & IoT,,Oversized,10,55,45,30,Standard NGS Warranty,Condition: New | Class: Oversized,مايترونيكس دولفين بريمير · روبوت تنظيف مسابح,<p>يُعد Maytronics Dolphin Premier - Robotic Pool Cleaner أحدث تطور في تنظيف المسبحات بذكاء وفعالية، حيث يجمع بين التكنولوجيا المتقدمة والراحة في الاستخدام لضمان نظافة مثالية دون تعب.</p> <strong>لماذ,,,,,Mainstream
486,simple,GC-PSN-US-10,,PlayStation Store $10 (US),1,0,visible,,40,Gift Cards & Software Keys,,Digital - No Shipping,,,,,Standard NGS Warranty,Condition: New | Class: Digital - No Shipping,بلايستيشن ستور 10 دولار (US),<p>بطاقة بلايستيشن ستور بقيمة 10 دولار لمنطقة US. التسليم فوري عبر البريد الإلكتروني خلال دقائق من إتمام الدفع. الرمز يفعّل عبر التطبيق/المتجر الرسمي للبطاقة.</p> <strong>لماذا هذا المنتج؟</strong> <u,,,,,Mainstream
487,simple,GC-PSN-US-25,,PlayStation Store $25 (US),1,0,visible,,100,Gift Cards & Software Keys,,Digital - No Shipping,,,,,Standard NGS Warranty,Condition: New | Class: Digital - No Shipping,بلايستيشن ستور 25 دولار (US),<p>بطاقة بلايستيشن ستور بقيمة 25 دولار لمنطقة US، تُسهم في تجربة ترفيهية مميزة عبر متجر بلايستيشن الرسمي. تُسليم فورًا عبر البريد الإلكتروني بعد إتمام الدفع، مما يوفر لك سرعة وسهولة في الاستخدام.</p>,,,,,Mainstream
488,simple,GC-PSN-US-50,,PlayStation Store $50 (US),1,0,visible,,201,Gift Cards & Software Keys,,Digital - No Shipping,,,,,Standard NGS Warranty,Condition: New | Class: Digital - No Shipping,بلايستيشن ستور 50 دولار (US),<p>بطاقة بلايستيشن ستور بقيمة 50 دولار أمريكي لمنطقة الولايات المتحدة. تُسليم فورًا عبر البريد الإلكتروني بعد إتمام الدفع، ويمكن تفعيلها مباشرة عبر التطبيق أو المتجر الرسمي للبطاقة.</p> <strong>لماذا,,,,,Mainstream
489,simple,GC-PSN-US-100,,PlayStation Store $100 (US),1,0,visible,,401,Gift Cards & Software Keys,,Digital - No Shipping,,,,,Standard NGS Warranty,Condition: New | Class: Digital - No Shipping,بلايستيشن ستور 100 دولار (US),<p>بطاقة بلايستيشن ستور بقيمة 100 دولار لمنطقة US. تصل إليك فورًا عبر البريد الإلكتروني بعد إتمام الدفع، ويمكن تفعيلها عبر التطبيق أو المتجر الرسمي للبطاقة.</p> <strong>لماذا هذا المنتج؟</strong> <ul>,,,,,Mainstream
490,simple,GC-PSN-KSA-10,,PlayStation Store $10 (KSA),1,0,visible,,50,Gift Cards & Software Keys,,Digital - No Shipping,,,,,Standard NGS Warranty,Condition: New | Class: Digital - No Shipping,بلايستيشن ستور 10 دولار (KSA),<p>بطاقة بلايستيشن ستور بقيمة 10 دولار لمنطقة KSA. تُسليم فورًا عبر البريد الإلكتروني بعد إتمام الدفع، مع تفعيل مباشر عبر التطبيق أو المتجر الرسمي.</p> <strong>لماذا هذا المنتج؟</strong> <ul>,,,,,Mainstream
491,simple,GC-PSN-KSA-25,,PlayStation Store $25 (KSA),1,0,visible,,100,Gift Cards & Software Keys,,Digital - No Shipping,,,,,Standard NGS Warranty,Condition: New | Class: Digital - No Shipping,بلايستيشن ستور 25 دولار (KSA),<p>بطاقة بلايستيشن ستور بقيمة 25 دولار لمنطقة المملكة العربية السعودية. تُسليم فورًا عبر البريد الإلكتروني بعد إتمام الدفع، وتُفعّل مباشرة عبر التطبيق أو المتجر الرسمي للبطاقة.</p> <strong>لماذا هذا ا,,,,,Mainstream
492,simple,GC-PSN-KSA-50,,PlayStation Store $50 (KSA),1,0,visible,,240,Gift Cards & Software Keys,,Digital - No Shipping,,,,,Standard NGS Warranty,Condition: New | Class: Digital - No Shipping,بلايستيشن ستور 50 دولار (KSA),<p>البطاقة الإلكترونية PlayStation Store بقيمة 50 دولار أمريكي تُعد خيارًا مثاليًا لشراء ألعاب وخدمات ترفيهية مباشرة من متجر بلايستيشن. تُسليم فورًا عبر البريد الإلكتروني بعد إتمام الدفع، مما يوفر لك,,,,,Mainstream
493,simple,GC-PSN-KSA-100,,PlayStation Store $100 (KSA),1,0,visible,,470,Gift Cards & Software Keys,,Digital - No Shipping,,,,,Standard NGS Warranty,Condition: New | Class: Digital - No Shipping,بلايستيشن ستور 100 دولار (KSA),<p>بطاقة بلايستيشن ستور بقيمة 100 دولار لمنطقة المملكة العربية السعودية. تصل إلى بريدك الإلكتروني فورًا بعد الدفع، ويمكن تفعيلها عبر التطبيق أو المتجر الرسمي للبطاقة.</p> <strong>لماذا هذا المنتج؟</st,,,,,Mainstream
494,simple,GC-XBX-US-10,,Xbox Live $10 (US),1,0,visible,,40,Gift Cards & Software Keys,,Digital - No Shipping,,,,,Standard NGS Warranty,Condition: New | Class: Digital - No Shipping,إكس بوكس لايف 10 دولار (US),<p>بطاقة إكس بوكس لايف بقيمة 10 دولار لمنطقة US. التسليم فوري عبر البريد الإلكتروني خلال دقائق من إتمام الدفع. الرمز يفعّل عبر التطبيق/المتجر الرسمي للبطاقة.</p> <strong>لماذا هذا المنتج؟</strong> <ul,,,,,Mainstream
495,simple,GC-XBX-US-25,,Xbox Live $25 (US),1,0,visible,,100,Gift Cards & Software Keys,,Digital - No Shipping,,,,,Standard NGS Warranty,Condition: New | Class: Digital - No Shipping,إكس بوكس لايف 25 دولار (US),<p>بطاقة إكس بوكس لايف بقيمة 25 دولار لمنطقة US. التسليم فوري عبر البريد الإلكتروني خلال دقائق من إتمام الدفع. الرمز يفعّل عبر التطبيق/المتجر الرسمي للبطاقة.</p> <strong>لماذا هذا المنتج؟</strong> <ul,,,,,Mainstream
496,simple,GC-XBX-US-50,,Xbox Live $50 (US),1,0,visible,,201,Gift Cards & Software Keys,,Digital - No Shipping,,,,,Standard NGS Warranty,Condition: New | Class: Digital - No Shipping,إكس بوكس لايف 50 دولار (US),<p>بطاقة إكس بوكس لايف بقيمة 50 دولار لمنطقة US، تُسليم فورًا عبر البريد الإلكتروني بعد إتمام الدفع، وتُفعّل عبر التطبيق أو المتجر الرسمي للبطاقة.</p> <strong>لماذا هذا المنتج؟</strong> <ul> <li,,,,,Mainstream
497,simple,GC-XBX-US-100,,Xbox Live $100 (US),1,0,visible,,401,Gift Cards & Software Keys,,Digital - No Shipping,,,,,Standard NGS Warranty,Condition: New | Class: Digital - No Shipping,إكس بوكس لايف 100 دولار (US),<p>بطاقة إكس بوكس لايف بقيمة 100 دولار لمنطقة US، تُقدّم تجربة ترفيهية مميزة عبر تفعيلها عبر التطبيق أو المتجر الرسمي، مع تسليم فوري عبر البريد الإلكتروني بعد إتمام الدفع.</p> <strong>لماذا هذا المن,,,,,Mainstream
498,simple,GC-XBX-KSA-10,,Xbox Live $10 (KSA),1,0,visible,,40,Gift Cards & Software Keys,,Digital - No Shipping,,,,,Standard NGS Warranty,Condition: New | Class: Digital - No Shipping,إكس بوكس لايف 10 دولار (KSA),<p>بطاقة إكس بوكس لايف بقيمة 10 دولار لمنطقة المملكة العربية السعودية. تُسليم فورًا عبر البريد الإلكتروني بعد إتمام الدفع، وتُفعّل مباشرة عبر التطبيق أو المتجر الرسمي للبطاقة.</p> <strong>لماذا هذا ال,,,,,Mainstream
499,simple,GC-XBX-KSA-25,,Xbox Live $25 (KSA),1,0,visible,,100,Gift Cards & Software Keys,,Digital - No Shipping,,,,,Standard NGS Warranty,Condition: New | Class: Digital - No Shipping,إكس بوكس لايف 25 دولار (KSA),<p>بطاقة إكس بوكس لايف بقيمة 25 دولار لمنطقة KSA. تُسليم فورًا عبر البريد الإلكتروني خلال دقائق بعد إتمام الدفع. الرمز يفعّل عبر التطبيق/المتجر الرسمي للبطاقة.</p> <strong>لماذا هذا المنتج؟</strong> <,,,,,Mainstream
500,simple,GC-XBX-KSA-50,,Xbox Live $50 (KSA),1,0,visible,,201,Gift Cards & Software Keys,,Digital - No Shipping,,,,,Standard NGS Warranty,Condition: New | Class: Digital - No Shipping,إكس بوكس لايف 50 دولار (KSA),<p>بطاقة إكس بوكس لايف بقيمة 50 دولار لمنطقة KSA، تُقدّم تجربة ترفيهية مُباشرة عبر منصات Xbox. تُرسل عبر البريد الإلكتروني فورًا بعد الدفع، وتُفعّل بسهولة عبر التطبيق أو المتجر الرسمي.</p> <strong>ل,,,,,Mainstream
501,simple,GC-XBX-KSA-100,,Xbox Live $100 (KSA),1,0,visible,,401,Gift Cards & Software Keys,,Digital - No Shipping,,,,,Standard NGS Warranty,Condition: New | Class: Digital - No Shipping,إكس بوكس لايف 100 دولار (KSA),<p>بطاقة إكس بوكس لايف بقيمة 100 دولار لمنطقة المملكة العربية السعودية، تُوفر تجربة ترفيهية مميزة عبر منصات Xbox مع تسليم فوري عبر البريد الإلكتروني بعد إتمام الدفع.</p> <strong>لماذا هذا المنتج؟</str,,,,,Mainstream
502,simple,GC-XBX-UK-10,,Xbox Live $10 (UK),1,0,visible,,40,Gift Cards & Software Keys,,Digital - No Shipping,,,,,Standard NGS Warranty,Condition: New | Class: Digital - No Shipping,إكس بوكس لايف 10 دولار (UK),<p>بطاقة إكس بوكس لايف بقيمة 10 دولار لمنطقة UK، تُسليم فورًا عبر البريد الإلكتروني بعد إتمام الدفع، وتُفعّل مباشرة عبر التطبيق أو المتجر الرسمي.</p> <strong>لماذا هذا المنتج؟</strong> <ul> <li>,,,,,Mainstream
503,simple,GC-XBX-UK-25,,Xbox Live $25 (UK),1,0,visible,,100,Gift Cards & Software Keys,,Digital - No Shipping,,,,,Standard NGS Warranty,Condition: New | Class: Digital - No Shipping,إكس بوكس لايف 25 دولار (UK),<p>بطاقة إكس بوكس لايف بقيمة 25 دولار لمنطقة UK، تُسليم فورًا عبر البريد الإلكتروني بعد إتمام الدفع، وتُفعّل مباشرة عبر التطبيق أو المتجر الرسمي للبطاقة.</p> <strong>لماذا هذا المنتج؟</strong> <ul> <l,,,,,Mainstream
504,simple,GC-XBX-UK-50,,Xbox Live $50 (UK),1,0,visible,,201,Gift Cards & Software Keys,,Digital - No Shipping,,,,,Standard NGS Warranty,Condition: New | Class: Digital - No Shipping,إكس بوكس لايف 50 دولار (UK),<p>بطاقة إكس بوكس لايف بقيمة 50 دولار لمنطقة UK. يتم تسليمها فورًا عبر البريد الإلكتروني خلال دقائق من إتمام الدفع. الرمز يفعّل عبر التطبيق/المتجر الرسمي للبطاقة.</p> <strong>لماذا هذا المنتج؟</strong,,,,,Mainstream
505,simple,GC-XBX-UK-100,,Xbox Live $100 (UK),1,0,visible,,401,Gift Cards & Software Keys,,Digital - No Shipping,,,,,Standard NGS Warranty,Condition: New | Class: Digital - No Shipping,إكس بوكس لايف 100 دولار (UK),<p>بطاقة إكس بوكس لايف بقيمة 100 دولار لمنطقة UK. تُسليم فورًا عبر البريد الإلكتروني بعد إتمام الدفع، مع إمكانية تفعيل الرمز عبر التطبيق أو المتجر الرسمي للبطاقة.</p> <strong>لماذا هذا المنتج؟</strong,,,,,Mainstream
506,simple,GC-STM-GLOBAL-5,,Steam Wallet $5 (Global),1,0,visible,,20,Gift Cards & Software Keys,,Digital - No Shipping,,,,,Standard NGS Warranty,Condition: New | Class: Digital - No Shipping,محفظة ستيم 5 دولار (Global),<p>بطاقة محفظة ستيم بقيمة 5 دولارات لمنطقة Global، تُقدّم تجربة تسوق سلسة عبر تطبيق أو متجر رسمي. تُسهم في توسيع مكتبة الألعاب وتحقيق أهدافك الترفيهية بسهولة.</p> <strong>لماذا هذا المنتج؟</strong>,,,,,Mainstream
507,simple,GC-STM-GLOBAL-10,,Steam Wallet $10 (Global),1,0,visible,,40,Gift Cards & Software Keys,,Digital - No Shipping,,,,,Standard NGS Warranty,Condition: New | Class: Digital - No Shipping,محفظة ستيم 10 دولار (Global),<p>بطاقة محفظة ستيم بقيمة 10 دولار لمنطقة Global. تصل إلى بريدك الإلكتروني فورًا بعد إتمام الدفع، وتُفعّل عبر التطبيق أو المتجر الرسمي للبطاقة.</p> <strong>لماذا هذا المنتج؟</strong> <ul> <li>توصيل فو,,,,,Mainstream
508,simple,GC-STM-GLOBAL-20,,Steam Wallet $20 (Global),1,0,visible,,80,Gift Cards & Software Keys,,Digital - No Shipping,,,,,Standard NGS Warranty,Condition: New | Class: Digital - No Shipping,محفظة ستيم 20 دولار (Global),<p>بطاقة محفظة ستيم بقيمة 20 دولار لمنطقة Global. تُسليم فورًا عبر البريد الإلكتروني بعد إتمام الدفع، وتُفعّل مباشرة من خلال التطبيق أو المتجر الرسمي للبطاقة.</p> <strong>لماذا هذا المنتج؟</strong> <u,,,,,Mainstream
509,simple,GC-STM-GLOBAL-50,,Steam Wallet $50 (Global),1,0,visible,,225,Gift Cards & Software Keys,,Digital - No Shipping,,,,,Standard NGS Warranty,Condition: New | Class: Digital - No Shipping,محفظة ستيم 50 دولار (Global),<p>بطاقة محفظة ستيم بقيمة 50 دولار لمنطقة Global. تُسليم فورًا عبر البريد الإلكتروني بعد إتمام الدفع، ويمكن تفعيل الرمز مباشرة من خلال التطبيق أو المتجر الرسمي للبطاقة.</p> <strong>لماذا هذا المنتج؟,,,,,Mainstream
510,simple,GC-STM-GLOBAL-100,,Steam Wallet $100 (Global),1,0,visible,,401,Gift Cards & Software Keys,,Digital - No Shipping,,,,,Standard NGS Warranty,Condition: New | Class: Digital - No Shipping,محفظة ستيم 100 دولار (Global),<p>بطاقة محفظة ستيم بقيمة 100 دولار لمنطقة Global. تصل إلى بريدك الإلكتروني فورًا بعد الدفع، ويمكن تفعيلها مباشرة عبر التطبيق أو المتجر الرسمي للبطاقة.</p> <strong>لماذا هذا المنتج؟</strong> <ul> <li,,,,,Mainstream
512,simple,GC-RZR-GLOBAL-10,,Razer Gold $10 (Global),1,0,visible,,50,Gift Cards & Software Keys,,Digital - No Shipping,,,,,Standard NGS Warranty,Condition: New | Class: Digital - No Shipping,رازر قولد 10 دولار (Global),<p>بطاقة رازر قولد بقيمة 10 دولار لمنطقة Global. تصل إلى بريدك الإلكتروني فورًا بعد إتمام الدفع، ويمكن تفعيلها عبر التطبيق الرسمي للبطاقة.</p> <strong>لماذا هذا المنتج؟</strong> <ul> <li>توصيل,,,,,Mainstream
513,simple,GC-RZR-GLOBAL-25,,Razer Gold $25 (Global),1,0,visible,,100,Gift Cards & Software Keys,,Digital - No Shipping,,,,,Standard NGS Warranty,Condition: New | Class: Digital - No Shipping,رازر قولد 25 دولار (Global),<p>بطاقة رازر قولد بقيمة 25 دولار لمنطقة Global. تصل عبر البريد الإلكتروني فورًا بعد إتمام الدفع، وتُفعّل عبر التطبيق أو المتجر الرسمي للبطاقة.</p> <strong>لماذا هذا المنتج؟</strong> <ul> <li>تو,,,,,Mainstream
514,simple,GC-RZR-GLOBAL-50,,Razer Gold $50 (Global),1,0,visible,,235,Gift Cards & Software Keys,,Digital - No Shipping,,,,,Standard NGS Warranty,Condition: New | Class: Digital - No Shipping,رازر قولد 50 دولار (Global),<p>بطاقة رازر قولد بقيمة 50 دولار لمنطقة Global. يتم تسليمها فورًا عبر البريد الإلكتروني بعد إتمام الدفع، ويمكن تفعيلها عبر التطبيق أو المتجر الرسمي للبطاقة.</p> <strong>لماذا هذا المنتج؟</strong>,,,,,Mainstream
515,simple,GC-RZR-GLOBAL-100,,Razer Gold $100 (Global),1,0,visible,,470,Gift Cards & Software Keys,,Digital - No Shipping,,,,,Standard NGS Warranty,Condition: New | Class: Digital - No Shipping,رازر قولد 100 دولار (Global),<p>بطاقة رازر قولد بقيمة 100 دولار لمنطقة Global. التسليم فوري عبر البريد الإلكتروني خلال دقائق من إتمام الدفع. الرمز يفعّل عبر التطبيق/المتجر الرسمي للبطاقة.</p> <strong>لماذا هذا المنتج؟</strong> <u,,,,,Mainstream
517,simple,GC-RBX-US-10,,Roblox $10 (US),1,0,visible,,40,Gift Cards & Software Keys,,Digital - No Shipping,,,,,Standard NGS Warranty,Condition: New | Class: Digital - No Shipping,روبلكس 10 دولار (US),<p>بطاقة روبلكس بقيمة 10 دولار أمريكي لمنطقة الولايات المتحدة. يتم تسليمها فورًا عبر البريد الإلكتروني بعد إتمام الدفع، مع إمكانية تفعيل الرمز عبر التطبيق الرسمي لروبلوكس.</p> <strong>ل,,,,,Mainstream
518,simple,GC-RBX-US-25,,Roblox $25 (US),1,0,visible,,100,Gift Cards & Software Keys,,Digital - No Shipping,,,,,Standard NGS Warranty,Condition: New | Class: Digital - No Shipping,روبلكس 25 دولار (US),<p>بطاقة روبلكس بقيمة 25 دولار أمريكي لمنطقة الولايات المتحدة. تُسليم فورًا عبر البريد الإلكتروني بعد إتمام الدفع، مع إمكانية تفعيل الرمز مباشرة عبر التطبيق أو المتجر الرسمي للبطاقة.</p> <strong>لماذا,,,,,Mainstream
519,simple,GC-RBX-US-50,,Roblox $50 (US),1,0,visible,,201,Gift Cards & Software Keys,,Digital - No Shipping,,,,,Standard NGS Warranty,Condition: New | Class: Digital - No Shipping,روبلكس 50 دولار (US),<p>بطاقة روبلكس بقيمة 50 دولار أمريكي لمنطقة الولايات المتحدة. تُسليم فورًا عبر البريد الإلكتروني بعد إتمام الدفع، مع إمكانية تفعيل الرمز مباشرة من خلال التطبيق أو المتجر الرسمي للبطاقة.</p> <strong>ل,,,,,Mainstream
520,simple,GC-RBX-US-100,,Roblox $100 (US),1,0,visible,,401,Gift Cards & Software Keys,,Digital - No Shipping,,,,,Standard NGS Warranty,Condition: New | Class: Digital - No Shipping,روبلكس 100 دولار (US),<p>بطاقة روبلكس بقيمة 100 دولار لمنطقة الولايات المتحدة تُستخدم لشراء محتوى داخل التطبيق. تُرسل عبر البريد الإلكتروني فورًا بعد الدفع، وتُفعّل مباشرة من خلال المتجر الرسمي للبطاقة.</p> <strong>لماذا ه,,,,,Mainstream
522,simple,GC-PBG-GLOBAL-60,,PUBG Mobile UC 60 UC (Global),0,0,visible,,5,Gift Cards & Software Keys,,Digital - No Shipping,,,,,Standard NGS Warranty,Condition: New | Class: Digital - No Shipping,ببجي موبايل UC 60 UC (Global),<p>بطاقة ببجي موبايل UC بقيمة 60 UC لمنطقة Global، تُقدّم تجربة لعب مميزة بسرعة تحميل فورية عبر البريد الإلكتروني بعد إتمام الدفع.</p> <strong>لماذا هذا المنتج؟</strong> <ul> <li>توصيل فوري عبر,,,,,Mainstream
523,simple,GC-PBG-GLOBAL-325,,PUBG Mobile UC 325 UC (Global),0,0,visible,,13,Gift Cards & Software Keys,,Digital - No Shipping,,,,,Standard NGS Warranty,Condition: New | Class: Digital - No Shipping,ببجي موبايل UC 325 UC (Global),<p>بطاقة ببجي موبايل UC بقيمة 325 UC لمنطقة Global. تصل إلى بريدك الإلكتروني فورًا بعد الدفع، ويمكن تفعيلها عبر التطبيق أو المتجر الرسمي للبطاقة.</p> <strong>لماذا هذا المنتج؟</strong> <ul> <l,,,,,Mainstream
524,simple,GC-PBG-GLOBAL-660,,PUBG Mobile UC 660 UC (Global),0,0,visible,,26,Gift Cards & Software Keys,,Digital - No Shipping,,,,,Standard NGS Warranty,Condition: New | Class: Digital - No Shipping,ببجي موبايل UC 660 UC (Global),<p>بطاقة PUBG Mobile UC بقيمة 660 UC لمنطقة Global تُقدّم تجربة لعب مُميّزة بسرعة تفعيل وسهولة الاستخدام. تُرسل عبر البريد الإلكتروني فورًا بعد الدفع، وتُفعّل مباشرة عبر التطبيق أو المتجر الرسمي.</p>,,,,,Mainstream
525,simple,GC-PBG-GLOBAL-1800,,PUBG Mobile UC 1800 UC (Global),0,0,visible,,72,Gift Cards & Software Keys,,Digital - No Shipping,,,,,Standard NGS Warranty,Condition: New | Class: Digital - No Shipping,ببجي موبايل UC 1800 UC (Global),<p>بطاقة ببجي موبايل UC بقيمة 1800 UC لمنطقة Global. تصل عبر البريد الإلكتروني فورًا بعد الدفع، وتُفعّل مباشرة عبر التطبيق أو المتجر الرسمي.</p> <strong>لماذا هذا المنتج؟</strong> <ul> <li>توصيل,,,,,Mainstream
526,simple,GC-PBG-GLOBAL-3850,,PUBG Mobile UC 3850 UC (Global),0,0,visible,,154,Gift Cards & Software Keys,,Digital - No Shipping,,,,,Standard NGS Warranty,Condition: New | Class: Digital - No Shipping,ببجي موبايل UC 3850 UC (Global),<p>بطاقة ببجي موبايل UC بقيمة 3850 UC لمنطقة Global. تصل إليك عبر البريد الإلكتروني فورًا بعد الدفع، ويمكن تفعيلها مباشرة من خلال التطبيق أو المتجر الرسمي للبطاقة.</p> <strong>لماذا هذا المنتج؟</str,,,,,Mainstream
528,simple,GC-FRF-GLOBAL-100,,Free Fire Diamonds 100 Diamonds (Global),0,0,visible,,5,Gift Cards & Software Keys,,Digital - No Shipping,,,,,Standard NGS Warranty,Condition: New | Class: Digital - No Shipping,فري فاير الماس 100 Diamonds (Global),<p>بطاقة Free Fire Diamonds بقيمة 100 ماس لمنطقة Global تُقدّم تجربة لعب مميزة. تُرسل عبر البريد الإلكتروني فورًا بعد الدفع، وتُفعّل مباشرة عبر التطبيق أو المتجر الرسمي للبطاقة.</p> <strong>لماذا هذ,,,,,Mainstream
529,simple,GC-FRF-GLOBAL-310,,Free Fire Diamonds 310 Diamonds (Global),0,0,visible,,12,Gift Cards & Software Keys,,Digital - No Shipping,,,,,Standard NGS Warranty,Condition: New | Class: Digital - No Shipping,فري فاير الماس 310 Diamonds (Global),<p>بطاقة فري فاير الماس بقيمة 310 ماس لمنطقة Global تُسهم في تحسين تجربة اللعب وتعزز فرص الفوز في ألعاب الفري فاير. تُقدّم تجربة سلسة وآمنة للاعبين عبر العالم.</p> <strong>لماذا هذا المنتج؟</strong>,,,,,Mainstream
530,simple,GC-FRF-GLOBAL-1080,,Free Fire Diamonds 1080 Diamonds (Global),0,0,visible,,43,Gift Cards & Software Keys,,Digital - No Shipping,,,,,Standard NGS Warranty,Condition: New | Class: Digital - No Shipping,فري فاير الماس 1080 Diamonds (Global),<p>بطاقة Free Fire Diamonds بقيمة 1080 ماس تُستخدم في منطقة Global، تُقدّم تجربة لعب مُميّزة عبر تفعيلها مباشرةً في التطبيق أو المتجر الرسمي. تُسليم فورًا عبر البريد الإلكتروني بعد إتمام الدفع.</p>,,,,,Mainstream
531,simple,GC-FRF-GLOBAL-2200,,Free Fire Diamonds 2200 Diamonds (Global),0,0,visible,,88,Gift Cards & Software Keys,,Digital - No Shipping,,,,,Standard NGS Warranty,Condition: New | Class: Digital - No Shipping,فري فاير الماس 2200 Diamonds (Global),<p>بطاقة فري فاير الماس بقيمة 2200 ماس لمنطقة Global. تصل إليك عبر البريد الإلكتروني فور إتمام الدفع، ويمكن تفعيلها مباشرة من خلال التطبيق أو المتجر الرسمي للبطاقة.</p> <strong>لماذا هذا المنتج؟,,,,,Mainstream
533,simple,GC-MLB-GLOBAL-86,,Mobile Legends Diamonds 86 Diamonds (Global),0,0,visible,,5,Gift Cards & Software Keys,,Digital - No Shipping,,,,,Standard NGS Warranty,Condition: New | Class: Digital - No Shipping,موبايل ليجندز الماس 86 Diamonds (Global),<p>بطاقة Mobile Legends Diamonds بقيمة 86 دايموند لمنطقة Global. تُشحن فورًا عبر البريد الإلكتروني بعد إتمام الدفع، وتُفعّل مباشرة عبر التطبيق أو المتجر الرسمي للبطاقة.</p> <strong>لماذا هذا المنتج؟</,,,,,Mainstream
534,simple,GC-MLB-GLOBAL-172,,Mobile Legends Diamonds 172 Diamonds (Global),0,0,visible,,7,Gift Cards & Software Keys,,Digital - No Shipping,,,,,Standard NGS Warranty,Condition: New | Class: Digital - No Shipping,موبايل ليجندز الماس 172 Diamonds (Global),<p>بطاقة موبايل ليجندز الماس بقيمة 172 دايموند لمنطقة Global. تصل إلى بريدك الإلكتروني,,,,,Mainstream
535,simple,GC-MLB-GLOBAL-706,,Mobile Legends Diamonds 706 Diamonds (Global),0,0,visible,,28,Gift Cards & Software Keys,,Digital - No Shipping,,,,,Standard NGS Warranty,Condition: New | Class: Digital - No Shipping,موبايل ليجندز الماس 706 Diamonds (Global),<p>بطاقة Mobile Legends Diamonds بقيمة 706 Diamonds لمنطقة Global تُقدّم تجربة لعب مميزة بسرعة توصيل فورية عبر البريد الإلكتروني بعد إتمام الدفع.</p> <strong>لماذا هذا المنتج؟</strong> <ul> <li>توصيل,,,,,Mainstream
536,simple,GC-MLB-GLOBAL-2195,,Mobile Legends Diamonds 2195 Diamonds (Global),0,0,visible,,88,Gift Cards & Software Keys,,Digital - No Shipping,,,,,Standard NGS Warranty,Condition: New | Class: Digital - No Shipping,موبايل ليجندز الماس 2195 Diamonds (Global),<p>بطاقة موبايل ليجندز الماس بقيمة 2195 دايموند لمنطقة Global، تُسهم في تحسين تجربة اللعب عبر تفعيلها مباشرة عبر التطبيق أو المتجر الرسمي.</p> <strong>لماذا هذا المنتج؟</strong> <ul> <li>توصيل فوري عب,,,,,Mainstream
537,simple,GC-APL-US-10,,Apple iTunes / App Store $10 (US),1,0,visible,,40,Gift Cards & Software Keys,,Digital - No Shipping,,,,,Standard NGS Warranty,Condition: New | Class: Digital - No Shipping,بطاقة آبل أيتونز 10 دولار (US),<p>بطاقة آبل أيتونز بقيمة 10 دولار لمنطقة الولايات المتحدة. تُسليم فورًا عبر البريد الإلكتروني بعد إتمام الدفع، وتُفعّل مباشرة عبر التطبيق أو المتجر الرسمي.</p> <strong>لماذا هذا المنتج؟</strong> <ul>,,,,,Mainstream
538,simple,GC-APL-US-25,,Apple iTunes / App Store $25 (US),1,0,visible,,100,Gift Cards & Software Keys,,Digital - No Shipping,,,,,Standard NGS Warranty,Condition: New | Class: Digital - No Shipping,بطاقة آبل أيتونز 25 دولار (US),<p>بطاقة آبل أيتونز بقيمة 25 دولار أمريكي لمنطقة الولايات المتحدة. تُسليم فورًا عبر البريد الإلكتروني بعد إتمام الدفع، ويمكن تفعيلها مباشرة عبر تطبيق آبل أو المتجر الرسمي.</p> <strong>لماذا هذا المنتج,,,,,Mainstream
539,simple,GC-APL-US-50,,Apple iTunes / App Store $50 (US),1,0,visible,,201,Gift Cards & Software Keys,,Digital - No Shipping,,,,,Standard NGS Warranty,Condition: New | Class: Digital - No Shipping,بطاقة آبل أيتونز 50 دولار (US),<p>بطاقة Apple iTunes بقيمة 50 دولار لمنطقة US، تُسليم فورًا عبر البريد الإلكتروني بعد الدفع، وتُفعّل مباشرة عبر التطبيق أو المتجر الرسمي لبطاقة آبل.</p> <strong>لماذا هذا المنتج؟</strong> <ul>,,,,,Mainstream
540,simple,GC-APL-US-100,,Apple iTunes / App Store $100 (US),1,0,visible,,401,Gift Cards & Software Keys,,Digital - No Shipping,,,,,Standard NGS Warranty,Condition: New | Class: Digital - No Shipping,بطاقة آبل أيتونز 100 دولار (US),<p>بطاقة Apple iTunes / App Store بقيمة 100 دولار أمريكي لمنطقة الولايات المتحدة. تُسليم فورًا عبر البريد الإلكتروني بعد إتمام الدفع، ويمكن تفعيل الرمز عبر التطبيق أو المتجر الرسمي لبطاقة Apple.</p>,,,,,Mainstream
541,simple,GC-APL-KSA-10,,Apple iTunes / App Store $10 (KSA),1,0,visible,,40,Gift Cards & Software Keys,,Digital - No Shipping,,,,,Standard NGS Warranty,Condition: New | Class: Digital - No Shipping,بطاقة آبل أيتونز 10 دولار (KSA),<p>بطاقة Apple iTunes / App Store بقيمة 10 دولار لمنطقة المملكة العربية السعودية. تصل إلى بريدك الإلكتروني فورًا بعد الدفع، ويمكن تفعيل الرمز عبر التطبيق أو المتجر الرسمي للبطاقة.</p> <strong>لماذا هذ,,,,,Mainstream
542,simple,GC-APL-KSA-25,,Apple iTunes / App Store $25 (KSA),1,0,visible,,100,Gift Cards & Software Keys,,Digital - No Shipping,,,,,Standard NGS Warranty,Condition: New | Class: Digital - No Shipping,بطاقة آبل أيتونز 25 دولار (KSA),<p>بطاقة آبل أيتونز بقيمة 25 دولار لمنطقة المملكة العربية السعودية. تصل إلى بريدك الإلكتروني فورًا بعد الدفع، ويمكن تفعيلها عبر التطبيق أو المتجر الرسمي.</p> <strong>لماذا هذا المنتج؟</strong> <ul,,,,,Mainstream
543,simple,GC-APL-KSA-50,,Apple iTunes / App Store $50 (KSA),1,0,visible,,201,Gift Cards & Software Keys,,Digital - No Shipping,,,,,Standard NGS Warranty,Condition: New | Class: Digital - No Shipping,بطاقة آبل أيتونز 50 دولار (KSA),<p>بطاقة Apple iTunes / App Store بقيمة 50 دولار أمريكي لمنطقة المملكة العربية السعودية. تُسليم فورًا عبر البريد الإلكتروني بعد إتمام الدفع، وتُفعّل مباشرة عبر التطبيق أو المتجر الرسمي.</p> <strong>,,,,,Mainstream
544,simple,GC-APL-KSA-100,,Apple iTunes / App Store $100 (KSA),1,0,visible,,401,Gift Cards & Software Keys,,Digital - No Shipping,,,,,Standard NGS Warranty,Condition: New | Class: Digital - No Shipping,بطاقة آبل أيتونز 100 دولار (KSA),<p>بطاقة Apple iTunes/App Store بقيمة 100 دولار لمنطقة المملكة العربية السعودية. تُسليم فورًا عبر البريد الإلكتروني بعد إتمام الدفع، مما يوفر لك تجربة سلسة وسريعة.</p> <strong>لماذا هذا المنتج؟</str,,,,,Mainstream
545,simple,GC-GP-US-10,,Google Play $10 (US),1,0,visible,,40,Gift Cards & Software Keys,,Digital - No Shipping,,,,,Standard NGS Warranty,Condition: New | Class: Digital - No Shipping,قوقل بلاي 10 دولار (US),<p>بطاقة قوقل بلاي بقيمة 10 دولار لمنطقة US. تُسليم فورًا عبر البريد الإلكتروني بعد إتمام الدفع، مع إمكانية تفعيل الرمز عبر التطبيق أو المتجر الرسمي.</p> <strong>لماذا هذا المنتج؟</strong> <ul> <li>تو,,,,,Mainstream
546,simple,GC-GP-US-25,,Google Play $25 (US),1,0,visible,,100,Gift Cards & Software Keys,,Digital - No Shipping,,,,,Standard NGS Warranty,Condition: New | Class: Digital - No Shipping,قوقل بلاي 25 دولار (US),<p>بطاقة Google Play بقيمة 25 دولار أمريكي (US) تُشحن فورًا عبر البريد الإلكتروني خلال دقائق بعد إتمام الدفع. يمكن تفعيل الرمز عبر التطبيق أو المتجر الرسمي للبطاقة.</p>,,,,,Mainstream
547,simple,GC-GP-US-50,,Google Play $50 (US),1,0,visible,,201,Gift Cards & Software Keys,,Digital - No Shipping,,,,,Standard NGS Warranty,Condition: New | Class: Digital - No Shipping,قوقل بلاي 50 دولار (US),<p>بطاقة قوقل بلاي بقيمة 50 دولار لمنطقة US. يتم تسليمها فورًا عبر البريد الإلكتروني خلال دقائق من إتمام الدفع. الرمز يفعّل,,,,,Mainstream
548,simple,GC-GP-US-100,,Google Play $100 (US),1,0,visible,,401,Gift Cards & Software Keys,,Digital - No Shipping,,,,,Standard NGS Warranty,Condition: New | Class: Digital - No Shipping,قوقل بلاي 100 دولار (US),<p>بطاقة قوقل بلاي بقيمة 100 دولار لمنطقة US. يتم تسليمها فورًا عبر البريد الإلكتروني خلال دقائق من إتمام الدفع. يمكن تفعيل الرمز عبر التطبيق/المتجر الرسمي للبطاقة.</p> <strong>لماذا هذا المنتج؟</stro,,,,,Mainstream
549,simple,GC-GP-KSA-10,,Google Play $10 (KSA),1,0,visible,,40,Gift Cards & Software Keys,,Digital - No Shipping,,,,,Standard NGS Warranty,Condition: New | Class: Digital - No Shipping,قوقل بلاي 10 دولار (KSA),<p>بطاقة قوقل بلاي بقيمة 10 دولار تُستخدم في منطقة KSA، تُقدّم تجربة شراء سريعة وآمنة عبر البريد الإلكتروني بعد إتمام الدفع. تُمكّنك من شراء تطبيقات وخدمات بسهولة من خلال التطبيق أو المتجر الرسمي.</p>,,,,,Mainstream
550,simple,GC-GP-KSA-25,,Google Play $25 (KSA),1,0,visible,,100,Gift Cards & Software Keys,,Digital - No Shipping,,,,,Standard NGS Warranty,Condition: New | Class: Digital - No Shipping,قوقل بلاي 25 دولار (KSA),<p>بطاقة قوقل بلاي بقيمة 25 دولار لمنطقة KSA. تُسليم فورًا عبر البريد الإلكتروني بعد إتمام الدفع، ويمكن تفعيل الرمز مباشرة عبر التطبيق أو المتجر الرسمي للبطاقة.</p> <strong>لماذا هذا المنتج؟</strong>,,,,,Mainstream
551,simple,GC-GP-KSA-50,,Google Play $50 (KSA),1,0,visible,,201,Gift Cards & Software Keys,,Digital - No Shipping,,,,,Standard NGS Warranty,Condition: New | Class: Digital - No Shipping,قوقل بلاي 50 دولار (KSA),<p>بطاقة إلكترونية Google Play بقيمة 50 دولار أمريكي مخصصة لمنطقة المملكة العربية السعودية. تُسليم فورًا عبر البريد الإلكتروني بعد إتمام الدفع، مما يضمن استلامك للرمز فورًا لتفعيلها عبر التطبيق الرسمي,,,,,Mainstream
552,simple,GC-GP-KSA-100,,Google Play $100 (KSA),1,0,visible,,401,Gift Cards & Software Keys,,Digital - No Shipping,,,,,Standard NGS Warranty,Condition: New | Class: Digital - No Shipping,قوقل بلاي 100 دولار (KSA),<p>بطاقة قوقل بلاي بقيمة 100 دولار لمنطقة KSA. تصل إلى بريدك الإلكتروني فورًا خلال دقائق بعد إتمام الدفع. يتم تفعيل الرمز عبر التطبيق/المتجر الرسمي للبطاقة.</p> <strong>لماذا هذا المنتج؟</strong> <ul>,,,,,Mainstream
560,simple,GC-SPF-GLOBAL-30,,Spotify Premium $30 (Global),1,0,visible,,120,Gift Cards & Software Keys,,Digital - No Shipping,,,,,Standard NGS Warranty,Condition: New | Class: Digital - No Shipping,سبوتيفاي بريميوم 30 دولار (Global),<p>بطاقة سبوتيفاي بريميوم بقيمة 30 دولار لمنطقة Global. تصل إليك عبر البريد الإلكتروني فور إتمام الدفع، وتُفعّل مباشرة عبر التطبيق أو المتجر الرسمي.</p> <strong>لماذا هذا المنتج؟</strong> <ul> <li>الت,,,,,Mainstream
561,simple,GC-SPF-GLOBAL-60,,Spotify Premium $60 (Global),1,0,visible,,241,Gift Cards & Software Keys,,Digital - No Shipping,,,,,Standard NGS Warranty,Condition: New | Class: Digital - No Shipping,سبوتيفاي بريميوم 60 دولار (Global),<p>بطاقة سبوتيفاي بريميوم بقيمة 60 دولار لمنطقة Global. تصل إلى بريدك الإلكتروني فورًا بعد إتمام الدفع، وتُفعّل عبر التطبيق أو المتجر الرسمي للبطاقة.</p> <strong>لماذا هذا المنتج؟</strong> <ul> <li>قي,,,,,Mainstream
562,simple,GC-SPF-GLOBAL-99,,Spotify Premium $99 (Global),1,0,visible,,397,Gift Cards & Software Keys,,Digital - No Shipping,,,,,Standard NGS Warranty,Condition: New | Class: Digital - No Shipping,سبوتيفاي بريميوم 99 دولار (Global),<p>بطاقة سبوتيفاي بريميوم بقيمة 99 دولار لمنطقة Global. التسليم فوري عبر البريد الإلكتروني خلال دقائق من إتمام الدفع. الرمز يفعّل عبر التطبيق/المتجر الرسمي للبطاقة.</p> <strong>لماذا هذا المنتج؟</stro,,,,,Mainstream
564,simple,GC-DSP-US-25,,Disney+ $25 (US),1,0,visible,,100,Gift Cards & Software Keys,,Digital - No Shipping,,,,,Standard NGS Warranty,Condition: New | Class: Digital - No Shipping,ديزني بلس 25 دولار (US),<p>بطاقة ديزني بلس بقيمة 25 دولار لمنطقة US. تصل إلى بريدك الإلكتروني فورًا بعد إتمام الدفع، ويمكن تفعيلها مباشرة عبر التطبيق أو المتجر الرسمي للبطاقة.</p> <strong>لماذا هذا المنتج؟</strong> <ul> <li>,,,,,Mainstream
565,simple,GC-DSP-US-80,,Disney+ $80 (US),1,0,visible,,321,Gift Cards & Software Keys,,Digital - No Shipping,,,,,Standard NGS Warranty,Condition: New | Class: Digital - No Shipping,ديزني بلس 80 دولار (US),<p>بطاقة ديزني بلس بقيمة 80 دولار أمريكي لمنطقة الولايات المتحدة. تُسليم فورًا عبر البريد الإلكتروني بعد إتمام الدفع، ويمكن تفعيلها مباشرة عبر التطبيق أو المتجر الرسمي للبطاقة.</p> <strong>لماذا هذا ا,,,,,Mainstream
567,simple,GC-PSP-US-1,,PlayStation Plus 1 Months (US),0,0,visible,,5,Gift Cards & Software Keys,,Digital - No Shipping,,,,,Standard NGS Warranty,Condition: New | Class: Digital - No Shipping,بلايستيشن بلس 1 Months (US),<p>بطاقة بلايستيشن بلس بقيمة شهر واحد لمنطقة الولايات المتحدة. تصل إليك عبر البريد الإلكتروني فورًا بعد الدفع، ويمكنك تفعيل الرمز عبر التطبيق أو المتجر الرسمي للبطاقة.</p> <strong>لماذا هذا المنتج؟</s,,,,,Mainstream
568,simple,GC-PSP-US-3,,PlayStation Plus 3 Months (US),0,0,visible,,5,Gift Cards & Software Keys,,Digital - No Shipping,,,,,Standard NGS Warranty,Condition: New | Class: Digital - No Shipping,بلايستيشن بلس 3 Months (US),<p>بطاقة بلايستيشن بلس بقيمة 3 أشهر لمنطقة الولايات المتحدة. تصل إليك فورًا عبر البريد الإلكتروني بعد إتمام الدفع. تفعيل الرمز عبر التطبيق الرسمي للبطاقة.</p> <strong>لماذا هذا المنتج؟</strong> <ul> <,,,,,Mainstream
569,simple,GC-PSP-US-12,,PlayStation Plus 12 Months (US),0,0,visible,,5,Gift Cards & Software Keys,,Digital - No Shipping,,,,,Standard NGS Warranty,Condition: New | Class: Digital - No Shipping,بلايستيشن بلس 12 Months (US),<p>بطاقة بلايستيشن بلس بقيمة 12 شهرًا لمنطقة الولايات المتحدة. تُسليم فورًا عبر البريد الإلكتروني بعد إتمام الدفع، وتُفعّل مباشرة عبر التطبيق أو المتجر الرسمي للبطاقة.</p> <strong>لماذا هذا المنتج؟<,,,,,Mainstream
570,simple,GC-PSP-KSA-1,,PlayStation Plus 1 Months (KSA),0,0,visible,,5,Gift Cards & Software Keys,,Digital - No Shipping,,,,,Standard NGS Warranty,Condition: New | Class: Digital - No Shipping,بلايستيشن بلس 1 Months (KSA),<p>بطاقة بلايستيشن بلس بقيمة شهر واحد لمنطقة المملكة العربية السعودية. تصل إليك فورًا عبر البريد الإلكتروني بعد إتمام الدفع، ويمكنك تفعيل الرمز عبر التطبيق الرسمي للبطاقة.</p> <strong>لماذا هذا المن,,,,,Mainstream
571,simple,GC-PSP-KSA-3,,PlayStation Plus 3 Months (KSA),0,0,visible,,5,Gift Cards & Software Keys,,Digital - No Shipping,,,,,Standard NGS Warranty,Condition: New | Class: Digital - No Shipping,بلايستيشن بلس 3 Months (KSA),<p>بطاقة بلايستيشن بلس بقيمة 3 أشهر لمنطقة المملكة العربية السعودية. تُسليم فورًا عبر البريد الإلكتروني بعد إتمام الدفع، وتُفعّل مباشرة عبر التطبيق أو المتجر الرسمي للبطاقة.</p> <strong>لماذا هذا ال,,,,,Mainstream
572,simple,GC-PSP-KSA-12,,PlayStation Plus 12 Months (KSA),0,0,visible,,5,Gift Cards & Software Keys,,Digital - No Shipping,,,,,Standard NGS Warranty,Condition: New | Class: Digital - No Shipping,بلايستيشن بلس 12 Months (KSA),<p>بطاقة بلايستيشن بلس بقيمة 12 شهرًا لمنطقة المملكة العربية السعودية. تُسليم فورًا عبر البريد الإلكتروني بعد إتمام الدفع، وتُفعّل مباشرة عبر التطبيق أو المتجر الرسمي للبطاقة.</p> <strong>لماذا هذا,,,,,Mainstream
