Priority,Risk,Exception Status,Action,ID,SKU,Product Name,Category,Current Effective Sell Price SAR,Supplier Rank,Supplier Name,Supplier Search URL,Supplier Buy URL,Supplier Price,Currency,Price Source,Notes
1,High,NEEDS_REFERENCE,"Open search URL, pick exact listing, fill Buy URL + Supplier Price",528,GC-FRF-GLOBAL-100,Free Fire Diamonds 100 Diamonds (Global),Gift Cards & Software Keys,5,1,AliExpress,https://www.aliexpress.com/wholesale?SearchText=Free+Fire+Diamonds+100+Diamonds+%28Global%29,,,USD,Needs supplier verification,"Match exact product manually, then fill Buy URL and Supplier Price."
1,High,NEEDS_REFERENCE,"Open search URL, pick exact listing, fill Buy URL + Supplier Price",528,GC-FRF-GLOBAL-100,Free Fire Diamonds 100 Diamonds (Global),Gift Cards & Software Keys,5,2,Alibaba,https://www.alibaba.com/trade/search?SearchText=Free+Fire+Diamonds+100+Diamonds+%28Global%29,,,USD,Needs supplier verification,"Check MOQ, shipping terms, and verified supplier status before buying."
1,High,NEEDS_REFERENCE,"Open search URL, pick exact listing, fill Buy URL + Supplier Price",528,GC-FRF-GLOBAL-100,Free Fire Diamonds 100 Diamonds (Global),Gift Cards & Software Keys,5,3,Amazon.sa,https://www.amazon.sa/s?k=Free+Fire+Diamonds+100+Diamonds+%28Global%29,,,SAR,Needs supplier verification,Uses existing Amazon reference URL and price when the workbook has them.
1,High,NEEDS_REFERENCE,"Open search URL, pick exact listing, fill Buy URL + Supplier Price",528,GC-FRF-GLOBAL-100,Free Fire Diamonds 100 Diamonds (Global),Gift Cards & Software Keys,5,4,Noon,https://www.noon.com/saudi-en/search/?q=Free+Fire+Diamonds+100+Diamonds+%28Global%29,,,SAR,Needs supplier verification,"Verify seller rating, warranty, and marketplace fulfillment before buying."
1,High,NEEDS_REFERENCE,"Open search URL, pick exact listing, fill Buy URL + Supplier Price",528,GC-FRF-GLOBAL-100,Free Fire Diamonds 100 Diamonds (Global),Gift Cards & Software Keys,5,5,B&H Photo,https://www.bhphotovideo.com/c/search?Ntt=Free+Fire+Diamonds+100+Diamonds+%28Global%29&N=0&InitialSearch=yes&sts=ma,,,USD,Needs supplier verification,"Best for cameras, networking, creators, and computer hardware."
1,High,NEEDS_REFERENCE,"Open search URL, pick exact listing, fill Buy URL + Supplier Price",530,GC-FRF-GLOBAL-1080,Free Fire Diamonds 1080 Diamonds (Global),Gift Cards & Software Keys,43,1,AliExpress,https://www.aliexpress.com/wholesale?SearchText=Free+Fire+Diamonds+1080+Diamonds+%28Global%29,,,USD,Needs supplier verification,"Match exact product manually, then fill Buy URL and Supplier Price."
1,High,NEEDS_REFERENCE,"Open search URL, pick exact listing, fill Buy URL + Supplier Price",530,GC-FRF-GLOBAL-1080,Free Fire Diamonds 1080 Diamonds (Global),Gift Cards & Software Keys,43,2,Alibaba,https://www.alibaba.com/trade/search?SearchText=Free+Fire+Diamonds+1080+Diamonds+%28Global%29,,,USD,Needs supplier verification,"Check MOQ, shipping terms, and verified supplier status before buying."
1,High,NEEDS_REFERENCE,"Open search URL, pick exact listing, fill Buy URL + Supplier Price",530,GC-FRF-GLOBAL-1080,Free Fire Diamonds 1080 Diamonds (Global),Gift Cards & Software Keys,43,3,Amazon.sa,https://www.amazon.sa/s?k=Free+Fire+Diamonds+1080+Diamonds+%28Global%29,,,SAR,Needs supplier verification,Uses existing Amazon reference URL and price when the workbook has them.
1,High,NEEDS_REFERENCE,"Open search URL, pick exact listing, fill Buy URL + Supplier Price",530,GC-FRF-GLOBAL-1080,Free Fire Diamonds 1080 Diamonds (Global),Gift Cards & Software Keys,43,4,Noon,https://www.noon.com/saudi-en/search/?q=Free+Fire+Diamonds+1080+Diamonds+%28Global%29,,,SAR,Needs supplier verification,"Verify seller rating, warranty, and marketplace fulfillment before buying."
1,High,NEEDS_REFERENCE,"Open search URL, pick exact listing, fill Buy URL + Supplier Price",530,GC-FRF-GLOBAL-1080,Free Fire Diamonds 1080 Diamonds (Global),Gift Cards & Software Keys,43,5,B&H Photo,https://www.bhphotovideo.com/c/search?Ntt=Free+Fire+Diamonds+1080+Diamonds+%28Global%29&N=0&InitialSearch=yes&sts=ma,,,USD,Needs supplier verification,"Best for cameras, networking, creators, and computer hardware."
1,High,NEEDS_REFERENCE,"Open search URL, pick exact listing, fill Buy URL + Supplier Price",531,GC-FRF-GLOBAL-2200,Free Fire Diamonds 2200 Diamonds (Global),Gift Cards & Software Keys,88,1,AliExpress,https://www.aliexpress.com/wholesale?SearchText=Free+Fire+Diamonds+2200+Diamonds+%28Global%29,,,USD,Needs supplier verification,"Match exact product manually, then fill Buy URL and Supplier Price."
1,High,NEEDS_REFERENCE,"Open search URL, pick exact listing, fill Buy URL + Supplier Price",531,GC-FRF-GLOBAL-2200,Free Fire Diamonds 2200 Diamonds (Global),Gift Cards & Software Keys,88,2,Alibaba,https://www.alibaba.com/trade/search?SearchText=Free+Fire+Diamonds+2200+Diamonds+%28Global%29,,,USD,Needs supplier verification,"Check MOQ, shipping terms, and verified supplier status before buying."
1,High,NEEDS_REFERENCE,"Open search URL, pick exact listing, fill Buy URL + Supplier Price",531,GC-FRF-GLOBAL-2200,Free Fire Diamonds 2200 Diamonds (Global),Gift Cards & Software Keys,88,3,Amazon.sa,https://www.amazon.sa/s?k=Free+Fire+Diamonds+2200+Diamonds+%28Global%29,,,SAR,Needs supplier verification,Uses existing Amazon reference URL and price when the workbook has them.
1,High,NEEDS_REFERENCE,"Open search URL, pick exact listing, fill Buy URL + Supplier Price",531,GC-FRF-GLOBAL-2200,Free Fire Diamonds 2200 Diamonds (Global),Gift Cards & Software Keys,88,4,Noon,https://www.noon.com/saudi-en/search/?q=Free+Fire+Diamonds+2200+Diamonds+%28Global%29,,,SAR,Needs supplier verification,"Verify seller rating, warranty, and marketplace fulfillment before buying."
1,High,NEEDS_REFERENCE,"Open search URL, pick exact listing, fill Buy URL + Supplier Price",531,GC-FRF-GLOBAL-2200,Free Fire Diamonds 2200 Diamonds (Global),Gift Cards & Software Keys,88,5,B&H Photo,https://www.bhphotovideo.com/c/search?Ntt=Free+Fire+Diamonds+2200+Diamonds+%28Global%29&N=0&InitialSearch=yes&sts=ma,,,USD,Needs supplier verification,"Best for cameras, networking, creators, and computer hardware."
1,High,NEEDS_REFERENCE,"Open search URL, pick exact listing, fill Buy URL + Supplier Price",529,GC-FRF-GLOBAL-310,Free Fire Diamonds 310 Diamonds (Global),Gift Cards & Software Keys,12,1,AliExpress,https://www.aliexpress.com/wholesale?SearchText=Free+Fire+Diamonds+310+Diamonds+%28Global%29,,,USD,Needs supplier verification,"Match exact product manually, then fill Buy URL and Supplier Price."
1,High,NEEDS_REFERENCE,"Open search URL, pick exact listing, fill Buy URL + Supplier Price",529,GC-FRF-GLOBAL-310,Free Fire Diamonds 310 Diamonds (Global),Gift Cards & Software Keys,12,2,Alibaba,https://www.alibaba.com/trade/search?SearchText=Free+Fire+Diamonds+310+Diamonds+%28Global%29,,,USD,Needs supplier verification,"Check MOQ, shipping terms, and verified supplier status before buying."
1,High,NEEDS_REFERENCE,"Open search URL, pick exact listing, fill Buy URL + Supplier Price",529,GC-FRF-GLOBAL-310,Free Fire Diamonds 310 Diamonds (Global),Gift Cards & Software Keys,12,3,Amazon.sa,https://www.amazon.sa/s?k=Free+Fire+Diamonds+310+Diamonds+%28Global%29,,,SAR,Needs supplier verification,Uses existing Amazon reference URL and price when the workbook has them.
1,High,NEEDS_REFERENCE,"Open search URL, pick exact listing, fill Buy URL + Supplier Price",529,GC-FRF-GLOBAL-310,Free Fire Diamonds 310 Diamonds (Global),Gift Cards & Software Keys,12,4,Noon,https://www.noon.com/saudi-en/search/?q=Free+Fire+Diamonds+310+Diamonds+%28Global%29,,,SAR,Needs supplier verification,"Verify seller rating, warranty, and marketplace fulfillment before buying."
1,High,NEEDS_REFERENCE,"Open search URL, pick exact listing, fill Buy URL + Supplier Price",529,GC-FRF-GLOBAL-310,Free Fire Diamonds 310 Diamonds (Global),Gift Cards & Software Keys,12,5,B&H Photo,https://www.bhphotovideo.com/c/search?Ntt=Free+Fire+Diamonds+310+Diamonds+%28Global%29&N=0&InitialSearch=yes&sts=ma,,,USD,Needs supplier verification,"Best for cameras, networking, creators, and computer hardware."
1,High,NEEDS_REFERENCE,"Open search URL, pick exact listing, fill Buy URL + Supplier Price",534,GC-MLB-GLOBAL-172,Mobile Legends Diamonds 172 Diamonds (Global),Gift Cards & Software Keys,7,1,AliExpress,https://www.aliexpress.com/wholesale?SearchText=Mobile+Legends+Diamonds+172+Diamonds+%28Global%29,,,USD,Needs supplier verification,"Match exact product manually, then fill Buy URL and Supplier Price."
1,High,NEEDS_REFERENCE,"Open search URL, pick exact listing, fill Buy URL + Supplier Price",534,GC-MLB-GLOBAL-172,Mobile Legends Diamonds 172 Diamonds (Global),Gift Cards & Software Keys,7,2,Alibaba,https://www.alibaba.com/trade/search?SearchText=Mobile+Legends+Diamonds+172+Diamonds+%28Global%29,,,USD,Needs supplier verification,"Check MOQ, shipping terms, and verified supplier status before buying."
1,High,NEEDS_REFERENCE,"Open search URL, pick exact listing, fill Buy URL + Supplier Price",534,GC-MLB-GLOBAL-172,Mobile Legends Diamonds 172 Diamonds (Global),Gift Cards & Software Keys,7,3,Amazon.sa,https://www.amazon.sa/s?k=Mobile+Legends+Diamonds+172+Diamonds+%28Global%29,,,SAR,Needs supplier verification,Uses existing Amazon reference URL and price when the workbook has them.
1,High,NEEDS_REFERENCE,"Open search URL, pick exact listing, fill Buy URL + Supplier Price",534,GC-MLB-GLOBAL-172,Mobile Legends Diamonds 172 Diamonds (Global),Gift Cards & Software Keys,7,4,Noon,https://www.noon.com/saudi-en/search/?q=Mobile+Legends+Diamonds+172+Diamonds+%28Global%29,,,SAR,Needs supplier verification,"Verify seller rating, warranty, and marketplace fulfillment before buying."
1,High,NEEDS_REFERENCE,"Open search URL, pick exact listing, fill Buy URL + Supplier Price",534,GC-MLB-GLOBAL-172,Mobile Legends Diamonds 172 Diamonds (Global),Gift Cards & Software Keys,7,5,B&H Photo,https://www.bhphotovideo.com/c/search?Ntt=Mobile+Legends+Diamonds+172+Diamonds+%28Global%29&N=0&InitialSearch=yes&sts=ma,,,USD,Needs supplier verification,"Best for cameras, networking, creators, and computer hardware."
1,High,NEEDS_REFERENCE,"Open search URL, pick exact listing, fill Buy URL + Supplier Price",536,GC-MLB-GLOBAL-2195,Mobile Legends Diamonds 2195 Diamonds (Global),Gift Cards & Software Keys,88,1,AliExpress,https://www.aliexpress.com/wholesale?SearchText=Mobile+Legends+Diamonds+2195+Diamonds+%28Global%29,,,USD,Needs supplier verification,"Match exact product manually, then fill Buy URL and Supplier Price."
1,High,NEEDS_REFERENCE,"Open search URL, pick exact listing, fill Buy URL + Supplier Price",536,GC-MLB-GLOBAL-2195,Mobile Legends Diamonds 2195 Diamonds (Global),Gift Cards & Software Keys,88,2,Alibaba,https://www.alibaba.com/trade/search?SearchText=Mobile+Legends+Diamonds+2195+Diamonds+%28Global%29,,,USD,Needs supplier verification,"Check MOQ, shipping terms, and verified supplier status before buying."
1,High,NEEDS_REFERENCE,"Open search URL, pick exact listing, fill Buy URL + Supplier Price",536,GC-MLB-GLOBAL-2195,Mobile Legends Diamonds 2195 Diamonds (Global),Gift Cards & Software Keys,88,3,Amazon.sa,https://www.amazon.sa/s?k=Mobile+Legends+Diamonds+2195+Diamonds+%28Global%29,,,SAR,Needs supplier verification,Uses existing Amazon reference URL and price when the workbook has them.
1,High,NEEDS_REFERENCE,"Open search URL, pick exact listing, fill Buy URL + Supplier Price",536,GC-MLB-GLOBAL-2195,Mobile Legends Diamonds 2195 Diamonds (Global),Gift Cards & Software Keys,88,4,Noon,https://www.noon.com/saudi-en/search/?q=Mobile+Legends+Diamonds+2195+Diamonds+%28Global%29,,,SAR,Needs supplier verification,"Verify seller rating, warranty, and marketplace fulfillment before buying."
1,High,NEEDS_REFERENCE,"Open search URL, pick exact listing, fill Buy URL + Supplier Price",536,GC-MLB-GLOBAL-2195,Mobile Legends Diamonds 2195 Diamonds (Global),Gift Cards & Software Keys,88,5,B&H Photo,https://www.bhphotovideo.com/c/search?Ntt=Mobile+Legends+Diamonds+2195+Diamonds+%28Global%29&N=0&InitialSearch=yes&sts=ma,,,USD,Needs supplier verification,"Best for cameras, networking, creators, and computer hardware."
1,High,NEEDS_REFERENCE,"Open search URL, pick exact listing, fill Buy URL + Supplier Price",535,GC-MLB-GLOBAL-706,Mobile Legends Diamonds 706 Diamonds (Global),Gift Cards & Software Keys,28,1,AliExpress,https://www.aliexpress.com/wholesale?SearchText=Mobile+Legends+Diamonds+706+Diamonds+%28Global%29,,,USD,Needs supplier verification,"Match exact product manually, then fill Buy URL and Supplier Price."
1,High,NEEDS_REFERENCE,"Open search URL, pick exact listing, fill Buy URL + Supplier Price",535,GC-MLB-GLOBAL-706,Mobile Legends Diamonds 706 Diamonds (Global),Gift Cards & Software Keys,28,2,Alibaba,https://www.alibaba.com/trade/search?SearchText=Mobile+Legends+Diamonds+706+Diamonds+%28Global%29,,,USD,Needs supplier verification,"Check MOQ, shipping terms, and verified supplier status before buying."
1,High,NEEDS_REFERENCE,"Open search URL, pick exact listing, fill Buy URL + Supplier Price",535,GC-MLB-GLOBAL-706,Mobile Legends Diamonds 706 Diamonds (Global),Gift Cards & Software Keys,28,3,Amazon.sa,https://www.amazon.sa/s?k=Mobile+Legends+Diamonds+706+Diamonds+%28Global%29,,,SAR,Needs supplier verification,Uses existing Amazon reference URL and price when the workbook has them.
1,High,NEEDS_REFERENCE,"Open search URL, pick exact listing, fill Buy URL + Supplier Price",535,GC-MLB-GLOBAL-706,Mobile Legends Diamonds 706 Diamonds (Global),Gift Cards & Software Keys,28,4,Noon,https://www.noon.com/saudi-en/search/?q=Mobile+Legends+Diamonds+706+Diamonds+%28Global%29,,,SAR,Needs supplier verification,"Verify seller rating, warranty, and marketplace fulfillment before buying."
1,High,NEEDS_REFERENCE,"Open search URL, pick exact listing, fill Buy URL + Supplier Price",535,GC-MLB-GLOBAL-706,Mobile Legends Diamonds 706 Diamonds (Global),Gift Cards & Software Keys,28,5,B&H Photo,https://www.bhphotovideo.com/c/search?Ntt=Mobile+Legends+Diamonds+706+Diamonds+%28Global%29&N=0&InitialSearch=yes&sts=ma,,,USD,Needs supplier verification,"Best for cameras, networking, creators, and computer hardware."
1,High,NEEDS_REFERENCE,"Open search URL, pick exact listing, fill Buy URL + Supplier Price",533,GC-MLB-GLOBAL-86,Mobile Legends Diamonds 86 Diamonds (Global),Gift Cards & Software Keys,5,1,AliExpress,https://www.aliexpress.com/wholesale?SearchText=Mobile+Legends+Diamonds+86+Diamonds+%28Global%29,,,USD,Needs supplier verification,"Match exact product manually, then fill Buy URL and Supplier Price."
1,High,NEEDS_REFERENCE,"Open search URL, pick exact listing, fill Buy URL + Supplier Price",533,GC-MLB-GLOBAL-86,Mobile Legends Diamonds 86 Diamonds (Global),Gift Cards & Software Keys,5,2,Alibaba,https://www.alibaba.com/trade/search?SearchText=Mobile+Legends+Diamonds+86+Diamonds+%28Global%29,,,USD,Needs supplier verification,"Check MOQ, shipping terms, and verified supplier status before buying."
1,High,NEEDS_REFERENCE,"Open search URL, pick exact listing, fill Buy URL + Supplier Price",533,GC-MLB-GLOBAL-86,Mobile Legends Diamonds 86 Diamonds (Global),Gift Cards & Software Keys,5,3,Amazon.sa,https://www.amazon.sa/s?k=Mobile+Legends+Diamonds+86+Diamonds+%28Global%29,,,SAR,Needs supplier verification,Uses existing Amazon reference URL and price when the workbook has them.
1,High,NEEDS_REFERENCE,"Open search URL, pick exact listing, fill Buy URL + Supplier Price",533,GC-MLB-GLOBAL-86,Mobile Legends Diamonds 86 Diamonds (Global),Gift Cards & Software Keys,5,4,Noon,https://www.noon.com/saudi-en/search/?q=Mobile+Legends+Diamonds+86+Diamonds+%28Global%29,,,SAR,Needs supplier verification,"Verify seller rating, warranty, and marketplace fulfillment before buying."
1,High,NEEDS_REFERENCE,"Open search URL, pick exact listing, fill Buy URL + Supplier Price",533,GC-MLB-GLOBAL-86,Mobile Legends Diamonds 86 Diamonds (Global),Gift Cards & Software Keys,5,5,B&H Photo,https://www.bhphotovideo.com/c/search?Ntt=Mobile+Legends+Diamonds+86+Diamonds+%28Global%29&N=0&InitialSearch=yes&sts=ma,,,USD,Needs supplier verification,"Best for cameras, networking, creators, and computer hardware."
1,High,NEEDS_REFERENCE,"Open search URL, pick exact listing, fill Buy URL + Supplier Price",525,GC-PBG-GLOBAL-1800,PUBG Mobile UC 1800 UC (Global),Gift Cards & Software Keys,72,1,AliExpress,https://www.aliexpress.com/wholesale?SearchText=PUBG+Mobile+UC+1800+UC+%28Global%29,,,USD,Needs supplier verification,"Match exact product manually, then fill Buy URL and Supplier Price."
1,High,NEEDS_REFERENCE,"Open search URL, pick exact listing, fill Buy URL + Supplier Price",525,GC-PBG-GLOBAL-1800,PUBG Mobile UC 1800 UC (Global),Gift Cards & Software Keys,72,2,Alibaba,https://www.alibaba.com/trade/search?SearchText=PUBG+Mobile+UC+1800+UC+%28Global%29,,,USD,Needs supplier verification,"Check MOQ, shipping terms, and verified supplier status before buying."
1,High,NEEDS_REFERENCE,"Open search URL, pick exact listing, fill Buy URL + Supplier Price",525,GC-PBG-GLOBAL-1800,PUBG Mobile UC 1800 UC (Global),Gift Cards & Software Keys,72,3,Amazon.sa,https://www.amazon.sa/s?k=PUBG+Mobile+UC+1800+UC+%28Global%29,,,SAR,Needs supplier verification,Uses existing Amazon reference URL and price when the workbook has them.
1,High,NEEDS_REFERENCE,"Open search URL, pick exact listing, fill Buy URL + Supplier Price",525,GC-PBG-GLOBAL-1800,PUBG Mobile UC 1800 UC (Global),Gift Cards & Software Keys,72,4,Noon,https://www.noon.com/saudi-en/search/?q=PUBG+Mobile+UC+1800+UC+%28Global%29,,,SAR,Needs supplier verification,"Verify seller rating, warranty, and marketplace fulfillment before buying."
1,High,NEEDS_REFERENCE,"Open search URL, pick exact listing, fill Buy URL + Supplier Price",525,GC-PBG-GLOBAL-1800,PUBG Mobile UC 1800 UC (Global),Gift Cards & Software Keys,72,5,B&H Photo,https://www.bhphotovideo.com/c/search?Ntt=PUBG+Mobile+UC+1800+UC+%28Global%29&N=0&InitialSearch=yes&sts=ma,,,USD,Needs supplier verification,"Best for cameras, networking, creators, and computer hardware."
1,High,NEEDS_REFERENCE,"Open search URL, pick exact listing, fill Buy URL + Supplier Price",523,GC-PBG-GLOBAL-325,PUBG Mobile UC 325 UC (Global),Gift Cards & Software Keys,13,1,AliExpress,https://www.aliexpress.com/wholesale?SearchText=PUBG+Mobile+UC+325+UC+%28Global%29,,,USD,Needs supplier verification,"Match exact product manually, then fill Buy URL and Supplier Price."
1,High,NEEDS_REFERENCE,"Open search URL, pick exact listing, fill Buy URL + Supplier Price",523,GC-PBG-GLOBAL-325,PUBG Mobile UC 325 UC (Global),Gift Cards & Software Keys,13,2,Alibaba,https://www.alibaba.com/trade/search?SearchText=PUBG+Mobile+UC+325+UC+%28Global%29,,,USD,Needs supplier verification,"Check MOQ, shipping terms, and verified supplier status before buying."
1,High,NEEDS_REFERENCE,"Open search URL, pick exact listing, fill Buy URL + Supplier Price",523,GC-PBG-GLOBAL-325,PUBG Mobile UC 325 UC (Global),Gift Cards & Software Keys,13,3,Amazon.sa,https://www.amazon.sa/s?k=PUBG+Mobile+UC+325+UC+%28Global%29,,,SAR,Needs supplier verification,Uses existing Amazon reference URL and price when the workbook has them.
1,High,NEEDS_REFERENCE,"Open search URL, pick exact listing, fill Buy URL + Supplier Price",523,GC-PBG-GLOBAL-325,PUBG Mobile UC 325 UC (Global),Gift Cards & Software Keys,13,4,Noon,https://www.noon.com/saudi-en/search/?q=PUBG+Mobile+UC+325+UC+%28Global%29,,,SAR,Needs supplier verification,"Verify seller rating, warranty, and marketplace fulfillment before buying."
1,High,NEEDS_REFERENCE,"Open search URL, pick exact listing, fill Buy URL + Supplier Price",523,GC-PBG-GLOBAL-325,PUBG Mobile UC 325 UC (Global),Gift Cards & Software Keys,13,5,B&H Photo,https://www.bhphotovideo.com/c/search?Ntt=PUBG+Mobile+UC+325+UC+%28Global%29&N=0&InitialSearch=yes&sts=ma,,,USD,Needs supplier verification,"Best for cameras, networking, creators, and computer hardware."
1,High,NEEDS_REFERENCE,"Open search URL, pick exact listing, fill Buy URL + Supplier Price",526,GC-PBG-GLOBAL-3850,PUBG Mobile UC 3850 UC (Global),Gift Cards & Software Keys,154,1,AliExpress,https://www.aliexpress.com/wholesale?SearchText=PUBG+Mobile+UC+3850+UC+%28Global%29,,,USD,Needs supplier verification,"Match exact product manually, then fill Buy URL and Supplier Price."
1,High,NEEDS_REFERENCE,"Open search URL, pick exact listing, fill Buy URL + Supplier Price",526,GC-PBG-GLOBAL-3850,PUBG Mobile UC 3850 UC (Global),Gift Cards & Software Keys,154,2,Alibaba,https://www.alibaba.com/trade/search?SearchText=PUBG+Mobile+UC+3850+UC+%28Global%29,,,USD,Needs supplier verification,"Check MOQ, shipping terms, and verified supplier status before buying."
1,High,NEEDS_REFERENCE,"Open search URL, pick exact listing, fill Buy URL + Supplier Price",526,GC-PBG-GLOBAL-3850,PUBG Mobile UC 3850 UC (Global),Gift Cards & Software Keys,154,3,Amazon.sa,https://www.amazon.sa/s?k=PUBG+Mobile+UC+3850+UC+%28Global%29,,,SAR,Needs supplier verification,Uses existing Amazon reference URL and price when the workbook has them.
1,High,NEEDS_REFERENCE,"Open search URL, pick exact listing, fill Buy URL + Supplier Price",526,GC-PBG-GLOBAL-3850,PUBG Mobile UC 3850 UC (Global),Gift Cards & Software Keys,154,4,Noon,https://www.noon.com/saudi-en/search/?q=PUBG+Mobile+UC+3850+UC+%28Global%29,,,SAR,Needs supplier verification,"Verify seller rating, warranty, and marketplace fulfillment before buying."
1,High,NEEDS_REFERENCE,"Open search URL, pick exact listing, fill Buy URL + Supplier Price",526,GC-PBG-GLOBAL-3850,PUBG Mobile UC 3850 UC (Global),Gift Cards & Software Keys,154,5,B&H Photo,https://www.bhphotovideo.com/c/search?Ntt=PUBG+Mobile+UC+3850+UC+%28Global%29&N=0&InitialSearch=yes&sts=ma,,,USD,Needs supplier verification,"Best for cameras, networking, creators, and computer hardware."
1,High,NEEDS_REFERENCE,"Open search URL, pick exact listing, fill Buy URL + Supplier Price",522,GC-PBG-GLOBAL-60,PUBG Mobile UC 60 UC (Global),Gift Cards & Software Keys,5,1,AliExpress,https://www.aliexpress.com/wholesale?SearchText=PUBG+Mobile+UC+60+UC+%28Global%29,,,USD,Needs supplier verification,"Match exact product manually, then fill Buy URL and Supplier Price."
1,High,NEEDS_REFERENCE,"Open search URL, pick exact listing, fill Buy URL + Supplier Price",522,GC-PBG-GLOBAL-60,PUBG Mobile UC 60 UC (Global),Gift Cards & Software Keys,5,2,Alibaba,https://www.alibaba.com/trade/search?SearchText=PUBG+Mobile+UC+60+UC+%28Global%29,,,USD,Needs supplier verification,"Check MOQ, shipping terms, and verified supplier status before buying."
1,High,NEEDS_REFERENCE,"Open search URL, pick exact listing, fill Buy URL + Supplier Price",522,GC-PBG-GLOBAL-60,PUBG Mobile UC 60 UC (Global),Gift Cards & Software Keys,5,3,Amazon.sa,https://www.amazon.sa/s?k=PUBG+Mobile+UC+60+UC+%28Global%29,,,SAR,Needs supplier verification,Uses existing Amazon reference URL and price when the workbook has them.
1,High,NEEDS_REFERENCE,"Open search URL, pick exact listing, fill Buy URL + Supplier Price",522,GC-PBG-GLOBAL-60,PUBG Mobile UC 60 UC (Global),Gift Cards & Software Keys,5,4,Noon,https://www.noon.com/saudi-en/search/?q=PUBG+Mobile+UC+60+UC+%28Global%29,,,SAR,Needs supplier verification,"Verify seller rating, warranty, and marketplace fulfillment before buying."
1,High,NEEDS_REFERENCE,"Open search URL, pick exact listing, fill Buy URL + Supplier Price",522,GC-PBG-GLOBAL-60,PUBG Mobile UC 60 UC (Global),Gift Cards & Software Keys,5,5,B&H Photo,https://www.bhphotovideo.com/c/search?Ntt=PUBG+Mobile+UC+60+UC+%28Global%29&N=0&InitialSearch=yes&sts=ma,,,USD,Needs supplier verification,"Best for cameras, networking, creators, and computer hardware."
1,High,NEEDS_REFERENCE,"Open search URL, pick exact listing, fill Buy URL + Supplier Price",524,GC-PBG-GLOBAL-660,PUBG Mobile UC 660 UC (Global),Gift Cards & Software Keys,26,1,AliExpress,https://www.aliexpress.com/wholesale?SearchText=PUBG+Mobile+UC+660+UC+%28Global%29,,,USD,Needs supplier verification,"Match exact product manually, then fill Buy URL and Supplier Price."
1,High,NEEDS_REFERENCE,"Open search URL, pick exact listing, fill Buy URL + Supplier Price",524,GC-PBG-GLOBAL-660,PUBG Mobile UC 660 UC (Global),Gift Cards & Software Keys,26,2,Alibaba,https://www.alibaba.com/trade/search?SearchText=PUBG+Mobile+UC+660+UC+%28Global%29,,,USD,Needs supplier verification,"Check MOQ, shipping terms, and verified supplier status before buying."
1,High,NEEDS_REFERENCE,"Open search URL, pick exact listing, fill Buy URL + Supplier Price",524,GC-PBG-GLOBAL-660,PUBG Mobile UC 660 UC (Global),Gift Cards & Software Keys,26,3,Amazon.sa,https://www.amazon.sa/s?k=PUBG+Mobile+UC+660+UC+%28Global%29,,,SAR,Needs supplier verification,Uses existing Amazon reference URL and price when the workbook has them.
1,High,NEEDS_REFERENCE,"Open search URL, pick exact listing, fill Buy URL + Supplier Price",524,GC-PBG-GLOBAL-660,PUBG Mobile UC 660 UC (Global),Gift Cards & Software Keys,26,4,Noon,https://www.noon.com/saudi-en/search/?q=PUBG+Mobile+UC+660+UC+%28Global%29,,,SAR,Needs supplier verification,"Verify seller rating, warranty, and marketplace fulfillment before buying."
1,High,NEEDS_REFERENCE,"Open search URL, pick exact listing, fill Buy URL + Supplier Price",524,GC-PBG-GLOBAL-660,PUBG Mobile UC 660 UC (Global),Gift Cards & Software Keys,26,5,B&H Photo,https://www.bhphotovideo.com/c/search?Ntt=PUBG+Mobile+UC+660+UC+%28Global%29&N=0&InitialSearch=yes&sts=ma,,,USD,Needs supplier verification,"Best for cameras, networking, creators, and computer hardware."
1,High,NEEDS_REFERENCE,"Open search URL, pick exact listing, fill Buy URL + Supplier Price",570,GC-PSP-KSA-1,PlayStation Plus 1 Months (KSA),Gift Cards & Software Keys,5,1,AliExpress,https://www.aliexpress.com/wholesale?SearchText=PlayStation+Plus+1+Months+%28KSA%29,,,USD,Needs supplier verification,"Match exact product manually, then fill Buy URL and Supplier Price."
1,High,NEEDS_REFERENCE,"Open search URL, pick exact listing, fill Buy URL + Supplier Price",570,GC-PSP-KSA-1,PlayStation Plus 1 Months (KSA),Gift Cards & Software Keys,5,2,Alibaba,https://www.alibaba.com/trade/search?SearchText=PlayStation+Plus+1+Months+%28KSA%29,,,USD,Needs supplier verification,"Check MOQ, shipping terms, and verified supplier status before buying."
1,High,NEEDS_REFERENCE,"Open search URL, pick exact listing, fill Buy URL + Supplier Price",570,GC-PSP-KSA-1,PlayStation Plus 1 Months (KSA),Gift Cards & Software Keys,5,3,Amazon.sa,https://www.amazon.sa/s?k=PlayStation+Plus+1+Months+%28KSA%29,,,SAR,Needs supplier verification,Uses existing Amazon reference URL and price when the workbook has them.
1,High,NEEDS_REFERENCE,"Open search URL, pick exact listing, fill Buy URL + Supplier Price",570,GC-PSP-KSA-1,PlayStation Plus 1 Months (KSA),Gift Cards & Software Keys,5,4,Noon,https://www.noon.com/saudi-en/search/?q=PlayStation+Plus+1+Months+%28KSA%29,,,SAR,Needs supplier verification,"Verify seller rating, warranty, and marketplace fulfillment before buying."
1,High,NEEDS_REFERENCE,"Open search URL, pick exact listing, fill Buy URL + Supplier Price",570,GC-PSP-KSA-1,PlayStation Plus 1 Months (KSA),Gift Cards & Software Keys,5,5,B&H Photo,https://www.bhphotovideo.com/c/search?Ntt=PlayStation+Plus+1+Months+%28KSA%29&N=0&InitialSearch=yes&sts=ma,,,USD,Needs supplier verification,"Best for cameras, networking, creators, and computer hardware."
1,High,NEEDS_REFERENCE,"Open search URL, pick exact listing, fill Buy URL + Supplier Price",572,GC-PSP-KSA-12,PlayStation Plus 12 Months (KSA),Gift Cards & Software Keys,5,1,AliExpress,https://www.aliexpress.com/wholesale?SearchText=PlayStation+Plus+12+Months+%28KSA%29,,,USD,Needs supplier verification,"Match exact product manually, then fill Buy URL and Supplier Price."
1,High,NEEDS_REFERENCE,"Open search URL, pick exact listing, fill Buy URL + Supplier Price",572,GC-PSP-KSA-12,PlayStation Plus 12 Months (KSA),Gift Cards & Software Keys,5,2,Alibaba,https://www.alibaba.com/trade/search?SearchText=PlayStation+Plus+12+Months+%28KSA%29,,,USD,Needs supplier verification,"Check MOQ, shipping terms, and verified supplier status before buying."
1,High,NEEDS_REFERENCE,"Open search URL, pick exact listing, fill Buy URL + Supplier Price",572,GC-PSP-KSA-12,PlayStation Plus 12 Months (KSA),Gift Cards & Software Keys,5,3,Amazon.sa,https://www.amazon.sa/s?k=PlayStation+Plus+12+Months+%28KSA%29,,,SAR,Needs supplier verification,Uses existing Amazon reference URL and price when the workbook has them.
1,High,NEEDS_REFERENCE,"Open search URL, pick exact listing, fill Buy URL + Supplier Price",572,GC-PSP-KSA-12,PlayStation Plus 12 Months (KSA),Gift Cards & Software Keys,5,4,Noon,https://www.noon.com/saudi-en/search/?q=PlayStation+Plus+12+Months+%28KSA%29,,,SAR,Needs supplier verification,"Verify seller rating, warranty, and marketplace fulfillment before buying."
1,High,NEEDS_REFERENCE,"Open search URL, pick exact listing, fill Buy URL + Supplier Price",572,GC-PSP-KSA-12,PlayStation Plus 12 Months (KSA),Gift Cards & Software Keys,5,5,B&H Photo,https://www.bhphotovideo.com/c/search?Ntt=PlayStation+Plus+12+Months+%28KSA%29&N=0&InitialSearch=yes&sts=ma,,,USD,Needs supplier verification,"Best for cameras, networking, creators, and computer hardware."
1,High,NEEDS_REFERENCE,"Open search URL, pick exact listing, fill Buy URL + Supplier Price",571,GC-PSP-KSA-3,PlayStation Plus 3 Months (KSA),Gift Cards & Software Keys,5,1,AliExpress,https://www.aliexpress.com/wholesale?SearchText=PlayStation+Plus+3+Months+%28KSA%29,,,USD,Needs supplier verification,"Match exact product manually, then fill Buy URL and Supplier Price."
1,High,NEEDS_REFERENCE,"Open search URL, pick exact listing, fill Buy URL + Supplier Price",571,GC-PSP-KSA-3,PlayStation Plus 3 Months (KSA),Gift Cards & Software Keys,5,2,Alibaba,https://www.alibaba.com/trade/search?SearchText=PlayStation+Plus+3+Months+%28KSA%29,,,USD,Needs supplier verification,"Check MOQ, shipping terms, and verified supplier status before buying."
1,High,NEEDS_REFERENCE,"Open search URL, pick exact listing, fill Buy URL + Supplier Price",571,GC-PSP-KSA-3,PlayStation Plus 3 Months (KSA),Gift Cards & Software Keys,5,3,Amazon.sa,https://www.amazon.sa/s?k=PlayStation+Plus+3+Months+%28KSA%29,,,SAR,Needs supplier verification,Uses existing Amazon reference URL and price when the workbook has them.
1,High,NEEDS_REFERENCE,"Open search URL, pick exact listing, fill Buy URL + Supplier Price",571,GC-PSP-KSA-3,PlayStation Plus 3 Months (KSA),Gift Cards & Software Keys,5,4,Noon,https://www.noon.com/saudi-en/search/?q=PlayStation+Plus+3+Months+%28KSA%29,,,SAR,Needs supplier verification,"Verify seller rating, warranty, and marketplace fulfillment before buying."
1,High,NEEDS_REFERENCE,"Open search URL, pick exact listing, fill Buy URL + Supplier Price",571,GC-PSP-KSA-3,PlayStation Plus 3 Months (KSA),Gift Cards & Software Keys,5,5,B&H Photo,https://www.bhphotovideo.com/c/search?Ntt=PlayStation+Plus+3+Months+%28KSA%29&N=0&InitialSearch=yes&sts=ma,,,USD,Needs supplier verification,"Best for cameras, networking, creators, and computer hardware."
1,High,NEEDS_REFERENCE,"Open search URL, pick exact listing, fill Buy URL + Supplier Price",567,GC-PSP-US-1,PlayStation Plus 1 Months (US),Gift Cards & Software Keys,5,1,AliExpress,https://www.aliexpress.com/wholesale?SearchText=PlayStation+Plus+1+Months+%28US%29,,,USD,Needs supplier verification,"Match exact product manually, then fill Buy URL and Supplier Price."
1,High,NEEDS_REFERENCE,"Open search URL, pick exact listing, fill Buy URL + Supplier Price",567,GC-PSP-US-1,PlayStation Plus 1 Months (US),Gift Cards & Software Keys,5,2,Alibaba,https://www.alibaba.com/trade/search?SearchText=PlayStation+Plus+1+Months+%28US%29,,,USD,Needs supplier verification,"Check MOQ, shipping terms, and verified supplier status before buying."
1,High,NEEDS_REFERENCE,"Open search URL, pick exact listing, fill Buy URL + Supplier Price",567,GC-PSP-US-1,PlayStation Plus 1 Months (US),Gift Cards & Software Keys,5,3,Amazon.sa,https://www.amazon.sa/s?k=PlayStation+Plus+1+Months+%28US%29,,,SAR,Needs supplier verification,Uses existing Amazon reference URL and price when the workbook has them.
1,High,NEEDS_REFERENCE,"Open search URL, pick exact listing, fill Buy URL + Supplier Price",567,GC-PSP-US-1,PlayStation Plus 1 Months (US),Gift Cards & Software Keys,5,4,Noon,https://www.noon.com/saudi-en/search/?q=PlayStation+Plus+1+Months+%28US%29,,,SAR,Needs supplier verification,"Verify seller rating, warranty, and marketplace fulfillment before buying."
1,High,NEEDS_REFERENCE,"Open search URL, pick exact listing, fill Buy URL + Supplier Price",567,GC-PSP-US-1,PlayStation Plus 1 Months (US),Gift Cards & Software Keys,5,5,B&H Photo,https://www.bhphotovideo.com/c/search?Ntt=PlayStation+Plus+1+Months+%28US%29&N=0&InitialSearch=yes&sts=ma,,,USD,Needs supplier verification,"Best for cameras, networking, creators, and computer hardware."
1,High,NEEDS_REFERENCE,"Open search URL, pick exact listing, fill Buy URL + Supplier Price",569,GC-PSP-US-12,PlayStation Plus 12 Months (US),Gift Cards & Software Keys,5,1,AliExpress,https://www.aliexpress.com/wholesale?SearchText=PlayStation+Plus+12+Months+%28US%29,,,USD,Needs supplier verification,"Match exact product manually, then fill Buy URL and Supplier Price."
1,High,NEEDS_REFERENCE,"Open search URL, pick exact listing, fill Buy URL + Supplier Price",569,GC-PSP-US-12,PlayStation Plus 12 Months (US),Gift Cards & Software Keys,5,2,Alibaba,https://www.alibaba.com/trade/search?SearchText=PlayStation+Plus+12+Months+%28US%29,,,USD,Needs supplier verification,"Check MOQ, shipping terms, and verified supplier status before buying."
1,High,NEEDS_REFERENCE,"Open search URL, pick exact listing, fill Buy URL + Supplier Price",569,GC-PSP-US-12,PlayStation Plus 12 Months (US),Gift Cards & Software Keys,5,3,Amazon.sa,https://www.amazon.sa/s?k=PlayStation+Plus+12+Months+%28US%29,,,SAR,Needs supplier verification,Uses existing Amazon reference URL and price when the workbook has them.
1,High,NEEDS_REFERENCE,"Open search URL, pick exact listing, fill Buy URL + Supplier Price",569,GC-PSP-US-12,PlayStation Plus 12 Months (US),Gift Cards & Software Keys,5,4,Noon,https://www.noon.com/saudi-en/search/?q=PlayStation+Plus+12+Months+%28US%29,,,SAR,Needs supplier verification,"Verify seller rating, warranty, and marketplace fulfillment before buying."
1,High,NEEDS_REFERENCE,"Open search URL, pick exact listing, fill Buy URL + Supplier Price",569,GC-PSP-US-12,PlayStation Plus 12 Months (US),Gift Cards & Software Keys,5,5,B&H Photo,https://www.bhphotovideo.com/c/search?Ntt=PlayStation+Plus+12+Months+%28US%29&N=0&InitialSearch=yes&sts=ma,,,USD,Needs supplier verification,"Best for cameras, networking, creators, and computer hardware."
1,High,NEEDS_REFERENCE,"Open search URL, pick exact listing, fill Buy URL + Supplier Price",568,GC-PSP-US-3,PlayStation Plus 3 Months (US),Gift Cards & Software Keys,5,1,AliExpress,https://www.aliexpress.com/wholesale?SearchText=PlayStation+Plus+3+Months+%28US%29,,,USD,Needs supplier verification,"Match exact product manually, then fill Buy URL and Supplier Price."
1,High,NEEDS_REFERENCE,"Open search URL, pick exact listing, fill Buy URL + Supplier Price",568,GC-PSP-US-3,PlayStation Plus 3 Months (US),Gift Cards & Software Keys,5,2,Alibaba,https://www.alibaba.com/trade/search?SearchText=PlayStation+Plus+3+Months+%28US%29,,,USD,Needs supplier verification,"Check MOQ, shipping terms, and verified supplier status before buying."
1,High,NEEDS_REFERENCE,"Open search URL, pick exact listing, fill Buy URL + Supplier Price",568,GC-PSP-US-3,PlayStation Plus 3 Months (US),Gift Cards & Software Keys,5,3,Amazon.sa,https://www.amazon.sa/s?k=PlayStation+Plus+3+Months+%28US%29,,,SAR,Needs supplier verification,Uses existing Amazon reference URL and price when the workbook has them.
1,High,NEEDS_REFERENCE,"Open search URL, pick exact listing, fill Buy URL + Supplier Price",568,GC-PSP-US-3,PlayStation Plus 3 Months (US),Gift Cards & Software Keys,5,4,Noon,https://www.noon.com/saudi-en/search/?q=PlayStation+Plus+3+Months+%28US%29,,,SAR,Needs supplier verification,"Verify seller rating, warranty, and marketplace fulfillment before buying."
1,High,NEEDS_REFERENCE,"Open search URL, pick exact listing, fill Buy URL + Supplier Price",568,GC-PSP-US-3,PlayStation Plus 3 Months (US),Gift Cards & Software Keys,5,5,B&H Photo,https://www.bhphotovideo.com/c/search?Ntt=PlayStation+Plus+3+Months+%28US%29&N=0&InitialSearch=yes&sts=ma,,,USD,Needs supplier verification,"Best for cameras, networking, creators, and computer hardware."
1,High,NEEDS_REFERENCE,"Open search URL, pick exact listing, fill Buy URL + Supplier Price",42,GC-SW-ACC1,Adobe Creative Cloud 1 Year,Gift Cards & Software Keys,1999,1,AliExpress,https://www.aliexpress.com/wholesale?SearchText=Adobe+Creative+Cloud+1+Year,,,USD,Needs supplier verification,"Match exact product manually, then fill Buy URL and Supplier Price."
1,High,NEEDS_REFERENCE,"Open search URL, pick exact listing, fill Buy URL + Supplier Price",42,GC-SW-ACC1,Adobe Creative Cloud 1 Year,Gift Cards & Software Keys,1999,2,Alibaba,https://www.alibaba.com/trade/search?SearchText=Adobe+Creative+Cloud+1+Year,,,USD,Needs supplier verification,"Check MOQ, shipping terms, and verified supplier status before buying."
1,High,NEEDS_REFERENCE,"Open search URL, pick exact listing, fill Buy URL + Supplier Price",42,GC-SW-ACC1,Adobe Creative Cloud 1 Year,Gift Cards & Software Keys,1999,3,Amazon.sa,https://www.amazon.sa/s?k=Adobe+Creative+Cloud+1+Year,,,SAR,Needs supplier verification,Uses existing Amazon reference URL and price when the workbook has them.
1,High,NEEDS_REFERENCE,"Open search URL, pick exact listing, fill Buy URL + Supplier Price",42,GC-SW-ACC1,Adobe Creative Cloud 1 Year,Gift Cards & Software Keys,1999,4,Noon,https://www.noon.com/saudi-en/search/?q=Adobe+Creative+Cloud+1+Year,,,SAR,Needs supplier verification,"Verify seller rating, warranty, and marketplace fulfillment before buying."
1,High,NEEDS_REFERENCE,"Open search URL, pick exact listing, fill Buy URL + Supplier Price",42,GC-SW-ACC1,Adobe Creative Cloud 1 Year,Gift Cards & Software Keys,1999,5,B&H Photo,https://www.bhphotovideo.com/c/search?Ntt=Adobe+Creative+Cloud+1+Year&N=0&InitialSearch=yes&sts=ma,,,USD,Needs supplier verification,"Best for cameras, networking, creators, and computer hardware."
1,High,NEEDS_REFERENCE,"Open search URL, pick exact listing, fill Buy URL + Supplier Price",43,GC-SW-KTS1,Kaspersky Total Security 1 Year,Gift Cards & Software Keys,119,1,AliExpress,https://www.aliexpress.com/wholesale?SearchText=Kaspersky+Total+Security+1+Year,,,USD,Needs supplier verification,"Match exact product manually, then fill Buy URL and Supplier Price."
1,High,NEEDS_REFERENCE,"Open search URL, pick exact listing, fill Buy URL + Supplier Price",43,GC-SW-KTS1,Kaspersky Total Security 1 Year,Gift Cards & Software Keys,119,2,Alibaba,https://www.alibaba.com/trade/search?SearchText=Kaspersky+Total+Security+1+Year,,,USD,Needs supplier verification,"Check MOQ, shipping terms, and verified supplier status before buying."
1,High,NEEDS_REFERENCE,"Open search URL, pick exact listing, fill Buy URL + Supplier Price",43,GC-SW-KTS1,Kaspersky Total Security 1 Year,Gift Cards & Software Keys,119,3,Amazon.sa,https://www.amazon.sa/s?k=Kaspersky+Total+Security+1+Year,,,SAR,Needs supplier verification,Uses existing Amazon reference URL and price when the workbook has them.
1,High,NEEDS_REFERENCE,"Open search URL, pick exact listing, fill Buy URL + Supplier Price",43,GC-SW-KTS1,Kaspersky Total Security 1 Year,Gift Cards & Software Keys,119,4,Noon,https://www.noon.com/saudi-en/search/?q=Kaspersky+Total+Security+1+Year,,,SAR,Needs supplier verification,"Verify seller rating, warranty, and marketplace fulfillment before buying."
1,High,NEEDS_REFERENCE,"Open search URL, pick exact listing, fill Buy URL + Supplier Price",43,GC-SW-KTS1,Kaspersky Total Security 1 Year,Gift Cards & Software Keys,119,5,B&H Photo,https://www.bhphotovideo.com/c/search?Ntt=Kaspersky+Total+Security+1+Year&N=0&InitialSearch=yes&sts=ma,,,USD,Needs supplier verification,"Best for cameras, networking, creators, and computer hardware."
1,High,NEEDS_REFERENCE,"Open search URL, pick exact listing, fill Buy URL + Supplier Price",50,GC-SW-OFF24,Microsoft Office 2024 Pro Plus,Gift Cards & Software Keys,349,1,AliExpress,https://www.aliexpress.com/wholesale?SearchText=Microsoft+Office+2024+Pro+Plus,,,USD,Needs supplier verification,"Match exact product manually, then fill Buy URL and Supplier Price."
1,High,NEEDS_REFERENCE,"Open search URL, pick exact listing, fill Buy URL + Supplier Price",50,GC-SW-OFF24,Microsoft Office 2024 Pro Plus,Gift Cards & Software Keys,349,2,Alibaba,https://www.alibaba.com/trade/search?SearchText=Microsoft+Office+2024+Pro+Plus,,,USD,Needs supplier verification,"Check MOQ, shipping terms, and verified supplier status before buying."
1,High,NEEDS_REFERENCE,"Open search URL, pick exact listing, fill Buy URL + Supplier Price",50,GC-SW-OFF24,Microsoft Office 2024 Pro Plus,Gift Cards & Software Keys,349,3,Amazon.sa,https://www.amazon.sa/s?k=Microsoft+Office+2024+Pro+Plus,,,SAR,Needs supplier verification,Uses existing Amazon reference URL and price when the workbook has them.
1,High,NEEDS_REFERENCE,"Open search URL, pick exact listing, fill Buy URL + Supplier Price",50,GC-SW-OFF24,Microsoft Office 2024 Pro Plus,Gift Cards & Software Keys,349,4,Noon,https://www.noon.com/saudi-en/search/?q=Microsoft+Office+2024+Pro+Plus,,,SAR,Needs supplier verification,"Verify seller rating, warranty, and marketplace fulfillment before buying."
1,High,NEEDS_REFERENCE,"Open search URL, pick exact listing, fill Buy URL + Supplier Price",50,GC-SW-OFF24,Microsoft Office 2024 Pro Plus,Gift Cards & Software Keys,349,5,B&H Photo,https://www.bhphotovideo.com/c/search?Ntt=Microsoft+Office+2024+Pro+Plus&N=0&InitialSearch=yes&sts=ma,,,USD,Needs supplier verification,"Best for cameras, networking, creators, and computer hardware."
1,High,NEEDS_REFERENCE,"Open search URL, pick exact listing, fill Buy URL + Supplier Price",51,GC-SW-WIN11,Windows 11 Pro License Key,Gift Cards & Software Keys,199,1,AliExpress,https://www.aliexpress.com/wholesale?SearchText=Windows+11+Pro+License+Key,,,USD,Needs supplier verification,"Match exact product manually, then fill Buy URL and Supplier Price."
1,High,NEEDS_REFERENCE,"Open search URL, pick exact listing, fill Buy URL + Supplier Price",51,GC-SW-WIN11,Windows 11 Pro License Key,Gift Cards & Software Keys,199,2,Alibaba,https://www.alibaba.com/trade/search?SearchText=Windows+11+Pro+License+Key,,,USD,Needs supplier verification,"Check MOQ, shipping terms, and verified supplier status before buying."
1,High,NEEDS_REFERENCE,"Open search URL, pick exact listing, fill Buy URL + Supplier Price",51,GC-SW-WIN11,Windows 11 Pro License Key,Gift Cards & Software Keys,199,3,Amazon.sa,https://www.amazon.sa/s?k=Windows+11+Pro+License+Key,,,SAR,Needs supplier verification,Uses existing Amazon reference URL and price when the workbook has them.
1,High,NEEDS_REFERENCE,"Open search URL, pick exact listing, fill Buy URL + Supplier Price",51,GC-SW-WIN11,Windows 11 Pro License Key,Gift Cards & Software Keys,199,4,Noon,https://www.noon.com/saudi-en/search/?q=Windows+11+Pro+License+Key,,,SAR,Needs supplier verification,"Verify seller rating, warranty, and marketplace fulfillment before buying."
1,High,NEEDS_REFERENCE,"Open search URL, pick exact listing, fill Buy URL + Supplier Price",51,GC-SW-WIN11,Windows 11 Pro License Key,Gift Cards & Software Keys,199,5,B&H Photo,https://www.bhphotovideo.com/c/search?Ntt=Windows+11+Pro+License+Key&N=0&InitialSearch=yes&sts=ma,,,USD,Needs supplier verification,"Best for cameras, networking, creators, and computer hardware."
1,High,NEEDS_REFERENCE,"Open search URL, pick exact listing, fill Buy URL + Supplier Price",47,GC-XBX-GPU3,Xbox Game Pass Ultimate 3 Months,Gift Cards & Software Keys,149,1,AliExpress,https://www.aliexpress.com/wholesale?SearchText=Xbox+Game+Pass+Ultimate+3+Months,,,USD,Needs supplier verification,"Match exact product manually, then fill Buy URL and Supplier Price."
1,High,NEEDS_REFERENCE,"Open search URL, pick exact listing, fill Buy URL + Supplier Price",47,GC-XBX-GPU3,Xbox Game Pass Ultimate 3 Months,Gift Cards & Software Keys,149,2,Alibaba,https://www.alibaba.com/trade/search?SearchText=Xbox+Game+Pass+Ultimate+3+Months,,,USD,Needs supplier verification,"Check MOQ, shipping terms, and verified supplier status before buying."
1,High,NEEDS_REFERENCE,"Open search URL, pick exact listing, fill Buy URL + Supplier Price",47,GC-XBX-GPU3,Xbox Game Pass Ultimate 3 Months,Gift Cards & Software Keys,149,3,Amazon.sa,https://www.amazon.sa/s?k=Xbox+Game+Pass+Ultimate+3+Months,,,SAR,Needs supplier verification,Uses existing Amazon reference URL and price when the workbook has them.
1,High,NEEDS_REFERENCE,"Open search URL, pick exact listing, fill Buy URL + Supplier Price",47,GC-XBX-GPU3,Xbox Game Pass Ultimate 3 Months,Gift Cards & Software Keys,149,4,Noon,https://www.noon.com/saudi-en/search/?q=Xbox+Game+Pass+Ultimate+3+Months,,,SAR,Needs supplier verification,"Verify seller rating, warranty, and marketplace fulfillment before buying."
1,High,NEEDS_REFERENCE,"Open search URL, pick exact listing, fill Buy URL + Supplier Price",47,GC-XBX-GPU3,Xbox Game Pass Ultimate 3 Months,Gift Cards & Software Keys,149,5,B&H Photo,https://www.bhphotovideo.com/c/search?Ntt=Xbox+Game+Pass+Ultimate+3+Months&N=0&InitialSearch=yes&sts=ma,,,USD,Needs supplier verification,"Best for cameras, networking, creators, and computer hardware."
2,Medium,NO_REAL_PRICE_REFERENCE,"Open search URL, pick exact listing, fill Buy URL + Supplier Price",61,GM-CAP-AVR-001,AVerMedia Live Gamer Ultra S,Gaming,1049,1,AliExpress,https://www.aliexpress.com/wholesale?SearchText=AVerMedia+Live+Gamer+Ultra+S,,,USD,Needs supplier verification,"Match exact product manually, then fill Buy URL and Supplier Price."
2,Medium,NO_REAL_PRICE_REFERENCE,"Open search URL, pick exact listing, fill Buy URL + Supplier Price",61,GM-CAP-AVR-001,AVerMedia Live Gamer Ultra S,Gaming,1049,2,Alibaba,https://www.alibaba.com/trade/search?SearchText=AVerMedia+Live+Gamer+Ultra+S,,,USD,Needs supplier verification,"Check MOQ, shipping terms, and verified supplier status before buying."
2,Medium,NO_REAL_PRICE_REFERENCE,"Open search URL, pick exact listing, fill Buy URL + Supplier Price",61,GM-CAP-AVR-001,AVerMedia Live Gamer Ultra S,Gaming,1049,3,Amazon.sa,https://www.amazon.sa/s?k=AVerMedia+Live+Gamer+Ultra+S,,,SAR,Needs supplier verification,Uses existing Amazon reference URL and price when the workbook has them.
2,Medium,NO_REAL_PRICE_REFERENCE,"Open search URL, pick exact listing, fill Buy URL + Supplier Price",61,GM-CAP-AVR-001,AVerMedia Live Gamer Ultra S,Gaming,1049,4,Noon,https://www.noon.com/saudi-en/search/?q=AVerMedia+Live+Gamer+Ultra+S,,,SAR,Needs supplier verification,"Verify seller rating, warranty, and marketplace fulfillment before buying."
2,Medium,NO_REAL_PRICE_REFERENCE,"Open search URL, pick exact listing, fill Buy URL + Supplier Price",61,GM-CAP-AVR-001,AVerMedia Live Gamer Ultra S,Gaming,1049,5,B&H Photo,https://www.bhphotovideo.com/c/search?Ntt=AVerMedia+Live+Gamer+Ultra+S&N=0&InitialSearch=yes&sts=ma,,,USD,Needs supplier verification,"Best for cameras, networking, creators, and computer hardware."
2,Medium,NO_REAL_PRICE_REFERENCE,"Open search URL, pick exact listing, fill Buy URL + Supplier Price",62,GM-CAP-ELG-001,Elgato HD60 X Capture Card,Gaming,1099,1,AliExpress,https://www.aliexpress.com/wholesale?SearchText=Elgato+HD60+X+Capture+Card,,,USD,Needs supplier verification,"Match exact product manually, then fill Buy URL and Supplier Price."
2,Medium,NO_REAL_PRICE_REFERENCE,"Open search URL, pick exact listing, fill Buy URL + Supplier Price",62,GM-CAP-ELG-001,Elgato HD60 X Capture Card,Gaming,1099,2,Alibaba,https://www.alibaba.com/trade/search?SearchText=Elgato+HD60+X+Capture+Card,,,USD,Needs supplier verification,"Check MOQ, shipping terms, and verified supplier status before buying."
2,Medium,NO_REAL_PRICE_REFERENCE,"Open search URL, pick exact listing, fill Buy URL + Supplier Price",62,GM-CAP-ELG-001,Elgato HD60 X Capture Card,Gaming,1099,3,Amazon.sa,https://www.amazon.sa/s?k=Elgato+HD60+X+Capture+Card,,,SAR,Needs supplier verification,Uses existing Amazon reference URL and price when the workbook has them.
2,Medium,NO_REAL_PRICE_REFERENCE,"Open search URL, pick exact listing, fill Buy URL + Supplier Price",62,GM-CAP-ELG-001,Elgato HD60 X Capture Card,Gaming,1099,4,Noon,https://www.noon.com/saudi-en/search/?q=Elgato+HD60+X+Capture+Card,,,SAR,Needs supplier verification,"Verify seller rating, warranty, and marketplace fulfillment before buying."
2,Medium,NO_REAL_PRICE_REFERENCE,"Open search URL, pick exact listing, fill Buy URL + Supplier Price",62,GM-CAP-ELG-001,Elgato HD60 X Capture Card,Gaming,1099,5,B&H Photo,https://www.bhphotovideo.com/c/search?Ntt=Elgato+HD60+X+Capture+Card&N=0&InitialSearch=yes&sts=ma,,,USD,Needs supplier verification,"Best for cameras, networking, creators, and computer hardware."
2,Medium,NO_REAL_PRICE_REFERENCE,"Open search URL, pick exact listing, fill Buy URL + Supplier Price",67,GM-CHR-RAZ-001,Razer Iskur V2 NewGen,Gaming,3199,1,AliExpress,https://www.aliexpress.com/wholesale?SearchText=Razer+Iskur+V2+NewGen,,,USD,Needs supplier verification,"Match exact product manually, then fill Buy URL and Supplier Price."
2,Medium,NO_REAL_PRICE_REFERENCE,"Open search URL, pick exact listing, fill Buy URL + Supplier Price",67,GM-CHR-RAZ-001,Razer Iskur V2 NewGen,Gaming,3199,2,Alibaba,https://www.alibaba.com/trade/search?SearchText=Razer+Iskur+V2+NewGen,,,USD,Needs supplier verification,"Check MOQ, shipping terms, and verified supplier status before buying."
2,Medium,NO_REAL_PRICE_REFERENCE,"Open search URL, pick exact listing, fill Buy URL + Supplier Price",67,GM-CHR-RAZ-001,Razer Iskur V2 NewGen,Gaming,3199,3,Amazon.sa,https://www.amazon.sa/s?k=Razer+Iskur+V2+NewGen,,,SAR,Needs supplier verification,Uses existing Amazon reference URL and price when the workbook has them.
2,Medium,NO_REAL_PRICE_REFERENCE,"Open search URL, pick exact listing, fill Buy URL + Supplier Price",67,GM-CHR-RAZ-001,Razer Iskur V2 NewGen,Gaming,3199,4,Noon,https://www.noon.com/saudi-en/search/?q=Razer+Iskur+V2+NewGen,,,SAR,Needs supplier verification,"Verify seller rating, warranty, and marketplace fulfillment before buying."
2,Medium,NO_REAL_PRICE_REFERENCE,"Open search URL, pick exact listing, fill Buy URL + Supplier Price",67,GM-CHR-RAZ-001,Razer Iskur V2 NewGen,Gaming,3199,5,B&H Photo,https://www.bhphotovideo.com/c/search?Ntt=Razer+Iskur+V2+NewGen&N=0&InitialSearch=yes&sts=ma,,,USD,Needs supplier verification,"Best for cameras, networking, creators, and computer hardware."
2,Medium,NO_REAL_PRICE_REFERENCE,"Open search URL, pick exact listing, fill Buy URL + Supplier Price",55,GM-CMP-COR-001,Corsair iCUE H150i RGB Elite (360mm AIO),Hardware,1149,1,AliExpress,https://www.aliexpress.com/wholesale?SearchText=Corsair+iCUE+H150i+RGB+Elite+%28360mm+AIO%29,,,USD,Needs supplier verification,"Match exact product manually, then fill Buy URL and Supplier Price."
2,Medium,NO_REAL_PRICE_REFERENCE,"Open search URL, pick exact listing, fill Buy URL + Supplier Price",55,GM-CMP-COR-001,Corsair iCUE H150i RGB Elite (360mm AIO),Hardware,1149,2,Alibaba,https://www.alibaba.com/trade/search?SearchText=Corsair+iCUE+H150i+RGB+Elite+%28360mm+AIO%29,,,USD,Needs supplier verification,"Check MOQ, shipping terms, and verified supplier status before buying."
2,Medium,NO_REAL_PRICE_REFERENCE,"Open search URL, pick exact listing, fill Buy URL + Supplier Price",55,GM-CMP-COR-001,Corsair iCUE H150i RGB Elite (360mm AIO),Hardware,1149,3,Amazon.sa,https://www.amazon.sa/s?k=Corsair+iCUE+H150i+RGB+Elite+%28360mm+AIO%29,,,SAR,Needs supplier verification,Uses existing Amazon reference URL and price when the workbook has them.
2,Medium,NO_REAL_PRICE_REFERENCE,"Open search URL, pick exact listing, fill Buy URL + Supplier Price",55,GM-CMP-COR-001,Corsair iCUE H150i RGB Elite (360mm AIO),Hardware,1149,4,Noon,https://www.noon.com/saudi-en/search/?q=Corsair+iCUE+H150i+RGB+Elite+%28360mm+AIO%29,,,SAR,Needs supplier verification,"Verify seller rating, warranty, and marketplace fulfillment before buying."
2,Medium,NO_REAL_PRICE_REFERENCE,"Open search URL, pick exact listing, fill Buy URL + Supplier Price",55,GM-CMP-COR-001,Corsair iCUE H150i RGB Elite (360mm AIO),Hardware,1149,5,B&H Photo,https://www.bhphotovideo.com/c/search?Ntt=Corsair+iCUE+H150i+RGB+Elite+%28360mm+AIO%29&N=0&InitialSearch=yes&sts=ma,,,USD,Needs supplier verification,"Best for cameras, networking, creators, and computer hardware."
2,Medium,NO_REAL_PRICE_REFERENCE,"Open search URL, pick exact listing, fill Buy URL + Supplier Price",54,GM-CMP-NZX-001,NZXT H9 Elite Mid-Tower ATX Case,Hardware,1349,1,AliExpress,https://www.aliexpress.com/wholesale?SearchText=NZXT+H9+Elite+Mid-Tower+ATX+Case,,,USD,Needs supplier verification,"Match exact product manually, then fill Buy URL and Supplier Price."
2,Medium,NO_REAL_PRICE_REFERENCE,"Open search URL, pick exact listing, fill Buy URL + Supplier Price",54,GM-CMP-NZX-001,NZXT H9 Elite Mid-Tower ATX Case,Hardware,1349,2,Alibaba,https://www.alibaba.com/trade/search?SearchText=NZXT+H9+Elite+Mid-Tower+ATX+Case,,,USD,Needs supplier verification,"Check MOQ, shipping terms, and verified supplier status before buying."
2,Medium,NO_REAL_PRICE_REFERENCE,"Open search URL, pick exact listing, fill Buy URL + Supplier Price",54,GM-CMP-NZX-001,NZXT H9 Elite Mid-Tower ATX Case,Hardware,1349,3,Amazon.sa,https://www.amazon.sa/s?k=NZXT+H9+Elite+Mid-Tower+ATX+Case,,,SAR,Needs supplier verification,Uses existing Amazon reference URL and price when the workbook has them.
2,Medium,NO_REAL_PRICE_REFERENCE,"Open search URL, pick exact listing, fill Buy URL + Supplier Price",54,GM-CMP-NZX-001,NZXT H9 Elite Mid-Tower ATX Case,Hardware,1349,4,Noon,https://www.noon.com/saudi-en/search/?q=NZXT+H9+Elite+Mid-Tower+ATX+Case,,,SAR,Needs supplier verification,"Verify seller rating, warranty, and marketplace fulfillment before buying."
2,Medium,NO_REAL_PRICE_REFERENCE,"Open search URL, pick exact listing, fill Buy URL + Supplier Price",54,GM-CMP-NZX-001,NZXT H9 Elite Mid-Tower ATX Case,Hardware,1349,5,B&H Photo,https://www.bhphotovideo.com/c/search?Ntt=NZXT+H9+Elite+Mid-Tower+ATX+Case&N=0&InitialSearch=yes&sts=ma,,,USD,Needs supplier verification,"Best for cameras, networking, creators, and computer hardware."
2,Medium,NO_REAL_PRICE_REFERENCE,"Open search URL, pick exact listing, fill Buy URL + Supplier Price",63,GM-CTR-SON-001,Sony DualSense Edge Controller,Gaming,1349,1,AliExpress,https://www.aliexpress.com/wholesale?SearchText=Sony+DualSense+Edge+Controller,,,USD,Needs supplier verification,"Match exact product manually, then fill Buy URL and Supplier Price."
2,Medium,NO_REAL_PRICE_REFERENCE,"Open search URL, pick exact listing, fill Buy URL + Supplier Price",63,GM-CTR-SON-001,Sony DualSense Edge Controller,Gaming,1349,2,Alibaba,https://www.alibaba.com/trade/search?SearchText=Sony+DualSense+Edge+Controller,,,USD,Needs supplier verification,"Check MOQ, shipping terms, and verified supplier status before buying."
2,Medium,NO_REAL_PRICE_REFERENCE,"Open search URL, pick exact listing, fill Buy URL + Supplier Price",63,GM-CTR-SON-001,Sony DualSense Edge Controller,Gaming,1349,3,Amazon.sa,https://www.amazon.sa/s?k=Sony+DualSense+Edge+Controller,,,SAR,Needs supplier verification,Uses existing Amazon reference URL and price when the workbook has them.
2,Medium,NO_REAL_PRICE_REFERENCE,"Open search URL, pick exact listing, fill Buy URL + Supplier Price",63,GM-CTR-SON-001,Sony DualSense Edge Controller,Gaming,1349,4,Noon,https://www.noon.com/saudi-en/search/?q=Sony+DualSense+Edge+Controller,,,SAR,Needs supplier verification,"Verify seller rating, warranty, and marketplace fulfillment before buying."
2,Medium,NO_REAL_PRICE_REFERENCE,"Open search URL, pick exact listing, fill Buy URL + Supplier Price",63,GM-CTR-SON-001,Sony DualSense Edge Controller,Gaming,1349,5,B&H Photo,https://www.bhphotovideo.com/c/search?Ntt=Sony+DualSense+Edge+Controller&N=0&InitialSearch=yes&sts=ma,,,USD,Needs supplier verification,"Best for cameras, networking, creators, and computer hardware."
2,Medium,NO_REAL_PRICE_REFERENCE,"Open search URL, pick exact listing, fill Buy URL + Supplier Price",56,GM-GPU-GIG-001,Gigabyte AORUS RTX 5090 Master 32GB,Hardware,27999,1,AliExpress,https://www.aliexpress.com/wholesale?SearchText=Gigabyte+AORUS+RTX+5090+Master+32GB,,,USD,Needs supplier verification,"Match exact product manually, then fill Buy URL and Supplier Price."
2,Medium,NO_REAL_PRICE_REFERENCE,"Open search URL, pick exact listing, fill Buy URL + Supplier Price",56,GM-GPU-GIG-001,Gigabyte AORUS RTX 5090 Master 32GB,Hardware,27999,2,Alibaba,https://www.alibaba.com/trade/search?SearchText=Gigabyte+AORUS+RTX+5090+Master+32GB,,,USD,Needs supplier verification,"Check MOQ, shipping terms, and verified supplier status before buying."
2,Medium,NO_REAL_PRICE_REFERENCE,"Open search URL, pick exact listing, fill Buy URL + Supplier Price",56,GM-GPU-GIG-001,Gigabyte AORUS RTX 5090 Master 32GB,Hardware,27999,3,Amazon.sa,https://www.amazon.sa/s?k=Gigabyte+AORUS+RTX+5090+Master+32GB,,,SAR,Needs supplier verification,Uses existing Amazon reference URL and price when the workbook has them.
2,Medium,NO_REAL_PRICE_REFERENCE,"Open search URL, pick exact listing, fill Buy URL + Supplier Price",56,GM-GPU-GIG-001,Gigabyte AORUS RTX 5090 Master 32GB,Hardware,27999,4,Noon,https://www.noon.com/saudi-en/search/?q=Gigabyte+AORUS+RTX+5090+Master+32GB,,,SAR,Needs supplier verification,"Verify seller rating, warranty, and marketplace fulfillment before buying."
2,Medium,NO_REAL_PRICE_REFERENCE,"Open search URL, pick exact listing, fill Buy URL + Supplier Price",56,GM-GPU-GIG-001,Gigabyte AORUS RTX 5090 Master 32GB,Hardware,27999,5,B&H Photo,https://www.bhphotovideo.com/c/search?Ntt=Gigabyte+AORUS+RTX+5090+Master+32GB&N=0&InitialSearch=yes&sts=ma,,,USD,Needs supplier verification,"Best for cameras, networking, creators, and computer hardware."
2,Medium,NO_REAL_PRICE_REFERENCE,"Open search URL, pick exact listing, fill Buy URL + Supplier Price",58,GM-GPU-NVD-001,NVIDIA RTX 5090 Founders Edition (32GB),Hardware,22999,1,AliExpress,https://www.aliexpress.com/wholesale?SearchText=NVIDIA+RTX+5090+Founders+Edition+%2832GB%29,,,USD,Needs supplier verification,"Match exact product manually, then fill Buy URL and Supplier Price."
2,Medium,NO_REAL_PRICE_REFERENCE,"Open search URL, pick exact listing, fill Buy URL + Supplier Price",58,GM-GPU-NVD-001,NVIDIA RTX 5090 Founders Edition (32GB),Hardware,22999,2,Alibaba,https://www.alibaba.com/trade/search?SearchText=NVIDIA+RTX+5090+Founders+Edition+%2832GB%29,,,USD,Needs supplier verification,"Check MOQ, shipping terms, and verified supplier status before buying."
2,Medium,NO_REAL_PRICE_REFERENCE,"Open search URL, pick exact listing, fill Buy URL + Supplier Price",58,GM-GPU-NVD-001,NVIDIA RTX 5090 Founders Edition (32GB),Hardware,22999,3,Amazon.sa,https://www.amazon.sa/s?k=NVIDIA+RTX+5090+Founders+Edition+%2832GB%29,,,SAR,Needs supplier verification,Uses existing Amazon reference URL and price when the workbook has them.
2,Medium,NO_REAL_PRICE_REFERENCE,"Open search URL, pick exact listing, fill Buy URL + Supplier Price",58,GM-GPU-NVD-001,NVIDIA RTX 5090 Founders Edition (32GB),Hardware,22999,4,Noon,https://www.noon.com/saudi-en/search/?q=NVIDIA+RTX+5090+Founders+Edition+%2832GB%29,,,SAR,Needs supplier verification,"Verify seller rating, warranty, and marketplace fulfillment before buying."
2,Medium,NO_REAL_PRICE_REFERENCE,"Open search URL, pick exact listing, fill Buy URL + Supplier Price",58,GM-GPU-NVD-001,NVIDIA RTX 5090 Founders Edition (32GB),Hardware,22999,5,B&H Photo,https://www.bhphotovideo.com/c/search?Ntt=NVIDIA+RTX+5090+Founders+Edition+%2832GB%29&N=0&InitialSearch=yes&sts=ma,,,USD,Needs supplier verification,"Best for cameras, networking, creators, and computer hardware."
2,Medium,NO_REAL_PRICE_REFERENCE,"Open search URL, pick exact listing, fill Buy URL + Supplier Price",57,GM-GPU-NVD-002,NVIDIA RTX 5080 Founders Edition (16GB),Hardware,6499,1,AliExpress,https://www.aliexpress.com/wholesale?SearchText=NVIDIA+RTX+5080+Founders+Edition+%2816GB%29,,,USD,Needs supplier verification,"Match exact product manually, then fill Buy URL and Supplier Price."
2,Medium,NO_REAL_PRICE_REFERENCE,"Open search URL, pick exact listing, fill Buy URL + Supplier Price",57,GM-GPU-NVD-002,NVIDIA RTX 5080 Founders Edition (16GB),Hardware,6499,2,Alibaba,https://www.alibaba.com/trade/search?SearchText=NVIDIA+RTX+5080+Founders+Edition+%2816GB%29,,,USD,Needs supplier verification,"Check MOQ, shipping terms, and verified supplier status before buying."
2,Medium,NO_REAL_PRICE_REFERENCE,"Open search URL, pick exact listing, fill Buy URL + Supplier Price",57,GM-GPU-NVD-002,NVIDIA RTX 5080 Founders Edition (16GB),Hardware,6499,3,Amazon.sa,https://www.amazon.sa/s?k=NVIDIA+RTX+5080+Founders+Edition+%2816GB%29,,,SAR,Needs supplier verification,Uses existing Amazon reference URL and price when the workbook has them.
2,Medium,NO_REAL_PRICE_REFERENCE,"Open search URL, pick exact listing, fill Buy URL + Supplier Price",57,GM-GPU-NVD-002,NVIDIA RTX 5080 Founders Edition (16GB),Hardware,6499,4,Noon,https://www.noon.com/saudi-en/search/?q=NVIDIA+RTX+5080+Founders+Edition+%2816GB%29,,,SAR,Needs supplier verification,"Verify seller rating, warranty, and marketplace fulfillment before buying."
2,Medium,NO_REAL_PRICE_REFERENCE,"Open search URL, pick exact listing, fill Buy URL + Supplier Price",57,GM-GPU-NVD-002,NVIDIA RTX 5080 Founders Edition (16GB),Hardware,6499,5,B&H Photo,https://www.bhphotovideo.com/c/search?Ntt=NVIDIA+RTX+5080+Founders+Edition+%2816GB%29&N=0&InitialSearch=yes&sts=ma,,,USD,Needs supplier verification,"Best for cameras, networking, creators, and computer hardware."
2,Medium,NO_REAL_PRICE_REFERENCE,"Open search URL, pick exact listing, fill Buy URL + Supplier Price",71,GM-HST-HPX-001,HyperX Cloud Alpha Wireless (300hr),Gaming,1199,1,AliExpress,https://www.aliexpress.com/wholesale?SearchText=HyperX+Cloud+Alpha+Wireless+%28300hr%29,,,USD,Needs supplier verification,"Match exact product manually, then fill Buy URL and Supplier Price."
2,Medium,NO_REAL_PRICE_REFERENCE,"Open search URL, pick exact listing, fill Buy URL + Supplier Price",71,GM-HST-HPX-001,HyperX Cloud Alpha Wireless (300hr),Gaming,1199,2,Alibaba,https://www.alibaba.com/trade/search?SearchText=HyperX+Cloud+Alpha+Wireless+%28300hr%29,,,USD,Needs supplier verification,"Check MOQ, shipping terms, and verified supplier status before buying."
2,Medium,NO_REAL_PRICE_REFERENCE,"Open search URL, pick exact listing, fill Buy URL + Supplier Price",71,GM-HST-HPX-001,HyperX Cloud Alpha Wireless (300hr),Gaming,1199,3,Amazon.sa,https://www.amazon.sa/s?k=HyperX+Cloud+Alpha+Wireless+%28300hr%29,,,SAR,Needs supplier verification,Uses existing Amazon reference URL and price when the workbook has them.
2,Medium,NO_REAL_PRICE_REFERENCE,"Open search URL, pick exact listing, fill Buy URL + Supplier Price",71,GM-HST-HPX-001,HyperX Cloud Alpha Wireless (300hr),Gaming,1199,4,Noon,https://www.noon.com/saudi-en/search/?q=HyperX+Cloud+Alpha+Wireless+%28300hr%29,,,SAR,Needs supplier verification,"Verify seller rating, warranty, and marketplace fulfillment before buying."
2,Medium,NO_REAL_PRICE_REFERENCE,"Open search URL, pick exact listing, fill Buy URL + Supplier Price",71,GM-HST-HPX-001,HyperX Cloud Alpha Wireless (300hr),Gaming,1199,5,B&H Photo,https://www.bhphotovideo.com/c/search?Ntt=HyperX+Cloud+Alpha+Wireless+%28300hr%29&N=0&InitialSearch=yes&sts=ma,,,USD,Needs supplier verification,"Best for cameras, networking, creators, and computer hardware."
2,Medium,NO_REAL_PRICE_REFERENCE,"Open search URL, pick exact listing, fill Buy URL + Supplier Price",69,GM-HST-RAZ-001,Razer BlackShark V2 Pro 2023,Gaming,999,1,AliExpress,https://www.aliexpress.com/wholesale?SearchText=Razer+BlackShark+V2+Pro+2023,,,USD,Needs supplier verification,"Match exact product manually, then fill Buy URL and Supplier Price."
2,Medium,NO_REAL_PRICE_REFERENCE,"Open search URL, pick exact listing, fill Buy URL + Supplier Price",69,GM-HST-RAZ-001,Razer BlackShark V2 Pro 2023,Gaming,999,2,Alibaba,https://www.alibaba.com/trade/search?SearchText=Razer+BlackShark+V2+Pro+2023,,,USD,Needs supplier verification,"Check MOQ, shipping terms, and verified supplier status before buying."
2,Medium,NO_REAL_PRICE_REFERENCE,"Open search URL, pick exact listing, fill Buy URL + Supplier Price",69,GM-HST-RAZ-001,Razer BlackShark V2 Pro 2023,Gaming,999,3,Amazon.sa,https://www.amazon.sa/s?k=Razer+BlackShark+V2+Pro+2023,,,SAR,Needs supplier verification,Uses existing Amazon reference URL and price when the workbook has them.
2,Medium,NO_REAL_PRICE_REFERENCE,"Open search URL, pick exact listing, fill Buy URL + Supplier Price",69,GM-HST-RAZ-001,Razer BlackShark V2 Pro 2023,Gaming,999,4,Noon,https://www.noon.com/saudi-en/search/?q=Razer+BlackShark+V2+Pro+2023,,,SAR,Needs supplier verification,"Verify seller rating, warranty, and marketplace fulfillment before buying."
2,Medium,NO_REAL_PRICE_REFERENCE,"Open search URL, pick exact listing, fill Buy URL + Supplier Price",69,GM-HST-RAZ-001,Razer BlackShark V2 Pro 2023,Gaming,999,5,B&H Photo,https://www.bhphotovideo.com/c/search?Ntt=Razer+BlackShark+V2+Pro+2023&N=0&InitialSearch=yes&sts=ma,,,USD,Needs supplier verification,"Best for cameras, networking, creators, and computer hardware."
2,Medium,NO_REAL_PRICE_REFERENCE,"Open search URL, pick exact listing, fill Buy URL + Supplier Price",77,GM-KBD-COR-001,Corsair K70 MAX RGB,Gaming,1299,1,AliExpress,https://www.aliexpress.com/wholesale?SearchText=Corsair+K70+MAX+RGB,,,USD,Needs supplier verification,"Match exact product manually, then fill Buy URL and Supplier Price."
2,Medium,NO_REAL_PRICE_REFERENCE,"Open search URL, pick exact listing, fill Buy URL + Supplier Price",77,GM-KBD-COR-001,Corsair K70 MAX RGB,Gaming,1299,2,Alibaba,https://www.alibaba.com/trade/search?SearchText=Corsair+K70+MAX+RGB,,,USD,Needs supplier verification,"Check MOQ, shipping terms, and verified supplier status before buying."
2,Medium,NO_REAL_PRICE_REFERENCE,"Open search URL, pick exact listing, fill Buy URL + Supplier Price",77,GM-KBD-COR-001,Corsair K70 MAX RGB,Gaming,1299,3,Amazon.sa,https://www.amazon.sa/s?k=Corsair+K70+MAX+RGB,,,SAR,Needs supplier verification,Uses existing Amazon reference URL and price when the workbook has them.
2,Medium,NO_REAL_PRICE_REFERENCE,"Open search URL, pick exact listing, fill Buy URL + Supplier Price",77,GM-KBD-COR-001,Corsair K70 MAX RGB,Gaming,1299,4,Noon,https://www.noon.com/saudi-en/search/?q=Corsair+K70+MAX+RGB,,,SAR,Needs supplier verification,"Verify seller rating, warranty, and marketplace fulfillment before buying."
2,Medium,NO_REAL_PRICE_REFERENCE,"Open search URL, pick exact listing, fill Buy URL + Supplier Price",77,GM-KBD-COR-001,Corsair K70 MAX RGB,Gaming,1299,5,B&H Photo,https://www.bhphotovideo.com/c/search?Ntt=Corsair+K70+MAX+RGB&N=0&InitialSearch=yes&sts=ma,,,USD,Needs supplier verification,"Best for cameras, networking, creators, and computer hardware."
2,Medium,NO_REAL_PRICE_REFERENCE,"Open search URL, pick exact listing, fill Buy URL + Supplier Price",76,GM-KBD-LOG-001,Logitech G Pro X TKL LIGHTSPEED,Gaming,1199,1,AliExpress,https://www.aliexpress.com/wholesale?SearchText=Logitech+G+Pro+X+TKL+LIGHTSPEED,,,USD,Needs supplier verification,"Match exact product manually, then fill Buy URL and Supplier Price."
2,Medium,NO_REAL_PRICE_REFERENCE,"Open search URL, pick exact listing, fill Buy URL + Supplier Price",76,GM-KBD-LOG-001,Logitech G Pro X TKL LIGHTSPEED,Gaming,1199,2,Alibaba,https://www.alibaba.com/trade/search?SearchText=Logitech+G+Pro+X+TKL+LIGHTSPEED,,,USD,Needs supplier verification,"Check MOQ, shipping terms, and verified supplier status before buying."
2,Medium,NO_REAL_PRICE_REFERENCE,"Open search URL, pick exact listing, fill Buy URL + Supplier Price",76,GM-KBD-LOG-001,Logitech G Pro X TKL LIGHTSPEED,Gaming,1199,3,Amazon.sa,https://www.amazon.sa/s?k=Logitech+G+Pro+X+TKL+LIGHTSPEED,,,SAR,Needs supplier verification,Uses existing Amazon reference URL and price when the workbook has them.
2,Medium,NO_REAL_PRICE_REFERENCE,"Open search URL, pick exact listing, fill Buy URL + Supplier Price",76,GM-KBD-LOG-001,Logitech G Pro X TKL LIGHTSPEED,Gaming,1199,4,Noon,https://www.noon.com/saudi-en/search/?q=Logitech+G+Pro+X+TKL+LIGHTSPEED,,,SAR,Needs supplier verification,"Verify seller rating, warranty, and marketplace fulfillment before buying."
2,Medium,NO_REAL_PRICE_REFERENCE,"Open search URL, pick exact listing, fill Buy URL + Supplier Price",76,GM-KBD-LOG-001,Logitech G Pro X TKL LIGHTSPEED,Gaming,1199,5,B&H Photo,https://www.bhphotovideo.com/c/search?Ntt=Logitech+G+Pro+X+TKL+LIGHTSPEED&N=0&InitialSearch=yes&sts=ma,,,USD,Needs supplier verification,"Best for cameras, networking, creators, and computer hardware."
2,Medium,NO_REAL_PRICE_REFERENCE,"Open search URL, pick exact listing, fill Buy URL + Supplier Price",78,GM-KBD-RAZ-001,Razer Huntsman V3 Pro TKL,Gaming,1349,1,AliExpress,https://www.aliexpress.com/wholesale?SearchText=Razer+Huntsman+V3+Pro+TKL,,,USD,Needs supplier verification,"Match exact product manually, then fill Buy URL and Supplier Price."
2,Medium,NO_REAL_PRICE_REFERENCE,"Open search URL, pick exact listing, fill Buy URL + Supplier Price",78,GM-KBD-RAZ-001,Razer Huntsman V3 Pro TKL,Gaming,1349,2,Alibaba,https://www.alibaba.com/trade/search?SearchText=Razer+Huntsman+V3+Pro+TKL,,,USD,Needs supplier verification,"Check MOQ, shipping terms, and verified supplier status before buying."
2,Medium,NO_REAL_PRICE_REFERENCE,"Open search URL, pick exact listing, fill Buy URL + Supplier Price",78,GM-KBD-RAZ-001,Razer Huntsman V3 Pro TKL,Gaming,1349,3,Amazon.sa,https://www.amazon.sa/s?k=Razer+Huntsman+V3+Pro+TKL,,,SAR,Needs supplier verification,Uses existing Amazon reference URL and price when the workbook has them.
2,Medium,NO_REAL_PRICE_REFERENCE,"Open search URL, pick exact listing, fill Buy URL + Supplier Price",78,GM-KBD-RAZ-001,Razer Huntsman V3 Pro TKL,Gaming,1349,4,Noon,https://www.noon.com/saudi-en/search/?q=Razer+Huntsman+V3+Pro+TKL,,,SAR,Needs supplier verification,"Verify seller rating, warranty, and marketplace fulfillment before buying."
2,Medium,NO_REAL_PRICE_REFERENCE,"Open search URL, pick exact listing, fill Buy URL + Supplier Price",78,GM-KBD-RAZ-001,Razer Huntsman V3 Pro TKL,Gaming,1349,5,B&H Photo,https://www.bhphotovideo.com/c/search?Ntt=Razer+Huntsman+V3+Pro+TKL&N=0&InitialSearch=yes&sts=ma,,,USD,Needs supplier verification,"Best for cameras, networking, creators, and computer hardware."
2,Medium,NO_REAL_PRICE_REFERENCE,"Open search URL, pick exact listing, fill Buy URL + Supplier Price",79,GM-MON-DEL-001,"Dell Alienware AW2725DF (27"" QD-OLED 360Hz)",Gaming,5599,1,AliExpress,https://www.aliexpress.com/wholesale?SearchText=Dell+Alienware+AW2725DF+%2827%22+QD-OLED+360Hz%29,,,USD,Needs supplier verification,"Match exact product manually, then fill Buy URL and Supplier Price."
2,Medium,NO_REAL_PRICE_REFERENCE,"Open search URL, pick exact listing, fill Buy URL + Supplier Price",79,GM-MON-DEL-001,"Dell Alienware AW2725DF (27"" QD-OLED 360Hz)",Gaming,5599,2,Alibaba,https://www.alibaba.com/trade/search?SearchText=Dell+Alienware+AW2725DF+%2827%22+QD-OLED+360Hz%29,,,USD,Needs supplier verification,"Check MOQ, shipping terms, and verified supplier status before buying."
2,Medium,NO_REAL_PRICE_REFERENCE,"Open search URL, pick exact listing, fill Buy URL + Supplier Price",79,GM-MON-DEL-001,"Dell Alienware AW2725DF (27"" QD-OLED 360Hz)",Gaming,5599,3,Amazon.sa,https://www.amazon.sa/s?k=Dell+Alienware+AW2725DF+%2827%22+QD-OLED+360Hz%29,,,SAR,Needs supplier verification,Uses existing Amazon reference URL and price when the workbook has them.
2,Medium,NO_REAL_PRICE_REFERENCE,"Open search URL, pick exact listing, fill Buy URL + Supplier Price",79,GM-MON-DEL-001,"Dell Alienware AW2725DF (27"" QD-OLED 360Hz)",Gaming,5599,4,Noon,https://www.noon.com/saudi-en/search/?q=Dell+Alienware+AW2725DF+%2827%22+QD-OLED+360Hz%29,,,SAR,Needs supplier verification,"Verify seller rating, warranty, and marketplace fulfillment before buying."
2,Medium,NO_REAL_PRICE_REFERENCE,"Open search URL, pick exact listing, fill Buy URL + Supplier Price",79,GM-MON-DEL-001,"Dell Alienware AW2725DF (27"" QD-OLED 360Hz)",Gaming,5599,5,B&H Photo,https://www.bhphotovideo.com/c/search?Ntt=Dell+Alienware+AW2725DF+%2827%22+QD-OLED+360Hz%29&N=0&InitialSearch=yes&sts=ma,,,USD,Needs supplier verification,"Best for cameras, networking, creators, and computer hardware."
2,Medium,NO_REAL_PRICE_REFERENCE,"Open search URL, pick exact listing, fill Buy URL + Supplier Price",80,GM-MON-LGE-001,"LG UltraGear OLED 27GR95QE-B (27"" QHD 240Hz)",Gaming,4899,1,AliExpress,https://www.aliexpress.com/wholesale?SearchText=LG+UltraGear+OLED+27GR95QE-B+%2827%22+QHD+240Hz%29,,,USD,Needs supplier verification,"Match exact product manually, then fill Buy URL and Supplier Price."
2,Medium,NO_REAL_PRICE_REFERENCE,"Open search URL, pick exact listing, fill Buy URL + Supplier Price",80,GM-MON-LGE-001,"LG UltraGear OLED 27GR95QE-B (27"" QHD 240Hz)",Gaming,4899,2,Alibaba,https://www.alibaba.com/trade/search?SearchText=LG+UltraGear+OLED+27GR95QE-B+%2827%22+QHD+240Hz%29,,,USD,Needs supplier verification,"Check MOQ, shipping terms, and verified supplier status before buying."
2,Medium,NO_REAL_PRICE_REFERENCE,"Open search URL, pick exact listing, fill Buy URL + Supplier Price",80,GM-MON-LGE-001,"LG UltraGear OLED 27GR95QE-B (27"" QHD 240Hz)",Gaming,4899,3,Amazon.sa,https://www.amazon.sa/s?k=LG+UltraGear+OLED+27GR95QE-B+%2827%22+QHD+240Hz%29,,,SAR,Needs supplier verification,Uses existing Amazon reference URL and price when the workbook has them.
2,Medium,NO_REAL_PRICE_REFERENCE,"Open search URL, pick exact listing, fill Buy URL + Supplier Price",80,GM-MON-LGE-001,"LG UltraGear OLED 27GR95QE-B (27"" QHD 240Hz)",Gaming,4899,4,Noon,https://www.noon.com/saudi-en/search/?q=LG+UltraGear+OLED+27GR95QE-B+%2827%22+QHD+240Hz%29,,,SAR,Needs supplier verification,"Verify seller rating, warranty, and marketplace fulfillment before buying."
2,Medium,NO_REAL_PRICE_REFERENCE,"Open search URL, pick exact listing, fill Buy URL + Supplier Price",80,GM-MON-LGE-001,"LG UltraGear OLED 27GR95QE-B (27"" QHD 240Hz)",Gaming,4899,5,B&H Photo,https://www.bhphotovideo.com/c/search?Ntt=LG+UltraGear+OLED+27GR95QE-B+%2827%22+QHD+240Hz%29&N=0&InitialSearch=yes&sts=ma,,,USD,Needs supplier verification,"Best for cameras, networking, creators, and computer hardware."
2,Medium,NO_REAL_PRICE_REFERENCE,"Open search URL, pick exact listing, fill Buy URL + Supplier Price",73,GM-MOU-LOG-001,Logitech G Pro X Superlight 2 DEX,Gaming,1099,1,AliExpress,https://www.aliexpress.com/wholesale?SearchText=Logitech+G+Pro+X+Superlight+2+DEX,,,USD,Needs supplier verification,"Match exact product manually, then fill Buy URL and Supplier Price."
2,Medium,NO_REAL_PRICE_REFERENCE,"Open search URL, pick exact listing, fill Buy URL + Supplier Price",73,GM-MOU-LOG-001,Logitech G Pro X Superlight 2 DEX,Gaming,1099,2,Alibaba,https://www.alibaba.com/trade/search?SearchText=Logitech+G+Pro+X+Superlight+2+DEX,,,USD,Needs supplier verification,"Check MOQ, shipping terms, and verified supplier status before buying."
2,Medium,NO_REAL_PRICE_REFERENCE,"Open search URL, pick exact listing, fill Buy URL + Supplier Price",73,GM-MOU-LOG-001,Logitech G Pro X Superlight 2 DEX,Gaming,1099,3,Amazon.sa,https://www.amazon.sa/s?k=Logitech+G+Pro+X+Superlight+2+DEX,,,SAR,Needs supplier verification,Uses existing Amazon reference URL and price when the workbook has them.
2,Medium,NO_REAL_PRICE_REFERENCE,"Open search URL, pick exact listing, fill Buy URL + Supplier Price",73,GM-MOU-LOG-001,Logitech G Pro X Superlight 2 DEX,Gaming,1099,4,Noon,https://www.noon.com/saudi-en/search/?q=Logitech+G+Pro+X+Superlight+2+DEX,,,SAR,Needs supplier verification,"Verify seller rating, warranty, and marketplace fulfillment before buying."
2,Medium,NO_REAL_PRICE_REFERENCE,"Open search URL, pick exact listing, fill Buy URL + Supplier Price",73,GM-MOU-LOG-001,Logitech G Pro X Superlight 2 DEX,Gaming,1099,5,B&H Photo,https://www.bhphotovideo.com/c/search?Ntt=Logitech+G+Pro+X+Superlight+2+DEX&N=0&InitialSearch=yes&sts=ma,,,USD,Needs supplier verification,"Best for cameras, networking, creators, and computer hardware."
2,Medium,NO_REAL_PRICE_REFERENCE,"Open search URL, pick exact listing, fill Buy URL + Supplier Price",74,GM-MOU-RAZ-001,Razer DeathAdder V4 Pro (57g Wireless),Gaming,1149,1,AliExpress,https://www.aliexpress.com/wholesale?SearchText=Razer+DeathAdder+V4+Pro+%2857g+Wireless%29,,,USD,Needs supplier verification,"Match exact product manually, then fill Buy URL and Supplier Price."
2,Medium,NO_REAL_PRICE_REFERENCE,"Open search URL, pick exact listing, fill Buy URL + Supplier Price",74,GM-MOU-RAZ-001,Razer DeathAdder V4 Pro (57g Wireless),Gaming,1149,2,Alibaba,https://www.alibaba.com/trade/search?SearchText=Razer+DeathAdder+V4+Pro+%2857g+Wireless%29,,,USD,Needs supplier verification,"Check MOQ, shipping terms, and verified supplier status before buying."
2,Medium,NO_REAL_PRICE_REFERENCE,"Open search URL, pick exact listing, fill Buy URL + Supplier Price",74,GM-MOU-RAZ-001,Razer DeathAdder V4 Pro (57g Wireless),Gaming,1149,3,Amazon.sa,https://www.amazon.sa/s?k=Razer+DeathAdder+V4+Pro+%2857g+Wireless%29,,,SAR,Needs supplier verification,Uses existing Amazon reference URL and price when the workbook has them.
2,Medium,NO_REAL_PRICE_REFERENCE,"Open search URL, pick exact listing, fill Buy URL + Supplier Price",74,GM-MOU-RAZ-001,Razer DeathAdder V4 Pro (57g Wireless),Gaming,1149,4,Noon,https://www.noon.com/saudi-en/search/?q=Razer+DeathAdder+V4+Pro+%2857g+Wireless%29,,,SAR,Needs supplier verification,"Verify seller rating, warranty, and marketplace fulfillment before buying."
2,Medium,NO_REAL_PRICE_REFERENCE,"Open search URL, pick exact listing, fill Buy URL + Supplier Price",74,GM-MOU-RAZ-001,Razer DeathAdder V4 Pro (57g Wireless),Gaming,1149,5,B&H Photo,https://www.bhphotovideo.com/c/search?Ntt=Razer+DeathAdder+V4+Pro+%2857g+Wireless%29&N=0&InitialSearch=yes&sts=ma,,,USD,Needs supplier verification,"Best for cameras, networking, creators, and computer hardware."
2,Medium,NO_REAL_PRICE_REFERENCE,"Open search URL, pick exact listing, fill Buy URL + Supplier Price",72,GM-MOU-RAZ-002,Razer Viper V3 Pro (54g Wireless),Gaming,1049,1,AliExpress,https://www.aliexpress.com/wholesale?SearchText=Razer+Viper+V3+Pro+%2854g+Wireless%29,,,USD,Needs supplier verification,"Match exact product manually, then fill Buy URL and Supplier Price."
2,Medium,NO_REAL_PRICE_REFERENCE,"Open search URL, pick exact listing, fill Buy URL + Supplier Price",72,GM-MOU-RAZ-002,Razer Viper V3 Pro (54g Wireless),Gaming,1049,2,Alibaba,https://www.alibaba.com/trade/search?SearchText=Razer+Viper+V3+Pro+%2854g+Wireless%29,,,USD,Needs supplier verification,"Check MOQ, shipping terms, and verified supplier status before buying."
2,Medium,NO_REAL_PRICE_REFERENCE,"Open search URL, pick exact listing, fill Buy URL + Supplier Price",72,GM-MOU-RAZ-002,Razer Viper V3 Pro (54g Wireless),Gaming,1049,3,Amazon.sa,https://www.amazon.sa/s?k=Razer+Viper+V3+Pro+%2854g+Wireless%29,,,SAR,Needs supplier verification,Uses existing Amazon reference URL and price when the workbook has them.
2,Medium,NO_REAL_PRICE_REFERENCE,"Open search URL, pick exact listing, fill Buy URL + Supplier Price",72,GM-MOU-RAZ-002,Razer Viper V3 Pro (54g Wireless),Gaming,1049,4,Noon,https://www.noon.com/saudi-en/search/?q=Razer+Viper+V3+Pro+%2854g+Wireless%29,,,SAR,Needs supplier verification,"Verify seller rating, warranty, and marketplace fulfillment before buying."
2,Medium,NO_REAL_PRICE_REFERENCE,"Open search URL, pick exact listing, fill Buy URL + Supplier Price",72,GM-MOU-RAZ-002,Razer Viper V3 Pro (54g Wireless),Gaming,1049,5,B&H Photo,https://www.bhphotovideo.com/c/search?Ntt=Razer+Viper+V3+Pro+%2854g+Wireless%29&N=0&InitialSearch=yes&sts=ma,,,USD,Needs supplier verification,"Best for cameras, networking, creators, and computer hardware."
2,Medium,NO_REAL_PRICE_REFERENCE,"Open search URL, pick exact listing, fill Buy URL + Supplier Price",53,GM-PGA-JSA-001,JSAUX 6-in-1 Dock (Steam Deck/ROG Ally),Gaming,459,1,AliExpress,https://www.aliexpress.com/wholesale?SearchText=JSAUX+6-in-1+Dock+%28Steam+Deck%2FROG+Ally%29,,,USD,Needs supplier verification,"Match exact product manually, then fill Buy URL and Supplier Price."
2,Medium,NO_REAL_PRICE_REFERENCE,"Open search URL, pick exact listing, fill Buy URL + Supplier Price",53,GM-PGA-JSA-001,JSAUX 6-in-1 Dock (Steam Deck/ROG Ally),Gaming,459,2,Alibaba,https://www.alibaba.com/trade/search?SearchText=JSAUX+6-in-1+Dock+%28Steam+Deck%2FROG+Ally%29,,,USD,Needs supplier verification,"Check MOQ, shipping terms, and verified supplier status before buying."
2,Medium,NO_REAL_PRICE_REFERENCE,"Open search URL, pick exact listing, fill Buy URL + Supplier Price",53,GM-PGA-JSA-001,JSAUX 6-in-1 Dock (Steam Deck/ROG Ally),Gaming,459,3,Amazon.sa,https://www.amazon.sa/s?k=JSAUX+6-in-1+Dock+%28Steam+Deck%2FROG+Ally%29,,,SAR,Needs supplier verification,Uses existing Amazon reference URL and price when the workbook has them.
2,Medium,NO_REAL_PRICE_REFERENCE,"Open search URL, pick exact listing, fill Buy URL + Supplier Price",53,GM-PGA-JSA-001,JSAUX 6-in-1 Dock (Steam Deck/ROG Ally),Gaming,459,4,Noon,https://www.noon.com/saudi-en/search/?q=JSAUX+6-in-1+Dock+%28Steam+Deck%2FROG+Ally%29,,,SAR,Needs supplier verification,"Verify seller rating, warranty, and marketplace fulfillment before buying."
2,Medium,NO_REAL_PRICE_REFERENCE,"Open search URL, pick exact listing, fill Buy URL + Supplier Price",53,GM-PGA-JSA-001,JSAUX 6-in-1 Dock (Steam Deck/ROG Ally),Gaming,459,5,B&H Photo,https://www.bhphotovideo.com/c/search?Ntt=JSAUX+6-in-1+Dock+%28Steam+Deck%2FROG+Ally%29&N=0&InitialSearch=yes&sts=ma,,,USD,Needs supplier verification,"Best for cameras, networking, creators, and computer hardware."
2,Medium,NO_REAL_PRICE_REFERENCE,"Open search URL, pick exact listing, fill Buy URL + Supplier Price",66,GM-RGB-COR-001,Corsair iCUE LC100 Lighting Panels,Gaming,549,1,AliExpress,https://www.aliexpress.com/wholesale?SearchText=Corsair+iCUE+LC100+Lighting+Panels,,,USD,Needs supplier verification,"Match exact product manually, then fill Buy URL and Supplier Price."
2,Medium,NO_REAL_PRICE_REFERENCE,"Open search URL, pick exact listing, fill Buy URL + Supplier Price",66,GM-RGB-COR-001,Corsair iCUE LC100 Lighting Panels,Gaming,549,2,Alibaba,https://www.alibaba.com/trade/search?SearchText=Corsair+iCUE+LC100+Lighting+Panels,,,USD,Needs supplier verification,"Check MOQ, shipping terms, and verified supplier status before buying."
2,Medium,NO_REAL_PRICE_REFERENCE,"Open search URL, pick exact listing, fill Buy URL + Supplier Price",66,GM-RGB-COR-001,Corsair iCUE LC100 Lighting Panels,Gaming,549,3,Amazon.sa,https://www.amazon.sa/s?k=Corsair+iCUE+LC100+Lighting+Panels,,,SAR,Needs supplier verification,Uses existing Amazon reference URL and price when the workbook has them.
2,Medium,NO_REAL_PRICE_REFERENCE,"Open search URL, pick exact listing, fill Buy URL + Supplier Price",66,GM-RGB-COR-001,Corsair iCUE LC100 Lighting Panels,Gaming,549,4,Noon,https://www.noon.com/saudi-en/search/?q=Corsair+iCUE+LC100+Lighting+Panels,,,SAR,Needs supplier verification,"Verify seller rating, warranty, and marketplace fulfillment before buying."
2,Medium,NO_REAL_PRICE_REFERENCE,"Open search URL, pick exact listing, fill Buy URL + Supplier Price",66,GM-RGB-COR-001,Corsair iCUE LC100 Lighting Panels,Gaming,549,5,B&H Photo,https://www.bhphotovideo.com/c/search?Ntt=Corsair+iCUE+LC100+Lighting+Panels&N=0&InitialSearch=yes&sts=ma,,,USD,Needs supplier verification,"Best for cameras, networking, creators, and computer hardware."
2,Medium,NO_REAL_PRICE_REFERENCE,"Open search URL, pick exact listing, fill Buy URL + Supplier Price",52,GM-RTR-ASU-001,ASUS ROG Rapture GT-BE19000AI (WiFi 7),Gaming,4799,1,AliExpress,https://www.aliexpress.com/wholesale?SearchText=ASUS+ROG+Rapture+GT-BE19000AI+%28WiFi+7%29,,,USD,Needs supplier verification,"Match exact product manually, then fill Buy URL and Supplier Price."
2,Medium,NO_REAL_PRICE_REFERENCE,"Open search URL, pick exact listing, fill Buy URL + Supplier Price",52,GM-RTR-ASU-001,ASUS ROG Rapture GT-BE19000AI (WiFi 7),Gaming,4799,2,Alibaba,https://www.alibaba.com/trade/search?SearchText=ASUS+ROG+Rapture+GT-BE19000AI+%28WiFi+7%29,,,USD,Needs supplier verification,"Check MOQ, shipping terms, and verified supplier status before buying."
2,Medium,NO_REAL_PRICE_REFERENCE,"Open search URL, pick exact listing, fill Buy URL + Supplier Price",52,GM-RTR-ASU-001,ASUS ROG Rapture GT-BE19000AI (WiFi 7),Gaming,4799,3,Amazon.sa,https://www.amazon.sa/s?k=ASUS+ROG+Rapture+GT-BE19000AI+%28WiFi+7%29,,,SAR,Needs supplier verification,Uses existing Amazon reference URL and price when the workbook has them.
2,Medium,NO_REAL_PRICE_REFERENCE,"Open search URL, pick exact listing, fill Buy URL + Supplier Price",52,GM-RTR-ASU-001,ASUS ROG Rapture GT-BE19000AI (WiFi 7),Gaming,4799,4,Noon,https://www.noon.com/saudi-en/search/?q=ASUS+ROG+Rapture+GT-BE19000AI+%28WiFi+7%29,,,SAR,Needs supplier verification,"Verify seller rating, warranty, and marketplace fulfillment before buying."
2,Medium,NO_REAL_PRICE_REFERENCE,"Open search URL, pick exact listing, fill Buy URL + Supplier Price",52,GM-RTR-ASU-001,ASUS ROG Rapture GT-BE19000AI (WiFi 7),Gaming,4799,5,B&H Photo,https://www.bhphotovideo.com/c/search?Ntt=ASUS+ROG+Rapture+GT-BE19000AI+%28WiFi+7%29&N=0&InitialSearch=yes&sts=ma,,,USD,Needs supplier verification,"Best for cameras, networking, creators, and computer hardware."
2,Medium,NO_REAL_PRICE_REFERENCE,"Open search URL, pick exact listing, fill Buy URL + Supplier Price",60,GM-STR-ELG-001,Elgato Stream Deck MK.2,Gaming,949,1,AliExpress,https://www.aliexpress.com/wholesale?SearchText=Elgato+Stream+Deck+MK.2,,,USD,Needs supplier verification,"Match exact product manually, then fill Buy URL and Supplier Price."
2,Medium,NO_REAL_PRICE_REFERENCE,"Open search URL, pick exact listing, fill Buy URL + Supplier Price",60,GM-STR-ELG-001,Elgato Stream Deck MK.2,Gaming,949,2,Alibaba,https://www.alibaba.com/trade/search?SearchText=Elgato+Stream+Deck+MK.2,,,USD,Needs supplier verification,"Check MOQ, shipping terms, and verified supplier status before buying."
2,Medium,NO_REAL_PRICE_REFERENCE,"Open search URL, pick exact listing, fill Buy URL + Supplier Price",60,GM-STR-ELG-001,Elgato Stream Deck MK.2,Gaming,949,3,Amazon.sa,https://www.amazon.sa/s?k=Elgato+Stream+Deck+MK.2,,,SAR,Needs supplier verification,Uses existing Amazon reference URL and price when the workbook has them.
2,Medium,NO_REAL_PRICE_REFERENCE,"Open search URL, pick exact listing, fill Buy URL + Supplier Price",60,GM-STR-ELG-001,Elgato Stream Deck MK.2,Gaming,949,4,Noon,https://www.noon.com/saudi-en/search/?q=Elgato+Stream+Deck+MK.2,,,SAR,Needs supplier verification,"Verify seller rating, warranty, and marketplace fulfillment before buying."
2,Medium,NO_REAL_PRICE_REFERENCE,"Open search URL, pick exact listing, fill Buy URL + Supplier Price",60,GM-STR-ELG-001,Elgato Stream Deck MK.2,Gaming,949,5,B&H Photo,https://www.bhphotovideo.com/c/search?Ntt=Elgato+Stream+Deck+MK.2&N=0&InitialSearch=yes&sts=ma,,,USD,Needs supplier verification,"Best for cameras, networking, creators, and computer hardware."
2,Medium,NO_REAL_PRICE_REFERENCE,"Open search URL, pick exact listing, fill Buy URL + Supplier Price",182,NG-3DP-001,Bambu Lab P1S 3D Printer - Blazing Speed and Pro Quality in an Enclosed Design,3D Printing & CNC,5099,1,AliExpress,https://www.aliexpress.com/wholesale?SearchText=Bambu+Lab+P1S+3D+Printer+-+Blazing+Speed+and+Pro+Quality+in+an+Enclosed+Design,,,USD,Needs supplier verification,"Match exact product manually, then fill Buy URL and Supplier Price."
2,Medium,NO_REAL_PRICE_REFERENCE,"Open search URL, pick exact listing, fill Buy URL + Supplier Price",182,NG-3DP-001,Bambu Lab P1S 3D Printer - Blazing Speed and Pro Quality in an Enclosed Design,3D Printing & CNC,5099,2,Alibaba,https://www.alibaba.com/trade/search?SearchText=Bambu+Lab+P1S+3D+Printer+-+Blazing+Speed+and+Pro+Quality+in+an+Enclosed+Design,,,USD,Needs supplier verification,"Check MOQ, shipping terms, and verified supplier status before buying."
2,Medium,NO_REAL_PRICE_REFERENCE,"Open search URL, pick exact listing, fill Buy URL + Supplier Price",182,NG-3DP-001,Bambu Lab P1S 3D Printer - Blazing Speed and Pro Quality in an Enclosed Design,3D Printing & CNC,5099,3,Amazon.sa,https://www.amazon.sa/s?k=Bambu+Lab+P1S+3D+Printer+-+Blazing+Speed+and+Pro+Quality+in+an+Enclosed+Design,,,SAR,Needs supplier verification,Uses existing Amazon reference URL and price when the workbook has them.
2,Medium,NO_REAL_PRICE_REFERENCE,"Open search URL, pick exact listing, fill Buy URL + Supplier Price",182,NG-3DP-001,Bambu Lab P1S 3D Printer - Blazing Speed and Pro Quality in an Enclosed Design,3D Printing & CNC,5099,4,Noon,https://www.noon.com/saudi-en/search/?q=Bambu+Lab+P1S+3D+Printer+-+Blazing+Speed+and+Pro+Quality+in+an+Enclosed+Design,,,SAR,Needs supplier verification,"Verify seller rating, warranty, and marketplace fulfillment before buying."
2,Medium,NO_REAL_PRICE_REFERENCE,"Open search URL, pick exact listing, fill Buy URL + Supplier Price",182,NG-3DP-001,Bambu Lab P1S 3D Printer - Blazing Speed and Pro Quality in an Enclosed Design,3D Printing & CNC,5099,5,B&H Photo,https://www.bhphotovideo.com/c/search?Ntt=Bambu+Lab+P1S+3D+Printer+-+Blazing+Speed+and+Pro+Quality+in+an+Enclosed+Design&N=0&InitialSearch=yes&sts=ma,,,USD,Needs supplier verification,"Best for cameras, networking, creators, and computer hardware."
2,Medium,NO_REAL_PRICE_REFERENCE,"Open search URL, pick exact listing, fill Buy URL + Supplier Price",179,NG-3DP-004,eSUN PLA+ Filament 10-Color Pack - 10kg Total for 3D Printing,3D Printing & CNC,1299,1,AliExpress,https://www.aliexpress.com/wholesale?SearchText=eSUN+PLA%2B+Filament+10-Color+Pack+-+10kg+Total+for+3D+Printing,,,USD,Needs supplier verification,"Match exact product manually, then fill Buy URL and Supplier Price."
2,Medium,NO_REAL_PRICE_REFERENCE,"Open search URL, pick exact listing, fill Buy URL + Supplier Price",179,NG-3DP-004,eSUN PLA+ Filament 10-Color Pack - 10kg Total for 3D Printing,3D Printing & CNC,1299,2,Alibaba,https://www.alibaba.com/trade/search?SearchText=eSUN+PLA%2B+Filament+10-Color+Pack+-+10kg+Total+for+3D+Printing,,,USD,Needs supplier verification,"Check MOQ, shipping terms, and verified supplier status before buying."
2,Medium,NO_REAL_PRICE_REFERENCE,"Open search URL, pick exact listing, fill Buy URL + Supplier Price",179,NG-3DP-004,eSUN PLA+ Filament 10-Color Pack - 10kg Total for 3D Printing,3D Printing & CNC,1299,3,Amazon.sa,https://www.amazon.sa/s?k=eSUN+PLA%2B+Filament+10-Color+Pack+-+10kg+Total+for+3D+Printing,,,SAR,Needs supplier verification,Uses existing Amazon reference URL and price when the workbook has them.
2,Medium,NO_REAL_PRICE_REFERENCE,"Open search URL, pick exact listing, fill Buy URL + Supplier Price",179,NG-3DP-004,eSUN PLA+ Filament 10-Color Pack - 10kg Total for 3D Printing,3D Printing & CNC,1299,4,Noon,https://www.noon.com/saudi-en/search/?q=eSUN+PLA%2B+Filament+10-Color+Pack+-+10kg+Total+for+3D+Printing,,,SAR,Needs supplier verification,"Verify seller rating, warranty, and marketplace fulfillment before buying."
2,Medium,NO_REAL_PRICE_REFERENCE,"Open search URL, pick exact listing, fill Buy URL + Supplier Price",179,NG-3DP-004,eSUN PLA+ Filament 10-Color Pack - 10kg Total for 3D Printing,3D Printing & CNC,1299,5,B&H Photo,https://www.bhphotovideo.com/c/search?Ntt=eSUN+PLA%2B+Filament+10-Color+Pack+-+10kg+Total+for+3D+Printing&N=0&InitialSearch=yes&sts=ma,,,USD,Needs supplier verification,"Best for cameras, networking, creators, and computer hardware."
2,Medium,NO_REAL_PRICE_REFERENCE,"Open search URL, pick exact listing, fill Buy URL + Supplier Price",178,NG-3DP-005,Elegoo Saturn 3 Ultra - 12K Resin 3D Printer with 10-inch Screen,3D Printing & CNC,3499,1,AliExpress,https://www.aliexpress.com/wholesale?SearchText=Elegoo+Saturn+3+Ultra+-+12K+Resin+3D+Printer+with+10-inch+Screen,,,USD,Needs supplier verification,"Match exact product manually, then fill Buy URL and Supplier Price."
2,Medium,NO_REAL_PRICE_REFERENCE,"Open search URL, pick exact listing, fill Buy URL + Supplier Price",178,NG-3DP-005,Elegoo Saturn 3 Ultra - 12K Resin 3D Printer with 10-inch Screen,3D Printing & CNC,3499,2,Alibaba,https://www.alibaba.com/trade/search?SearchText=Elegoo+Saturn+3+Ultra+-+12K+Resin+3D+Printer+with+10-inch+Screen,,,USD,Needs supplier verification,"Check MOQ, shipping terms, and verified supplier status before buying."
2,Medium,NO_REAL_PRICE_REFERENCE,"Open search URL, pick exact listing, fill Buy URL + Supplier Price",178,NG-3DP-005,Elegoo Saturn 3 Ultra - 12K Resin 3D Printer with 10-inch Screen,3D Printing & CNC,3499,3,Amazon.sa,https://www.amazon.sa/s?k=Elegoo+Saturn+3+Ultra+-+12K+Resin+3D+Printer+with+10-inch+Screen,,,SAR,Needs supplier verification,Uses existing Amazon reference URL and price when the workbook has them.
2,Medium,NO_REAL_PRICE_REFERENCE,"Open search URL, pick exact listing, fill Buy URL + Supplier Price",178,NG-3DP-005,Elegoo Saturn 3 Ultra - 12K Resin 3D Printer with 10-inch Screen,3D Printing & CNC,3499,4,Noon,https://www.noon.com/saudi-en/search/?q=Elegoo+Saturn+3+Ultra+-+12K+Resin+3D+Printer+with+10-inch+Screen,,,SAR,Needs supplier verification,"Verify seller rating, warranty, and marketplace fulfillment before buying."
2,Medium,NO_REAL_PRICE_REFERENCE,"Open search URL, pick exact listing, fill Buy URL + Supplier Price",178,NG-3DP-005,Elegoo Saturn 3 Ultra - 12K Resin 3D Printer with 10-inch Screen,3D Printing & CNC,3499,5,B&H Photo,https://www.bhphotovideo.com/c/search?Ntt=Elegoo+Saturn+3+Ultra+-+12K+Resin+3D+Printer+with+10-inch+Screen&N=0&InitialSearch=yes&sts=ma,,,USD,Needs supplier verification,"Best for cameras, networking, creators, and computer hardware."
2,Medium,NO_REAL_PRICE_REFERENCE,"Open search URL, pick exact listing, fill Buy URL + Supplier Price",176,NG-3DP-007,Creality Sonic Pad - Klipper Tablet to Supercharge Your 3D Printer,3D Printing & CNC,1049,1,AliExpress,https://www.aliexpress.com/wholesale?SearchText=Creality+Sonic+Pad+-+Klipper+Tablet+to+Supercharge+Your+3D+Printer,,,USD,Needs supplier verification,"Match exact product manually, then fill Buy URL and Supplier Price."
2,Medium,NO_REAL_PRICE_REFERENCE,"Open search URL, pick exact listing, fill Buy URL + Supplier Price",176,NG-3DP-007,Creality Sonic Pad - Klipper Tablet to Supercharge Your 3D Printer,3D Printing & CNC,1049,2,Alibaba,https://www.alibaba.com/trade/search?SearchText=Creality+Sonic+Pad+-+Klipper+Tablet+to+Supercharge+Your+3D+Printer,,,USD,Needs supplier verification,"Check MOQ, shipping terms, and verified supplier status before buying."
2,Medium,NO_REAL_PRICE_REFERENCE,"Open search URL, pick exact listing, fill Buy URL + Supplier Price",176,NG-3DP-007,Creality Sonic Pad - Klipper Tablet to Supercharge Your 3D Printer,3D Printing & CNC,1049,3,Amazon.sa,https://www.amazon.sa/s?k=Creality+Sonic+Pad+-+Klipper+Tablet+to+Supercharge+Your+3D+Printer,,,SAR,Needs supplier verification,Uses existing Amazon reference URL and price when the workbook has them.
2,Medium,NO_REAL_PRICE_REFERENCE,"Open search URL, pick exact listing, fill Buy URL + Supplier Price",176,NG-3DP-007,Creality Sonic Pad - Klipper Tablet to Supercharge Your 3D Printer,3D Printing & CNC,1049,4,Noon,https://www.noon.com/saudi-en/search/?q=Creality+Sonic+Pad+-+Klipper+Tablet+to+Supercharge+Your+3D+Printer,,,SAR,Needs supplier verification,"Verify seller rating, warranty, and marketplace fulfillment before buying."
2,Medium,NO_REAL_PRICE_REFERENCE,"Open search URL, pick exact listing, fill Buy URL + Supplier Price",176,NG-3DP-007,Creality Sonic Pad - Klipper Tablet to Supercharge Your 3D Printer,3D Printing & CNC,1049,5,B&H Photo,https://www.bhphotovideo.com/c/search?Ntt=Creality+Sonic+Pad+-+Klipper+Tablet+to+Supercharge+Your+3D+Printer&N=0&InitialSearch=yes&sts=ma,,,USD,Needs supplier verification,"Best for cameras, networking, creators, and computer hardware."
2,Medium,NO_REAL_PRICE_REFERENCE,"Open search URL, pick exact listing, fill Buy URL + Supplier Price",175,NG-3DP-008,Phrozen Sonic Mini 8K S - 22-Micron Pixel Resin 3D Printer,3D Printing & CNC,2899,1,AliExpress,https://www.aliexpress.com/wholesale?SearchText=Phrozen+Sonic+Mini+8K+S+-+22-Micron+Pixel+Resin+3D+Printer,,,USD,Needs supplier verification,"Match exact product manually, then fill Buy URL and Supplier Price."
2,Medium,NO_REAL_PRICE_REFERENCE,"Open search URL, pick exact listing, fill Buy URL + Supplier Price",175,NG-3DP-008,Phrozen Sonic Mini 8K S - 22-Micron Pixel Resin 3D Printer,3D Printing & CNC,2899,2,Alibaba,https://www.alibaba.com/trade/search?SearchText=Phrozen+Sonic+Mini+8K+S+-+22-Micron+Pixel+Resin+3D+Printer,,,USD,Needs supplier verification,"Check MOQ, shipping terms, and verified supplier status before buying."
2,Medium,NO_REAL_PRICE_REFERENCE,"Open search URL, pick exact listing, fill Buy URL + Supplier Price",175,NG-3DP-008,Phrozen Sonic Mini 8K S - 22-Micron Pixel Resin 3D Printer,3D Printing & CNC,2899,3,Amazon.sa,https://www.amazon.sa/s?k=Phrozen+Sonic+Mini+8K+S+-+22-Micron+Pixel+Resin+3D+Printer,,,SAR,Needs supplier verification,Uses existing Amazon reference URL and price when the workbook has them.
2,Medium,NO_REAL_PRICE_REFERENCE,"Open search URL, pick exact listing, fill Buy URL + Supplier Price",175,NG-3DP-008,Phrozen Sonic Mini 8K S - 22-Micron Pixel Resin 3D Printer,3D Printing & CNC,2899,4,Noon,https://www.noon.com/saudi-en/search/?q=Phrozen+Sonic+Mini+8K+S+-+22-Micron+Pixel+Resin+3D+Printer,,,SAR,Needs supplier verification,"Verify seller rating, warranty, and marketplace fulfillment before buying."
2,Medium,NO_REAL_PRICE_REFERENCE,"Open search URL, pick exact listing, fill Buy URL + Supplier Price",175,NG-3DP-008,Phrozen Sonic Mini 8K S - 22-Micron Pixel Resin 3D Printer,3D Printing & CNC,2899,5,B&H Photo,https://www.bhphotovideo.com/c/search?Ntt=Phrozen+Sonic+Mini+8K+S+-+22-Micron+Pixel+Resin+3D+Printer&N=0&InitialSearch=yes&sts=ma,,,USD,Needs supplier verification,"Best for cameras, networking, creators, and computer hardware."
2,Medium,NO_REAL_PRICE_REFERENCE,"Open search URL, pick exact listing, fill Buy URL + Supplier Price",236,NG-ACC-001,Baseus Blade 100W Power Bank - Ultra-Slim Laptop Portable Charger,Accessories & Lifestyle,499,1,AliExpress,https://www.aliexpress.com/wholesale?SearchText=Baseus+Blade+100W+Power+Bank+-+Ultra-Slim+Laptop+Portable+Charger,,,USD,Needs supplier verification,"Match exact product manually, then fill Buy URL and Supplier Price."
2,Medium,NO_REAL_PRICE_REFERENCE,"Open search URL, pick exact listing, fill Buy URL + Supplier Price",236,NG-ACC-001,Baseus Blade 100W Power Bank - Ultra-Slim Laptop Portable Charger,Accessories & Lifestyle,499,2,Alibaba,https://www.alibaba.com/trade/search?SearchText=Baseus+Blade+100W+Power+Bank+-+Ultra-Slim+Laptop+Portable+Charger,,,USD,Needs supplier verification,"Check MOQ, shipping terms, and verified supplier status before buying."
2,Medium,NO_REAL_PRICE_REFERENCE,"Open search URL, pick exact listing, fill Buy URL + Supplier Price",236,NG-ACC-001,Baseus Blade 100W Power Bank - Ultra-Slim Laptop Portable Charger,Accessories & Lifestyle,499,3,Amazon.sa,https://www.amazon.sa/s?k=Baseus+Blade+100W+Power+Bank+-+Ultra-Slim+Laptop+Portable+Charger,,,SAR,Needs supplier verification,Uses existing Amazon reference URL and price when the workbook has them.
2,Medium,NO_REAL_PRICE_REFERENCE,"Open search URL, pick exact listing, fill Buy URL + Supplier Price",236,NG-ACC-001,Baseus Blade 100W Power Bank - Ultra-Slim Laptop Portable Charger,Accessories & Lifestyle,499,4,Noon,https://www.noon.com/saudi-en/search/?q=Baseus+Blade+100W+Power+Bank+-+Ultra-Slim+Laptop+Portable+Charger,,,SAR,Needs supplier verification,"Verify seller rating, warranty, and marketplace fulfillment before buying."
2,Medium,NO_REAL_PRICE_REFERENCE,"Open search URL, pick exact listing, fill Buy URL + Supplier Price",236,NG-ACC-001,Baseus Blade 100W Power Bank - Ultra-Slim Laptop Portable Charger,Accessories & Lifestyle,499,5,B&H Photo,https://www.bhphotovideo.com/c/search?Ntt=Baseus+Blade+100W+Power+Bank+-+Ultra-Slim+Laptop+Portable+Charger&N=0&InitialSearch=yes&sts=ma,,,USD,Needs supplier verification,"Best for cameras, networking, creators, and computer hardware."
2,Medium,NO_REAL_PRICE_REFERENCE,"Open search URL, pick exact listing, fill Buy URL + Supplier Price",235,NG-ACC-002,Anker 735 GaN 65W Charger - Compact 3-Port Fast Charger,Accessories & Lifestyle,379,1,AliExpress,https://www.aliexpress.com/wholesale?SearchText=Anker+735+GaN+65W+Charger+-+Compact+3-Port+Fast+Charger,,,USD,Needs supplier verification,"Match exact product manually, then fill Buy URL and Supplier Price."
2,Medium,NO_REAL_PRICE_REFERENCE,"Open search URL, pick exact listing, fill Buy URL + Supplier Price",235,NG-ACC-002,Anker 735 GaN 65W Charger - Compact 3-Port Fast Charger,Accessories & Lifestyle,379,2,Alibaba,https://www.alibaba.com/trade/search?SearchText=Anker+735+GaN+65W+Charger+-+Compact+3-Port+Fast+Charger,,,USD,Needs supplier verification,"Check MOQ, shipping terms, and verified supplier status before buying."
2,Medium,NO_REAL_PRICE_REFERENCE,"Open search URL, pick exact listing, fill Buy URL + Supplier Price",235,NG-ACC-002,Anker 735 GaN 65W Charger - Compact 3-Port Fast Charger,Accessories & Lifestyle,379,3,Amazon.sa,https://www.amazon.sa/s?k=Anker+735+GaN+65W+Charger+-+Compact+3-Port+Fast+Charger,,,SAR,Needs supplier verification,Uses existing Amazon reference URL and price when the workbook has them.
2,Medium,NO_REAL_PRICE_REFERENCE,"Open search URL, pick exact listing, fill Buy URL + Supplier Price",235,NG-ACC-002,Anker 735 GaN 65W Charger - Compact 3-Port Fast Charger,Accessories & Lifestyle,379,4,Noon,https://www.noon.com/saudi-en/search/?q=Anker+735+GaN+65W+Charger+-+Compact+3-Port+Fast+Charger,,,SAR,Needs supplier verification,"Verify seller rating, warranty, and marketplace fulfillment before buying."
2,Medium,NO_REAL_PRICE_REFERENCE,"Open search URL, pick exact listing, fill Buy URL + Supplier Price",235,NG-ACC-002,Anker 735 GaN 65W Charger - Compact 3-Port Fast Charger,Accessories & Lifestyle,379,5,B&H Photo,https://www.bhphotovideo.com/c/search?Ntt=Anker+735+GaN+65W+Charger+-+Compact+3-Port+Fast+Charger&N=0&InitialSearch=yes&sts=ma,,,USD,Needs supplier verification,"Best for cameras, networking, creators, and computer hardware."
2,Medium,NO_REAL_PRICE_REFERENCE,"Open search URL, pick exact listing, fill Buy URL + Supplier Price",234,NG-ACC-003,Mark Ryden Anti-theft Laptop Backpack - Maximum Protection for Your Tech,Accessories & Lifestyle,409,1,AliExpress,https://www.aliexpress.com/wholesale?SearchText=Mark+Ryden+Anti-theft+Laptop+Backpack+-+Maximum+Protection+for+Your+Tech,,,USD,Needs supplier verification,"Match exact product manually, then fill Buy URL and Supplier Price."
2,Medium,NO_REAL_PRICE_REFERENCE,"Open search URL, pick exact listing, fill Buy URL + Supplier Price",234,NG-ACC-003,Mark Ryden Anti-theft Laptop Backpack - Maximum Protection for Your Tech,Accessories & Lifestyle,409,2,Alibaba,https://www.alibaba.com/trade/search?SearchText=Mark+Ryden+Anti-theft+Laptop+Backpack+-+Maximum+Protection+for+Your+Tech,,,USD,Needs supplier verification,"Check MOQ, shipping terms, and verified supplier status before buying."
2,Medium,NO_REAL_PRICE_REFERENCE,"Open search URL, pick exact listing, fill Buy URL + Supplier Price",234,NG-ACC-003,Mark Ryden Anti-theft Laptop Backpack - Maximum Protection for Your Tech,Accessories & Lifestyle,409,3,Amazon.sa,https://www.amazon.sa/s?k=Mark+Ryden+Anti-theft+Laptop+Backpack+-+Maximum+Protection+for+Your+Tech,,,SAR,Needs supplier verification,Uses existing Amazon reference URL and price when the workbook has them.
2,Medium,NO_REAL_PRICE_REFERENCE,"Open search URL, pick exact listing, fill Buy URL + Supplier Price",234,NG-ACC-003,Mark Ryden Anti-theft Laptop Backpack - Maximum Protection for Your Tech,Accessories & Lifestyle,409,4,Noon,https://www.noon.com/saudi-en/search/?q=Mark+Ryden+Anti-theft+Laptop+Backpack+-+Maximum+Protection+for+Your+Tech,,,SAR,Needs supplier verification,"Verify seller rating, warranty, and marketplace fulfillment before buying."
2,Medium,NO_REAL_PRICE_REFERENCE,"Open search URL, pick exact listing, fill Buy URL + Supplier Price",234,NG-ACC-003,Mark Ryden Anti-theft Laptop Backpack - Maximum Protection for Your Tech,Accessories & Lifestyle,409,5,B&H Photo,https://www.bhphotovideo.com/c/search?Ntt=Mark+Ryden+Anti-theft+Laptop+Backpack+-+Maximum+Protection+for+Your+Tech&N=0&InitialSearch=yes&sts=ma,,,USD,Needs supplier verification,"Best for cameras, networking, creators, and computer hardware."
2,Medium,NO_REAL_PRICE_REFERENCE,"Open search URL, pick exact listing, fill Buy URL + Supplier Price",233,NG-ACC-004,Seagate IronWolf 18TB NAS Internal Hard Drive - Built for 24/7 Performance,Hardware,2699,1,AliExpress,https://www.aliexpress.com/wholesale?SearchText=Seagate+IronWolf+18TB+NAS+Internal+Hard+Drive+-+Built+for+24%2F7+Performance,,,USD,Needs supplier verification,"Match exact product manually, then fill Buy URL and Supplier Price."
2,Medium,NO_REAL_PRICE_REFERENCE,"Open search URL, pick exact listing, fill Buy URL + Supplier Price",233,NG-ACC-004,Seagate IronWolf 18TB NAS Internal Hard Drive - Built for 24/7 Performance,Hardware,2699,2,Alibaba,https://www.alibaba.com/trade/search?SearchText=Seagate+IronWolf+18TB+NAS+Internal+Hard+Drive+-+Built+for+24%2F7+Performance,,,USD,Needs supplier verification,"Check MOQ, shipping terms, and verified supplier status before buying."
2,Medium,NO_REAL_PRICE_REFERENCE,"Open search URL, pick exact listing, fill Buy URL + Supplier Price",233,NG-ACC-004,Seagate IronWolf 18TB NAS Internal Hard Drive - Built for 24/7 Performance,Hardware,2699,3,Amazon.sa,https://www.amazon.sa/s?k=Seagate+IronWolf+18TB+NAS+Internal+Hard+Drive+-+Built+for+24%2F7+Performance,,,SAR,Needs supplier verification,Uses existing Amazon reference URL and price when the workbook has them.
2,Medium,NO_REAL_PRICE_REFERENCE,"Open search URL, pick exact listing, fill Buy URL + Supplier Price",233,NG-ACC-004,Seagate IronWolf 18TB NAS Internal Hard Drive - Built for 24/7 Performance,Hardware,2699,4,Noon,https://www.noon.com/saudi-en/search/?q=Seagate+IronWolf+18TB+NAS+Internal+Hard+Drive+-+Built+for+24%2F7+Performance,,,SAR,Needs supplier verification,"Verify seller rating, warranty, and marketplace fulfillment before buying."
2,Medium,NO_REAL_PRICE_REFERENCE,"Open search URL, pick exact listing, fill Buy URL + Supplier Price",233,NG-ACC-004,Seagate IronWolf 18TB NAS Internal Hard Drive - Built for 24/7 Performance,Hardware,2699,5,B&H Photo,https://www.bhphotovideo.com/c/search?Ntt=Seagate+IronWolf+18TB+NAS+Internal+Hard+Drive+-+Built+for+24%2F7+Performance&N=0&InitialSearch=yes&sts=ma,,,USD,Needs supplier verification,"Best for cameras, networking, creators, and computer hardware."
2,Medium,NO_REAL_PRICE_REFERENCE,"Open search URL, pick exact listing, fill Buy URL + Supplier Price",187,NG-ACC-006,"Samsung T7 Shield 2TB Portable SSD - Rugged, Fast, and Secure",Hardware,1299,1,AliExpress,https://www.aliexpress.com/wholesale?SearchText=Samsung+T7+Shield+2TB+Portable+SSD+-+Rugged%2C+Fast%2C+and+Secure,,,USD,Needs supplier verification,"Match exact product manually, then fill Buy URL and Supplier Price."
2,Medium,NO_REAL_PRICE_REFERENCE,"Open search URL, pick exact listing, fill Buy URL + Supplier Price",187,NG-ACC-006,"Samsung T7 Shield 2TB Portable SSD - Rugged, Fast, and Secure",Hardware,1299,2,Alibaba,https://www.alibaba.com/trade/search?SearchText=Samsung+T7+Shield+2TB+Portable+SSD+-+Rugged%2C+Fast%2C+and+Secure,,,USD,Needs supplier verification,"Check MOQ, shipping terms, and verified supplier status before buying."
2,Medium,NO_REAL_PRICE_REFERENCE,"Open search URL, pick exact listing, fill Buy URL + Supplier Price",187,NG-ACC-006,"Samsung T7 Shield 2TB Portable SSD - Rugged, Fast, and Secure",Hardware,1299,3,Amazon.sa,https://www.amazon.sa/s?k=Samsung+T7+Shield+2TB+Portable+SSD+-+Rugged%2C+Fast%2C+and+Secure,,,SAR,Needs supplier verification,Uses existing Amazon reference URL and price when the workbook has them.
2,Medium,NO_REAL_PRICE_REFERENCE,"Open search URL, pick exact listing, fill Buy URL + Supplier Price",187,NG-ACC-006,"Samsung T7 Shield 2TB Portable SSD - Rugged, Fast, and Secure",Hardware,1299,4,Noon,https://www.noon.com/saudi-en/search/?q=Samsung+T7+Shield+2TB+Portable+SSD+-+Rugged%2C+Fast%2C+and+Secure,,,SAR,Needs supplier verification,"Verify seller rating, warranty, and marketplace fulfillment before buying."
2,Medium,NO_REAL_PRICE_REFERENCE,"Open search URL, pick exact listing, fill Buy URL + Supplier Price",187,NG-ACC-006,"Samsung T7 Shield 2TB Portable SSD - Rugged, Fast, and Secure",Hardware,1299,5,B&H Photo,https://www.bhphotovideo.com/c/search?Ntt=Samsung+T7+Shield+2TB+Portable+SSD+-+Rugged%2C+Fast%2C+and+Secure&N=0&InitialSearch=yes&sts=ma,,,USD,Needs supplier verification,"Best for cameras, networking, creators, and computer hardware."
2,Medium,NO_REAL_PRICE_REFERENCE,"Open search URL, pick exact listing, fill Buy URL + Supplier Price",186,NG-ACC-007,Anker PowerConf S330 USB Speakerphone - Smart Noise-Canceling Conference Speaker,Accessories & Lifestyle,599,1,AliExpress,https://www.aliexpress.com/wholesale?SearchText=Anker+PowerConf+S330+USB+Speakerphone+-+Smart+Noise-Canceling+Conference+Speaker,,,USD,Needs supplier verification,"Match exact product manually, then fill Buy URL and Supplier Price."
2,Medium,NO_REAL_PRICE_REFERENCE,"Open search URL, pick exact listing, fill Buy URL + Supplier Price",186,NG-ACC-007,Anker PowerConf S330 USB Speakerphone - Smart Noise-Canceling Conference Speaker,Accessories & Lifestyle,599,2,Alibaba,https://www.alibaba.com/trade/search?SearchText=Anker+PowerConf+S330+USB+Speakerphone+-+Smart+Noise-Canceling+Conference+Speaker,,,USD,Needs supplier verification,"Check MOQ, shipping terms, and verified supplier status before buying."
2,Medium,NO_REAL_PRICE_REFERENCE,"Open search URL, pick exact listing, fill Buy URL + Supplier Price",186,NG-ACC-007,Anker PowerConf S330 USB Speakerphone - Smart Noise-Canceling Conference Speaker,Accessories & Lifestyle,599,3,Amazon.sa,https://www.amazon.sa/s?k=Anker+PowerConf+S330+USB+Speakerphone+-+Smart+Noise-Canceling+Conference+Speaker,,,SAR,Needs supplier verification,Uses existing Amazon reference URL and price when the workbook has them.
2,Medium,NO_REAL_PRICE_REFERENCE,"Open search URL, pick exact listing, fill Buy URL + Supplier Price",186,NG-ACC-007,Anker PowerConf S330 USB Speakerphone - Smart Noise-Canceling Conference Speaker,Accessories & Lifestyle,599,4,Noon,https://www.noon.com/saudi-en/search/?q=Anker+PowerConf+S330+USB+Speakerphone+-+Smart+Noise-Canceling+Conference+Speaker,,,SAR,Needs supplier verification,"Verify seller rating, warranty, and marketplace fulfillment before buying."
2,Medium,NO_REAL_PRICE_REFERENCE,"Open search URL, pick exact listing, fill Buy URL + Supplier Price",186,NG-ACC-007,Anker PowerConf S330 USB Speakerphone - Smart Noise-Canceling Conference Speaker,Accessories & Lifestyle,599,5,B&H Photo,https://www.bhphotovideo.com/c/search?Ntt=Anker+PowerConf+S330+USB+Speakerphone+-+Smart+Noise-Canceling+Conference+Speaker&N=0&InitialSearch=yes&sts=ma,,,USD,Needs supplier verification,"Best for cameras, networking, creators, and computer hardware."
2,Medium,NO_REAL_PRICE_REFERENCE,"Open search URL, pick exact listing, fill Buy URL + Supplier Price",184,NG-ACC-009,Ugreen Nexode 100W GaN Charger - 4-Port Gallium Nitride Fast Charger,Accessories & Lifestyle,439,1,AliExpress,https://www.aliexpress.com/wholesale?SearchText=Ugreen+Nexode+100W+GaN+Charger+-+4-Port+Gallium+Nitride+Fast+Charger,,,USD,Needs supplier verification,"Match exact product manually, then fill Buy URL and Supplier Price."
2,Medium,NO_REAL_PRICE_REFERENCE,"Open search URL, pick exact listing, fill Buy URL + Supplier Price",184,NG-ACC-009,Ugreen Nexode 100W GaN Charger - 4-Port Gallium Nitride Fast Charger,Accessories & Lifestyle,439,2,Alibaba,https://www.alibaba.com/trade/search?SearchText=Ugreen+Nexode+100W+GaN+Charger+-+4-Port+Gallium+Nitride+Fast+Charger,,,USD,Needs supplier verification,"Check MOQ, shipping terms, and verified supplier status before buying."
2,Medium,NO_REAL_PRICE_REFERENCE,"Open search URL, pick exact listing, fill Buy URL + Supplier Price",184,NG-ACC-009,Ugreen Nexode 100W GaN Charger - 4-Port Gallium Nitride Fast Charger,Accessories & Lifestyle,439,3,Amazon.sa,https://www.amazon.sa/s?k=Ugreen+Nexode+100W+GaN+Charger+-+4-Port+Gallium+Nitride+Fast+Charger,,,SAR,Needs supplier verification,Uses existing Amazon reference URL and price when the workbook has them.
2,Medium,NO_REAL_PRICE_REFERENCE,"Open search URL, pick exact listing, fill Buy URL + Supplier Price",184,NG-ACC-009,Ugreen Nexode 100W GaN Charger - 4-Port Gallium Nitride Fast Charger,Accessories & Lifestyle,439,4,Noon,https://www.noon.com/saudi-en/search/?q=Ugreen+Nexode+100W+GaN+Charger+-+4-Port+Gallium+Nitride+Fast+Charger,,,SAR,Needs supplier verification,"Verify seller rating, warranty, and marketplace fulfillment before buying."
2,Medium,NO_REAL_PRICE_REFERENCE,"Open search URL, pick exact listing, fill Buy URL + Supplier Price",184,NG-ACC-009,Ugreen Nexode 100W GaN Charger - 4-Port Gallium Nitride Fast Charger,Accessories & Lifestyle,439,5,B&H Photo,https://www.bhphotovideo.com/c/search?Ntt=Ugreen+Nexode+100W+GaN+Charger+-+4-Port+Gallium+Nitride+Fast+Charger&N=0&InitialSearch=yes&sts=ma,,,USD,Needs supplier verification,"Best for cameras, networking, creators, and computer hardware."
2,Medium,NO_REAL_PRICE_REFERENCE,"Open search URL, pick exact listing, fill Buy URL + Supplier Price",183,NG-ACC-010,WD Red Plus 8TB NAS Hard Drive - Built for Always-On NAS Systems,Hardware,1449,1,AliExpress,https://www.aliexpress.com/wholesale?SearchText=WD+Red+Plus+8TB+NAS+Hard+Drive+-+Built+for+Always-On+NAS+Systems,,,USD,Needs supplier verification,"Match exact product manually, then fill Buy URL and Supplier Price."
2,Medium,NO_REAL_PRICE_REFERENCE,"Open search URL, pick exact listing, fill Buy URL + Supplier Price",183,NG-ACC-010,WD Red Plus 8TB NAS Hard Drive - Built for Always-On NAS Systems,Hardware,1449,2,Alibaba,https://www.alibaba.com/trade/search?SearchText=WD+Red+Plus+8TB+NAS+Hard+Drive+-+Built+for+Always-On+NAS+Systems,,,USD,Needs supplier verification,"Check MOQ, shipping terms, and verified supplier status before buying."
2,Medium,NO_REAL_PRICE_REFERENCE,"Open search URL, pick exact listing, fill Buy URL + Supplier Price",183,NG-ACC-010,WD Red Plus 8TB NAS Hard Drive - Built for Always-On NAS Systems,Hardware,1449,3,Amazon.sa,https://www.amazon.sa/s?k=WD+Red+Plus+8TB+NAS+Hard+Drive+-+Built+for+Always-On+NAS+Systems,,,SAR,Needs supplier verification,Uses existing Amazon reference URL and price when the workbook has them.
2,Medium,NO_REAL_PRICE_REFERENCE,"Open search URL, pick exact listing, fill Buy URL + Supplier Price",183,NG-ACC-010,WD Red Plus 8TB NAS Hard Drive - Built for Always-On NAS Systems,Hardware,1449,4,Noon,https://www.noon.com/saudi-en/search/?q=WD+Red+Plus+8TB+NAS+Hard+Drive+-+Built+for+Always-On+NAS+Systems,,,SAR,Needs supplier verification,"Verify seller rating, warranty, and marketplace fulfillment before buying."
2,Medium,NO_REAL_PRICE_REFERENCE,"Open search URL, pick exact listing, fill Buy URL + Supplier Price",183,NG-ACC-010,WD Red Plus 8TB NAS Hard Drive - Built for Always-On NAS Systems,Hardware,1449,5,B&H Photo,https://www.bhphotovideo.com/c/search?Ntt=WD+Red+Plus+8TB+NAS+Hard+Drive+-+Built+for+Always-On+NAS+Systems&N=0&InitialSearch=yes&sts=ma,,,USD,Needs supplier verification,"Best for cameras, networking, creators, and computer hardware."
2,Medium,NO_REAL_PRICE_REFERENCE,"Open search URL, pick exact listing, fill Buy URL + Supplier Price",174,NG-CBL-001,Ugreen USB-C to HDMI 2.1 Cable (2m) - 8K@60Hz Output,Cables & Adapters,219,1,AliExpress,https://www.aliexpress.com/wholesale?SearchText=Ugreen+USB-C+to+HDMI+2.1+Cable+%282m%29+-+8K%4060Hz+Output,,,USD,Needs supplier verification,"Match exact product manually, then fill Buy URL and Supplier Price."
2,Medium,NO_REAL_PRICE_REFERENCE,"Open search URL, pick exact listing, fill Buy URL + Supplier Price",174,NG-CBL-001,Ugreen USB-C to HDMI 2.1 Cable (2m) - 8K@60Hz Output,Cables & Adapters,219,2,Alibaba,https://www.alibaba.com/trade/search?SearchText=Ugreen+USB-C+to+HDMI+2.1+Cable+%282m%29+-+8K%4060Hz+Output,,,USD,Needs supplier verification,"Check MOQ, shipping terms, and verified supplier status before buying."
2,Medium,NO_REAL_PRICE_REFERENCE,"Open search URL, pick exact listing, fill Buy URL + Supplier Price",174,NG-CBL-001,Ugreen USB-C to HDMI 2.1 Cable (2m) - 8K@60Hz Output,Cables & Adapters,219,3,Amazon.sa,https://www.amazon.sa/s?k=Ugreen+USB-C+to+HDMI+2.1+Cable+%282m%29+-+8K%4060Hz+Output,,,SAR,Needs supplier verification,Uses existing Amazon reference URL and price when the workbook has them.
2,Medium,NO_REAL_PRICE_REFERENCE,"Open search URL, pick exact listing, fill Buy URL + Supplier Price",174,NG-CBL-001,Ugreen USB-C to HDMI 2.1 Cable (2m) - 8K@60Hz Output,Cables & Adapters,219,4,Noon,https://www.noon.com/saudi-en/search/?q=Ugreen+USB-C+to+HDMI+2.1+Cable+%282m%29+-+8K%4060Hz+Output,,,SAR,Needs supplier verification,"Verify seller rating, warranty, and marketplace fulfillment before buying."
2,Medium,NO_REAL_PRICE_REFERENCE,"Open search URL, pick exact listing, fill Buy URL + Supplier Price",174,NG-CBL-001,Ugreen USB-C to HDMI 2.1 Cable (2m) - 8K@60Hz Output,Cables & Adapters,219,5,B&H Photo,https://www.bhphotovideo.com/c/search?Ntt=Ugreen+USB-C+to+HDMI+2.1+Cable+%282m%29+-+8K%4060Hz+Output&N=0&InitialSearch=yes&sts=ma,,,USD,Needs supplier verification,"Best for cameras, networking, creators, and computer hardware."
2,Medium,NO_REAL_PRICE_REFERENCE,"Open search URL, pick exact listing, fill Buy URL + Supplier Price",173,NG-CBL-002,Anker USB-C Hub 7-in-1 - Multi-Port Adapter for Laptops,Cables & Adapters,349,1,AliExpress,https://www.aliexpress.com/wholesale?SearchText=Anker+USB-C+Hub+7-in-1+-+Multi-Port+Adapter+for+Laptops,,,USD,Needs supplier verification,"Match exact product manually, then fill Buy URL and Supplier Price."
2,Medium,NO_REAL_PRICE_REFERENCE,"Open search URL, pick exact listing, fill Buy URL + Supplier Price",173,NG-CBL-002,Anker USB-C Hub 7-in-1 - Multi-Port Adapter for Laptops,Cables & Adapters,349,2,Alibaba,https://www.alibaba.com/trade/search?SearchText=Anker+USB-C+Hub+7-in-1+-+Multi-Port+Adapter+for+Laptops,,,USD,Needs supplier verification,"Check MOQ, shipping terms, and verified supplier status before buying."
2,Medium,NO_REAL_PRICE_REFERENCE,"Open search URL, pick exact listing, fill Buy URL + Supplier Price",173,NG-CBL-002,Anker USB-C Hub 7-in-1 - Multi-Port Adapter for Laptops,Cables & Adapters,349,3,Amazon.sa,https://www.amazon.sa/s?k=Anker+USB-C+Hub+7-in-1+-+Multi-Port+Adapter+for+Laptops,,,SAR,Needs supplier verification,Uses existing Amazon reference URL and price when the workbook has them.
2,Medium,NO_REAL_PRICE_REFERENCE,"Open search URL, pick exact listing, fill Buy URL + Supplier Price",173,NG-CBL-002,Anker USB-C Hub 7-in-1 - Multi-Port Adapter for Laptops,Cables & Adapters,349,4,Noon,https://www.noon.com/saudi-en/search/?q=Anker+USB-C+Hub+7-in-1+-+Multi-Port+Adapter+for+Laptops,,,SAR,Needs supplier verification,"Verify seller rating, warranty, and marketplace fulfillment before buying."
2,Medium,NO_REAL_PRICE_REFERENCE,"Open search URL, pick exact listing, fill Buy URL + Supplier Price",173,NG-CBL-002,Anker USB-C Hub 7-in-1 - Multi-Port Adapter for Laptops,Cables & Adapters,349,5,B&H Photo,https://www.bhphotovideo.com/c/search?Ntt=Anker+USB-C+Hub+7-in-1+-+Multi-Port+Adapter+for+Laptops&N=0&InitialSearch=yes&sts=ma,,,USD,Needs supplier verification,"Best for cameras, networking, creators, and computer hardware."
2,Medium,NO_REAL_PRICE_REFERENCE,"Open search URL, pick exact listing, fill Buy URL + Supplier Price",172,NG-CBL-003,Cable Matters Thunderbolt 4 Cable (2m) - 40Gbps with 100W Charging,Cables & Adapters,419,1,AliExpress,https://www.aliexpress.com/wholesale?SearchText=Cable+Matters+Thunderbolt+4+Cable+%282m%29+-+40Gbps+with+100W+Charging,,,USD,Needs supplier verification,"Match exact product manually, then fill Buy URL and Supplier Price."
2,Medium,NO_REAL_PRICE_REFERENCE,"Open search URL, pick exact listing, fill Buy URL + Supplier Price",172,NG-CBL-003,Cable Matters Thunderbolt 4 Cable (2m) - 40Gbps with 100W Charging,Cables & Adapters,419,2,Alibaba,https://www.alibaba.com/trade/search?SearchText=Cable+Matters+Thunderbolt+4+Cable+%282m%29+-+40Gbps+with+100W+Charging,,,USD,Needs supplier verification,"Check MOQ, shipping terms, and verified supplier status before buying."
2,Medium,NO_REAL_PRICE_REFERENCE,"Open search URL, pick exact listing, fill Buy URL + Supplier Price",172,NG-CBL-003,Cable Matters Thunderbolt 4 Cable (2m) - 40Gbps with 100W Charging,Cables & Adapters,419,3,Amazon.sa,https://www.amazon.sa/s?k=Cable+Matters+Thunderbolt+4+Cable+%282m%29+-+40Gbps+with+100W+Charging,,,SAR,Needs supplier verification,Uses existing Amazon reference URL and price when the workbook has them.
2,Medium,NO_REAL_PRICE_REFERENCE,"Open search URL, pick exact listing, fill Buy URL + Supplier Price",172,NG-CBL-003,Cable Matters Thunderbolt 4 Cable (2m) - 40Gbps with 100W Charging,Cables & Adapters,419,4,Noon,https://www.noon.com/saudi-en/search/?q=Cable+Matters+Thunderbolt+4+Cable+%282m%29+-+40Gbps+with+100W+Charging,,,SAR,Needs supplier verification,"Verify seller rating, warranty, and marketplace fulfillment before buying."
2,Medium,NO_REAL_PRICE_REFERENCE,"Open search URL, pick exact listing, fill Buy URL + Supplier Price",172,NG-CBL-003,Cable Matters Thunderbolt 4 Cable (2m) - 40Gbps with 100W Charging,Cables & Adapters,419,5,B&H Photo,https://www.bhphotovideo.com/c/search?Ntt=Cable+Matters+Thunderbolt+4+Cable+%282m%29+-+40Gbps+with+100W+Charging&N=0&InitialSearch=yes&sts=ma,,,USD,Needs supplier verification,"Best for cameras, networking, creators, and computer hardware."
2,Medium,NO_REAL_PRICE_REFERENCE,"Open search URL, pick exact listing, fill Buy URL + Supplier Price",171,NG-CBL-004,Ugreen Cat 8 Ethernet Cable (5m) - 40Gbps Network Cable,Cables & Adapters,149,1,AliExpress,https://www.aliexpress.com/wholesale?SearchText=Ugreen+Cat+8+Ethernet+Cable+%285m%29+-+40Gbps+Network+Cable,,,USD,Needs supplier verification,"Match exact product manually, then fill Buy URL and Supplier Price."
2,Medium,NO_REAL_PRICE_REFERENCE,"Open search URL, pick exact listing, fill Buy URL + Supplier Price",171,NG-CBL-004,Ugreen Cat 8 Ethernet Cable (5m) - 40Gbps Network Cable,Cables & Adapters,149,2,Alibaba,https://www.alibaba.com/trade/search?SearchText=Ugreen+Cat+8+Ethernet+Cable+%285m%29+-+40Gbps+Network+Cable,,,USD,Needs supplier verification,"Check MOQ, shipping terms, and verified supplier status before buying."
2,Medium,NO_REAL_PRICE_REFERENCE,"Open search URL, pick exact listing, fill Buy URL + Supplier Price",171,NG-CBL-004,Ugreen Cat 8 Ethernet Cable (5m) - 40Gbps Network Cable,Cables & Adapters,149,3,Amazon.sa,https://www.amazon.sa/s?k=Ugreen+Cat+8+Ethernet+Cable+%285m%29+-+40Gbps+Network+Cable,,,SAR,Needs supplier verification,Uses existing Amazon reference URL and price when the workbook has them.
2,Medium,NO_REAL_PRICE_REFERENCE,"Open search URL, pick exact listing, fill Buy URL + Supplier Price",171,NG-CBL-004,Ugreen Cat 8 Ethernet Cable (5m) - 40Gbps Network Cable,Cables & Adapters,149,4,Noon,https://www.noon.com/saudi-en/search/?q=Ugreen+Cat+8+Ethernet+Cable+%285m%29+-+40Gbps+Network+Cable,,,SAR,Needs supplier verification,"Verify seller rating, warranty, and marketplace fulfillment before buying."
2,Medium,NO_REAL_PRICE_REFERENCE,"Open search URL, pick exact listing, fill Buy URL + Supplier Price",171,NG-CBL-004,Ugreen Cat 8 Ethernet Cable (5m) - 40Gbps Network Cable,Cables & Adapters,149,5,B&H Photo,https://www.bhphotovideo.com/c/search?Ntt=Ugreen+Cat+8+Ethernet+Cable+%285m%29+-+40Gbps+Network+Cable&N=0&InitialSearch=yes&sts=ma,,,USD,Needs supplier verification,"Best for cameras, networking, creators, and computer hardware."
2,Medium,NO_REAL_PRICE_REFERENCE,"Open search URL, pick exact listing, fill Buy URL + Supplier Price",170,NG-CBL-005,Baseus USB-C 100W Charging Cable (2m) - Fast Charge for Laptops and Phones,Cables & Adapters,109,1,AliExpress,https://www.aliexpress.com/wholesale?SearchText=Baseus+USB-C+100W+Charging+Cable+%282m%29+-+Fast+Charge+for+Laptops+and+Phones,,,USD,Needs supplier verification,"Match exact product manually, then fill Buy URL and Supplier Price."
2,Medium,NO_REAL_PRICE_REFERENCE,"Open search URL, pick exact listing, fill Buy URL + Supplier Price",170,NG-CBL-005,Baseus USB-C 100W Charging Cable (2m) - Fast Charge for Laptops and Phones,Cables & Adapters,109,2,Alibaba,https://www.alibaba.com/trade/search?SearchText=Baseus+USB-C+100W+Charging+Cable+%282m%29+-+Fast+Charge+for+Laptops+and+Phones,,,USD,Needs supplier verification,"Check MOQ, shipping terms, and verified supplier status before buying."
2,Medium,NO_REAL_PRICE_REFERENCE,"Open search URL, pick exact listing, fill Buy URL + Supplier Price",170,NG-CBL-005,Baseus USB-C 100W Charging Cable (2m) - Fast Charge for Laptops and Phones,Cables & Adapters,109,3,Amazon.sa,https://www.amazon.sa/s?k=Baseus+USB-C+100W+Charging+Cable+%282m%29+-+Fast+Charge+for+Laptops+and+Phones,,,SAR,Needs supplier verification,Uses existing Amazon reference URL and price when the workbook has them.
2,Medium,NO_REAL_PRICE_REFERENCE,"Open search URL, pick exact listing, fill Buy URL + Supplier Price",170,NG-CBL-005,Baseus USB-C 100W Charging Cable (2m) - Fast Charge for Laptops and Phones,Cables & Adapters,109,4,Noon,https://www.noon.com/saudi-en/search/?q=Baseus+USB-C+100W+Charging+Cable+%282m%29+-+Fast+Charge+for+Laptops+and+Phones,,,SAR,Needs supplier verification,"Verify seller rating, warranty, and marketplace fulfillment before buying."
2,Medium,NO_REAL_PRICE_REFERENCE,"Open search URL, pick exact listing, fill Buy URL + Supplier Price",170,NG-CBL-005,Baseus USB-C 100W Charging Cable (2m) - Fast Charge for Laptops and Phones,Cables & Adapters,109,5,B&H Photo,https://www.bhphotovideo.com/c/search?Ntt=Baseus+USB-C+100W+Charging+Cable+%282m%29+-+Fast+Charge+for+Laptops+and+Phones&N=0&InitialSearch=yes&sts=ma,,,USD,Needs supplier verification,"Best for cameras, networking, creators, and computer hardware."
2,Medium,NO_REAL_PRICE_REFERENCE,"Open search URL, pick exact listing, fill Buy URL + Supplier Price",169,NG-CBL-006,Ugreen 5-in-1 USB-C Dock - HDMI 4K + Ethernet + USB 3.0,Cables & Adapters,249,1,AliExpress,https://www.aliexpress.com/wholesale?SearchText=Ugreen+5-in-1+USB-C+Dock+-+HDMI+4K+%2B+Ethernet+%2B+USB+3.0,,,USD,Needs supplier verification,"Match exact product manually, then fill Buy URL and Supplier Price."
2,Medium,NO_REAL_PRICE_REFERENCE,"Open search URL, pick exact listing, fill Buy URL + Supplier Price",169,NG-CBL-006,Ugreen 5-in-1 USB-C Dock - HDMI 4K + Ethernet + USB 3.0,Cables & Adapters,249,2,Alibaba,https://www.alibaba.com/trade/search?SearchText=Ugreen+5-in-1+USB-C+Dock+-+HDMI+4K+%2B+Ethernet+%2B+USB+3.0,,,USD,Needs supplier verification,"Check MOQ, shipping terms, and verified supplier status before buying."
2,Medium,NO_REAL_PRICE_REFERENCE,"Open search URL, pick exact listing, fill Buy URL + Supplier Price",169,NG-CBL-006,Ugreen 5-in-1 USB-C Dock - HDMI 4K + Ethernet + USB 3.0,Cables & Adapters,249,3,Amazon.sa,https://www.amazon.sa/s?k=Ugreen+5-in-1+USB-C+Dock+-+HDMI+4K+%2B+Ethernet+%2B+USB+3.0,,,SAR,Needs supplier verification,Uses existing Amazon reference URL and price when the workbook has them.
2,Medium,NO_REAL_PRICE_REFERENCE,"Open search URL, pick exact listing, fill Buy URL + Supplier Price",169,NG-CBL-006,Ugreen 5-in-1 USB-C Dock - HDMI 4K + Ethernet + USB 3.0,Cables & Adapters,249,4,Noon,https://www.noon.com/saudi-en/search/?q=Ugreen+5-in-1+USB-C+Dock+-+HDMI+4K+%2B+Ethernet+%2B+USB+3.0,,,SAR,Needs supplier verification,"Verify seller rating, warranty, and marketplace fulfillment before buying."
2,Medium,NO_REAL_PRICE_REFERENCE,"Open search URL, pick exact listing, fill Buy URL + Supplier Price",169,NG-CBL-006,Ugreen 5-in-1 USB-C Dock - HDMI 4K + Ethernet + USB 3.0,Cables & Adapters,249,5,B&H Photo,https://www.bhphotovideo.com/c/search?Ntt=Ugreen+5-in-1+USB-C+Dock+-+HDMI+4K+%2B+Ethernet+%2B+USB+3.0&N=0&InitialSearch=yes&sts=ma,,,USD,Needs supplier verification,"Best for cameras, networking, creators, and computer hardware."
2,Medium,NO_REAL_PRICE_REFERENCE,"Open search URL, pick exact listing, fill Buy URL + Supplier Price",168,NG-CBL-007,DAC SFP+ 10G Direct Attach Cable (3m) - Direct Switch-to-Switch Connection,Cables & Adapters,229,1,AliExpress,https://www.aliexpress.com/wholesale?SearchText=DAC+SFP%2B+10G+Direct+Attach+Cable+%283m%29+-+Direct+Switch-to-Switch+Connection,,,USD,Needs supplier verification,"Match exact product manually, then fill Buy URL and Supplier Price."
2,Medium,NO_REAL_PRICE_REFERENCE,"Open search URL, pick exact listing, fill Buy URL + Supplier Price",168,NG-CBL-007,DAC SFP+ 10G Direct Attach Cable (3m) - Direct Switch-to-Switch Connection,Cables & Adapters,229,2,Alibaba,https://www.alibaba.com/trade/search?SearchText=DAC+SFP%2B+10G+Direct+Attach+Cable+%283m%29+-+Direct+Switch-to-Switch+Connection,,,USD,Needs supplier verification,"Check MOQ, shipping terms, and verified supplier status before buying."
2,Medium,NO_REAL_PRICE_REFERENCE,"Open search URL, pick exact listing, fill Buy URL + Supplier Price",168,NG-CBL-007,DAC SFP+ 10G Direct Attach Cable (3m) - Direct Switch-to-Switch Connection,Cables & Adapters,229,3,Amazon.sa,https://www.amazon.sa/s?k=DAC+SFP%2B+10G+Direct+Attach+Cable+%283m%29+-+Direct+Switch-to-Switch+Connection,,,SAR,Needs supplier verification,Uses existing Amazon reference URL and price when the workbook has them.
2,Medium,NO_REAL_PRICE_REFERENCE,"Open search URL, pick exact listing, fill Buy URL + Supplier Price",168,NG-CBL-007,DAC SFP+ 10G Direct Attach Cable (3m) - Direct Switch-to-Switch Connection,Cables & Adapters,229,4,Noon,https://www.noon.com/saudi-en/search/?q=DAC+SFP%2B+10G+Direct+Attach+Cable+%283m%29+-+Direct+Switch-to-Switch+Connection,,,SAR,Needs supplier verification,"Verify seller rating, warranty, and marketplace fulfillment before buying."
2,Medium,NO_REAL_PRICE_REFERENCE,"Open search URL, pick exact listing, fill Buy URL + Supplier Price",168,NG-CBL-007,DAC SFP+ 10G Direct Attach Cable (3m) - Direct Switch-to-Switch Connection,Cables & Adapters,229,5,B&H Photo,https://www.bhphotovideo.com/c/search?Ntt=DAC+SFP%2B+10G+Direct+Attach+Cable+%283m%29+-+Direct+Switch-to-Switch+Connection&N=0&InitialSearch=yes&sts=ma,,,USD,Needs supplier verification,"Best for cameras, networking, creators, and computer hardware."
2,Medium,NO_REAL_PRICE_REFERENCE,"Open search URL, pick exact listing, fill Buy URL + Supplier Price",167,NG-CBL-008,HDMI 2.1 8K Fiber Optic Cable (10m) - Zero Signal Loss,Cables & Adapters,359,1,AliExpress,https://www.aliexpress.com/wholesale?SearchText=HDMI+2.1+8K+Fiber+Optic+Cable+%2810m%29+-+Zero+Signal+Loss,,,USD,Needs supplier verification,"Match exact product manually, then fill Buy URL and Supplier Price."
2,Medium,NO_REAL_PRICE_REFERENCE,"Open search URL, pick exact listing, fill Buy URL + Supplier Price",167,NG-CBL-008,HDMI 2.1 8K Fiber Optic Cable (10m) - Zero Signal Loss,Cables & Adapters,359,2,Alibaba,https://www.alibaba.com/trade/search?SearchText=HDMI+2.1+8K+Fiber+Optic+Cable+%2810m%29+-+Zero+Signal+Loss,,,USD,Needs supplier verification,"Check MOQ, shipping terms, and verified supplier status before buying."
2,Medium,NO_REAL_PRICE_REFERENCE,"Open search URL, pick exact listing, fill Buy URL + Supplier Price",167,NG-CBL-008,HDMI 2.1 8K Fiber Optic Cable (10m) - Zero Signal Loss,Cables & Adapters,359,3,Amazon.sa,https://www.amazon.sa/s?k=HDMI+2.1+8K+Fiber+Optic+Cable+%2810m%29+-+Zero+Signal+Loss,,,SAR,Needs supplier verification,Uses existing Amazon reference URL and price when the workbook has them.
2,Medium,NO_REAL_PRICE_REFERENCE,"Open search URL, pick exact listing, fill Buy URL + Supplier Price",167,NG-CBL-008,HDMI 2.1 8K Fiber Optic Cable (10m) - Zero Signal Loss,Cables & Adapters,359,4,Noon,https://www.noon.com/saudi-en/search/?q=HDMI+2.1+8K+Fiber+Optic+Cable+%2810m%29+-+Zero+Signal+Loss,,,SAR,Needs supplier verification,"Verify seller rating, warranty, and marketplace fulfillment before buying."
2,Medium,NO_REAL_PRICE_REFERENCE,"Open search URL, pick exact listing, fill Buy URL + Supplier Price",167,NG-CBL-008,HDMI 2.1 8K Fiber Optic Cable (10m) - Zero Signal Loss,Cables & Adapters,359,5,B&H Photo,https://www.bhphotovideo.com/c/search?Ntt=HDMI+2.1+8K+Fiber+Optic+Cable+%2810m%29+-+Zero+Signal+Loss&N=0&InitialSearch=yes&sts=ma,,,USD,Needs supplier verification,"Best for cameras, networking, creators, and computer hardware."
2,Medium,NO_REAL_PRICE_REFERENCE,"Open search URL, pick exact listing, fill Buy URL + Supplier Price",166,NG-DRN-001,DJI Mini 4 Pro - Sub-249g Drone with 4K/60fps Camera,Drones & Robotics,6099,1,AliExpress,https://www.aliexpress.com/wholesale?SearchText=DJI+Mini+4+Pro+-+Sub-249g+Drone+with+4K%2F60fps+Camera,,,USD,Needs supplier verification,"Match exact product manually, then fill Buy URL and Supplier Price."
2,Medium,NO_REAL_PRICE_REFERENCE,"Open search URL, pick exact listing, fill Buy URL + Supplier Price",166,NG-DRN-001,DJI Mini 4 Pro - Sub-249g Drone with 4K/60fps Camera,Drones & Robotics,6099,2,Alibaba,https://www.alibaba.com/trade/search?SearchText=DJI+Mini+4+Pro+-+Sub-249g+Drone+with+4K%2F60fps+Camera,,,USD,Needs supplier verification,"Check MOQ, shipping terms, and verified supplier status before buying."
2,Medium,NO_REAL_PRICE_REFERENCE,"Open search URL, pick exact listing, fill Buy URL + Supplier Price",166,NG-DRN-001,DJI Mini 4 Pro - Sub-249g Drone with 4K/60fps Camera,Drones & Robotics,6099,3,Amazon.sa,https://www.amazon.sa/s?k=DJI+Mini+4+Pro+-+Sub-249g+Drone+with+4K%2F60fps+Camera,,,SAR,Needs supplier verification,Uses existing Amazon reference URL and price when the workbook has them.
2,Medium,NO_REAL_PRICE_REFERENCE,"Open search URL, pick exact listing, fill Buy URL + Supplier Price",166,NG-DRN-001,DJI Mini 4 Pro - Sub-249g Drone with 4K/60fps Camera,Drones & Robotics,6099,4,Noon,https://www.noon.com/saudi-en/search/?q=DJI+Mini+4+Pro+-+Sub-249g+Drone+with+4K%2F60fps+Camera,,,SAR,Needs supplier verification,"Verify seller rating, warranty, and marketplace fulfillment before buying."
2,Medium,NO_REAL_PRICE_REFERENCE,"Open search URL, pick exact listing, fill Buy URL + Supplier Price",166,NG-DRN-001,DJI Mini 4 Pro - Sub-249g Drone with 4K/60fps Camera,Drones & Robotics,6099,5,B&H Photo,https://www.bhphotovideo.com/c/search?Ntt=DJI+Mini+4+Pro+-+Sub-249g+Drone+with+4K%2F60fps+Camera&N=0&InitialSearch=yes&sts=ma,,,USD,Needs supplier verification,"Best for cameras, networking, creators, and computer hardware."
2,Medium,NO_REAL_PRICE_REFERENCE,"Open search URL, pick exact listing, fill Buy URL + Supplier Price",165,NG-DRN-002,DJI Avata 2 - Immersive FPV Drone with Goggles,Drones & Robotics,4099,1,AliExpress,https://www.aliexpress.com/wholesale?SearchText=DJI+Avata+2+-+Immersive+FPV+Drone+with+Goggles,,,USD,Needs supplier verification,"Match exact product manually, then fill Buy URL and Supplier Price."
2,Medium,NO_REAL_PRICE_REFERENCE,"Open search URL, pick exact listing, fill Buy URL + Supplier Price",165,NG-DRN-002,DJI Avata 2 - Immersive FPV Drone with Goggles,Drones & Robotics,4099,2,Alibaba,https://www.alibaba.com/trade/search?SearchText=DJI+Avata+2+-+Immersive+FPV+Drone+with+Goggles,,,USD,Needs supplier verification,"Check MOQ, shipping terms, and verified supplier status before buying."
2,Medium,NO_REAL_PRICE_REFERENCE,"Open search URL, pick exact listing, fill Buy URL + Supplier Price",165,NG-DRN-002,DJI Avata 2 - Immersive FPV Drone with Goggles,Drones & Robotics,4099,3,Amazon.sa,https://www.amazon.sa/s?k=DJI+Avata+2+-+Immersive+FPV+Drone+with+Goggles,,,SAR,Needs supplier verification,Uses existing Amazon reference URL and price when the workbook has them.
2,Medium,NO_REAL_PRICE_REFERENCE,"Open search URL, pick exact listing, fill Buy URL + Supplier Price",165,NG-DRN-002,DJI Avata 2 - Immersive FPV Drone with Goggles,Drones & Robotics,4099,4,Noon,https://www.noon.com/saudi-en/search/?q=DJI+Avata+2+-+Immersive+FPV+Drone+with+Goggles,,,SAR,Needs supplier verification,"Verify seller rating, warranty, and marketplace fulfillment before buying."
2,Medium,NO_REAL_PRICE_REFERENCE,"Open search URL, pick exact listing, fill Buy URL + Supplier Price",165,NG-DRN-002,DJI Avata 2 - Immersive FPV Drone with Goggles,Drones & Robotics,4099,5,B&H Photo,https://www.bhphotovideo.com/c/search?Ntt=DJI+Avata+2+-+Immersive+FPV+Drone+with+Goggles&N=0&InitialSearch=yes&sts=ma,,,USD,Needs supplier verification,"Best for cameras, networking, creators, and computer hardware."
2,Medium,NO_REAL_PRICE_REFERENCE,"Open search URL, pick exact listing, fill Buy URL + Supplier Price",164,NG-DRN-003,DJI Osmo Action 5 Pro - 4K/120fps Waterproof Action Camera,Drones & Robotics,2499,1,AliExpress,https://www.aliexpress.com/wholesale?SearchText=DJI+Osmo+Action+5+Pro+-+4K%2F120fps+Waterproof+Action+Camera,,,USD,Needs supplier verification,"Match exact product manually, then fill Buy URL and Supplier Price."
2,Medium,NO_REAL_PRICE_REFERENCE,"Open search URL, pick exact listing, fill Buy URL + Supplier Price",164,NG-DRN-003,DJI Osmo Action 5 Pro - 4K/120fps Waterproof Action Camera,Drones & Robotics,2499,2,Alibaba,https://www.alibaba.com/trade/search?SearchText=DJI+Osmo+Action+5+Pro+-+4K%2F120fps+Waterproof+Action+Camera,,,USD,Needs supplier verification,"Check MOQ, shipping terms, and verified supplier status before buying."
2,Medium,NO_REAL_PRICE_REFERENCE,"Open search URL, pick exact listing, fill Buy URL + Supplier Price",164,NG-DRN-003,DJI Osmo Action 5 Pro - 4K/120fps Waterproof Action Camera,Drones & Robotics,2499,3,Amazon.sa,https://www.amazon.sa/s?k=DJI+Osmo+Action+5+Pro+-+4K%2F120fps+Waterproof+Action+Camera,,,SAR,Needs supplier verification,Uses existing Amazon reference URL and price when the workbook has them.
2,Medium,NO_REAL_PRICE_REFERENCE,"Open search URL, pick exact listing, fill Buy URL + Supplier Price",164,NG-DRN-003,DJI Osmo Action 5 Pro - 4K/120fps Waterproof Action Camera,Drones & Robotics,2499,4,Noon,https://www.noon.com/saudi-en/search/?q=DJI+Osmo+Action+5+Pro+-+4K%2F120fps+Waterproof+Action+Camera,,,SAR,Needs supplier verification,"Verify seller rating, warranty, and marketplace fulfillment before buying."
2,Medium,NO_REAL_PRICE_REFERENCE,"Open search URL, pick exact listing, fill Buy URL + Supplier Price",164,NG-DRN-003,DJI Osmo Action 5 Pro - 4K/120fps Waterproof Action Camera,Drones & Robotics,2499,5,B&H Photo,https://www.bhphotovideo.com/c/search?Ntt=DJI+Osmo+Action+5+Pro+-+4K%2F120fps+Waterproof+Action+Camera&N=0&InitialSearch=yes&sts=ma,,,USD,Needs supplier verification,"Best for cameras, networking, creators, and computer hardware."
2,Medium,NO_REAL_PRICE_REFERENCE,"Open search URL, pick exact listing, fill Buy URL + Supplier Price",163,NG-DRN-004,DJI RS 4 - 3-Axis Gimbal Stabilizer for Professional Cameras,Drones & Robotics,3099,1,AliExpress,https://www.aliexpress.com/wholesale?SearchText=DJI+RS+4+-+3-Axis+Gimbal+Stabilizer+for+Professional+Cameras,,,USD,Needs supplier verification,"Match exact product manually, then fill Buy URL and Supplier Price."
2,Medium,NO_REAL_PRICE_REFERENCE,"Open search URL, pick exact listing, fill Buy URL + Supplier Price",163,NG-DRN-004,DJI RS 4 - 3-Axis Gimbal Stabilizer for Professional Cameras,Drones & Robotics,3099,2,Alibaba,https://www.alibaba.com/trade/search?SearchText=DJI+RS+4+-+3-Axis+Gimbal+Stabilizer+for+Professional+Cameras,,,USD,Needs supplier verification,"Check MOQ, shipping terms, and verified supplier status before buying."
2,Medium,NO_REAL_PRICE_REFERENCE,"Open search URL, pick exact listing, fill Buy URL + Supplier Price",163,NG-DRN-004,DJI RS 4 - 3-Axis Gimbal Stabilizer for Professional Cameras,Drones & Robotics,3099,3,Amazon.sa,https://www.amazon.sa/s?k=DJI+RS+4+-+3-Axis+Gimbal+Stabilizer+for+Professional+Cameras,,,SAR,Needs supplier verification,Uses existing Amazon reference URL and price when the workbook has them.
2,Medium,NO_REAL_PRICE_REFERENCE,"Open search URL, pick exact listing, fill Buy URL + Supplier Price",163,NG-DRN-004,DJI RS 4 - 3-Axis Gimbal Stabilizer for Professional Cameras,Drones & Robotics,3099,4,Noon,https://www.noon.com/saudi-en/search/?q=DJI+RS+4+-+3-Axis+Gimbal+Stabilizer+for+Professional+Cameras,,,SAR,Needs supplier verification,"Verify seller rating, warranty, and marketplace fulfillment before buying."
2,Medium,NO_REAL_PRICE_REFERENCE,"Open search URL, pick exact listing, fill Buy URL + Supplier Price",163,NG-DRN-004,DJI RS 4 - 3-Axis Gimbal Stabilizer for Professional Cameras,Drones & Robotics,3099,5,B&H Photo,https://www.bhphotovideo.com/c/search?Ntt=DJI+RS+4+-+3-Axis+Gimbal+Stabilizer+for+Professional+Cameras&N=0&InitialSearch=yes&sts=ma,,,USD,Needs supplier verification,"Best for cameras, networking, creators, and computer hardware."
2,Medium,NO_REAL_PRICE_REFERENCE,"Open search URL, pick exact listing, fill Buy URL + Supplier Price",162,NG-DRN-005,Insta360 X4 - 8K 360-Degree Camera,Drones & Robotics,3499,1,AliExpress,https://www.aliexpress.com/wholesale?SearchText=Insta360+X4+-+8K+360-Degree+Camera,,,USD,Needs supplier verification,"Match exact product manually, then fill Buy URL and Supplier Price."
2,Medium,NO_REAL_PRICE_REFERENCE,"Open search URL, pick exact listing, fill Buy URL + Supplier Price",162,NG-DRN-005,Insta360 X4 - 8K 360-Degree Camera,Drones & Robotics,3499,2,Alibaba,https://www.alibaba.com/trade/search?SearchText=Insta360+X4+-+8K+360-Degree+Camera,,,USD,Needs supplier verification,"Check MOQ, shipping terms, and verified supplier status before buying."
2,Medium,NO_REAL_PRICE_REFERENCE,"Open search URL, pick exact listing, fill Buy URL + Supplier Price",162,NG-DRN-005,Insta360 X4 - 8K 360-Degree Camera,Drones & Robotics,3499,3,Amazon.sa,https://www.amazon.sa/s?k=Insta360+X4+-+8K+360-Degree+Camera,,,SAR,Needs supplier verification,Uses existing Amazon reference URL and price when the workbook has them.
2,Medium,NO_REAL_PRICE_REFERENCE,"Open search URL, pick exact listing, fill Buy URL + Supplier Price",162,NG-DRN-005,Insta360 X4 - 8K 360-Degree Camera,Drones & Robotics,3499,4,Noon,https://www.noon.com/saudi-en/search/?q=Insta360+X4+-+8K+360-Degree+Camera,,,SAR,Needs supplier verification,"Verify seller rating, warranty, and marketplace fulfillment before buying."
2,Medium,NO_REAL_PRICE_REFERENCE,"Open search URL, pick exact listing, fill Buy URL + Supplier Price",162,NG-DRN-005,Insta360 X4 - 8K 360-Degree Camera,Drones & Robotics,3499,5,B&H Photo,https://www.bhphotovideo.com/c/search?Ntt=Insta360+X4+-+8K+360-Degree+Camera&N=0&InitialSearch=yes&sts=ma,,,USD,Needs supplier verification,"Best for cameras, networking, creators, and computer hardware."
2,Medium,NO_REAL_PRICE_REFERENCE,"Open search URL, pick exact listing, fill Buy URL + Supplier Price",161,NG-DRN-006,FIMI X8 Mini V2 - 4K Drone at 245g with Competitive Pricing,Drones & Robotics,2399,1,AliExpress,https://www.aliexpress.com/wholesale?SearchText=FIMI+X8+Mini+V2+-+4K+Drone+at+245g+with+Competitive+Pricing,,,USD,Needs supplier verification,"Match exact product manually, then fill Buy URL and Supplier Price."
2,Medium,NO_REAL_PRICE_REFERENCE,"Open search URL, pick exact listing, fill Buy URL + Supplier Price",161,NG-DRN-006,FIMI X8 Mini V2 - 4K Drone at 245g with Competitive Pricing,Drones & Robotics,2399,2,Alibaba,https://www.alibaba.com/trade/search?SearchText=FIMI+X8+Mini+V2+-+4K+Drone+at+245g+with+Competitive+Pricing,,,USD,Needs supplier verification,"Check MOQ, shipping terms, and verified supplier status before buying."
2,Medium,NO_REAL_PRICE_REFERENCE,"Open search URL, pick exact listing, fill Buy URL + Supplier Price",161,NG-DRN-006,FIMI X8 Mini V2 - 4K Drone at 245g with Competitive Pricing,Drones & Robotics,2399,3,Amazon.sa,https://www.amazon.sa/s?k=FIMI+X8+Mini+V2+-+4K+Drone+at+245g+with+Competitive+Pricing,,,SAR,Needs supplier verification,Uses existing Amazon reference URL and price when the workbook has them.
2,Medium,NO_REAL_PRICE_REFERENCE,"Open search URL, pick exact listing, fill Buy URL + Supplier Price",161,NG-DRN-006,FIMI X8 Mini V2 - 4K Drone at 245g with Competitive Pricing,Drones & Robotics,2399,4,Noon,https://www.noon.com/saudi-en/search/?q=FIMI+X8+Mini+V2+-+4K+Drone+at+245g+with+Competitive+Pricing,,,SAR,Needs supplier verification,"Verify seller rating, warranty, and marketplace fulfillment before buying."
2,Medium,NO_REAL_PRICE_REFERENCE,"Open search URL, pick exact listing, fill Buy URL + Supplier Price",161,NG-DRN-006,FIMI X8 Mini V2 - 4K Drone at 245g with Competitive Pricing,Drones & Robotics,2399,5,B&H Photo,https://www.bhphotovideo.com/c/search?Ntt=FIMI+X8+Mini+V2+-+4K+Drone+at+245g+with+Competitive+Pricing&N=0&InitialSearch=yes&sts=ma,,,USD,Needs supplier verification,"Best for cameras, networking, creators, and computer hardware."
2,Medium,NO_REAL_PRICE_REFERENCE,"Open search URL, pick exact listing, fill Buy URL + Supplier Price",160,NG-DRN-007,"Roborock S8 MaxV Ultra - Smart Robot Vacuum with 10,000Pa Suction",Smart Home & IoT,7699,1,AliExpress,https://www.aliexpress.com/wholesale?SearchText=Roborock+S8+MaxV+Ultra+-+Smart+Robot+Vacuum+with+10%2C000Pa+Suction,,,USD,Needs supplier verification,"Match exact product manually, then fill Buy URL and Supplier Price."
2,Medium,NO_REAL_PRICE_REFERENCE,"Open search URL, pick exact listing, fill Buy URL + Supplier Price",160,NG-DRN-007,"Roborock S8 MaxV Ultra - Smart Robot Vacuum with 10,000Pa Suction",Smart Home & IoT,7699,2,Alibaba,https://www.alibaba.com/trade/search?SearchText=Roborock+S8+MaxV+Ultra+-+Smart+Robot+Vacuum+with+10%2C000Pa+Suction,,,USD,Needs supplier verification,"Check MOQ, shipping terms, and verified supplier status before buying."
2,Medium,NO_REAL_PRICE_REFERENCE,"Open search URL, pick exact listing, fill Buy URL + Supplier Price",160,NG-DRN-007,"Roborock S8 MaxV Ultra - Smart Robot Vacuum with 10,000Pa Suction",Smart Home & IoT,7699,3,Amazon.sa,https://www.amazon.sa/s?k=Roborock+S8+MaxV+Ultra+-+Smart+Robot+Vacuum+with+10%2C000Pa+Suction,,,SAR,Needs supplier verification,Uses existing Amazon reference URL and price when the workbook has them.
2,Medium,NO_REAL_PRICE_REFERENCE,"Open search URL, pick exact listing, fill Buy URL + Supplier Price",160,NG-DRN-007,"Roborock S8 MaxV Ultra - Smart Robot Vacuum with 10,000Pa Suction",Smart Home & IoT,7699,4,Noon,https://www.noon.com/saudi-en/search/?q=Roborock+S8+MaxV+Ultra+-+Smart+Robot+Vacuum+with+10%2C000Pa+Suction,,,SAR,Needs supplier verification,"Verify seller rating, warranty, and marketplace fulfillment before buying."
2,Medium,NO_REAL_PRICE_REFERENCE,"Open search URL, pick exact listing, fill Buy URL + Supplier Price",160,NG-DRN-007,"Roborock S8 MaxV Ultra - Smart Robot Vacuum with 10,000Pa Suction",Smart Home & IoT,7699,5,B&H Photo,https://www.bhphotovideo.com/c/search?Ntt=Roborock+S8+MaxV+Ultra+-+Smart+Robot+Vacuum+with+10%2C000Pa+Suction&N=0&InitialSearch=yes&sts=ma,,,USD,Needs supplier verification,"Best for cameras, networking, creators, and computer hardware."
2,Medium,NO_REAL_PRICE_REFERENCE,"Open search URL, pick exact listing, fill Buy URL + Supplier Price",159,NG-DRN-008,DJI Pocket 3 - Pocket-Sized Gimbal Camera with 1-Inch Sensor,Drones & Robotics,2999,1,AliExpress,https://www.aliexpress.com/wholesale?SearchText=DJI+Pocket+3+-+Pocket-Sized+Gimbal+Camera+with+1-Inch+Sensor,,,USD,Needs supplier verification,"Match exact product manually, then fill Buy URL and Supplier Price."
2,Medium,NO_REAL_PRICE_REFERENCE,"Open search URL, pick exact listing, fill Buy URL + Supplier Price",159,NG-DRN-008,DJI Pocket 3 - Pocket-Sized Gimbal Camera with 1-Inch Sensor,Drones & Robotics,2999,2,Alibaba,https://www.alibaba.com/trade/search?SearchText=DJI+Pocket+3+-+Pocket-Sized+Gimbal+Camera+with+1-Inch+Sensor,,,USD,Needs supplier verification,"Check MOQ, shipping terms, and verified supplier status before buying."
2,Medium,NO_REAL_PRICE_REFERENCE,"Open search URL, pick exact listing, fill Buy URL + Supplier Price",159,NG-DRN-008,DJI Pocket 3 - Pocket-Sized Gimbal Camera with 1-Inch Sensor,Drones & Robotics,2999,3,Amazon.sa,https://www.amazon.sa/s?k=DJI+Pocket+3+-+Pocket-Sized+Gimbal+Camera+with+1-Inch+Sensor,,,SAR,Needs supplier verification,Uses existing Amazon reference URL and price when the workbook has them.
2,Medium,NO_REAL_PRICE_REFERENCE,"Open search URL, pick exact listing, fill Buy URL + Supplier Price",159,NG-DRN-008,DJI Pocket 3 - Pocket-Sized Gimbal Camera with 1-Inch Sensor,Drones & Robotics,2999,4,Noon,https://www.noon.com/saudi-en/search/?q=DJI+Pocket+3+-+Pocket-Sized+Gimbal+Camera+with+1-Inch+Sensor,,,SAR,Needs supplier verification,"Verify seller rating, warranty, and marketplace fulfillment before buying."
2,Medium,NO_REAL_PRICE_REFERENCE,"Open search URL, pick exact listing, fill Buy URL + Supplier Price",159,NG-DRN-008,DJI Pocket 3 - Pocket-Sized Gimbal Camera with 1-Inch Sensor,Drones & Robotics,2999,5,B&H Photo,https://www.bhphotovideo.com/c/search?Ntt=DJI+Pocket+3+-+Pocket-Sized+Gimbal+Camera+with+1-Inch+Sensor&N=0&InitialSearch=yes&sts=ma,,,USD,Needs supplier verification,"Best for cameras, networking, creators, and computer hardware."
2,Medium,NO_REAL_PRICE_REFERENCE,"Open search URL, pick exact listing, fill Buy URL + Supplier Price",251,NG-ENT-001,"Dell PowerEdge R730 Refurbished Server - Enterprise Power, Smart Investment",Homelab,8099,1,AliExpress,https://www.aliexpress.com/wholesale?SearchText=Dell+PowerEdge+R730+Refurbished+Server+-+Enterprise+Power%2C+Smart+Investment,,,USD,Needs supplier verification,"Match exact product manually, then fill Buy URL and Supplier Price."
2,Medium,NO_REAL_PRICE_REFERENCE,"Open search URL, pick exact listing, fill Buy URL + Supplier Price",251,NG-ENT-001,"Dell PowerEdge R730 Refurbished Server - Enterprise Power, Smart Investment",Homelab,8099,2,Alibaba,https://www.alibaba.com/trade/search?SearchText=Dell+PowerEdge+R730+Refurbished+Server+-+Enterprise+Power%2C+Smart+Investment,,,USD,Needs supplier verification,"Check MOQ, shipping terms, and verified supplier status before buying."
2,Medium,NO_REAL_PRICE_REFERENCE,"Open search URL, pick exact listing, fill Buy URL + Supplier Price",251,NG-ENT-001,"Dell PowerEdge R730 Refurbished Server - Enterprise Power, Smart Investment",Homelab,8099,3,Amazon.sa,https://www.amazon.sa/s?k=Dell+PowerEdge+R730+Refurbished+Server+-+Enterprise+Power%2C+Smart+Investment,,,SAR,Needs supplier verification,Uses existing Amazon reference URL and price when the workbook has them.
2,Medium,NO_REAL_PRICE_REFERENCE,"Open search URL, pick exact listing, fill Buy URL + Supplier Price",251,NG-ENT-001,"Dell PowerEdge R730 Refurbished Server - Enterprise Power, Smart Investment",Homelab,8099,4,Noon,https://www.noon.com/saudi-en/search/?q=Dell+PowerEdge+R730+Refurbished+Server+-+Enterprise+Power%2C+Smart+Investment,,,SAR,Needs supplier verification,"Verify seller rating, warranty, and marketplace fulfillment before buying."
2,Medium,NO_REAL_PRICE_REFERENCE,"Open search URL, pick exact listing, fill Buy URL + Supplier Price",251,NG-ENT-001,"Dell PowerEdge R730 Refurbished Server - Enterprise Power, Smart Investment",Homelab,8099,5,B&H Photo,https://www.bhphotovideo.com/c/search?Ntt=Dell+PowerEdge+R730+Refurbished+Server+-+Enterprise+Power%2C+Smart+Investment&N=0&InitialSearch=yes&sts=ma,,,USD,Needs supplier verification,"Best for cameras, networking, creators, and computer hardware."
2,Medium,NO_REAL_PRICE_REFERENCE,"Open search URL, pick exact listing, fill Buy URL + Supplier Price",250,NG-ENT-002,Asustor Lockerstor 4 (AS6604T) - Professional 4-Bay NAS for Creators,Homelab,3099,1,AliExpress,https://www.aliexpress.com/wholesale?SearchText=Asustor+Lockerstor+4+%28AS6604T%29+-+Professional+4-Bay+NAS+for+Creators,,,USD,Needs supplier verification,"Match exact product manually, then fill Buy URL and Supplier Price."
2,Medium,NO_REAL_PRICE_REFERENCE,"Open search URL, pick exact listing, fill Buy URL + Supplier Price",250,NG-ENT-002,Asustor Lockerstor 4 (AS6604T) - Professional 4-Bay NAS for Creators,Homelab,3099,2,Alibaba,https://www.alibaba.com/trade/search?SearchText=Asustor+Lockerstor+4+%28AS6604T%29+-+Professional+4-Bay+NAS+for+Creators,,,USD,Needs supplier verification,"Check MOQ, shipping terms, and verified supplier status before buying."
2,Medium,NO_REAL_PRICE_REFERENCE,"Open search URL, pick exact listing, fill Buy URL + Supplier Price",250,NG-ENT-002,Asustor Lockerstor 4 (AS6604T) - Professional 4-Bay NAS for Creators,Homelab,3099,3,Amazon.sa,https://www.amazon.sa/s?k=Asustor+Lockerstor+4+%28AS6604T%29+-+Professional+4-Bay+NAS+for+Creators,,,SAR,Needs supplier verification,Uses existing Amazon reference URL and price when the workbook has them.
2,Medium,NO_REAL_PRICE_REFERENCE,"Open search URL, pick exact listing, fill Buy URL + Supplier Price",250,NG-ENT-002,Asustor Lockerstor 4 (AS6604T) - Professional 4-Bay NAS for Creators,Homelab,3099,4,Noon,https://www.noon.com/saudi-en/search/?q=Asustor+Lockerstor+4+%28AS6604T%29+-+Professional+4-Bay+NAS+for+Creators,,,SAR,Needs supplier verification,"Verify seller rating, warranty, and marketplace fulfillment before buying."
2,Medium,NO_REAL_PRICE_REFERENCE,"Open search URL, pick exact listing, fill Buy URL + Supplier Price",250,NG-ENT-002,Asustor Lockerstor 4 (AS6604T) - Professional 4-Bay NAS for Creators,Homelab,3099,5,B&H Photo,https://www.bhphotovideo.com/c/search?Ntt=Asustor+Lockerstor+4+%28AS6604T%29+-+Professional+4-Bay+NAS+for+Creators&N=0&InitialSearch=yes&sts=ma,,,USD,Needs supplier verification,"Best for cameras, networking, creators, and computer hardware."
2,Medium,NO_REAL_PRICE_REFERENCE,"Open search URL, pick exact listing, fill Buy URL + Supplier Price",247,NG-ENT-005,Asustor Flashstor 6 (FS6706T) - All-NVMe SSD NAS for Extreme Performance,Homelab,3099,1,AliExpress,https://www.aliexpress.com/wholesale?SearchText=Asustor+Flashstor+6+%28FS6706T%29+-+All-NVMe+SSD+NAS+for+Extreme+Performance,,,USD,Needs supplier verification,"Match exact product manually, then fill Buy URL and Supplier Price."
2,Medium,NO_REAL_PRICE_REFERENCE,"Open search URL, pick exact listing, fill Buy URL + Supplier Price",247,NG-ENT-005,Asustor Flashstor 6 (FS6706T) - All-NVMe SSD NAS for Extreme Performance,Homelab,3099,2,Alibaba,https://www.alibaba.com/trade/search?SearchText=Asustor+Flashstor+6+%28FS6706T%29+-+All-NVMe+SSD+NAS+for+Extreme+Performance,,,USD,Needs supplier verification,"Check MOQ, shipping terms, and verified supplier status before buying."
2,Medium,NO_REAL_PRICE_REFERENCE,"Open search URL, pick exact listing, fill Buy URL + Supplier Price",247,NG-ENT-005,Asustor Flashstor 6 (FS6706T) - All-NVMe SSD NAS for Extreme Performance,Homelab,3099,3,Amazon.sa,https://www.amazon.sa/s?k=Asustor+Flashstor+6+%28FS6706T%29+-+All-NVMe+SSD+NAS+for+Extreme+Performance,,,SAR,Needs supplier verification,Uses existing Amazon reference URL and price when the workbook has them.
2,Medium,NO_REAL_PRICE_REFERENCE,"Open search URL, pick exact listing, fill Buy URL + Supplier Price",247,NG-ENT-005,Asustor Flashstor 6 (FS6706T) - All-NVMe SSD NAS for Extreme Performance,Homelab,3099,4,Noon,https://www.noon.com/saudi-en/search/?q=Asustor+Flashstor+6+%28FS6706T%29+-+All-NVMe+SSD+NAS+for+Extreme+Performance,,,SAR,Needs supplier verification,"Verify seller rating, warranty, and marketplace fulfillment before buying."
2,Medium,NO_REAL_PRICE_REFERENCE,"Open search URL, pick exact listing, fill Buy URL + Supplier Price",247,NG-ENT-005,Asustor Flashstor 6 (FS6706T) - All-NVMe SSD NAS for Extreme Performance,Homelab,3099,5,B&H Photo,https://www.bhphotovideo.com/c/search?Ntt=Asustor+Flashstor+6+%28FS6706T%29+-+All-NVMe+SSD+NAS+for+Extreme+Performance&N=0&InitialSearch=yes&sts=ma,,,USD,Needs supplier verification,"Best for cameras, networking, creators, and computer hardware."
2,Medium,NO_REAL_PRICE_REFERENCE,"Open search URL, pick exact listing, fill Buy URL + Supplier Price",231,NG-ENT-006,Synology DiskStation DS1621+ 6-Bay NAS - Enterprise Storage Powerhouse,Homelab,5599,1,AliExpress,https://www.aliexpress.com/wholesale?SearchText=Synology+DiskStation+DS1621%2B+6-Bay+NAS+-+Enterprise+Storage+Powerhouse,,,USD,Needs supplier verification,"Match exact product manually, then fill Buy URL and Supplier Price."
2,Medium,NO_REAL_PRICE_REFERENCE,"Open search URL, pick exact listing, fill Buy URL + Supplier Price",231,NG-ENT-006,Synology DiskStation DS1621+ 6-Bay NAS - Enterprise Storage Powerhouse,Homelab,5599,2,Alibaba,https://www.alibaba.com/trade/search?SearchText=Synology+DiskStation+DS1621%2B+6-Bay+NAS+-+Enterprise+Storage+Powerhouse,,,USD,Needs supplier verification,"Check MOQ, shipping terms, and verified supplier status before buying."
2,Medium,NO_REAL_PRICE_REFERENCE,"Open search URL, pick exact listing, fill Buy URL + Supplier Price",231,NG-ENT-006,Synology DiskStation DS1621+ 6-Bay NAS - Enterprise Storage Powerhouse,Homelab,5599,3,Amazon.sa,https://www.amazon.sa/s?k=Synology+DiskStation+DS1621%2B+6-Bay+NAS+-+Enterprise+Storage+Powerhouse,,,SAR,Needs supplier verification,Uses existing Amazon reference URL and price when the workbook has them.
2,Medium,NO_REAL_PRICE_REFERENCE,"Open search URL, pick exact listing, fill Buy URL + Supplier Price",231,NG-ENT-006,Synology DiskStation DS1621+ 6-Bay NAS - Enterprise Storage Powerhouse,Homelab,5599,4,Noon,https://www.noon.com/saudi-en/search/?q=Synology+DiskStation+DS1621%2B+6-Bay+NAS+-+Enterprise+Storage+Powerhouse,,,SAR,Needs supplier verification,"Verify seller rating, warranty, and marketplace fulfillment before buying."
2,Medium,NO_REAL_PRICE_REFERENCE,"Open search URL, pick exact listing, fill Buy URL + Supplier Price",231,NG-ENT-006,Synology DiskStation DS1621+ 6-Bay NAS - Enterprise Storage Powerhouse,Homelab,5599,5,B&H Photo,https://www.bhphotovideo.com/c/search?Ntt=Synology+DiskStation+DS1621%2B+6-Bay+NAS+-+Enterprise+Storage+Powerhouse&N=0&InitialSearch=yes&sts=ma,,,USD,Needs supplier verification,"Best for cameras, networking, creators, and computer hardware."
2,Medium,NO_REAL_PRICE_REFERENCE,"Open search URL, pick exact listing, fill Buy URL + Supplier Price",229,NG-ENT-008,APC Smart-UPS 1500VA LCD RM 2U (SMT1500RMI2U) - Pure Sine Wave Rack UPS,Homelab,4899,1,AliExpress,https://www.aliexpress.com/wholesale?SearchText=APC+Smart-UPS+1500VA+LCD+RM+2U+%28SMT1500RMI2U%29+-+Pure+Sine+Wave+Rack+UPS,,,USD,Needs supplier verification,"Match exact product manually, then fill Buy URL and Supplier Price."
2,Medium,NO_REAL_PRICE_REFERENCE,"Open search URL, pick exact listing, fill Buy URL + Supplier Price",229,NG-ENT-008,APC Smart-UPS 1500VA LCD RM 2U (SMT1500RMI2U) - Pure Sine Wave Rack UPS,Homelab,4899,2,Alibaba,https://www.alibaba.com/trade/search?SearchText=APC+Smart-UPS+1500VA+LCD+RM+2U+%28SMT1500RMI2U%29+-+Pure+Sine+Wave+Rack+UPS,,,USD,Needs supplier verification,"Check MOQ, shipping terms, and verified supplier status before buying."
2,Medium,NO_REAL_PRICE_REFERENCE,"Open search URL, pick exact listing, fill Buy URL + Supplier Price",229,NG-ENT-008,APC Smart-UPS 1500VA LCD RM 2U (SMT1500RMI2U) - Pure Sine Wave Rack UPS,Homelab,4899,3,Amazon.sa,https://www.amazon.sa/s?k=APC+Smart-UPS+1500VA+LCD+RM+2U+%28SMT1500RMI2U%29+-+Pure+Sine+Wave+Rack+UPS,,,SAR,Needs supplier verification,Uses existing Amazon reference URL and price when the workbook has them.
2,Medium,NO_REAL_PRICE_REFERENCE,"Open search URL, pick exact listing, fill Buy URL + Supplier Price",229,NG-ENT-008,APC Smart-UPS 1500VA LCD RM 2U (SMT1500RMI2U) - Pure Sine Wave Rack UPS,Homelab,4899,4,Noon,https://www.noon.com/saudi-en/search/?q=APC+Smart-UPS+1500VA+LCD+RM+2U+%28SMT1500RMI2U%29+-+Pure+Sine+Wave+Rack+UPS,,,SAR,Needs supplier verification,"Verify seller rating, warranty, and marketplace fulfillment before buying."
2,Medium,NO_REAL_PRICE_REFERENCE,"Open search URL, pick exact listing, fill Buy URL + Supplier Price",229,NG-ENT-008,APC Smart-UPS 1500VA LCD RM 2U (SMT1500RMI2U) - Pure Sine Wave Rack UPS,Homelab,4899,5,B&H Photo,https://www.bhphotovideo.com/c/search?Ntt=APC+Smart-UPS+1500VA+LCD+RM+2U+%28SMT1500RMI2U%29+-+Pure+Sine+Wave+Rack+UPS&N=0&InitialSearch=yes&sts=ma,,,USD,Needs supplier verification,"Best for cameras, networking, creators, and computer hardware."
2,Medium,NO_REAL_PRICE_REFERENCE,"Open search URL, pick exact listing, fill Buy URL + Supplier Price",227,NG-ENT-010,Ubiquiti UniFi Switch Pro 24 PoE (USW-Pro-24-PoE) - Smart Managed PoE+ Switch,Homelab,4199,1,AliExpress,https://www.aliexpress.com/wholesale?SearchText=Ubiquiti+UniFi+Switch+Pro+24+PoE+%28USW-Pro-24-PoE%29+-+Smart+Managed+PoE%2B+Switch,,,USD,Needs supplier verification,"Match exact product manually, then fill Buy URL and Supplier Price."
2,Medium,NO_REAL_PRICE_REFERENCE,"Open search URL, pick exact listing, fill Buy URL + Supplier Price",227,NG-ENT-010,Ubiquiti UniFi Switch Pro 24 PoE (USW-Pro-24-PoE) - Smart Managed PoE+ Switch,Homelab,4199,2,Alibaba,https://www.alibaba.com/trade/search?SearchText=Ubiquiti+UniFi+Switch+Pro+24+PoE+%28USW-Pro-24-PoE%29+-+Smart+Managed+PoE%2B+Switch,,,USD,Needs supplier verification,"Check MOQ, shipping terms, and verified supplier status before buying."
2,Medium,NO_REAL_PRICE_REFERENCE,"Open search URL, pick exact listing, fill Buy URL + Supplier Price",227,NG-ENT-010,Ubiquiti UniFi Switch Pro 24 PoE (USW-Pro-24-PoE) - Smart Managed PoE+ Switch,Homelab,4199,3,Amazon.sa,https://www.amazon.sa/s?k=Ubiquiti+UniFi+Switch+Pro+24+PoE+%28USW-Pro-24-PoE%29+-+Smart+Managed+PoE%2B+Switch,,,SAR,Needs supplier verification,Uses existing Amazon reference URL and price when the workbook has them.
2,Medium,NO_REAL_PRICE_REFERENCE,"Open search URL, pick exact listing, fill Buy URL + Supplier Price",227,NG-ENT-010,Ubiquiti UniFi Switch Pro 24 PoE (USW-Pro-24-PoE) - Smart Managed PoE+ Switch,Homelab,4199,4,Noon,https://www.noon.com/saudi-en/search/?q=Ubiquiti+UniFi+Switch+Pro+24+PoE+%28USW-Pro-24-PoE%29+-+Smart+Managed+PoE%2B+Switch,,,SAR,Needs supplier verification,"Verify seller rating, warranty, and marketplace fulfillment before buying."
2,Medium,NO_REAL_PRICE_REFERENCE,"Open search URL, pick exact listing, fill Buy URL + Supplier Price",227,NG-ENT-010,Ubiquiti UniFi Switch Pro 24 PoE (USW-Pro-24-PoE) - Smart Managed PoE+ Switch,Homelab,4199,5,B&H Photo,https://www.bhphotovideo.com/c/search?Ntt=Ubiquiti+UniFi+Switch+Pro+24+PoE+%28USW-Pro-24-PoE%29+-+Smart+Managed+PoE%2B+Switch&N=0&InitialSearch=yes&sts=ma,,,USD,Needs supplier verification,"Best for cameras, networking, creators, and computer hardware."
2,Medium,NO_REAL_PRICE_REFERENCE,"Open search URL, pick exact listing, fill Buy URL + Supplier Price",203,NG-GAM-002,Razer DeathAdder V3 HyperSpeed - Ultra-Light Wireless Gaming Mouse,Gaming,849,1,AliExpress,https://www.aliexpress.com/wholesale?SearchText=Razer+DeathAdder+V3+HyperSpeed+-+Ultra-Light+Wireless+Gaming+Mouse,,,USD,Needs supplier verification,"Match exact product manually, then fill Buy URL and Supplier Price."
2,Medium,NO_REAL_PRICE_REFERENCE,"Open search URL, pick exact listing, fill Buy URL + Supplier Price",203,NG-GAM-002,Razer DeathAdder V3 HyperSpeed - Ultra-Light Wireless Gaming Mouse,Gaming,849,2,Alibaba,https://www.alibaba.com/trade/search?SearchText=Razer+DeathAdder+V3+HyperSpeed+-+Ultra-Light+Wireless+Gaming+Mouse,,,USD,Needs supplier verification,"Check MOQ, shipping terms, and verified supplier status before buying."
2,Medium,NO_REAL_PRICE_REFERENCE,"Open search URL, pick exact listing, fill Buy URL + Supplier Price",203,NG-GAM-002,Razer DeathAdder V3 HyperSpeed - Ultra-Light Wireless Gaming Mouse,Gaming,849,3,Amazon.sa,https://www.amazon.sa/s?k=Razer+DeathAdder+V3+HyperSpeed+-+Ultra-Light+Wireless+Gaming+Mouse,,,SAR,Needs supplier verification,Uses existing Amazon reference URL and price when the workbook has them.
2,Medium,NO_REAL_PRICE_REFERENCE,"Open search URL, pick exact listing, fill Buy URL + Supplier Price",203,NG-GAM-002,Razer DeathAdder V3 HyperSpeed - Ultra-Light Wireless Gaming Mouse,Gaming,849,4,Noon,https://www.noon.com/saudi-en/search/?q=Razer+DeathAdder+V3+HyperSpeed+-+Ultra-Light+Wireless+Gaming+Mouse,,,SAR,Needs supplier verification,"Verify seller rating, warranty, and marketplace fulfillment before buying."
2,Medium,NO_REAL_PRICE_REFERENCE,"Open search URL, pick exact listing, fill Buy URL + Supplier Price",203,NG-GAM-002,Razer DeathAdder V3 HyperSpeed - Ultra-Light Wireless Gaming Mouse,Gaming,849,5,B&H Photo,https://www.bhphotovideo.com/c/search?Ntt=Razer+DeathAdder+V3+HyperSpeed+-+Ultra-Light+Wireless+Gaming+Mouse&N=0&InitialSearch=yes&sts=ma,,,USD,Needs supplier verification,"Best for cameras, networking, creators, and computer hardware."
2,Medium,NO_REAL_PRICE_REFERENCE,"Open search URL, pick exact listing, fill Buy URL + Supplier Price",202,NG-GAM-003,HyperX Cloud III Wireless - Premium Wireless Gaming Headset,Gaming,999,1,AliExpress,https://www.aliexpress.com/wholesale?SearchText=HyperX+Cloud+III+Wireless+-+Premium+Wireless+Gaming+Headset,,,USD,Needs supplier verification,"Match exact product manually, then fill Buy URL and Supplier Price."
2,Medium,NO_REAL_PRICE_REFERENCE,"Open search URL, pick exact listing, fill Buy URL + Supplier Price",202,NG-GAM-003,HyperX Cloud III Wireless - Premium Wireless Gaming Headset,Gaming,999,2,Alibaba,https://www.alibaba.com/trade/search?SearchText=HyperX+Cloud+III+Wireless+-+Premium+Wireless+Gaming+Headset,,,USD,Needs supplier verification,"Check MOQ, shipping terms, and verified supplier status before buying."
2,Medium,NO_REAL_PRICE_REFERENCE,"Open search URL, pick exact listing, fill Buy URL + Supplier Price",202,NG-GAM-003,HyperX Cloud III Wireless - Premium Wireless Gaming Headset,Gaming,999,3,Amazon.sa,https://www.amazon.sa/s?k=HyperX+Cloud+III+Wireless+-+Premium+Wireless+Gaming+Headset,,,SAR,Needs supplier verification,Uses existing Amazon reference URL and price when the workbook has them.
2,Medium,NO_REAL_PRICE_REFERENCE,"Open search URL, pick exact listing, fill Buy URL + Supplier Price",202,NG-GAM-003,HyperX Cloud III Wireless - Premium Wireless Gaming Headset,Gaming,999,4,Noon,https://www.noon.com/saudi-en/search/?q=HyperX+Cloud+III+Wireless+-+Premium+Wireless+Gaming+Headset,,,SAR,Needs supplier verification,"Verify seller rating, warranty, and marketplace fulfillment before buying."
2,Medium,NO_REAL_PRICE_REFERENCE,"Open search URL, pick exact listing, fill Buy URL + Supplier Price",202,NG-GAM-003,HyperX Cloud III Wireless - Premium Wireless Gaming Headset,Gaming,999,5,B&H Photo,https://www.bhphotovideo.com/c/search?Ntt=HyperX+Cloud+III+Wireless+-+Premium+Wireless+Gaming+Headset&N=0&InitialSearch=yes&sts=ma,,,USD,Needs supplier verification,"Best for cameras, networking, creators, and computer hardware."
2,Medium,NO_REAL_PRICE_REFERENCE,"Open search URL, pick exact listing, fill Buy URL + Supplier Price",201,NG-GAM-004,Razer BlackWidow V4 75% - Compact Mechanical Gaming Keyboard,Gaming,1199,1,AliExpress,https://www.aliexpress.com/wholesale?SearchText=Razer+BlackWidow+V4+75%25+-+Compact+Mechanical+Gaming+Keyboard,,,USD,Needs supplier verification,"Match exact product manually, then fill Buy URL and Supplier Price."
2,Medium,NO_REAL_PRICE_REFERENCE,"Open search URL, pick exact listing, fill Buy URL + Supplier Price",201,NG-GAM-004,Razer BlackWidow V4 75% - Compact Mechanical Gaming Keyboard,Gaming,1199,2,Alibaba,https://www.alibaba.com/trade/search?SearchText=Razer+BlackWidow+V4+75%25+-+Compact+Mechanical+Gaming+Keyboard,,,USD,Needs supplier verification,"Check MOQ, shipping terms, and verified supplier status before buying."
2,Medium,NO_REAL_PRICE_REFERENCE,"Open search URL, pick exact listing, fill Buy URL + Supplier Price",201,NG-GAM-004,Razer BlackWidow V4 75% - Compact Mechanical Gaming Keyboard,Gaming,1199,3,Amazon.sa,https://www.amazon.sa/s?k=Razer+BlackWidow+V4+75%25+-+Compact+Mechanical+Gaming+Keyboard,,,SAR,Needs supplier verification,Uses existing Amazon reference URL and price when the workbook has them.
2,Medium,NO_REAL_PRICE_REFERENCE,"Open search URL, pick exact listing, fill Buy URL + Supplier Price",201,NG-GAM-004,Razer BlackWidow V4 75% - Compact Mechanical Gaming Keyboard,Gaming,1199,4,Noon,https://www.noon.com/saudi-en/search/?q=Razer+BlackWidow+V4+75%25+-+Compact+Mechanical+Gaming+Keyboard,,,SAR,Needs supplier verification,"Verify seller rating, warranty, and marketplace fulfillment before buying."
2,Medium,NO_REAL_PRICE_REFERENCE,"Open search URL, pick exact listing, fill Buy URL + Supplier Price",201,NG-GAM-004,Razer BlackWidow V4 75% - Compact Mechanical Gaming Keyboard,Gaming,1199,5,B&H Photo,https://www.bhphotovideo.com/c/search?Ntt=Razer+BlackWidow+V4+75%25+-+Compact+Mechanical+Gaming+Keyboard&N=0&InitialSearch=yes&sts=ma,,,USD,Needs supplier verification,"Best for cameras, networking, creators, and computer hardware."
2,Medium,NO_REAL_PRICE_REFERENCE,"Open search URL, pick exact listing, fill Buy URL + Supplier Price",200,NG-GAM-005,Elgato HD60 X - External Capture Card for Streaming and Recording,Gaming,1249,1,AliExpress,https://www.aliexpress.com/wholesale?SearchText=Elgato+HD60+X+-+External+Capture+Card+for+Streaming+and+Recording,,,USD,Needs supplier verification,"Match exact product manually, then fill Buy URL and Supplier Price."
2,Medium,NO_REAL_PRICE_REFERENCE,"Open search URL, pick exact listing, fill Buy URL + Supplier Price",200,NG-GAM-005,Elgato HD60 X - External Capture Card for Streaming and Recording,Gaming,1249,2,Alibaba,https://www.alibaba.com/trade/search?SearchText=Elgato+HD60+X+-+External+Capture+Card+for+Streaming+and+Recording,,,USD,Needs supplier verification,"Check MOQ, shipping terms, and verified supplier status before buying."
2,Medium,NO_REAL_PRICE_REFERENCE,"Open search URL, pick exact listing, fill Buy URL + Supplier Price",200,NG-GAM-005,Elgato HD60 X - External Capture Card for Streaming and Recording,Gaming,1249,3,Amazon.sa,https://www.amazon.sa/s?k=Elgato+HD60+X+-+External+Capture+Card+for+Streaming+and+Recording,,,SAR,Needs supplier verification,Uses existing Amazon reference URL and price when the workbook has them.
2,Medium,NO_REAL_PRICE_REFERENCE,"Open search URL, pick exact listing, fill Buy URL + Supplier Price",200,NG-GAM-005,Elgato HD60 X - External Capture Card for Streaming and Recording,Gaming,1249,4,Noon,https://www.noon.com/saudi-en/search/?q=Elgato+HD60+X+-+External+Capture+Card+for+Streaming+and+Recording,,,SAR,Needs supplier verification,"Verify seller rating, warranty, and marketplace fulfillment before buying."
2,Medium,NO_REAL_PRICE_REFERENCE,"Open search URL, pick exact listing, fill Buy URL + Supplier Price",200,NG-GAM-005,Elgato HD60 X - External Capture Card for Streaming and Recording,Gaming,1249,5,B&H Photo,https://www.bhphotovideo.com/c/search?Ntt=Elgato+HD60+X+-+External+Capture+Card+for+Streaming+and+Recording&N=0&InitialSearch=yes&sts=ma,,,USD,Needs supplier verification,"Best for cameras, networking, creators, and computer hardware."
2,Medium,NO_REAL_PRICE_REFERENCE,"Open search URL, pick exact listing, fill Buy URL + Supplier Price",199,NG-GAM-006,SteelSeries Arctis Nova 7 - Multi-Platform Wireless Gaming Headset,Gaming,1199,1,AliExpress,https://www.aliexpress.com/wholesale?SearchText=SteelSeries+Arctis+Nova+7+-+Multi-Platform+Wireless+Gaming+Headset,,,USD,Needs supplier verification,"Match exact product manually, then fill Buy URL and Supplier Price."
2,Medium,NO_REAL_PRICE_REFERENCE,"Open search URL, pick exact listing, fill Buy URL + Supplier Price",199,NG-GAM-006,SteelSeries Arctis Nova 7 - Multi-Platform Wireless Gaming Headset,Gaming,1199,2,Alibaba,https://www.alibaba.com/trade/search?SearchText=SteelSeries+Arctis+Nova+7+-+Multi-Platform+Wireless+Gaming+Headset,,,USD,Needs supplier verification,"Check MOQ, shipping terms, and verified supplier status before buying."
2,Medium,NO_REAL_PRICE_REFERENCE,"Open search URL, pick exact listing, fill Buy URL + Supplier Price",199,NG-GAM-006,SteelSeries Arctis Nova 7 - Multi-Platform Wireless Gaming Headset,Gaming,1199,3,Amazon.sa,https://www.amazon.sa/s?k=SteelSeries+Arctis+Nova+7+-+Multi-Platform+Wireless+Gaming+Headset,,,SAR,Needs supplier verification,Uses existing Amazon reference URL and price when the workbook has them.
2,Medium,NO_REAL_PRICE_REFERENCE,"Open search URL, pick exact listing, fill Buy URL + Supplier Price",199,NG-GAM-006,SteelSeries Arctis Nova 7 - Multi-Platform Wireless Gaming Headset,Gaming,1199,4,Noon,https://www.noon.com/saudi-en/search/?q=SteelSeries+Arctis+Nova+7+-+Multi-Platform+Wireless+Gaming+Headset,,,SAR,Needs supplier verification,"Verify seller rating, warranty, and marketplace fulfillment before buying."
2,Medium,NO_REAL_PRICE_REFERENCE,"Open search URL, pick exact listing, fill Buy URL + Supplier Price",199,NG-GAM-006,SteelSeries Arctis Nova 7 - Multi-Platform Wireless Gaming Headset,Gaming,1199,5,B&H Photo,https://www.bhphotovideo.com/c/search?Ntt=SteelSeries+Arctis+Nova+7+-+Multi-Platform+Wireless+Gaming+Headset&N=0&InitialSearch=yes&sts=ma,,,USD,Needs supplier verification,"Best for cameras, networking, creators, and computer hardware."
2,Medium,NO_REAL_PRICE_REFERENCE,"Open search URL, pick exact listing, fill Buy URL + Supplier Price",197,NG-GAM-008,Razer Basilisk V3 X HyperSpeed - Versatile Wireless Gaming Mouse,Gaming,649,1,AliExpress,https://www.aliexpress.com/wholesale?SearchText=Razer+Basilisk+V3+X+HyperSpeed+-+Versatile+Wireless+Gaming+Mouse,,,USD,Needs supplier verification,"Match exact product manually, then fill Buy URL and Supplier Price."
2,Medium,NO_REAL_PRICE_REFERENCE,"Open search URL, pick exact listing, fill Buy URL + Supplier Price",197,NG-GAM-008,Razer Basilisk V3 X HyperSpeed - Versatile Wireless Gaming Mouse,Gaming,649,2,Alibaba,https://www.alibaba.com/trade/search?SearchText=Razer+Basilisk+V3+X+HyperSpeed+-+Versatile+Wireless+Gaming+Mouse,,,USD,Needs supplier verification,"Check MOQ, shipping terms, and verified supplier status before buying."
2,Medium,NO_REAL_PRICE_REFERENCE,"Open search URL, pick exact listing, fill Buy URL + Supplier Price",197,NG-GAM-008,Razer Basilisk V3 X HyperSpeed - Versatile Wireless Gaming Mouse,Gaming,649,3,Amazon.sa,https://www.amazon.sa/s?k=Razer+Basilisk+V3+X+HyperSpeed+-+Versatile+Wireless+Gaming+Mouse,,,SAR,Needs supplier verification,Uses existing Amazon reference URL and price when the workbook has them.
2,Medium,NO_REAL_PRICE_REFERENCE,"Open search URL, pick exact listing, fill Buy URL + Supplier Price",197,NG-GAM-008,Razer Basilisk V3 X HyperSpeed - Versatile Wireless Gaming Mouse,Gaming,649,4,Noon,https://www.noon.com/saudi-en/search/?q=Razer+Basilisk+V3+X+HyperSpeed+-+Versatile+Wireless+Gaming+Mouse,,,SAR,Needs supplier verification,"Verify seller rating, warranty, and marketplace fulfillment before buying."
2,Medium,NO_REAL_PRICE_REFERENCE,"Open search URL, pick exact listing, fill Buy URL + Supplier Price",197,NG-GAM-008,Razer Basilisk V3 X HyperSpeed - Versatile Wireless Gaming Mouse,Gaming,649,5,B&H Photo,https://www.bhphotovideo.com/c/search?Ntt=Razer+Basilisk+V3+X+HyperSpeed+-+Versatile+Wireless+Gaming+Mouse&N=0&InitialSearch=yes&sts=ma,,,USD,Needs supplier verification,"Best for cameras, networking, creators, and computer hardware."
2,Medium,NO_REAL_PRICE_REFERENCE,"Open search URL, pick exact listing, fill Buy URL + Supplier Price",196,NG-GAM-009,Corsair K70 RGB Pro - Legendary Mechanical Gaming Keyboard,Gaming,999,1,AliExpress,https://www.aliexpress.com/wholesale?SearchText=Corsair+K70+RGB+Pro+-+Legendary+Mechanical+Gaming+Keyboard,,,USD,Needs supplier verification,"Match exact product manually, then fill Buy URL and Supplier Price."
2,Medium,NO_REAL_PRICE_REFERENCE,"Open search URL, pick exact listing, fill Buy URL + Supplier Price",196,NG-GAM-009,Corsair K70 RGB Pro - Legendary Mechanical Gaming Keyboard,Gaming,999,2,Alibaba,https://www.alibaba.com/trade/search?SearchText=Corsair+K70+RGB+Pro+-+Legendary+Mechanical+Gaming+Keyboard,,,USD,Needs supplier verification,"Check MOQ, shipping terms, and verified supplier status before buying."
2,Medium,NO_REAL_PRICE_REFERENCE,"Open search URL, pick exact listing, fill Buy URL + Supplier Price",196,NG-GAM-009,Corsair K70 RGB Pro - Legendary Mechanical Gaming Keyboard,Gaming,999,3,Amazon.sa,https://www.amazon.sa/s?k=Corsair+K70+RGB+Pro+-+Legendary+Mechanical+Gaming+Keyboard,,,SAR,Needs supplier verification,Uses existing Amazon reference URL and price when the workbook has them.
2,Medium,NO_REAL_PRICE_REFERENCE,"Open search URL, pick exact listing, fill Buy URL + Supplier Price",196,NG-GAM-009,Corsair K70 RGB Pro - Legendary Mechanical Gaming Keyboard,Gaming,999,4,Noon,https://www.noon.com/saudi-en/search/?q=Corsair+K70+RGB+Pro+-+Legendary+Mechanical+Gaming+Keyboard,,,SAR,Needs supplier verification,"Verify seller rating, warranty, and marketplace fulfillment before buying."
2,Medium,NO_REAL_PRICE_REFERENCE,"Open search URL, pick exact listing, fill Buy URL + Supplier Price",196,NG-GAM-009,Corsair K70 RGB Pro - Legendary Mechanical Gaming Keyboard,Gaming,999,5,B&H Photo,https://www.bhphotovideo.com/c/search?Ntt=Corsair+K70+RGB+Pro+-+Legendary+Mechanical+Gaming+Keyboard&N=0&InitialSearch=yes&sts=ma,,,USD,Needs supplier verification,"Best for cameras, networking, creators, and computer hardware."
2,Medium,NO_REAL_PRICE_REFERENCE,"Open search URL, pick exact listing, fill Buy URL + Supplier Price",195,NG-GAM-010,BenQ Zowie XL2546K - 240Hz Esports Gaming Monitor,Gaming,2999,1,AliExpress,https://www.aliexpress.com/wholesale?SearchText=BenQ+Zowie+XL2546K+-+240Hz+Esports+Gaming+Monitor,,,USD,Needs supplier verification,"Match exact product manually, then fill Buy URL and Supplier Price."
2,Medium,NO_REAL_PRICE_REFERENCE,"Open search URL, pick exact listing, fill Buy URL + Supplier Price",195,NG-GAM-010,BenQ Zowie XL2546K - 240Hz Esports Gaming Monitor,Gaming,2999,2,Alibaba,https://www.alibaba.com/trade/search?SearchText=BenQ+Zowie+XL2546K+-+240Hz+Esports+Gaming+Monitor,,,USD,Needs supplier verification,"Check MOQ, shipping terms, and verified supplier status before buying."
2,Medium,NO_REAL_PRICE_REFERENCE,"Open search URL, pick exact listing, fill Buy URL + Supplier Price",195,NG-GAM-010,BenQ Zowie XL2546K - 240Hz Esports Gaming Monitor,Gaming,2999,3,Amazon.sa,https://www.amazon.sa/s?k=BenQ+Zowie+XL2546K+-+240Hz+Esports+Gaming+Monitor,,,SAR,Needs supplier verification,Uses existing Amazon reference URL and price when the workbook has them.
2,Medium,NO_REAL_PRICE_REFERENCE,"Open search URL, pick exact listing, fill Buy URL + Supplier Price",195,NG-GAM-010,BenQ Zowie XL2546K - 240Hz Esports Gaming Monitor,Gaming,2999,4,Noon,https://www.noon.com/saudi-en/search/?q=BenQ+Zowie+XL2546K+-+240Hz+Esports+Gaming+Monitor,,,SAR,Needs supplier verification,"Verify seller rating, warranty, and marketplace fulfillment before buying."
2,Medium,NO_REAL_PRICE_REFERENCE,"Open search URL, pick exact listing, fill Buy URL + Supplier Price",195,NG-GAM-010,BenQ Zowie XL2546K - 240Hz Esports Gaming Monitor,Gaming,2999,5,B&H Photo,https://www.bhphotovideo.com/c/search?Ntt=BenQ+Zowie+XL2546K+-+240Hz+Esports+Gaming+Monitor&N=0&InitialSearch=yes&sts=ma,,,USD,Needs supplier verification,"Best for cameras, networking, creators, and computer hardware."
2,Medium,NO_REAL_PRICE_REFERENCE,"Open search URL, pick exact listing, fill Buy URL + Supplier Price",193,NG-GAM-012,Elgato Wave:3 - Premium USB Condenser Microphone for Streaming,Gaming,1149,1,AliExpress,https://www.aliexpress.com/wholesale?SearchText=Elgato+Wave%3A3+-+Premium+USB+Condenser+Microphone+for+Streaming,,,USD,Needs supplier verification,"Match exact product manually, then fill Buy URL and Supplier Price."
2,Medium,NO_REAL_PRICE_REFERENCE,"Open search URL, pick exact listing, fill Buy URL + Supplier Price",193,NG-GAM-012,Elgato Wave:3 - Premium USB Condenser Microphone for Streaming,Gaming,1149,2,Alibaba,https://www.alibaba.com/trade/search?SearchText=Elgato+Wave%3A3+-+Premium+USB+Condenser+Microphone+for+Streaming,,,USD,Needs supplier verification,"Check MOQ, shipping terms, and verified supplier status before buying."
2,Medium,NO_REAL_PRICE_REFERENCE,"Open search URL, pick exact listing, fill Buy URL + Supplier Price",193,NG-GAM-012,Elgato Wave:3 - Premium USB Condenser Microphone for Streaming,Gaming,1149,3,Amazon.sa,https://www.amazon.sa/s?k=Elgato+Wave%3A3+-+Premium+USB+Condenser+Microphone+for+Streaming,,,SAR,Needs supplier verification,Uses existing Amazon reference URL and price when the workbook has them.
2,Medium,NO_REAL_PRICE_REFERENCE,"Open search URL, pick exact listing, fill Buy URL + Supplier Price",193,NG-GAM-012,Elgato Wave:3 - Premium USB Condenser Microphone for Streaming,Gaming,1149,4,Noon,https://www.noon.com/saudi-en/search/?q=Elgato+Wave%3A3+-+Premium+USB+Condenser+Microphone+for+Streaming,,,SAR,Needs supplier verification,"Verify seller rating, warranty, and marketplace fulfillment before buying."
2,Medium,NO_REAL_PRICE_REFERENCE,"Open search URL, pick exact listing, fill Buy URL + Supplier Price",193,NG-GAM-012,Elgato Wave:3 - Premium USB Condenser Microphone for Streaming,Gaming,1149,5,B&H Photo,https://www.bhphotovideo.com/c/search?Ntt=Elgato+Wave%3A3+-+Premium+USB+Condenser+Microphone+for+Streaming&N=0&InitialSearch=yes&sts=ma,,,USD,Needs supplier verification,"Best for cameras, networking, creators, and computer hardware."
2,Medium,NO_REAL_PRICE_REFERENCE,"Open search URL, pick exact listing, fill Buy URL + Supplier Price",241,NG-MKR-001,Raspberry Pi 5 8GB - The New Standard in Single Board Computing,Hardware,899,1,AliExpress,https://www.aliexpress.com/wholesale?SearchText=Raspberry+Pi+5+8GB+-+The+New+Standard+in+Single+Board+Computing,,,USD,Needs supplier verification,"Match exact product manually, then fill Buy URL and Supplier Price."
2,Medium,NO_REAL_PRICE_REFERENCE,"Open search URL, pick exact listing, fill Buy URL + Supplier Price",241,NG-MKR-001,Raspberry Pi 5 8GB - The New Standard in Single Board Computing,Hardware,899,2,Alibaba,https://www.alibaba.com/trade/search?SearchText=Raspberry+Pi+5+8GB+-+The+New+Standard+in+Single+Board+Computing,,,USD,Needs supplier verification,"Check MOQ, shipping terms, and verified supplier status before buying."
2,Medium,NO_REAL_PRICE_REFERENCE,"Open search URL, pick exact listing, fill Buy URL + Supplier Price",241,NG-MKR-001,Raspberry Pi 5 8GB - The New Standard in Single Board Computing,Hardware,899,3,Amazon.sa,https://www.amazon.sa/s?k=Raspberry+Pi+5+8GB+-+The+New+Standard+in+Single+Board+Computing,,,SAR,Needs supplier verification,Uses existing Amazon reference URL and price when the workbook has them.
2,Medium,NO_REAL_PRICE_REFERENCE,"Open search URL, pick exact listing, fill Buy URL + Supplier Price",241,NG-MKR-001,Raspberry Pi 5 8GB - The New Standard in Single Board Computing,Hardware,899,4,Noon,https://www.noon.com/saudi-en/search/?q=Raspberry+Pi+5+8GB+-+The+New+Standard+in+Single+Board+Computing,,,SAR,Needs supplier verification,"Verify seller rating, warranty, and marketplace fulfillment before buying."
2,Medium,NO_REAL_PRICE_REFERENCE,"Open search URL, pick exact listing, fill Buy URL + Supplier Price",241,NG-MKR-001,Raspberry Pi 5 8GB - The New Standard in Single Board Computing,Hardware,899,5,B&H Photo,https://www.bhphotovideo.com/c/search?Ntt=Raspberry+Pi+5+8GB+-+The+New+Standard+in+Single+Board+Computing&N=0&InitialSearch=yes&sts=ma,,,USD,Needs supplier verification,"Best for cameras, networking, creators, and computer hardware."
2,Medium,NO_REAL_PRICE_REFERENCE,"Open search URL, pick exact listing, fill Buy URL + Supplier Price",240,NG-MKR-002,Raspberry Pi 5 Ultimate Starter Kit - Everything You Need in One Box,Hardware,1149,1,AliExpress,https://www.aliexpress.com/wholesale?SearchText=Raspberry+Pi+5+Ultimate+Starter+Kit+-+Everything+You+Need+in+One+Box,,,USD,Needs supplier verification,"Match exact product manually, then fill Buy URL and Supplier Price."
2,Medium,NO_REAL_PRICE_REFERENCE,"Open search URL, pick exact listing, fill Buy URL + Supplier Price",240,NG-MKR-002,Raspberry Pi 5 Ultimate Starter Kit - Everything You Need in One Box,Hardware,1149,2,Alibaba,https://www.alibaba.com/trade/search?SearchText=Raspberry+Pi+5+Ultimate+Starter+Kit+-+Everything+You+Need+in+One+Box,,,USD,Needs supplier verification,"Check MOQ, shipping terms, and verified supplier status before buying."
2,Medium,NO_REAL_PRICE_REFERENCE,"Open search URL, pick exact listing, fill Buy URL + Supplier Price",240,NG-MKR-002,Raspberry Pi 5 Ultimate Starter Kit - Everything You Need in One Box,Hardware,1149,3,Amazon.sa,https://www.amazon.sa/s?k=Raspberry+Pi+5+Ultimate+Starter+Kit+-+Everything+You+Need+in+One+Box,,,SAR,Needs supplier verification,Uses existing Amazon reference URL and price when the workbook has them.
2,Medium,NO_REAL_PRICE_REFERENCE,"Open search URL, pick exact listing, fill Buy URL + Supplier Price",240,NG-MKR-002,Raspberry Pi 5 Ultimate Starter Kit - Everything You Need in One Box,Hardware,1149,4,Noon,https://www.noon.com/saudi-en/search/?q=Raspberry+Pi+5+Ultimate+Starter+Kit+-+Everything+You+Need+in+One+Box,,,SAR,Needs supplier verification,"Verify seller rating, warranty, and marketplace fulfillment before buying."
2,Medium,NO_REAL_PRICE_REFERENCE,"Open search URL, pick exact listing, fill Buy URL + Supplier Price",240,NG-MKR-002,Raspberry Pi 5 Ultimate Starter Kit - Everything You Need in One Box,Hardware,1149,5,B&H Photo,https://www.bhphotovideo.com/c/search?Ntt=Raspberry+Pi+5+Ultimate+Starter+Kit+-+Everything+You+Need+in+One+Box&N=0&InitialSearch=yes&sts=ma,,,USD,Needs supplier verification,"Best for cameras, networking, creators, and computer hardware."
2,Medium,NO_REAL_PRICE_REFERENCE,"Open search URL, pick exact listing, fill Buy URL + Supplier Price",239,NG-MKR-003,Keychron Q1 - Premium Full Aluminum Custom Mechanical Keyboard,Enthusiasts & Gamers,1449,1,AliExpress,https://www.aliexpress.com/wholesale?SearchText=Keychron+Q1+-+Premium+Full+Aluminum+Custom+Mechanical+Keyboard,,,USD,Needs supplier verification,"Match exact product manually, then fill Buy URL and Supplier Price."
2,Medium,NO_REAL_PRICE_REFERENCE,"Open search URL, pick exact listing, fill Buy URL + Supplier Price",239,NG-MKR-003,Keychron Q1 - Premium Full Aluminum Custom Mechanical Keyboard,Enthusiasts & Gamers,1449,2,Alibaba,https://www.alibaba.com/trade/search?SearchText=Keychron+Q1+-+Premium+Full+Aluminum+Custom+Mechanical+Keyboard,,,USD,Needs supplier verification,"Check MOQ, shipping terms, and verified supplier status before buying."
2,Medium,NO_REAL_PRICE_REFERENCE,"Open search URL, pick exact listing, fill Buy URL + Supplier Price",239,NG-MKR-003,Keychron Q1 - Premium Full Aluminum Custom Mechanical Keyboard,Enthusiasts & Gamers,1449,3,Amazon.sa,https://www.amazon.sa/s?k=Keychron+Q1+-+Premium+Full+Aluminum+Custom+Mechanical+Keyboard,,,SAR,Needs supplier verification,Uses existing Amazon reference URL and price when the workbook has them.
2,Medium,NO_REAL_PRICE_REFERENCE,"Open search URL, pick exact listing, fill Buy URL + Supplier Price",239,NG-MKR-003,Keychron Q1 - Premium Full Aluminum Custom Mechanical Keyboard,Enthusiasts & Gamers,1449,4,Noon,https://www.noon.com/saudi-en/search/?q=Keychron+Q1+-+Premium+Full+Aluminum+Custom+Mechanical+Keyboard,,,SAR,Needs supplier verification,"Verify seller rating, warranty, and marketplace fulfillment before buying."
2,Medium,NO_REAL_PRICE_REFERENCE,"Open search URL, pick exact listing, fill Buy URL + Supplier Price",239,NG-MKR-003,Keychron Q1 - Premium Full Aluminum Custom Mechanical Keyboard,Enthusiasts & Gamers,1449,5,B&H Photo,https://www.bhphotovideo.com/c/search?Ntt=Keychron+Q1+-+Premium+Full+Aluminum+Custom+Mechanical+Keyboard&N=0&InitialSearch=yes&sts=ma,,,USD,Needs supplier verification,"Best for cameras, networking, creators, and computer hardware."
2,Medium,NO_REAL_PRICE_REFERENCE,"Open search URL, pick exact listing, fill Buy URL + Supplier Price",237,NG-MKR-005,Elgato Stream Deck MK.2 - Professional Productivity Console with 15 LCD Keys,Enthusiasts & Gamers,1249,1,AliExpress,https://www.aliexpress.com/wholesale?SearchText=Elgato+Stream+Deck+MK.2+-+Professional+Productivity+Console+with+15+LCD+Keys,,,USD,Needs supplier verification,"Match exact product manually, then fill Buy URL and Supplier Price."
2,Medium,NO_REAL_PRICE_REFERENCE,"Open search URL, pick exact listing, fill Buy URL + Supplier Price",237,NG-MKR-005,Elgato Stream Deck MK.2 - Professional Productivity Console with 15 LCD Keys,Enthusiasts & Gamers,1249,2,Alibaba,https://www.alibaba.com/trade/search?SearchText=Elgato+Stream+Deck+MK.2+-+Professional+Productivity+Console+with+15+LCD+Keys,,,USD,Needs supplier verification,"Check MOQ, shipping terms, and verified supplier status before buying."
2,Medium,NO_REAL_PRICE_REFERENCE,"Open search URL, pick exact listing, fill Buy URL + Supplier Price",237,NG-MKR-005,Elgato Stream Deck MK.2 - Professional Productivity Console with 15 LCD Keys,Enthusiasts & Gamers,1249,3,Amazon.sa,https://www.amazon.sa/s?k=Elgato+Stream+Deck+MK.2+-+Professional+Productivity+Console+with+15+LCD+Keys,,,SAR,Needs supplier verification,Uses existing Amazon reference URL and price when the workbook has them.
2,Medium,NO_REAL_PRICE_REFERENCE,"Open search URL, pick exact listing, fill Buy URL + Supplier Price",237,NG-MKR-005,Elgato Stream Deck MK.2 - Professional Productivity Console with 15 LCD Keys,Enthusiasts & Gamers,1249,4,Noon,https://www.noon.com/saudi-en/search/?q=Elgato+Stream+Deck+MK.2+-+Professional+Productivity+Console+with+15+LCD+Keys,,,SAR,Needs supplier verification,"Verify seller rating, warranty, and marketplace fulfillment before buying."
2,Medium,NO_REAL_PRICE_REFERENCE,"Open search URL, pick exact listing, fill Buy URL + Supplier Price",237,NG-MKR-005,Elgato Stream Deck MK.2 - Professional Productivity Console with 15 LCD Keys,Enthusiasts & Gamers,1249,5,B&H Photo,https://www.bhphotovideo.com/c/search?Ntt=Elgato+Stream+Deck+MK.2+-+Professional+Productivity+Console+with+15+LCD+Keys&N=0&InitialSearch=yes&sts=ma,,,USD,Needs supplier verification,"Best for cameras, networking, creators, and computer hardware."
2,Medium,NO_REAL_PRICE_REFERENCE,"Open search URL, pick exact listing, fill Buy URL + Supplier Price",192,NG-MKR-006,Arduino Mega 2560 Rev3 - The Ultimate Microcontroller Board for Advanced Projects,Hardware,549,1,AliExpress,https://www.aliexpress.com/wholesale?SearchText=Arduino+Mega+2560+Rev3+-+The+Ultimate+Microcontroller+Board+for+Advanced+Projects,,,USD,Needs supplier verification,"Match exact product manually, then fill Buy URL and Supplier Price."
2,Medium,NO_REAL_PRICE_REFERENCE,"Open search URL, pick exact listing, fill Buy URL + Supplier Price",192,NG-MKR-006,Arduino Mega 2560 Rev3 - The Ultimate Microcontroller Board for Advanced Projects,Hardware,549,2,Alibaba,https://www.alibaba.com/trade/search?SearchText=Arduino+Mega+2560+Rev3+-+The+Ultimate+Microcontroller+Board+for+Advanced+Projects,,,USD,Needs supplier verification,"Check MOQ, shipping terms, and verified supplier status before buying."
2,Medium,NO_REAL_PRICE_REFERENCE,"Open search URL, pick exact listing, fill Buy URL + Supplier Price",192,NG-MKR-006,Arduino Mega 2560 Rev3 - The Ultimate Microcontroller Board for Advanced Projects,Hardware,549,3,Amazon.sa,https://www.amazon.sa/s?k=Arduino+Mega+2560+Rev3+-+The+Ultimate+Microcontroller+Board+for+Advanced+Projects,,,SAR,Needs supplier verification,Uses existing Amazon reference URL and price when the workbook has them.
2,Medium,NO_REAL_PRICE_REFERENCE,"Open search URL, pick exact listing, fill Buy URL + Supplier Price",192,NG-MKR-006,Arduino Mega 2560 Rev3 - The Ultimate Microcontroller Board for Advanced Projects,Hardware,549,4,Noon,https://www.noon.com/saudi-en/search/?q=Arduino+Mega+2560+Rev3+-+The+Ultimate+Microcontroller+Board+for+Advanced+Projects,,,SAR,Needs supplier verification,"Verify seller rating, warranty, and marketplace fulfillment before buying."
2,Medium,NO_REAL_PRICE_REFERENCE,"Open search URL, pick exact listing, fill Buy URL + Supplier Price",192,NG-MKR-006,Arduino Mega 2560 Rev3 - The Ultimate Microcontroller Board for Advanced Projects,Hardware,549,5,B&H Photo,https://www.bhphotovideo.com/c/search?Ntt=Arduino+Mega+2560+Rev3+-+The+Ultimate+Microcontroller+Board+for+Advanced+Projects&N=0&InitialSearch=yes&sts=ma,,,USD,Needs supplier verification,"Best for cameras, networking, creators, and computer hardware."
2,Medium,NO_REAL_PRICE_REFERENCE,"Open search URL, pick exact listing, fill Buy URL + Supplier Price",191,NG-MKR-007,Prusa Mini+ 3D Printer - Professional Precision in a Compact Package,Enthusiasts & Gamers,3299,1,AliExpress,https://www.aliexpress.com/wholesale?SearchText=Prusa+Mini%2B+3D+Printer+-+Professional+Precision+in+a+Compact+Package,,,USD,Needs supplier verification,"Match exact product manually, then fill Buy URL and Supplier Price."
2,Medium,NO_REAL_PRICE_REFERENCE,"Open search URL, pick exact listing, fill Buy URL + Supplier Price",191,NG-MKR-007,Prusa Mini+ 3D Printer - Professional Precision in a Compact Package,Enthusiasts & Gamers,3299,2,Alibaba,https://www.alibaba.com/trade/search?SearchText=Prusa+Mini%2B+3D+Printer+-+Professional+Precision+in+a+Compact+Package,,,USD,Needs supplier verification,"Check MOQ, shipping terms, and verified supplier status before buying."
2,Medium,NO_REAL_PRICE_REFERENCE,"Open search URL, pick exact listing, fill Buy URL + Supplier Price",191,NG-MKR-007,Prusa Mini+ 3D Printer - Professional Precision in a Compact Package,Enthusiasts & Gamers,3299,3,Amazon.sa,https://www.amazon.sa/s?k=Prusa+Mini%2B+3D+Printer+-+Professional+Precision+in+a+Compact+Package,,,SAR,Needs supplier verification,Uses existing Amazon reference URL and price when the workbook has them.
2,Medium,NO_REAL_PRICE_REFERENCE,"Open search URL, pick exact listing, fill Buy URL + Supplier Price",191,NG-MKR-007,Prusa Mini+ 3D Printer - Professional Precision in a Compact Package,Enthusiasts & Gamers,3299,4,Noon,https://www.noon.com/saudi-en/search/?q=Prusa+Mini%2B+3D+Printer+-+Professional+Precision+in+a+Compact+Package,,,SAR,Needs supplier verification,"Verify seller rating, warranty, and marketplace fulfillment before buying."
2,Medium,NO_REAL_PRICE_REFERENCE,"Open search URL, pick exact listing, fill Buy URL + Supplier Price",191,NG-MKR-007,Prusa Mini+ 3D Printer - Professional Precision in a Compact Package,Enthusiasts & Gamers,3299,5,B&H Photo,https://www.bhphotovideo.com/c/search?Ntt=Prusa+Mini%2B+3D+Printer+-+Professional+Precision+in+a+Compact+Package&N=0&InitialSearch=yes&sts=ma,,,USD,Needs supplier verification,"Best for cameras, networking, creators, and computer hardware."
2,Medium,NO_REAL_PRICE_REFERENCE,"Open search URL, pick exact listing, fill Buy URL + Supplier Price",189,NG-MKR-009,ESP32-S3 DevKit 10-Pack - Wi-Fi + Bluetooth 5 Microcontroller for Smart Projects,Hardware,699,1,AliExpress,https://www.aliexpress.com/wholesale?SearchText=ESP32-S3+DevKit+10-Pack+-+Wi-Fi+%2B+Bluetooth+5+Microcontroller+for+Smart+Projects,,,USD,Needs supplier verification,"Match exact product manually, then fill Buy URL and Supplier Price."
2,Medium,NO_REAL_PRICE_REFERENCE,"Open search URL, pick exact listing, fill Buy URL + Supplier Price",189,NG-MKR-009,ESP32-S3 DevKit 10-Pack - Wi-Fi + Bluetooth 5 Microcontroller for Smart Projects,Hardware,699,2,Alibaba,https://www.alibaba.com/trade/search?SearchText=ESP32-S3+DevKit+10-Pack+-+Wi-Fi+%2B+Bluetooth+5+Microcontroller+for+Smart+Projects,,,USD,Needs supplier verification,"Check MOQ, shipping terms, and verified supplier status before buying."
2,Medium,NO_REAL_PRICE_REFERENCE,"Open search URL, pick exact listing, fill Buy URL + Supplier Price",189,NG-MKR-009,ESP32-S3 DevKit 10-Pack - Wi-Fi + Bluetooth 5 Microcontroller for Smart Projects,Hardware,699,3,Amazon.sa,https://www.amazon.sa/s?k=ESP32-S3+DevKit+10-Pack+-+Wi-Fi+%2B+Bluetooth+5+Microcontroller+for+Smart+Projects,,,SAR,Needs supplier verification,Uses existing Amazon reference URL and price when the workbook has them.
2,Medium,NO_REAL_PRICE_REFERENCE,"Open search URL, pick exact listing, fill Buy URL + Supplier Price",189,NG-MKR-009,ESP32-S3 DevKit 10-Pack - Wi-Fi + Bluetooth 5 Microcontroller for Smart Projects,Hardware,699,4,Noon,https://www.noon.com/saudi-en/search/?q=ESP32-S3+DevKit+10-Pack+-+Wi-Fi+%2B+Bluetooth+5+Microcontroller+for+Smart+Projects,,,SAR,Needs supplier verification,"Verify seller rating, warranty, and marketplace fulfillment before buying."
2,Medium,NO_REAL_PRICE_REFERENCE,"Open search URL, pick exact listing, fill Buy URL + Supplier Price",189,NG-MKR-009,ESP32-S3 DevKit 10-Pack - Wi-Fi + Bluetooth 5 Microcontroller for Smart Projects,Hardware,699,5,B&H Photo,https://www.bhphotovideo.com/c/search?Ntt=ESP32-S3+DevKit+10-Pack+-+Wi-Fi+%2B+Bluetooth+5+Microcontroller+for+Smart+Projects&N=0&InitialSearch=yes&sts=ma,,,USD,Needs supplier verification,"Best for cameras, networking, creators, and computer hardware."
2,Medium,NO_REAL_PRICE_REFERENCE,"Open search URL, pick exact listing, fill Buy URL + Supplier Price",188,NG-MKR-010,Elegoo Mars 4 Ultra Resin 3D Printer - 9K Resolution for Stunning Detail,Enthusiasts & Gamers,2399,1,AliExpress,https://www.aliexpress.com/wholesale?SearchText=Elegoo+Mars+4+Ultra+Resin+3D+Printer+-+9K+Resolution+for+Stunning+Detail,,,USD,Needs supplier verification,"Match exact product manually, then fill Buy URL and Supplier Price."
2,Medium,NO_REAL_PRICE_REFERENCE,"Open search URL, pick exact listing, fill Buy URL + Supplier Price",188,NG-MKR-010,Elegoo Mars 4 Ultra Resin 3D Printer - 9K Resolution for Stunning Detail,Enthusiasts & Gamers,2399,2,Alibaba,https://www.alibaba.com/trade/search?SearchText=Elegoo+Mars+4+Ultra+Resin+3D+Printer+-+9K+Resolution+for+Stunning+Detail,,,USD,Needs supplier verification,"Check MOQ, shipping terms, and verified supplier status before buying."
2,Medium,NO_REAL_PRICE_REFERENCE,"Open search URL, pick exact listing, fill Buy URL + Supplier Price",188,NG-MKR-010,Elegoo Mars 4 Ultra Resin 3D Printer - 9K Resolution for Stunning Detail,Enthusiasts & Gamers,2399,3,Amazon.sa,https://www.amazon.sa/s?k=Elegoo+Mars+4+Ultra+Resin+3D+Printer+-+9K+Resolution+for+Stunning+Detail,,,SAR,Needs supplier verification,Uses existing Amazon reference URL and price when the workbook has them.
2,Medium,NO_REAL_PRICE_REFERENCE,"Open search URL, pick exact listing, fill Buy URL + Supplier Price",188,NG-MKR-010,Elegoo Mars 4 Ultra Resin 3D Printer - 9K Resolution for Stunning Detail,Enthusiasts & Gamers,2399,4,Noon,https://www.noon.com/saudi-en/search/?q=Elegoo+Mars+4+Ultra+Resin+3D+Printer+-+9K+Resolution+for+Stunning+Detail,,,SAR,Needs supplier verification,"Verify seller rating, warranty, and marketplace fulfillment before buying."
2,Medium,NO_REAL_PRICE_REFERENCE,"Open search URL, pick exact listing, fill Buy URL + Supplier Price",188,NG-MKR-010,Elegoo Mars 4 Ultra Resin 3D Printer - 9K Resolution for Stunning Detail,Enthusiasts & Gamers,2399,5,B&H Photo,https://www.bhphotovideo.com/c/search?Ntt=Elegoo+Mars+4+Ultra+Resin+3D+Printer+-+9K+Resolution+for+Stunning+Detail&N=0&InitialSearch=yes&sts=ma,,,USD,Needs supplier verification,"Best for cameras, networking, creators, and computer hardware."
2,Medium,NO_REAL_PRICE_REFERENCE,"Open search URL, pick exact listing, fill Buy URL + Supplier Price",216,NG-NET-001,MikroTik hAP ax3 - WiFi 6 Router with RouterOS Power,Networking,799,1,AliExpress,https://www.aliexpress.com/wholesale?SearchText=MikroTik+hAP+ax3+-+WiFi+6+Router+with+RouterOS+Power,,,USD,Needs supplier verification,"Match exact product manually, then fill Buy URL and Supplier Price."
2,Medium,NO_REAL_PRICE_REFERENCE,"Open search URL, pick exact listing, fill Buy URL + Supplier Price",216,NG-NET-001,MikroTik hAP ax3 - WiFi 6 Router with RouterOS Power,Networking,799,2,Alibaba,https://www.alibaba.com/trade/search?SearchText=MikroTik+hAP+ax3+-+WiFi+6+Router+with+RouterOS+Power,,,USD,Needs supplier verification,"Check MOQ, shipping terms, and verified supplier status before buying."
2,Medium,NO_REAL_PRICE_REFERENCE,"Open search URL, pick exact listing, fill Buy URL + Supplier Price",216,NG-NET-001,MikroTik hAP ax3 - WiFi 6 Router with RouterOS Power,Networking,799,3,Amazon.sa,https://www.amazon.sa/s?k=MikroTik+hAP+ax3+-+WiFi+6+Router+with+RouterOS+Power,,,SAR,Needs supplier verification,Uses existing Amazon reference URL and price when the workbook has them.
2,Medium,NO_REAL_PRICE_REFERENCE,"Open search URL, pick exact listing, fill Buy URL + Supplier Price",216,NG-NET-001,MikroTik hAP ax3 - WiFi 6 Router with RouterOS Power,Networking,799,4,Noon,https://www.noon.com/saudi-en/search/?q=MikroTik+hAP+ax3+-+WiFi+6+Router+with+RouterOS+Power,,,SAR,Needs supplier verification,"Verify seller rating, warranty, and marketplace fulfillment before buying."
2,Medium,NO_REAL_PRICE_REFERENCE,"Open search URL, pick exact listing, fill Buy URL + Supplier Price",216,NG-NET-001,MikroTik hAP ax3 - WiFi 6 Router with RouterOS Power,Networking,799,5,B&H Photo,https://www.bhphotovideo.com/c/search?Ntt=MikroTik+hAP+ax3+-+WiFi+6+Router+with+RouterOS+Power&N=0&InitialSearch=yes&sts=ma,,,USD,Needs supplier verification,"Best for cameras, networking, creators, and computer hardware."
2,Medium,NO_REAL_PRICE_REFERENCE,"Open search URL, pick exact listing, fill Buy URL + Supplier Price",215,NG-NET-002,TP-Link Deco XE75 (3-Pack) - AXE5400 WiFi 6E Whole-Home Mesh System,Networking,2099,1,AliExpress,https://www.aliexpress.com/wholesale?SearchText=TP-Link+Deco+XE75+%283-Pack%29+-+AXE5400+WiFi+6E+Whole-Home+Mesh+System,,,USD,Needs supplier verification,"Match exact product manually, then fill Buy URL and Supplier Price."
2,Medium,NO_REAL_PRICE_REFERENCE,"Open search URL, pick exact listing, fill Buy URL + Supplier Price",215,NG-NET-002,TP-Link Deco XE75 (3-Pack) - AXE5400 WiFi 6E Whole-Home Mesh System,Networking,2099,2,Alibaba,https://www.alibaba.com/trade/search?SearchText=TP-Link+Deco+XE75+%283-Pack%29+-+AXE5400+WiFi+6E+Whole-Home+Mesh+System,,,USD,Needs supplier verification,"Check MOQ, shipping terms, and verified supplier status before buying."
2,Medium,NO_REAL_PRICE_REFERENCE,"Open search URL, pick exact listing, fill Buy URL + Supplier Price",215,NG-NET-002,TP-Link Deco XE75 (3-Pack) - AXE5400 WiFi 6E Whole-Home Mesh System,Networking,2099,3,Amazon.sa,https://www.amazon.sa/s?k=TP-Link+Deco+XE75+%283-Pack%29+-+AXE5400+WiFi+6E+Whole-Home+Mesh+System,,,SAR,Needs supplier verification,Uses existing Amazon reference URL and price when the workbook has them.
2,Medium,NO_REAL_PRICE_REFERENCE,"Open search URL, pick exact listing, fill Buy URL + Supplier Price",215,NG-NET-002,TP-Link Deco XE75 (3-Pack) - AXE5400 WiFi 6E Whole-Home Mesh System,Networking,2099,4,Noon,https://www.noon.com/saudi-en/search/?q=TP-Link+Deco+XE75+%283-Pack%29+-+AXE5400+WiFi+6E+Whole-Home+Mesh+System,,,SAR,Needs supplier verification,"Verify seller rating, warranty, and marketplace fulfillment before buying."
2,Medium,NO_REAL_PRICE_REFERENCE,"Open search URL, pick exact listing, fill Buy URL + Supplier Price",215,NG-NET-002,TP-Link Deco XE75 (3-Pack) - AXE5400 WiFi 6E Whole-Home Mesh System,Networking,2099,5,B&H Photo,https://www.bhphotovideo.com/c/search?Ntt=TP-Link+Deco+XE75+%283-Pack%29+-+AXE5400+WiFi+6E+Whole-Home+Mesh+System&N=0&InitialSearch=yes&sts=ma,,,USD,Needs supplier verification,"Best for cameras, networking, creators, and computer hardware."
2,Medium,NO_REAL_PRICE_REFERENCE,"Open search URL, pick exact listing, fill Buy URL + Supplier Price",214,NG-NET-003,Ubiquiti UniFi Switch Lite 16 PoE - 16-Port Managed Gigabit PoE+ Switch,Networking,1399,1,AliExpress,https://www.aliexpress.com/wholesale?SearchText=Ubiquiti+UniFi+Switch+Lite+16+PoE+-+16-Port+Managed+Gigabit+PoE%2B+Switch,,,USD,Needs supplier verification,"Match exact product manually, then fill Buy URL and Supplier Price."
2,Medium,NO_REAL_PRICE_REFERENCE,"Open search URL, pick exact listing, fill Buy URL + Supplier Price",214,NG-NET-003,Ubiquiti UniFi Switch Lite 16 PoE - 16-Port Managed Gigabit PoE+ Switch,Networking,1399,2,Alibaba,https://www.alibaba.com/trade/search?SearchText=Ubiquiti+UniFi+Switch+Lite+16+PoE+-+16-Port+Managed+Gigabit+PoE%2B+Switch,,,USD,Needs supplier verification,"Check MOQ, shipping terms, and verified supplier status before buying."
2,Medium,NO_REAL_PRICE_REFERENCE,"Open search URL, pick exact listing, fill Buy URL + Supplier Price",214,NG-NET-003,Ubiquiti UniFi Switch Lite 16 PoE - 16-Port Managed Gigabit PoE+ Switch,Networking,1399,3,Amazon.sa,https://www.amazon.sa/s?k=Ubiquiti+UniFi+Switch+Lite+16+PoE+-+16-Port+Managed+Gigabit+PoE%2B+Switch,,,SAR,Needs supplier verification,Uses existing Amazon reference URL and price when the workbook has them.
2,Medium,NO_REAL_PRICE_REFERENCE,"Open search URL, pick exact listing, fill Buy URL + Supplier Price",214,NG-NET-003,Ubiquiti UniFi Switch Lite 16 PoE - 16-Port Managed Gigabit PoE+ Switch,Networking,1399,4,Noon,https://www.noon.com/saudi-en/search/?q=Ubiquiti+UniFi+Switch+Lite+16+PoE+-+16-Port+Managed+Gigabit+PoE%2B+Switch,,,SAR,Needs supplier verification,"Verify seller rating, warranty, and marketplace fulfillment before buying."
2,Medium,NO_REAL_PRICE_REFERENCE,"Open search URL, pick exact listing, fill Buy URL + Supplier Price",214,NG-NET-003,Ubiquiti UniFi Switch Lite 16 PoE - 16-Port Managed Gigabit PoE+ Switch,Networking,1399,5,B&H Photo,https://www.bhphotovideo.com/c/search?Ntt=Ubiquiti+UniFi+Switch+Lite+16+PoE+-+16-Port+Managed+Gigabit+PoE%2B+Switch&N=0&InitialSearch=yes&sts=ma,,,USD,Needs supplier verification,"Best for cameras, networking, creators, and computer hardware."
2,Medium,NO_REAL_PRICE_REFERENCE,"Open search URL, pick exact listing, fill Buy URL + Supplier Price",213,NG-NET-004,MikroTik CRS305-1G-4S+IN - 4-Port 10G SFP+ Desktop Switch,Networking,1149,1,AliExpress,https://www.aliexpress.com/wholesale?SearchText=MikroTik+CRS305-1G-4S%2BIN+-+4-Port+10G+SFP%2B+Desktop+Switch,,,USD,Needs supplier verification,"Match exact product manually, then fill Buy URL and Supplier Price."
2,Medium,NO_REAL_PRICE_REFERENCE,"Open search URL, pick exact listing, fill Buy URL + Supplier Price",213,NG-NET-004,MikroTik CRS305-1G-4S+IN - 4-Port 10G SFP+ Desktop Switch,Networking,1149,2,Alibaba,https://www.alibaba.com/trade/search?SearchText=MikroTik+CRS305-1G-4S%2BIN+-+4-Port+10G+SFP%2B+Desktop+Switch,,,USD,Needs supplier verification,"Check MOQ, shipping terms, and verified supplier status before buying."
2,Medium,NO_REAL_PRICE_REFERENCE,"Open search URL, pick exact listing, fill Buy URL + Supplier Price",213,NG-NET-004,MikroTik CRS305-1G-4S+IN - 4-Port 10G SFP+ Desktop Switch,Networking,1149,3,Amazon.sa,https://www.amazon.sa/s?k=MikroTik+CRS305-1G-4S%2BIN+-+4-Port+10G+SFP%2B+Desktop+Switch,,,SAR,Needs supplier verification,Uses existing Amazon reference URL and price when the workbook has them.
2,Medium,NO_REAL_PRICE_REFERENCE,"Open search URL, pick exact listing, fill Buy URL + Supplier Price",213,NG-NET-004,MikroTik CRS305-1G-4S+IN - 4-Port 10G SFP+ Desktop Switch,Networking,1149,4,Noon,https://www.noon.com/saudi-en/search/?q=MikroTik+CRS305-1G-4S%2BIN+-+4-Port+10G+SFP%2B+Desktop+Switch,,,SAR,Needs supplier verification,"Verify seller rating, warranty, and marketplace fulfillment before buying."
2,Medium,NO_REAL_PRICE_REFERENCE,"Open search URL, pick exact listing, fill Buy URL + Supplier Price",213,NG-NET-004,MikroTik CRS305-1G-4S+IN - 4-Port 10G SFP+ Desktop Switch,Networking,1149,5,B&H Photo,https://www.bhphotovideo.com/c/search?Ntt=MikroTik+CRS305-1G-4S%2BIN+-+4-Port+10G+SFP%2B+Desktop+Switch&N=0&InitialSearch=yes&sts=ma,,,USD,Needs supplier verification,"Best for cameras, networking, creators, and computer hardware."
2,Medium,NO_REAL_PRICE_REFERENCE,"Open search URL, pick exact listing, fill Buy URL + Supplier Price",212,NG-NET-005,Ubiquiti UniFi 6 Lite - WiFi 6 Access Point (AX1500),Networking,849,1,AliExpress,https://www.aliexpress.com/wholesale?SearchText=Ubiquiti+UniFi+6+Lite+-+WiFi+6+Access+Point+%28AX1500%29,,,USD,Needs supplier verification,"Match exact product manually, then fill Buy URL and Supplier Price."
2,Medium,NO_REAL_PRICE_REFERENCE,"Open search URL, pick exact listing, fill Buy URL + Supplier Price",212,NG-NET-005,Ubiquiti UniFi 6 Lite - WiFi 6 Access Point (AX1500),Networking,849,2,Alibaba,https://www.alibaba.com/trade/search?SearchText=Ubiquiti+UniFi+6+Lite+-+WiFi+6+Access+Point+%28AX1500%29,,,USD,Needs supplier verification,"Check MOQ, shipping terms, and verified supplier status before buying."
2,Medium,NO_REAL_PRICE_REFERENCE,"Open search URL, pick exact listing, fill Buy URL + Supplier Price",212,NG-NET-005,Ubiquiti UniFi 6 Lite - WiFi 6 Access Point (AX1500),Networking,849,3,Amazon.sa,https://www.amazon.sa/s?k=Ubiquiti+UniFi+6+Lite+-+WiFi+6+Access+Point+%28AX1500%29,,,SAR,Needs supplier verification,Uses existing Amazon reference URL and price when the workbook has them.
2,Medium,NO_REAL_PRICE_REFERENCE,"Open search URL, pick exact listing, fill Buy URL + Supplier Price",212,NG-NET-005,Ubiquiti UniFi 6 Lite - WiFi 6 Access Point (AX1500),Networking,849,4,Noon,https://www.noon.com/saudi-en/search/?q=Ubiquiti+UniFi+6+Lite+-+WiFi+6+Access+Point+%28AX1500%29,,,SAR,Needs supplier verification,"Verify seller rating, warranty, and marketplace fulfillment before buying."
2,Medium,NO_REAL_PRICE_REFERENCE,"Open search URL, pick exact listing, fill Buy URL + Supplier Price",212,NG-NET-005,Ubiquiti UniFi 6 Lite - WiFi 6 Access Point (AX1500),Networking,849,5,B&H Photo,https://www.bhphotovideo.com/c/search?Ntt=Ubiquiti+UniFi+6+Lite+-+WiFi+6+Access+Point+%28AX1500%29&N=0&InitialSearch=yes&sts=ma,,,USD,Needs supplier verification,"Best for cameras, networking, creators, and computer hardware."
2,Medium,NO_REAL_PRICE_REFERENCE,"Open search URL, pick exact listing, fill Buy URL + Supplier Price",211,NG-NET-006,TP-Link TL-SG108E - 8-Port Gigabit Easy Smart Managed Switch,Networking,229,1,AliExpress,https://www.aliexpress.com/wholesale?SearchText=TP-Link+TL-SG108E+-+8-Port+Gigabit+Easy+Smart+Managed+Switch,,,USD,Needs supplier verification,"Match exact product manually, then fill Buy URL and Supplier Price."
2,Medium,NO_REAL_PRICE_REFERENCE,"Open search URL, pick exact listing, fill Buy URL + Supplier Price",211,NG-NET-006,TP-Link TL-SG108E - 8-Port Gigabit Easy Smart Managed Switch,Networking,229,2,Alibaba,https://www.alibaba.com/trade/search?SearchText=TP-Link+TL-SG108E+-+8-Port+Gigabit+Easy+Smart+Managed+Switch,,,USD,Needs supplier verification,"Check MOQ, shipping terms, and verified supplier status before buying."
2,Medium,NO_REAL_PRICE_REFERENCE,"Open search URL, pick exact listing, fill Buy URL + Supplier Price",211,NG-NET-006,TP-Link TL-SG108E - 8-Port Gigabit Easy Smart Managed Switch,Networking,229,3,Amazon.sa,https://www.amazon.sa/s?k=TP-Link+TL-SG108E+-+8-Port+Gigabit+Easy+Smart+Managed+Switch,,,SAR,Needs supplier verification,Uses existing Amazon reference URL and price when the workbook has them.
2,Medium,NO_REAL_PRICE_REFERENCE,"Open search URL, pick exact listing, fill Buy URL + Supplier Price",211,NG-NET-006,TP-Link TL-SG108E - 8-Port Gigabit Easy Smart Managed Switch,Networking,229,4,Noon,https://www.noon.com/saudi-en/search/?q=TP-Link+TL-SG108E+-+8-Port+Gigabit+Easy+Smart+Managed+Switch,,,SAR,Needs supplier verification,"Verify seller rating, warranty, and marketplace fulfillment before buying."
2,Medium,NO_REAL_PRICE_REFERENCE,"Open search URL, pick exact listing, fill Buy URL + Supplier Price",211,NG-NET-006,TP-Link TL-SG108E - 8-Port Gigabit Easy Smart Managed Switch,Networking,229,5,B&H Photo,https://www.bhphotovideo.com/c/search?Ntt=TP-Link+TL-SG108E+-+8-Port+Gigabit+Easy+Smart+Managed+Switch&N=0&InitialSearch=yes&sts=ma,,,USD,Needs supplier verification,"Best for cameras, networking, creators, and computer hardware."
2,Medium,NO_REAL_PRICE_REFERENCE,"Open search URL, pick exact listing, fill Buy URL + Supplier Price",210,NG-NET-007,Ubiquiti EdgeRouter X - Advanced Gigabit Router in a Pocket-Sized Form,Networking,549,1,AliExpress,https://www.aliexpress.com/wholesale?SearchText=Ubiquiti+EdgeRouter+X+-+Advanced+Gigabit+Router+in+a+Pocket-Sized+Form,,,USD,Needs supplier verification,"Match exact product manually, then fill Buy URL and Supplier Price."
2,Medium,NO_REAL_PRICE_REFERENCE,"Open search URL, pick exact listing, fill Buy URL + Supplier Price",210,NG-NET-007,Ubiquiti EdgeRouter X - Advanced Gigabit Router in a Pocket-Sized Form,Networking,549,2,Alibaba,https://www.alibaba.com/trade/search?SearchText=Ubiquiti+EdgeRouter+X+-+Advanced+Gigabit+Router+in+a+Pocket-Sized+Form,,,USD,Needs supplier verification,"Check MOQ, shipping terms, and verified supplier status before buying."
2,Medium,NO_REAL_PRICE_REFERENCE,"Open search URL, pick exact listing, fill Buy URL + Supplier Price",210,NG-NET-007,Ubiquiti EdgeRouter X - Advanced Gigabit Router in a Pocket-Sized Form,Networking,549,3,Amazon.sa,https://www.amazon.sa/s?k=Ubiquiti+EdgeRouter+X+-+Advanced+Gigabit+Router+in+a+Pocket-Sized+Form,,,SAR,Needs supplier verification,Uses existing Amazon reference URL and price when the workbook has them.
2,Medium,NO_REAL_PRICE_REFERENCE,"Open search URL, pick exact listing, fill Buy URL + Supplier Price",210,NG-NET-007,Ubiquiti EdgeRouter X - Advanced Gigabit Router in a Pocket-Sized Form,Networking,549,4,Noon,https://www.noon.com/saudi-en/search/?q=Ubiquiti+EdgeRouter+X+-+Advanced+Gigabit+Router+in+a+Pocket-Sized+Form,,,SAR,Needs supplier verification,"Verify seller rating, warranty, and marketplace fulfillment before buying."
2,Medium,NO_REAL_PRICE_REFERENCE,"Open search URL, pick exact listing, fill Buy URL + Supplier Price",210,NG-NET-007,Ubiquiti EdgeRouter X - Advanced Gigabit Router in a Pocket-Sized Form,Networking,549,5,B&H Photo,https://www.bhphotovideo.com/c/search?Ntt=Ubiquiti+EdgeRouter+X+-+Advanced+Gigabit+Router+in+a+Pocket-Sized+Form&N=0&InitialSearch=yes&sts=ma,,,USD,Needs supplier verification,"Best for cameras, networking, creators, and computer hardware."
2,Medium,NO_REAL_PRICE_REFERENCE,"Open search URL, pick exact listing, fill Buy URL + Supplier Price",209,NG-NET-008,MikroTik hEX S (RB760iGS) - 5-Port Gigabit Router with SFP and USB,Networking,649,1,AliExpress,https://www.aliexpress.com/wholesale?SearchText=MikroTik+hEX+S+%28RB760iGS%29+-+5-Port+Gigabit+Router+with+SFP+and+USB,,,USD,Needs supplier verification,"Match exact product manually, then fill Buy URL and Supplier Price."
2,Medium,NO_REAL_PRICE_REFERENCE,"Open search URL, pick exact listing, fill Buy URL + Supplier Price",209,NG-NET-008,MikroTik hEX S (RB760iGS) - 5-Port Gigabit Router with SFP and USB,Networking,649,2,Alibaba,https://www.alibaba.com/trade/search?SearchText=MikroTik+hEX+S+%28RB760iGS%29+-+5-Port+Gigabit+Router+with+SFP+and+USB,,,USD,Needs supplier verification,"Check MOQ, shipping terms, and verified supplier status before buying."
2,Medium,NO_REAL_PRICE_REFERENCE,"Open search URL, pick exact listing, fill Buy URL + Supplier Price",209,NG-NET-008,MikroTik hEX S (RB760iGS) - 5-Port Gigabit Router with SFP and USB,Networking,649,3,Amazon.sa,https://www.amazon.sa/s?k=MikroTik+hEX+S+%28RB760iGS%29+-+5-Port+Gigabit+Router+with+SFP+and+USB,,,SAR,Needs supplier verification,Uses existing Amazon reference URL and price when the workbook has them.
2,Medium,NO_REAL_PRICE_REFERENCE,"Open search URL, pick exact listing, fill Buy URL + Supplier Price",209,NG-NET-008,MikroTik hEX S (RB760iGS) - 5-Port Gigabit Router with SFP and USB,Networking,649,4,Noon,https://www.noon.com/saudi-en/search/?q=MikroTik+hEX+S+%28RB760iGS%29+-+5-Port+Gigabit+Router+with+SFP+and+USB,,,SAR,Needs supplier verification,"Verify seller rating, warranty, and marketplace fulfillment before buying."
2,Medium,NO_REAL_PRICE_REFERENCE,"Open search URL, pick exact listing, fill Buy URL + Supplier Price",209,NG-NET-008,MikroTik hEX S (RB760iGS) - 5-Port Gigabit Router with SFP and USB,Networking,649,5,B&H Photo,https://www.bhphotovideo.com/c/search?Ntt=MikroTik+hEX+S+%28RB760iGS%29+-+5-Port+Gigabit+Router+with+SFP+and+USB&N=0&InitialSearch=yes&sts=ma,,,USD,Needs supplier verification,"Best for cameras, networking, creators, and computer hardware."
2,Medium,NO_REAL_PRICE_REFERENCE,"Open search URL, pick exact listing, fill Buy URL + Supplier Price",208,NG-NET-009,Netgear GS308E - 8-Port Gigabit Plus Smart Managed Switch,Networking,209,1,AliExpress,https://www.aliexpress.com/wholesale?SearchText=Netgear+GS308E+-+8-Port+Gigabit+Plus+Smart+Managed+Switch,,,USD,Needs supplier verification,"Match exact product manually, then fill Buy URL and Supplier Price."
2,Medium,NO_REAL_PRICE_REFERENCE,"Open search URL, pick exact listing, fill Buy URL + Supplier Price",208,NG-NET-009,Netgear GS308E - 8-Port Gigabit Plus Smart Managed Switch,Networking,209,2,Alibaba,https://www.alibaba.com/trade/search?SearchText=Netgear+GS308E+-+8-Port+Gigabit+Plus+Smart+Managed+Switch,,,USD,Needs supplier verification,"Check MOQ, shipping terms, and verified supplier status before buying."
2,Medium,NO_REAL_PRICE_REFERENCE,"Open search URL, pick exact listing, fill Buy URL + Supplier Price",208,NG-NET-009,Netgear GS308E - 8-Port Gigabit Plus Smart Managed Switch,Networking,209,3,Amazon.sa,https://www.amazon.sa/s?k=Netgear+GS308E+-+8-Port+Gigabit+Plus+Smart+Managed+Switch,,,SAR,Needs supplier verification,Uses existing Amazon reference URL and price when the workbook has them.
2,Medium,NO_REAL_PRICE_REFERENCE,"Open search URL, pick exact listing, fill Buy URL + Supplier Price",208,NG-NET-009,Netgear GS308E - 8-Port Gigabit Plus Smart Managed Switch,Networking,209,4,Noon,https://www.noon.com/saudi-en/search/?q=Netgear+GS308E+-+8-Port+Gigabit+Plus+Smart+Managed+Switch,,,SAR,Needs supplier verification,"Verify seller rating, warranty, and marketplace fulfillment before buying."
2,Medium,NO_REAL_PRICE_REFERENCE,"Open search URL, pick exact listing, fill Buy URL + Supplier Price",208,NG-NET-009,Netgear GS308E - 8-Port Gigabit Plus Smart Managed Switch,Networking,209,5,B&H Photo,https://www.bhphotovideo.com/c/search?Ntt=Netgear+GS308E+-+8-Port+Gigabit+Plus+Smart+Managed+Switch&N=0&InitialSearch=yes&sts=ma,,,USD,Needs supplier verification,"Best for cameras, networking, creators, and computer hardware."
2,Medium,NO_REAL_PRICE_REFERENCE,"Open search URL, pick exact listing, fill Buy URL + Supplier Price",207,NG-NET-010,Ubiquiti UniFi USW-Flex-Mini - Ultra-Compact 5-Port Managed Switch,Networking,219,1,AliExpress,https://www.aliexpress.com/wholesale?SearchText=Ubiquiti+UniFi+USW-Flex-Mini+-+Ultra-Compact+5-Port+Managed+Switch,,,USD,Needs supplier verification,"Match exact product manually, then fill Buy URL and Supplier Price."
2,Medium,NO_REAL_PRICE_REFERENCE,"Open search URL, pick exact listing, fill Buy URL + Supplier Price",207,NG-NET-010,Ubiquiti UniFi USW-Flex-Mini - Ultra-Compact 5-Port Managed Switch,Networking,219,2,Alibaba,https://www.alibaba.com/trade/search?SearchText=Ubiquiti+UniFi+USW-Flex-Mini+-+Ultra-Compact+5-Port+Managed+Switch,,,USD,Needs supplier verification,"Check MOQ, shipping terms, and verified supplier status before buying."
2,Medium,NO_REAL_PRICE_REFERENCE,"Open search URL, pick exact listing, fill Buy URL + Supplier Price",207,NG-NET-010,Ubiquiti UniFi USW-Flex-Mini - Ultra-Compact 5-Port Managed Switch,Networking,219,3,Amazon.sa,https://www.amazon.sa/s?k=Ubiquiti+UniFi+USW-Flex-Mini+-+Ultra-Compact+5-Port+Managed+Switch,,,SAR,Needs supplier verification,Uses existing Amazon reference URL and price when the workbook has them.
2,Medium,NO_REAL_PRICE_REFERENCE,"Open search URL, pick exact listing, fill Buy URL + Supplier Price",207,NG-NET-010,Ubiquiti UniFi USW-Flex-Mini - Ultra-Compact 5-Port Managed Switch,Networking,219,4,Noon,https://www.noon.com/saudi-en/search/?q=Ubiquiti+UniFi+USW-Flex-Mini+-+Ultra-Compact+5-Port+Managed+Switch,,,SAR,Needs supplier verification,"Verify seller rating, warranty, and marketplace fulfillment before buying."
2,Medium,NO_REAL_PRICE_REFERENCE,"Open search URL, pick exact listing, fill Buy URL + Supplier Price",207,NG-NET-010,Ubiquiti UniFi USW-Flex-Mini - Ultra-Compact 5-Port Managed Switch,Networking,219,5,B&H Photo,https://www.bhphotovideo.com/c/search?Ntt=Ubiquiti+UniFi+USW-Flex-Mini+-+Ultra-Compact+5-Port+Managed+Switch&N=0&InitialSearch=yes&sts=ma,,,USD,Needs supplier verification,"Best for cameras, networking, creators, and computer hardware."
2,Medium,NO_REAL_PRICE_REFERENCE,"Open search URL, pick exact listing, fill Buy URL + Supplier Price",206,NG-NET-011,TP-Link Archer AXE75 - AXE5400 Tri-Band WiFi 6E Router,Networking,1299,1,AliExpress,https://www.aliexpress.com/wholesale?SearchText=TP-Link+Archer+AXE75+-+AXE5400+Tri-Band+WiFi+6E+Router,,,USD,Needs supplier verification,"Match exact product manually, then fill Buy URL and Supplier Price."
2,Medium,NO_REAL_PRICE_REFERENCE,"Open search URL, pick exact listing, fill Buy URL + Supplier Price",206,NG-NET-011,TP-Link Archer AXE75 - AXE5400 Tri-Band WiFi 6E Router,Networking,1299,2,Alibaba,https://www.alibaba.com/trade/search?SearchText=TP-Link+Archer+AXE75+-+AXE5400+Tri-Band+WiFi+6E+Router,,,USD,Needs supplier verification,"Check MOQ, shipping terms, and verified supplier status before buying."
2,Medium,NO_REAL_PRICE_REFERENCE,"Open search URL, pick exact listing, fill Buy URL + Supplier Price",206,NG-NET-011,TP-Link Archer AXE75 - AXE5400 Tri-Band WiFi 6E Router,Networking,1299,3,Amazon.sa,https://www.amazon.sa/s?k=TP-Link+Archer+AXE75+-+AXE5400+Tri-Band+WiFi+6E+Router,,,SAR,Needs supplier verification,Uses existing Amazon reference URL and price when the workbook has them.
2,Medium,NO_REAL_PRICE_REFERENCE,"Open search URL, pick exact listing, fill Buy URL + Supplier Price",206,NG-NET-011,TP-Link Archer AXE75 - AXE5400 Tri-Band WiFi 6E Router,Networking,1299,4,Noon,https://www.noon.com/saudi-en/search/?q=TP-Link+Archer+AXE75+-+AXE5400+Tri-Band+WiFi+6E+Router,,,SAR,Needs supplier verification,"Verify seller rating, warranty, and marketplace fulfillment before buying."
2,Medium,NO_REAL_PRICE_REFERENCE,"Open search URL, pick exact listing, fill Buy URL + Supplier Price",206,NG-NET-011,TP-Link Archer AXE75 - AXE5400 Tri-Band WiFi 6E Router,Networking,1299,5,B&H Photo,https://www.bhphotovideo.com/c/search?Ntt=TP-Link+Archer+AXE75+-+AXE5400+Tri-Band+WiFi+6E+Router&N=0&InitialSearch=yes&sts=ma,,,USD,Needs supplier verification,"Best for cameras, networking, creators, and computer hardware."
2,Medium,NO_REAL_PRICE_REFERENCE,"Open search URL, pick exact listing, fill Buy URL + Supplier Price",158,NG-SEC-001,Reolink RLC-810A - 4K PoE AI Security Camera,Security & Surveillance,549,1,AliExpress,https://www.aliexpress.com/wholesale?SearchText=Reolink+RLC-810A+-+4K+PoE+AI+Security+Camera,,,USD,Needs supplier verification,"Match exact product manually, then fill Buy URL and Supplier Price."
2,Medium,NO_REAL_PRICE_REFERENCE,"Open search URL, pick exact listing, fill Buy URL + Supplier Price",158,NG-SEC-001,Reolink RLC-810A - 4K PoE AI Security Camera,Security & Surveillance,549,2,Alibaba,https://www.alibaba.com/trade/search?SearchText=Reolink+RLC-810A+-+4K+PoE+AI+Security+Camera,,,USD,Needs supplier verification,"Check MOQ, shipping terms, and verified supplier status before buying."
2,Medium,NO_REAL_PRICE_REFERENCE,"Open search URL, pick exact listing, fill Buy URL + Supplier Price",158,NG-SEC-001,Reolink RLC-810A - 4K PoE AI Security Camera,Security & Surveillance,549,3,Amazon.sa,https://www.amazon.sa/s?k=Reolink+RLC-810A+-+4K+PoE+AI+Security+Camera,,,SAR,Needs supplier verification,Uses existing Amazon reference URL and price when the workbook has them.
2,Medium,NO_REAL_PRICE_REFERENCE,"Open search URL, pick exact listing, fill Buy URL + Supplier Price",158,NG-SEC-001,Reolink RLC-810A - 4K PoE AI Security Camera,Security & Surveillance,549,4,Noon,https://www.noon.com/saudi-en/search/?q=Reolink+RLC-810A+-+4K+PoE+AI+Security+Camera,,,SAR,Needs supplier verification,"Verify seller rating, warranty, and marketplace fulfillment before buying."
2,Medium,NO_REAL_PRICE_REFERENCE,"Open search URL, pick exact listing, fill Buy URL + Supplier Price",158,NG-SEC-001,Reolink RLC-810A - 4K PoE AI Security Camera,Security & Surveillance,549,5,B&H Photo,https://www.bhphotovideo.com/c/search?Ntt=Reolink+RLC-810A+-+4K+PoE+AI+Security+Camera&N=0&InitialSearch=yes&sts=ma,,,USD,Needs supplier verification,"Best for cameras, networking, creators, and computer hardware."
2,Medium,NO_REAL_PRICE_REFERENCE,"Open search URL, pick exact listing, fill Buy URL + Supplier Price",157,NG-SEC-002,Reolink Argus 4 Pro - Solar-Powered Wireless 4K Security Camera,Security & Surveillance,1199,1,AliExpress,https://www.aliexpress.com/wholesale?SearchText=Reolink+Argus+4+Pro+-+Solar-Powered+Wireless+4K+Security+Camera,,,USD,Needs supplier verification,"Match exact product manually, then fill Buy URL and Supplier Price."
2,Medium,NO_REAL_PRICE_REFERENCE,"Open search URL, pick exact listing, fill Buy URL + Supplier Price",157,NG-SEC-002,Reolink Argus 4 Pro - Solar-Powered Wireless 4K Security Camera,Security & Surveillance,1199,2,Alibaba,https://www.alibaba.com/trade/search?SearchText=Reolink+Argus+4+Pro+-+Solar-Powered+Wireless+4K+Security+Camera,,,USD,Needs supplier verification,"Check MOQ, shipping terms, and verified supplier status before buying."
2,Medium,NO_REAL_PRICE_REFERENCE,"Open search URL, pick exact listing, fill Buy URL + Supplier Price",157,NG-SEC-002,Reolink Argus 4 Pro - Solar-Powered Wireless 4K Security Camera,Security & Surveillance,1199,3,Amazon.sa,https://www.amazon.sa/s?k=Reolink+Argus+4+Pro+-+Solar-Powered+Wireless+4K+Security+Camera,,,SAR,Needs supplier verification,Uses existing Amazon reference URL and price when the workbook has them.
2,Medium,NO_REAL_PRICE_REFERENCE,"Open search URL, pick exact listing, fill Buy URL + Supplier Price",157,NG-SEC-002,Reolink Argus 4 Pro - Solar-Powered Wireless 4K Security Camera,Security & Surveillance,1199,4,Noon,https://www.noon.com/saudi-en/search/?q=Reolink+Argus+4+Pro+-+Solar-Powered+Wireless+4K+Security+Camera,,,SAR,Needs supplier verification,"Verify seller rating, warranty, and marketplace fulfillment before buying."
2,Medium,NO_REAL_PRICE_REFERENCE,"Open search URL, pick exact listing, fill Buy URL + Supplier Price",157,NG-SEC-002,Reolink Argus 4 Pro - Solar-Powered Wireless 4K Security Camera,Security & Surveillance,1199,5,B&H Photo,https://www.bhphotovideo.com/c/search?Ntt=Reolink+Argus+4+Pro+-+Solar-Powered+Wireless+4K+Security+Camera&N=0&InitialSearch=yes&sts=ma,,,USD,Needs supplier verification,"Best for cameras, networking, creators, and computer hardware."
2,Medium,NO_REAL_PRICE_REFERENCE,"Open search URL, pick exact listing, fill Buy URL + Supplier Price",156,NG-SEC-003,Hikvision DS-2CD2143G2-I - 4MP AcuSense Dome Camera,Security & Surveillance,749,1,AliExpress,https://www.aliexpress.com/wholesale?SearchText=Hikvision+DS-2CD2143G2-I+-+4MP+AcuSense+Dome+Camera,,,USD,Needs supplier verification,"Match exact product manually, then fill Buy URL and Supplier Price."
2,Medium,NO_REAL_PRICE_REFERENCE,"Open search URL, pick exact listing, fill Buy URL + Supplier Price",156,NG-SEC-003,Hikvision DS-2CD2143G2-I - 4MP AcuSense Dome Camera,Security & Surveillance,749,2,Alibaba,https://www.alibaba.com/trade/search?SearchText=Hikvision+DS-2CD2143G2-I+-+4MP+AcuSense+Dome+Camera,,,USD,Needs supplier verification,"Check MOQ, shipping terms, and verified supplier status before buying."
2,Medium,NO_REAL_PRICE_REFERENCE,"Open search URL, pick exact listing, fill Buy URL + Supplier Price",156,NG-SEC-003,Hikvision DS-2CD2143G2-I - 4MP AcuSense Dome Camera,Security & Surveillance,749,3,Amazon.sa,https://www.amazon.sa/s?k=Hikvision+DS-2CD2143G2-I+-+4MP+AcuSense+Dome+Camera,,,SAR,Needs supplier verification,Uses existing Amazon reference URL and price when the workbook has them.
2,Medium,NO_REAL_PRICE_REFERENCE,"Open search URL, pick exact listing, fill Buy URL + Supplier Price",156,NG-SEC-003,Hikvision DS-2CD2143G2-I - 4MP AcuSense Dome Camera,Security & Surveillance,749,4,Noon,https://www.noon.com/saudi-en/search/?q=Hikvision+DS-2CD2143G2-I+-+4MP+AcuSense+Dome+Camera,,,SAR,Needs supplier verification,"Verify seller rating, warranty, and marketplace fulfillment before buying."
2,Medium,NO_REAL_PRICE_REFERENCE,"Open search URL, pick exact listing, fill Buy URL + Supplier Price",156,NG-SEC-003,Hikvision DS-2CD2143G2-I - 4MP AcuSense Dome Camera,Security & Surveillance,749,5,B&H Photo,https://www.bhphotovideo.com/c/search?Ntt=Hikvision+DS-2CD2143G2-I+-+4MP+AcuSense+Dome+Camera&N=0&InitialSearch=yes&sts=ma,,,USD,Needs supplier verification,"Best for cameras, networking, creators, and computer hardware."
2,Medium,NO_REAL_PRICE_REFERENCE,"Open search URL, pick exact listing, fill Buy URL + Supplier Price",154,NG-SEC-005,Reolink 16-Channel PoE NVR (RLN16-410) - 4K Network Video Recorder,Security & Surveillance,1599,1,AliExpress,https://www.aliexpress.com/wholesale?SearchText=Reolink+16-Channel+PoE+NVR+%28RLN16-410%29+-+4K+Network+Video+Recorder,,,USD,Needs supplier verification,"Match exact product manually, then fill Buy URL and Supplier Price."
2,Medium,NO_REAL_PRICE_REFERENCE,"Open search URL, pick exact listing, fill Buy URL + Supplier Price",154,NG-SEC-005,Reolink 16-Channel PoE NVR (RLN16-410) - 4K Network Video Recorder,Security & Surveillance,1599,2,Alibaba,https://www.alibaba.com/trade/search?SearchText=Reolink+16-Channel+PoE+NVR+%28RLN16-410%29+-+4K+Network+Video+Recorder,,,USD,Needs supplier verification,"Check MOQ, shipping terms, and verified supplier status before buying."
2,Medium,NO_REAL_PRICE_REFERENCE,"Open search URL, pick exact listing, fill Buy URL + Supplier Price",154,NG-SEC-005,Reolink 16-Channel PoE NVR (RLN16-410) - 4K Network Video Recorder,Security & Surveillance,1599,3,Amazon.sa,https://www.amazon.sa/s?k=Reolink+16-Channel+PoE+NVR+%28RLN16-410%29+-+4K+Network+Video+Recorder,,,SAR,Needs supplier verification,Uses existing Amazon reference URL and price when the workbook has them.
2,Medium,NO_REAL_PRICE_REFERENCE,"Open search URL, pick exact listing, fill Buy URL + Supplier Price",154,NG-SEC-005,Reolink 16-Channel PoE NVR (RLN16-410) - 4K Network Video Recorder,Security & Surveillance,1599,4,Noon,https://www.noon.com/saudi-en/search/?q=Reolink+16-Channel+PoE+NVR+%28RLN16-410%29+-+4K+Network+Video+Recorder,,,SAR,Needs supplier verification,"Verify seller rating, warranty, and marketplace fulfillment before buying."
2,Medium,NO_REAL_PRICE_REFERENCE,"Open search URL, pick exact listing, fill Buy URL + Supplier Price",154,NG-SEC-005,Reolink 16-Channel PoE NVR (RLN16-410) - 4K Network Video Recorder,Security & Surveillance,1599,5,B&H Photo,https://www.bhphotovideo.com/c/search?Ntt=Reolink+16-Channel+PoE+NVR+%28RLN16-410%29+-+4K+Network+Video+Recorder&N=0&InitialSearch=yes&sts=ma,,,USD,Needs supplier verification,"Best for cameras, networking, creators, and computer hardware."
2,Medium,NO_REAL_PRICE_REFERENCE,"Open search URL, pick exact listing, fill Buy URL + Supplier Price",153,NG-SEC-006,Ajax Hub 2 Plus - Professional Wireless Smart Alarm System,Security & Surveillance,2499,1,AliExpress,https://www.aliexpress.com/wholesale?SearchText=Ajax+Hub+2+Plus+-+Professional+Wireless+Smart+Alarm+System,,,USD,Needs supplier verification,"Match exact product manually, then fill Buy URL and Supplier Price."
2,Medium,NO_REAL_PRICE_REFERENCE,"Open search URL, pick exact listing, fill Buy URL + Supplier Price",153,NG-SEC-006,Ajax Hub 2 Plus - Professional Wireless Smart Alarm System,Security & Surveillance,2499,2,Alibaba,https://www.alibaba.com/trade/search?SearchText=Ajax+Hub+2+Plus+-+Professional+Wireless+Smart+Alarm+System,,,USD,Needs supplier verification,"Check MOQ, shipping terms, and verified supplier status before buying."
2,Medium,NO_REAL_PRICE_REFERENCE,"Open search URL, pick exact listing, fill Buy URL + Supplier Price",153,NG-SEC-006,Ajax Hub 2 Plus - Professional Wireless Smart Alarm System,Security & Surveillance,2499,3,Amazon.sa,https://www.amazon.sa/s?k=Ajax+Hub+2+Plus+-+Professional+Wireless+Smart+Alarm+System,,,SAR,Needs supplier verification,Uses existing Amazon reference URL and price when the workbook has them.
2,Medium,NO_REAL_PRICE_REFERENCE,"Open search URL, pick exact listing, fill Buy URL + Supplier Price",153,NG-SEC-006,Ajax Hub 2 Plus - Professional Wireless Smart Alarm System,Security & Surveillance,2499,4,Noon,https://www.noon.com/saudi-en/search/?q=Ajax+Hub+2+Plus+-+Professional+Wireless+Smart+Alarm+System,,,SAR,Needs supplier verification,"Verify seller rating, warranty, and marketplace fulfillment before buying."
2,Medium,NO_REAL_PRICE_REFERENCE,"Open search URL, pick exact listing, fill Buy URL + Supplier Price",153,NG-SEC-006,Ajax Hub 2 Plus - Professional Wireless Smart Alarm System,Security & Surveillance,2499,5,B&H Photo,https://www.bhphotovideo.com/c/search?Ntt=Ajax+Hub+2+Plus+-+Professional+Wireless+Smart+Alarm+System&N=0&InitialSearch=yes&sts=ma,,,USD,Needs supplier verification,"Best for cameras, networking, creators, and computer hardware."
2,Medium,NO_REAL_PRICE_REFERENCE,"Open search URL, pick exact listing, fill Buy URL + Supplier Price",152,NG-SEC-007,Eufy Video Doorbell S330 - Dual Camera Smart Doorbell (2K + Package Cam),Security & Surveillance,1449,1,AliExpress,https://www.aliexpress.com/wholesale?SearchText=Eufy+Video+Doorbell+S330+-+Dual+Camera+Smart+Doorbell+%282K+%2B+Package+Cam%29,,,USD,Needs supplier verification,"Match exact product manually, then fill Buy URL and Supplier Price."
2,Medium,NO_REAL_PRICE_REFERENCE,"Open search URL, pick exact listing, fill Buy URL + Supplier Price",152,NG-SEC-007,Eufy Video Doorbell S330 - Dual Camera Smart Doorbell (2K + Package Cam),Security & Surveillance,1449,2,Alibaba,https://www.alibaba.com/trade/search?SearchText=Eufy+Video+Doorbell+S330+-+Dual+Camera+Smart+Doorbell+%282K+%2B+Package+Cam%29,,,USD,Needs supplier verification,"Check MOQ, shipping terms, and verified supplier status before buying."
2,Medium,NO_REAL_PRICE_REFERENCE,"Open search URL, pick exact listing, fill Buy URL + Supplier Price",152,NG-SEC-007,Eufy Video Doorbell S330 - Dual Camera Smart Doorbell (2K + Package Cam),Security & Surveillance,1449,3,Amazon.sa,https://www.amazon.sa/s?k=Eufy+Video+Doorbell+S330+-+Dual+Camera+Smart+Doorbell+%282K+%2B+Package+Cam%29,,,SAR,Needs supplier verification,Uses existing Amazon reference URL and price when the workbook has them.
2,Medium,NO_REAL_PRICE_REFERENCE,"Open search URL, pick exact listing, fill Buy URL + Supplier Price",152,NG-SEC-007,Eufy Video Doorbell S330 - Dual Camera Smart Doorbell (2K + Package Cam),Security & Surveillance,1449,4,Noon,https://www.noon.com/saudi-en/search/?q=Eufy+Video+Doorbell+S330+-+Dual+Camera+Smart+Doorbell+%282K+%2B+Package+Cam%29,,,SAR,Needs supplier verification,"Verify seller rating, warranty, and marketplace fulfillment before buying."
2,Medium,NO_REAL_PRICE_REFERENCE,"Open search URL, pick exact listing, fill Buy URL + Supplier Price",152,NG-SEC-007,Eufy Video Doorbell S330 - Dual Camera Smart Doorbell (2K + Package Cam),Security & Surveillance,1449,5,B&H Photo,https://www.bhphotovideo.com/c/search?Ntt=Eufy+Video+Doorbell+S330+-+Dual+Camera+Smart+Doorbell+%282K+%2B+Package+Cam%29&N=0&InitialSearch=yes&sts=ma,,,USD,Needs supplier verification,"Best for cameras, networking, creators, and computer hardware."
2,Medium,NO_REAL_PRICE_REFERENCE,"Open search URL, pick exact listing, fill Buy URL + Supplier Price",246,NG-SH-001,Aqara Smart Door Lock A100 - Elite Security with Apple HomeKey Support,Smart Home & IoT,1649,1,AliExpress,https://www.aliexpress.com/wholesale?SearchText=Aqara+Smart+Door+Lock+A100+-+Elite+Security+with+Apple+HomeKey+Support,,,USD,Needs supplier verification,"Match exact product manually, then fill Buy URL and Supplier Price."
2,Medium,NO_REAL_PRICE_REFERENCE,"Open search URL, pick exact listing, fill Buy URL + Supplier Price",246,NG-SH-001,Aqara Smart Door Lock A100 - Elite Security with Apple HomeKey Support,Smart Home & IoT,1649,2,Alibaba,https://www.alibaba.com/trade/search?SearchText=Aqara+Smart+Door+Lock+A100+-+Elite+Security+with+Apple+HomeKey+Support,,,USD,Needs supplier verification,"Check MOQ, shipping terms, and verified supplier status before buying."
2,Medium,NO_REAL_PRICE_REFERENCE,"Open search URL, pick exact listing, fill Buy URL + Supplier Price",246,NG-SH-001,Aqara Smart Door Lock A100 - Elite Security with Apple HomeKey Support,Smart Home & IoT,1649,3,Amazon.sa,https://www.amazon.sa/s?k=Aqara+Smart+Door+Lock+A100+-+Elite+Security+with+Apple+HomeKey+Support,,,SAR,Needs supplier verification,Uses existing Amazon reference URL and price when the workbook has them.
2,Medium,NO_REAL_PRICE_REFERENCE,"Open search URL, pick exact listing, fill Buy URL + Supplier Price",246,NG-SH-001,Aqara Smart Door Lock A100 - Elite Security with Apple HomeKey Support,Smart Home & IoT,1649,4,Noon,https://www.noon.com/saudi-en/search/?q=Aqara+Smart+Door+Lock+A100+-+Elite+Security+with+Apple+HomeKey+Support,,,SAR,Needs supplier verification,"Verify seller rating, warranty, and marketplace fulfillment before buying."
2,Medium,NO_REAL_PRICE_REFERENCE,"Open search URL, pick exact listing, fill Buy URL + Supplier Price",246,NG-SH-001,Aqara Smart Door Lock A100 - Elite Security with Apple HomeKey Support,Smart Home & IoT,1649,5,B&H Photo,https://www.bhphotovideo.com/c/search?Ntt=Aqara+Smart+Door+Lock+A100+-+Elite+Security+with+Apple+HomeKey+Support&N=0&InitialSearch=yes&sts=ma,,,USD,Needs supplier verification,"Best for cameras, networking, creators, and computer hardware."
2,Medium,NO_REAL_PRICE_REFERENCE,"Open search URL, pick exact listing, fill Buy URL + Supplier Price",244,NG-SH-003,Broadlink RM4 Pro - Universal Smart Remote for IR &amp; RF Devices,Smart Home & IoT,359,1,AliExpress,https://www.aliexpress.com/wholesale?SearchText=Broadlink+RM4+Pro+-+Universal+Smart+Remote+for+IR+%26amp%3B+RF+Devices,,,USD,Needs supplier verification,"Match exact product manually, then fill Buy URL and Supplier Price."
2,Medium,NO_REAL_PRICE_REFERENCE,"Open search URL, pick exact listing, fill Buy URL + Supplier Price",244,NG-SH-003,Broadlink RM4 Pro - Universal Smart Remote for IR &amp; RF Devices,Smart Home & IoT,359,2,Alibaba,https://www.alibaba.com/trade/search?SearchText=Broadlink+RM4+Pro+-+Universal+Smart+Remote+for+IR+%26amp%3B+RF+Devices,,,USD,Needs supplier verification,"Check MOQ, shipping terms, and verified supplier status before buying."
2,Medium,NO_REAL_PRICE_REFERENCE,"Open search URL, pick exact listing, fill Buy URL + Supplier Price",244,NG-SH-003,Broadlink RM4 Pro - Universal Smart Remote for IR &amp; RF Devices,Smart Home & IoT,359,3,Amazon.sa,https://www.amazon.sa/s?k=Broadlink+RM4+Pro+-+Universal+Smart+Remote+for+IR+%26amp%3B+RF+Devices,,,SAR,Needs supplier verification,Uses existing Amazon reference URL and price when the workbook has them.
2,Medium,NO_REAL_PRICE_REFERENCE,"Open search URL, pick exact listing, fill Buy URL + Supplier Price",244,NG-SH-003,Broadlink RM4 Pro - Universal Smart Remote for IR &amp; RF Devices,Smart Home & IoT,359,4,Noon,https://www.noon.com/saudi-en/search/?q=Broadlink+RM4+Pro+-+Universal+Smart+Remote+for+IR+%26amp%3B+RF+Devices,,,SAR,Needs supplier verification,"Verify seller rating, warranty, and marketplace fulfillment before buying."
2,Medium,NO_REAL_PRICE_REFERENCE,"Open search URL, pick exact listing, fill Buy URL + Supplier Price",244,NG-SH-003,Broadlink RM4 Pro - Universal Smart Remote for IR &amp; RF Devices,Smart Home & IoT,359,5,B&H Photo,https://www.bhphotovideo.com/c/search?Ntt=Broadlink+RM4+Pro+-+Universal+Smart+Remote+for+IR+%26amp%3B+RF+Devices&N=0&InitialSearch=yes&sts=ma,,,USD,Needs supplier verification,"Best for cameras, networking, creators, and computer hardware."
2,Medium,NO_REAL_PRICE_REFERENCE,"Open search URL, pick exact listing, fill Buy URL + Supplier Price",243,NG-SH-004,Aqara Water Leak Sensor - Safeguard Your Home from Water Damage,Smart Home & IoT,219,1,AliExpress,https://www.aliexpress.com/wholesale?SearchText=Aqara+Water+Leak+Sensor+-+Safeguard+Your+Home+from+Water+Damage,,,USD,Needs supplier verification,"Match exact product manually, then fill Buy URL and Supplier Price."
2,Medium,NO_REAL_PRICE_REFERENCE,"Open search URL, pick exact listing, fill Buy URL + Supplier Price",243,NG-SH-004,Aqara Water Leak Sensor - Safeguard Your Home from Water Damage,Smart Home & IoT,219,2,Alibaba,https://www.alibaba.com/trade/search?SearchText=Aqara+Water+Leak+Sensor+-+Safeguard+Your+Home+from+Water+Damage,,,USD,Needs supplier verification,"Check MOQ, shipping terms, and verified supplier status before buying."
2,Medium,NO_REAL_PRICE_REFERENCE,"Open search URL, pick exact listing, fill Buy URL + Supplier Price",243,NG-SH-004,Aqara Water Leak Sensor - Safeguard Your Home from Water Damage,Smart Home & IoT,219,3,Amazon.sa,https://www.amazon.sa/s?k=Aqara+Water+Leak+Sensor+-+Safeguard+Your+Home+from+Water+Damage,,,SAR,Needs supplier verification,Uses existing Amazon reference URL and price when the workbook has them.
2,Medium,NO_REAL_PRICE_REFERENCE,"Open search URL, pick exact listing, fill Buy URL + Supplier Price",243,NG-SH-004,Aqara Water Leak Sensor - Safeguard Your Home from Water Damage,Smart Home & IoT,219,4,Noon,https://www.noon.com/saudi-en/search/?q=Aqara+Water+Leak+Sensor+-+Safeguard+Your+Home+from+Water+Damage,,,SAR,Needs supplier verification,"Verify seller rating, warranty, and marketplace fulfillment before buying."
2,Medium,NO_REAL_PRICE_REFERENCE,"Open search URL, pick exact listing, fill Buy URL + Supplier Price",243,NG-SH-004,Aqara Water Leak Sensor - Safeguard Your Home from Water Damage,Smart Home & IoT,219,5,B&H Photo,https://www.bhphotovideo.com/c/search?Ntt=Aqara+Water+Leak+Sensor+-+Safeguard+Your+Home+from+Water+Damage&N=0&InitialSearch=yes&sts=ma,,,USD,Needs supplier verification,"Best for cameras, networking, creators, and computer hardware."
2,Medium,NO_REAL_PRICE_REFERENCE,"Open search URL, pick exact listing, fill Buy URL + Supplier Price",242,NG-SH-005,Sonoff TX Ultimate (T5) Smart Wall Switch - Interactive Elegance with RGB,Smart Home & IoT,269,1,AliExpress,https://www.aliexpress.com/wholesale?SearchText=Sonoff+TX+Ultimate+%28T5%29+Smart+Wall+Switch+-+Interactive+Elegance+with+RGB,,,USD,Needs supplier verification,"Match exact product manually, then fill Buy URL and Supplier Price."
2,Medium,NO_REAL_PRICE_REFERENCE,"Open search URL, pick exact listing, fill Buy URL + Supplier Price",242,NG-SH-005,Sonoff TX Ultimate (T5) Smart Wall Switch - Interactive Elegance with RGB,Smart Home & IoT,269,2,Alibaba,https://www.alibaba.com/trade/search?SearchText=Sonoff+TX+Ultimate+%28T5%29+Smart+Wall+Switch+-+Interactive+Elegance+with+RGB,,,USD,Needs supplier verification,"Check MOQ, shipping terms, and verified supplier status before buying."
2,Medium,NO_REAL_PRICE_REFERENCE,"Open search URL, pick exact listing, fill Buy URL + Supplier Price",242,NG-SH-005,Sonoff TX Ultimate (T5) Smart Wall Switch - Interactive Elegance with RGB,Smart Home & IoT,269,3,Amazon.sa,https://www.amazon.sa/s?k=Sonoff+TX+Ultimate+%28T5%29+Smart+Wall+Switch+-+Interactive+Elegance+with+RGB,,,SAR,Needs supplier verification,Uses existing Amazon reference URL and price when the workbook has them.
2,Medium,NO_REAL_PRICE_REFERENCE,"Open search URL, pick exact listing, fill Buy URL + Supplier Price",242,NG-SH-005,Sonoff TX Ultimate (T5) Smart Wall Switch - Interactive Elegance with RGB,Smart Home & IoT,269,4,Noon,https://www.noon.com/saudi-en/search/?q=Sonoff+TX+Ultimate+%28T5%29+Smart+Wall+Switch+-+Interactive+Elegance+with+RGB,,,SAR,Needs supplier verification,"Verify seller rating, warranty, and marketplace fulfillment before buying."
2,Medium,NO_REAL_PRICE_REFERENCE,"Open search URL, pick exact listing, fill Buy URL + Supplier Price",242,NG-SH-005,Sonoff TX Ultimate (T5) Smart Wall Switch - Interactive Elegance with RGB,Smart Home & IoT,269,5,B&H Photo,https://www.bhphotovideo.com/c/search?Ntt=Sonoff+TX+Ultimate+%28T5%29+Smart+Wall+Switch+-+Interactive+Elegance+with+RGB&N=0&InitialSearch=yes&sts=ma,,,USD,Needs supplier verification,"Best for cameras, networking, creators, and computer hardware."
2,Medium,NO_REAL_PRICE_REFERENCE,"Open search URL, pick exact listing, fill Buy URL + Supplier Price",226,NG-SH-006,Aqara Hub M2 (HM2-G01) - Multi-Protocol Smart Home Gateway,Smart Home & IoT,499,1,AliExpress,https://www.aliexpress.com/wholesale?SearchText=Aqara+Hub+M2+%28HM2-G01%29+-+Multi-Protocol+Smart+Home+Gateway,,,USD,Needs supplier verification,"Match exact product manually, then fill Buy URL and Supplier Price."
2,Medium,NO_REAL_PRICE_REFERENCE,"Open search URL, pick exact listing, fill Buy URL + Supplier Price",226,NG-SH-006,Aqara Hub M2 (HM2-G01) - Multi-Protocol Smart Home Gateway,Smart Home & IoT,499,2,Alibaba,https://www.alibaba.com/trade/search?SearchText=Aqara+Hub+M2+%28HM2-G01%29+-+Multi-Protocol+Smart+Home+Gateway,,,USD,Needs supplier verification,"Check MOQ, shipping terms, and verified supplier status before buying."
2,Medium,NO_REAL_PRICE_REFERENCE,"Open search URL, pick exact listing, fill Buy URL + Supplier Price",226,NG-SH-006,Aqara Hub M2 (HM2-G01) - Multi-Protocol Smart Home Gateway,Smart Home & IoT,499,3,Amazon.sa,https://www.amazon.sa/s?k=Aqara+Hub+M2+%28HM2-G01%29+-+Multi-Protocol+Smart+Home+Gateway,,,SAR,Needs supplier verification,Uses existing Amazon reference URL and price when the workbook has them.
2,Medium,NO_REAL_PRICE_REFERENCE,"Open search URL, pick exact listing, fill Buy URL + Supplier Price",226,NG-SH-006,Aqara Hub M2 (HM2-G01) - Multi-Protocol Smart Home Gateway,Smart Home & IoT,499,4,Noon,https://www.noon.com/saudi-en/search/?q=Aqara+Hub+M2+%28HM2-G01%29+-+Multi-Protocol+Smart+Home+Gateway,,,SAR,Needs supplier verification,"Verify seller rating, warranty, and marketplace fulfillment before buying."
2,Medium,NO_REAL_PRICE_REFERENCE,"Open search URL, pick exact listing, fill Buy URL + Supplier Price",226,NG-SH-006,Aqara Hub M2 (HM2-G01) - Multi-Protocol Smart Home Gateway,Smart Home & IoT,499,5,B&H Photo,https://www.bhphotovideo.com/c/search?Ntt=Aqara+Hub+M2+%28HM2-G01%29+-+Multi-Protocol+Smart+Home+Gateway&N=0&InitialSearch=yes&sts=ma,,,USD,Needs supplier verification,"Best for cameras, networking, creators, and computer hardware."
2,Medium,NO_REAL_PRICE_REFERENCE,"Open search URL, pick exact listing, fill Buy URL + Supplier Price",225,NG-SH-007,SwitchBot Curtain 3 (W2400000) - Turn Any Curtain Smart in Minutes,Smart Home & IoT,549,1,AliExpress,https://www.aliexpress.com/wholesale?SearchText=SwitchBot+Curtain+3+%28W2400000%29+-+Turn+Any+Curtain+Smart+in+Minutes,,,USD,Needs supplier verification,"Match exact product manually, then fill Buy URL and Supplier Price."
2,Medium,NO_REAL_PRICE_REFERENCE,"Open search URL, pick exact listing, fill Buy URL + Supplier Price",225,NG-SH-007,SwitchBot Curtain 3 (W2400000) - Turn Any Curtain Smart in Minutes,Smart Home & IoT,549,2,Alibaba,https://www.alibaba.com/trade/search?SearchText=SwitchBot+Curtain+3+%28W2400000%29+-+Turn+Any+Curtain+Smart+in+Minutes,,,USD,Needs supplier verification,"Check MOQ, shipping terms, and verified supplier status before buying."
2,Medium,NO_REAL_PRICE_REFERENCE,"Open search URL, pick exact listing, fill Buy URL + Supplier Price",225,NG-SH-007,SwitchBot Curtain 3 (W2400000) - Turn Any Curtain Smart in Minutes,Smart Home & IoT,549,3,Amazon.sa,https://www.amazon.sa/s?k=SwitchBot+Curtain+3+%28W2400000%29+-+Turn+Any+Curtain+Smart+in+Minutes,,,SAR,Needs supplier verification,Uses existing Amazon reference URL and price when the workbook has them.
2,Medium,NO_REAL_PRICE_REFERENCE,"Open search URL, pick exact listing, fill Buy URL + Supplier Price",225,NG-SH-007,SwitchBot Curtain 3 (W2400000) - Turn Any Curtain Smart in Minutes,Smart Home & IoT,549,4,Noon,https://www.noon.com/saudi-en/search/?q=SwitchBot+Curtain+3+%28W2400000%29+-+Turn+Any+Curtain+Smart+in+Minutes,,,SAR,Needs supplier verification,"Verify seller rating, warranty, and marketplace fulfillment before buying."
2,Medium,NO_REAL_PRICE_REFERENCE,"Open search URL, pick exact listing, fill Buy URL + Supplier Price",225,NG-SH-007,SwitchBot Curtain 3 (W2400000) - Turn Any Curtain Smart in Minutes,Smart Home & IoT,549,5,B&H Photo,https://www.bhphotovideo.com/c/search?Ntt=SwitchBot+Curtain+3+%28W2400000%29+-+Turn+Any+Curtain+Smart+in+Minutes&N=0&InitialSearch=yes&sts=ma,,,USD,Needs supplier verification,"Best for cameras, networking, creators, and computer hardware."
2,Medium,NO_REAL_PRICE_REFERENCE,"Open search URL, pick exact listing, fill Buy URL + Supplier Price",224,NG-SH-008,Shelly Plus 1PM - Smart Wi-Fi Relay with Power Monitoring,Smart Home & IoT,189,1,AliExpress,https://www.aliexpress.com/wholesale?SearchText=Shelly+Plus+1PM+-+Smart+Wi-Fi+Relay+with+Power+Monitoring,,,USD,Needs supplier verification,"Match exact product manually, then fill Buy URL and Supplier Price."
2,Medium,NO_REAL_PRICE_REFERENCE,"Open search URL, pick exact listing, fill Buy URL + Supplier Price",224,NG-SH-008,Shelly Plus 1PM - Smart Wi-Fi Relay with Power Monitoring,Smart Home & IoT,189,2,Alibaba,https://www.alibaba.com/trade/search?SearchText=Shelly+Plus+1PM+-+Smart+Wi-Fi+Relay+with+Power+Monitoring,,,USD,Needs supplier verification,"Check MOQ, shipping terms, and verified supplier status before buying."
2,Medium,NO_REAL_PRICE_REFERENCE,"Open search URL, pick exact listing, fill Buy URL + Supplier Price",224,NG-SH-008,Shelly Plus 1PM - Smart Wi-Fi Relay with Power Monitoring,Smart Home & IoT,189,3,Amazon.sa,https://www.amazon.sa/s?k=Shelly+Plus+1PM+-+Smart+Wi-Fi+Relay+with+Power+Monitoring,,,SAR,Needs supplier verification,Uses existing Amazon reference URL and price when the workbook has them.
2,Medium,NO_REAL_PRICE_REFERENCE,"Open search URL, pick exact listing, fill Buy URL + Supplier Price",224,NG-SH-008,Shelly Plus 1PM - Smart Wi-Fi Relay with Power Monitoring,Smart Home & IoT,189,4,Noon,https://www.noon.com/saudi-en/search/?q=Shelly+Plus+1PM+-+Smart+Wi-Fi+Relay+with+Power+Monitoring,,,SAR,Needs supplier verification,"Verify seller rating, warranty, and marketplace fulfillment before buying."
2,Medium,NO_REAL_PRICE_REFERENCE,"Open search URL, pick exact listing, fill Buy URL + Supplier Price",224,NG-SH-008,Shelly Plus 1PM - Smart Wi-Fi Relay with Power Monitoring,Smart Home & IoT,189,5,B&H Photo,https://www.bhphotovideo.com/c/search?Ntt=Shelly+Plus+1PM+-+Smart+Wi-Fi+Relay+with+Power+Monitoring&N=0&InitialSearch=yes&sts=ma,,,USD,Needs supplier verification,"Best for cameras, networking, creators, and computer hardware."
2,Medium,NO_REAL_PRICE_REFERENCE,"Open search URL, pick exact listing, fill Buy URL + Supplier Price",223,NG-SH-009,Aqara Motion Sensor P1 (MS-S02) - Wide-Angle 170° Smart PIR Sensor,Smart Home & IoT,279,1,AliExpress,https://www.aliexpress.com/wholesale?SearchText=Aqara+Motion+Sensor+P1+%28MS-S02%29+-+Wide-Angle+170%C2%B0+Smart+PIR+Sensor,,,USD,Needs supplier verification,"Match exact product manually, then fill Buy URL and Supplier Price."
2,Medium,NO_REAL_PRICE_REFERENCE,"Open search URL, pick exact listing, fill Buy URL + Supplier Price",223,NG-SH-009,Aqara Motion Sensor P1 (MS-S02) - Wide-Angle 170° Smart PIR Sensor,Smart Home & IoT,279,2,Alibaba,https://www.alibaba.com/trade/search?SearchText=Aqara+Motion+Sensor+P1+%28MS-S02%29+-+Wide-Angle+170%C2%B0+Smart+PIR+Sensor,,,USD,Needs supplier verification,"Check MOQ, shipping terms, and verified supplier status before buying."
2,Medium,NO_REAL_PRICE_REFERENCE,"Open search URL, pick exact listing, fill Buy URL + Supplier Price",223,NG-SH-009,Aqara Motion Sensor P1 (MS-S02) - Wide-Angle 170° Smart PIR Sensor,Smart Home & IoT,279,3,Amazon.sa,https://www.amazon.sa/s?k=Aqara+Motion+Sensor+P1+%28MS-S02%29+-+Wide-Angle+170%C2%B0+Smart+PIR+Sensor,,,SAR,Needs supplier verification,Uses existing Amazon reference URL and price when the workbook has them.
2,Medium,NO_REAL_PRICE_REFERENCE,"Open search URL, pick exact listing, fill Buy URL + Supplier Price",223,NG-SH-009,Aqara Motion Sensor P1 (MS-S02) - Wide-Angle 170° Smart PIR Sensor,Smart Home & IoT,279,4,Noon,https://www.noon.com/saudi-en/search/?q=Aqara+Motion+Sensor+P1+%28MS-S02%29+-+Wide-Angle+170%C2%B0+Smart+PIR+Sensor,,,SAR,Needs supplier verification,"Verify seller rating, warranty, and marketplace fulfillment before buying."
2,Medium,NO_REAL_PRICE_REFERENCE,"Open search URL, pick exact listing, fill Buy URL + Supplier Price",223,NG-SH-009,Aqara Motion Sensor P1 (MS-S02) - Wide-Angle 170° Smart PIR Sensor,Smart Home & IoT,279,5,B&H Photo,https://www.bhphotovideo.com/c/search?Ntt=Aqara+Motion+Sensor+P1+%28MS-S02%29+-+Wide-Angle+170%C2%B0+Smart+PIR+Sensor&N=0&InitialSearch=yes&sts=ma,,,USD,Needs supplier verification,"Best for cameras, networking, creators, and computer hardware."
2,Medium,NO_REAL_PRICE_REFERENCE,"Open search URL, pick exact listing, fill Buy URL + Supplier Price",222,NG-SH-010,Eve Energy Smart Plug (Matter/Thread) - Next-Gen Smart Plug with Power Monitoring,Smart Home & IoT,399,1,AliExpress,https://www.aliexpress.com/wholesale?SearchText=Eve+Energy+Smart+Plug+%28Matter%2FThread%29+-+Next-Gen+Smart+Plug+with+Power+Monitoring,,,USD,Needs supplier verification,"Match exact product manually, then fill Buy URL and Supplier Price."
2,Medium,NO_REAL_PRICE_REFERENCE,"Open search URL, pick exact listing, fill Buy URL + Supplier Price",222,NG-SH-010,Eve Energy Smart Plug (Matter/Thread) - Next-Gen Smart Plug with Power Monitoring,Smart Home & IoT,399,2,Alibaba,https://www.alibaba.com/trade/search?SearchText=Eve+Energy+Smart+Plug+%28Matter%2FThread%29+-+Next-Gen+Smart+Plug+with+Power+Monitoring,,,USD,Needs supplier verification,"Check MOQ, shipping terms, and verified supplier status before buying."
2,Medium,NO_REAL_PRICE_REFERENCE,"Open search URL, pick exact listing, fill Buy URL + Supplier Price",222,NG-SH-010,Eve Energy Smart Plug (Matter/Thread) - Next-Gen Smart Plug with Power Monitoring,Smart Home & IoT,399,3,Amazon.sa,https://www.amazon.sa/s?k=Eve+Energy+Smart+Plug+%28Matter%2FThread%29+-+Next-Gen+Smart+Plug+with+Power+Monitoring,,,SAR,Needs supplier verification,Uses existing Amazon reference URL and price when the workbook has them.
2,Medium,NO_REAL_PRICE_REFERENCE,"Open search URL, pick exact listing, fill Buy URL + Supplier Price",222,NG-SH-010,Eve Energy Smart Plug (Matter/Thread) - Next-Gen Smart Plug with Power Monitoring,Smart Home & IoT,399,4,Noon,https://www.noon.com/saudi-en/search/?q=Eve+Energy+Smart+Plug+%28Matter%2FThread%29+-+Next-Gen+Smart+Plug+with+Power+Monitoring,,,SAR,Needs supplier verification,"Verify seller rating, warranty, and marketplace fulfillment before buying."
2,Medium,NO_REAL_PRICE_REFERENCE,"Open search URL, pick exact listing, fill Buy URL + Supplier Price",222,NG-SH-010,Eve Energy Smart Plug (Matter/Thread) - Next-Gen Smart Plug with Power Monitoring,Smart Home & IoT,399,5,B&H Photo,https://www.bhphotovideo.com/c/search?Ntt=Eve+Energy+Smart+Plug+%28Matter%2FThread%29+-+Next-Gen+Smart+Plug+with+Power+Monitoring&N=0&InitialSearch=yes&sts=ma,,,USD,Needs supplier verification,"Best for cameras, networking, creators, and computer hardware."
2,Medium,NO_REAL_PRICE_REFERENCE,"Open search URL, pick exact listing, fill Buy URL + Supplier Price",221,NG-SH-011,SwitchBot Bot (S1) - Robotic Finger That Makes Any Button Smart,Smart Home & IoT,279,1,AliExpress,https://www.aliexpress.com/wholesale?SearchText=SwitchBot+Bot+%28S1%29+-+Robotic+Finger+That+Makes+Any+Button+Smart,,,USD,Needs supplier verification,"Match exact product manually, then fill Buy URL and Supplier Price."
2,Medium,NO_REAL_PRICE_REFERENCE,"Open search URL, pick exact listing, fill Buy URL + Supplier Price",221,NG-SH-011,SwitchBot Bot (S1) - Robotic Finger That Makes Any Button Smart,Smart Home & IoT,279,2,Alibaba,https://www.alibaba.com/trade/search?SearchText=SwitchBot+Bot+%28S1%29+-+Robotic+Finger+That+Makes+Any+Button+Smart,,,USD,Needs supplier verification,"Check MOQ, shipping terms, and verified supplier status before buying."
2,Medium,NO_REAL_PRICE_REFERENCE,"Open search URL, pick exact listing, fill Buy URL + Supplier Price",221,NG-SH-011,SwitchBot Bot (S1) - Robotic Finger That Makes Any Button Smart,Smart Home & IoT,279,3,Amazon.sa,https://www.amazon.sa/s?k=SwitchBot+Bot+%28S1%29+-+Robotic+Finger+That+Makes+Any+Button+Smart,,,SAR,Needs supplier verification,Uses existing Amazon reference URL and price when the workbook has them.
2,Medium,NO_REAL_PRICE_REFERENCE,"Open search URL, pick exact listing, fill Buy URL + Supplier Price",221,NG-SH-011,SwitchBot Bot (S1) - Robotic Finger That Makes Any Button Smart,Smart Home & IoT,279,4,Noon,https://www.noon.com/saudi-en/search/?q=SwitchBot+Bot+%28S1%29+-+Robotic+Finger+That+Makes+Any+Button+Smart,,,SAR,Needs supplier verification,"Verify seller rating, warranty, and marketplace fulfillment before buying."
2,Medium,NO_REAL_PRICE_REFERENCE,"Open search URL, pick exact listing, fill Buy URL + Supplier Price",221,NG-SH-011,SwitchBot Bot (S1) - Robotic Finger That Makes Any Button Smart,Smart Home & IoT,279,5,B&H Photo,https://www.bhphotovideo.com/c/search?Ntt=SwitchBot+Bot+%28S1%29+-+Robotic+Finger+That+Makes+Any+Button+Smart&N=0&InitialSearch=yes&sts=ma,,,USD,Needs supplier verification,"Best for cameras, networking, creators, and computer hardware."
2,Medium,NO_REAL_PRICE_REFERENCE,"Open search URL, pick exact listing, fill Buy URL + Supplier Price",220,NG-SH-012,Aqara Roller Shade Driver E1 (RSD-M01) - Smart Roller Blind Motor with HomeKit,Smart Home & IoT,599,1,AliExpress,https://www.aliexpress.com/wholesale?SearchText=Aqara+Roller+Shade+Driver+E1+%28RSD-M01%29+-+Smart+Roller+Blind+Motor+with+HomeKit,,,USD,Needs supplier verification,"Match exact product manually, then fill Buy URL and Supplier Price."
2,Medium,NO_REAL_PRICE_REFERENCE,"Open search URL, pick exact listing, fill Buy URL + Supplier Price",220,NG-SH-012,Aqara Roller Shade Driver E1 (RSD-M01) - Smart Roller Blind Motor with HomeKit,Smart Home & IoT,599,2,Alibaba,https://www.alibaba.com/trade/search?SearchText=Aqara+Roller+Shade+Driver+E1+%28RSD-M01%29+-+Smart+Roller+Blind+Motor+with+HomeKit,,,USD,Needs supplier verification,"Check MOQ, shipping terms, and verified supplier status before buying."
2,Medium,NO_REAL_PRICE_REFERENCE,"Open search URL, pick exact listing, fill Buy URL + Supplier Price",220,NG-SH-012,Aqara Roller Shade Driver E1 (RSD-M01) - Smart Roller Blind Motor with HomeKit,Smart Home & IoT,599,3,Amazon.sa,https://www.amazon.sa/s?k=Aqara+Roller+Shade+Driver+E1+%28RSD-M01%29+-+Smart+Roller+Blind+Motor+with+HomeKit,,,SAR,Needs supplier verification,Uses existing Amazon reference URL and price when the workbook has them.
2,Medium,NO_REAL_PRICE_REFERENCE,"Open search URL, pick exact listing, fill Buy URL + Supplier Price",220,NG-SH-012,Aqara Roller Shade Driver E1 (RSD-M01) - Smart Roller Blind Motor with HomeKit,Smart Home & IoT,599,4,Noon,https://www.noon.com/saudi-en/search/?q=Aqara+Roller+Shade+Driver+E1+%28RSD-M01%29+-+Smart+Roller+Blind+Motor+with+HomeKit,,,SAR,Needs supplier verification,"Verify seller rating, warranty, and marketplace fulfillment before buying."
2,Medium,NO_REAL_PRICE_REFERENCE,"Open search URL, pick exact listing, fill Buy URL + Supplier Price",220,NG-SH-012,Aqara Roller Shade Driver E1 (RSD-M01) - Smart Roller Blind Motor with HomeKit,Smart Home & IoT,599,5,B&H Photo,https://www.bhphotovideo.com/c/search?Ntt=Aqara+Roller+Shade+Driver+E1+%28RSD-M01%29+-+Smart+Roller+Blind+Motor+with+HomeKit&N=0&InitialSearch=yes&sts=ma,,,USD,Needs supplier verification,"Best for cameras, networking, creators, and computer hardware."
2,Medium,NO_REAL_PRICE_REFERENCE,"Open search URL, pick exact listing, fill Buy URL + Supplier Price",219,NG-SH-013,Zemismart Zigbee Smart Tubular Motor (ZM25TQ) - Heavy-Duty Roller Blind Motor,Smart Home & IoT,699,1,AliExpress,https://www.aliexpress.com/wholesale?SearchText=Zemismart+Zigbee+Smart+Tubular+Motor+%28ZM25TQ%29+-+Heavy-Duty+Roller+Blind+Motor,,,USD,Needs supplier verification,"Match exact product manually, then fill Buy URL and Supplier Price."
2,Medium,NO_REAL_PRICE_REFERENCE,"Open search URL, pick exact listing, fill Buy URL + Supplier Price",219,NG-SH-013,Zemismart Zigbee Smart Tubular Motor (ZM25TQ) - Heavy-Duty Roller Blind Motor,Smart Home & IoT,699,2,Alibaba,https://www.alibaba.com/trade/search?SearchText=Zemismart+Zigbee+Smart+Tubular+Motor+%28ZM25TQ%29+-+Heavy-Duty+Roller+Blind+Motor,,,USD,Needs supplier verification,"Check MOQ, shipping terms, and verified supplier status before buying."
2,Medium,NO_REAL_PRICE_REFERENCE,"Open search URL, pick exact listing, fill Buy URL + Supplier Price",219,NG-SH-013,Zemismart Zigbee Smart Tubular Motor (ZM25TQ) - Heavy-Duty Roller Blind Motor,Smart Home & IoT,699,3,Amazon.sa,https://www.amazon.sa/s?k=Zemismart+Zigbee+Smart+Tubular+Motor+%28ZM25TQ%29+-+Heavy-Duty+Roller+Blind+Motor,,,SAR,Needs supplier verification,Uses existing Amazon reference URL and price when the workbook has them.
2,Medium,NO_REAL_PRICE_REFERENCE,"Open search URL, pick exact listing, fill Buy URL + Supplier Price",219,NG-SH-013,Zemismart Zigbee Smart Tubular Motor (ZM25TQ) - Heavy-Duty Roller Blind Motor,Smart Home & IoT,699,4,Noon,https://www.noon.com/saudi-en/search/?q=Zemismart+Zigbee+Smart+Tubular+Motor+%28ZM25TQ%29+-+Heavy-Duty+Roller+Blind+Motor,,,SAR,Needs supplier verification,"Verify seller rating, warranty, and marketplace fulfillment before buying."
2,Medium,NO_REAL_PRICE_REFERENCE,"Open search URL, pick exact listing, fill Buy URL + Supplier Price",219,NG-SH-013,Zemismart Zigbee Smart Tubular Motor (ZM25TQ) - Heavy-Duty Roller Blind Motor,Smart Home & IoT,699,5,B&H Photo,https://www.bhphotovideo.com/c/search?Ntt=Zemismart+Zigbee+Smart+Tubular+Motor+%28ZM25TQ%29+-+Heavy-Duty+Roller+Blind+Motor&N=0&InitialSearch=yes&sts=ma,,,USD,Needs supplier verification,"Best for cameras, networking, creators, and computer hardware."
2,Medium,NO_REAL_PRICE_REFERENCE,"Open search URL, pick exact listing, fill Buy URL + Supplier Price",218,NG-SH-014,MOES Zigbee Smart Thermostat (BHT-002-GCLZB) - Programmable HVAC Control,Smart Home & IoT,379,1,AliExpress,https://www.aliexpress.com/wholesale?SearchText=MOES+Zigbee+Smart+Thermostat+%28BHT-002-GCLZB%29+-+Programmable+HVAC+Control,,,USD,Needs supplier verification,"Match exact product manually, then fill Buy URL and Supplier Price."
2,Medium,NO_REAL_PRICE_REFERENCE,"Open search URL, pick exact listing, fill Buy URL + Supplier Price",218,NG-SH-014,MOES Zigbee Smart Thermostat (BHT-002-GCLZB) - Programmable HVAC Control,Smart Home & IoT,379,2,Alibaba,https://www.alibaba.com/trade/search?SearchText=MOES+Zigbee+Smart+Thermostat+%28BHT-002-GCLZB%29+-+Programmable+HVAC+Control,,,USD,Needs supplier verification,"Check MOQ, shipping terms, and verified supplier status before buying."
2,Medium,NO_REAL_PRICE_REFERENCE,"Open search URL, pick exact listing, fill Buy URL + Supplier Price",218,NG-SH-014,MOES Zigbee Smart Thermostat (BHT-002-GCLZB) - Programmable HVAC Control,Smart Home & IoT,379,3,Amazon.sa,https://www.amazon.sa/s?k=MOES+Zigbee+Smart+Thermostat+%28BHT-002-GCLZB%29+-+Programmable+HVAC+Control,,,SAR,Needs supplier verification,Uses existing Amazon reference URL and price when the workbook has them.
2,Medium,NO_REAL_PRICE_REFERENCE,"Open search URL, pick exact listing, fill Buy URL + Supplier Price",218,NG-SH-014,MOES Zigbee Smart Thermostat (BHT-002-GCLZB) - Programmable HVAC Control,Smart Home & IoT,379,4,Noon,https://www.noon.com/saudi-en/search/?q=MOES+Zigbee+Smart+Thermostat+%28BHT-002-GCLZB%29+-+Programmable+HVAC+Control,,,SAR,Needs supplier verification,"Verify seller rating, warranty, and marketplace fulfillment before buying."
2,Medium,NO_REAL_PRICE_REFERENCE,"Open search URL, pick exact listing, fill Buy URL + Supplier Price",218,NG-SH-014,MOES Zigbee Smart Thermostat (BHT-002-GCLZB) - Programmable HVAC Control,Smart Home & IoT,379,5,B&H Photo,https://www.bhphotovideo.com/c/search?Ntt=MOES+Zigbee+Smart+Thermostat+%28BHT-002-GCLZB%29+-+Programmable+HVAC+Control&N=0&InitialSearch=yes&sts=ma,,,USD,Needs supplier verification,"Best for cameras, networking, creators, and computer hardware."
2,Medium,NO_REAL_PRICE_REFERENCE,"Open search URL, pick exact listing, fill Buy URL + Supplier Price",217,NG-SH-015,Sonoff SNZB-02D Zigbee Temperature &amp; Humidity Sensor with LCD Display,Smart Home & IoT,159,1,AliExpress,https://www.aliexpress.com/wholesale?SearchText=Sonoff+SNZB-02D+Zigbee+Temperature+%26amp%3B+Humidity+Sensor+with+LCD+Display,,,USD,Needs supplier verification,"Match exact product manually, then fill Buy URL and Supplier Price."
2,Medium,NO_REAL_PRICE_REFERENCE,"Open search URL, pick exact listing, fill Buy URL + Supplier Price",217,NG-SH-015,Sonoff SNZB-02D Zigbee Temperature &amp; Humidity Sensor with LCD Display,Smart Home & IoT,159,2,Alibaba,https://www.alibaba.com/trade/search?SearchText=Sonoff+SNZB-02D+Zigbee+Temperature+%26amp%3B+Humidity+Sensor+with+LCD+Display,,,USD,Needs supplier verification,"Check MOQ, shipping terms, and verified supplier status before buying."
2,Medium,NO_REAL_PRICE_REFERENCE,"Open search URL, pick exact listing, fill Buy URL + Supplier Price",217,NG-SH-015,Sonoff SNZB-02D Zigbee Temperature &amp; Humidity Sensor with LCD Display,Smart Home & IoT,159,3,Amazon.sa,https://www.amazon.sa/s?k=Sonoff+SNZB-02D+Zigbee+Temperature+%26amp%3B+Humidity+Sensor+with+LCD+Display,,,SAR,Needs supplier verification,Uses existing Amazon reference URL and price when the workbook has them.
2,Medium,NO_REAL_PRICE_REFERENCE,"Open search URL, pick exact listing, fill Buy URL + Supplier Price",217,NG-SH-015,Sonoff SNZB-02D Zigbee Temperature &amp; Humidity Sensor with LCD Display,Smart Home & IoT,159,4,Noon,https://www.noon.com/saudi-en/search/?q=Sonoff+SNZB-02D+Zigbee+Temperature+%26amp%3B+Humidity+Sensor+with+LCD+Display,,,SAR,Needs supplier verification,"Verify seller rating, warranty, and marketplace fulfillment before buying."
2,Medium,NO_REAL_PRICE_REFERENCE,"Open search URL, pick exact listing, fill Buy URL + Supplier Price",217,NG-SH-015,Sonoff SNZB-02D Zigbee Temperature &amp; Humidity Sensor with LCD Display,Smart Home & IoT,159,5,B&H Photo,https://www.bhphotovideo.com/c/search?Ntt=Sonoff+SNZB-02D+Zigbee+Temperature+%26amp%3B+Humidity+Sensor+with+LCD+Display&N=0&InitialSearch=yes&sts=ma,,,USD,Needs supplier verification,"Best for cameras, networking, creators, and computer hardware."
2,Medium,NO_REAL_PRICE_REFERENCE,"Open search URL, pick exact listing, fill Buy URL + Supplier Price",92,NT-FWL-FTN-001,Fortinet FortiGate 60F,Homelab,5499,1,AliExpress,https://www.aliexpress.com/wholesale?SearchText=Fortinet+FortiGate+60F,,,USD,Needs supplier verification,"Match exact product manually, then fill Buy URL and Supplier Price."
2,Medium,NO_REAL_PRICE_REFERENCE,"Open search URL, pick exact listing, fill Buy URL + Supplier Price",92,NT-FWL-FTN-001,Fortinet FortiGate 60F,Homelab,5499,2,Alibaba,https://www.alibaba.com/trade/search?SearchText=Fortinet+FortiGate+60F,,,USD,Needs supplier verification,"Check MOQ, shipping terms, and verified supplier status before buying."
2,Medium,NO_REAL_PRICE_REFERENCE,"Open search URL, pick exact listing, fill Buy URL + Supplier Price",92,NT-FWL-FTN-001,Fortinet FortiGate 60F,Homelab,5499,3,Amazon.sa,https://www.amazon.sa/s?k=Fortinet+FortiGate+60F,,,SAR,Needs supplier verification,Uses existing Amazon reference URL and price when the workbook has them.
2,Medium,NO_REAL_PRICE_REFERENCE,"Open search URL, pick exact listing, fill Buy URL + Supplier Price",92,NT-FWL-FTN-001,Fortinet FortiGate 60F,Homelab,5499,4,Noon,https://www.noon.com/saudi-en/search/?q=Fortinet+FortiGate+60F,,,SAR,Needs supplier verification,"Verify seller rating, warranty, and marketplace fulfillment before buying."
2,Medium,NO_REAL_PRICE_REFERENCE,"Open search URL, pick exact listing, fill Buy URL + Supplier Price",92,NT-FWL-FTN-001,Fortinet FortiGate 60F,Homelab,5499,5,B&H Photo,https://www.bhphotovideo.com/c/search?Ntt=Fortinet+FortiGate+60F&N=0&InitialSearch=yes&sts=ma,,,USD,Needs supplier verification,"Best for cameras, networking, creators, and computer hardware."
2,Medium,NO_REAL_PRICE_REFERENCE,"Open search URL, pick exact listing, fill Buy URL + Supplier Price",94,NT-FWL-NGT-001,Netgate 4200 MAX pfSense+ Gateway,Homelab,3399,1,AliExpress,https://www.aliexpress.com/wholesale?SearchText=Netgate+4200+MAX+pfSense%2B+Gateway,,,USD,Needs supplier verification,"Match exact product manually, then fill Buy URL and Supplier Price."
2,Medium,NO_REAL_PRICE_REFERENCE,"Open search URL, pick exact listing, fill Buy URL + Supplier Price",94,NT-FWL-NGT-001,Netgate 4200 MAX pfSense+ Gateway,Homelab,3399,2,Alibaba,https://www.alibaba.com/trade/search?SearchText=Netgate+4200+MAX+pfSense%2B+Gateway,,,USD,Needs supplier verification,"Check MOQ, shipping terms, and verified supplier status before buying."
2,Medium,NO_REAL_PRICE_REFERENCE,"Open search URL, pick exact listing, fill Buy URL + Supplier Price",94,NT-FWL-NGT-001,Netgate 4200 MAX pfSense+ Gateway,Homelab,3399,3,Amazon.sa,https://www.amazon.sa/s?k=Netgate+4200+MAX+pfSense%2B+Gateway,,,SAR,Needs supplier verification,Uses existing Amazon reference URL and price when the workbook has them.
2,Medium,NO_REAL_PRICE_REFERENCE,"Open search URL, pick exact listing, fill Buy URL + Supplier Price",94,NT-FWL-NGT-001,Netgate 4200 MAX pfSense+ Gateway,Homelab,3399,4,Noon,https://www.noon.com/saudi-en/search/?q=Netgate+4200+MAX+pfSense%2B+Gateway,,,SAR,Needs supplier verification,"Verify seller rating, warranty, and marketplace fulfillment before buying."
2,Medium,NO_REAL_PRICE_REFERENCE,"Open search URL, pick exact listing, fill Buy URL + Supplier Price",94,NT-FWL-NGT-001,Netgate 4200 MAX pfSense+ Gateway,Homelab,3399,5,B&H Photo,https://www.bhphotovideo.com/c/search?Ntt=Netgate+4200+MAX+pfSense%2B+Gateway&N=0&InitialSearch=yes&sts=ma,,,USD,Needs supplier verification,"Best for cameras, networking, creators, and computer hardware."
2,Medium,NO_REAL_PRICE_REFERENCE,"Open search URL, pick exact listing, fill Buy URL + Supplier Price",90,NT-KVM-ATN-001,ATEN CS1924M 4-Port DP KVM,Homelab,2399,1,AliExpress,https://www.aliexpress.com/wholesale?SearchText=ATEN+CS1924M+4-Port+DP+KVM,,,USD,Needs supplier verification,"Match exact product manually, then fill Buy URL and Supplier Price."
2,Medium,NO_REAL_PRICE_REFERENCE,"Open search URL, pick exact listing, fill Buy URL + Supplier Price",90,NT-KVM-ATN-001,ATEN CS1924M 4-Port DP KVM,Homelab,2399,2,Alibaba,https://www.alibaba.com/trade/search?SearchText=ATEN+CS1924M+4-Port+DP+KVM,,,USD,Needs supplier verification,"Check MOQ, shipping terms, and verified supplier status before buying."
2,Medium,NO_REAL_PRICE_REFERENCE,"Open search URL, pick exact listing, fill Buy URL + Supplier Price",90,NT-KVM-ATN-001,ATEN CS1924M 4-Port DP KVM,Homelab,2399,3,Amazon.sa,https://www.amazon.sa/s?k=ATEN+CS1924M+4-Port+DP+KVM,,,SAR,Needs supplier verification,Uses existing Amazon reference URL and price when the workbook has them.
2,Medium,NO_REAL_PRICE_REFERENCE,"Open search URL, pick exact listing, fill Buy URL + Supplier Price",90,NT-KVM-ATN-001,ATEN CS1924M 4-Port DP KVM,Homelab,2399,4,Noon,https://www.noon.com/saudi-en/search/?q=ATEN+CS1924M+4-Port+DP+KVM,,,SAR,Needs supplier verification,"Verify seller rating, warranty, and marketplace fulfillment before buying."
2,Medium,NO_REAL_PRICE_REFERENCE,"Open search URL, pick exact listing, fill Buy URL + Supplier Price",90,NT-KVM-ATN-001,ATEN CS1924M 4-Port DP KVM,Homelab,2399,5,B&H Photo,https://www.bhphotovideo.com/c/search?Ntt=ATEN+CS1924M+4-Port+DP+KVM&N=0&InitialSearch=yes&sts=ma,,,USD,Needs supplier verification,"Best for cameras, networking, creators, and computer hardware."
2,Medium,NO_REAL_PRICE_REFERENCE,"Open search URL, pick exact listing, fill Buy URL + Supplier Price",91,NT-KVM-TES-001,TESmart HKS0401A1U 4-Port HDMI KVM,Homelab,599,1,AliExpress,https://www.aliexpress.com/wholesale?SearchText=TESmart+HKS0401A1U+4-Port+HDMI+KVM,,,USD,Needs supplier verification,"Match exact product manually, then fill Buy URL and Supplier Price."
2,Medium,NO_REAL_PRICE_REFERENCE,"Open search URL, pick exact listing, fill Buy URL + Supplier Price",91,NT-KVM-TES-001,TESmart HKS0401A1U 4-Port HDMI KVM,Homelab,599,2,Alibaba,https://www.alibaba.com/trade/search?SearchText=TESmart+HKS0401A1U+4-Port+HDMI+KVM,,,USD,Needs supplier verification,"Check MOQ, shipping terms, and verified supplier status before buying."
2,Medium,NO_REAL_PRICE_REFERENCE,"Open search URL, pick exact listing, fill Buy URL + Supplier Price",91,NT-KVM-TES-001,TESmart HKS0401A1U 4-Port HDMI KVM,Homelab,599,3,Amazon.sa,https://www.amazon.sa/s?k=TESmart+HKS0401A1U+4-Port+HDMI+KVM,,,SAR,Needs supplier verification,Uses existing Amazon reference URL and price when the workbook has them.
2,Medium,NO_REAL_PRICE_REFERENCE,"Open search URL, pick exact listing, fill Buy URL + Supplier Price",91,NT-KVM-TES-001,TESmart HKS0401A1U 4-Port HDMI KVM,Homelab,599,4,Noon,https://www.noon.com/saudi-en/search/?q=TESmart+HKS0401A1U+4-Port+HDMI+KVM,,,SAR,Needs supplier verification,"Verify seller rating, warranty, and marketplace fulfillment before buying."
2,Medium,NO_REAL_PRICE_REFERENCE,"Open search URL, pick exact listing, fill Buy URL + Supplier Price",91,NT-KVM-TES-001,TESmart HKS0401A1U 4-Port HDMI KVM,Homelab,599,5,B&H Photo,https://www.bhphotovideo.com/c/search?Ntt=TESmart+HKS0401A1U+4-Port+HDMI+KVM&N=0&InitialSearch=yes&sts=ma,,,USD,Needs supplier verification,"Best for cameras, networking, creators, and computer hardware."
2,Medium,NO_REAL_PRICE_REFERENCE,"Open search URL, pick exact listing, fill Buy URL + Supplier Price",86,NT-MPC-BLK-001,Beelink SER7 (Ryzen 7 7735HS),Homelab,2399,1,AliExpress,https://www.aliexpress.com/wholesale?SearchText=Beelink+SER7+%28Ryzen+7+7735HS%29,,,USD,Needs supplier verification,"Match exact product manually, then fill Buy URL and Supplier Price."
2,Medium,NO_REAL_PRICE_REFERENCE,"Open search URL, pick exact listing, fill Buy URL + Supplier Price",86,NT-MPC-BLK-001,Beelink SER7 (Ryzen 7 7735HS),Homelab,2399,2,Alibaba,https://www.alibaba.com/trade/search?SearchText=Beelink+SER7+%28Ryzen+7+7735HS%29,,,USD,Needs supplier verification,"Check MOQ, shipping terms, and verified supplier status before buying."
2,Medium,NO_REAL_PRICE_REFERENCE,"Open search URL, pick exact listing, fill Buy URL + Supplier Price",86,NT-MPC-BLK-001,Beelink SER7 (Ryzen 7 7735HS),Homelab,2399,3,Amazon.sa,https://www.amazon.sa/s?k=Beelink+SER7+%28Ryzen+7+7735HS%29,,,SAR,Needs supplier verification,Uses existing Amazon reference URL and price when the workbook has them.
2,Medium,NO_REAL_PRICE_REFERENCE,"Open search URL, pick exact listing, fill Buy URL + Supplier Price",86,NT-MPC-BLK-001,Beelink SER7 (Ryzen 7 7735HS),Homelab,2399,4,Noon,https://www.noon.com/saudi-en/search/?q=Beelink+SER7+%28Ryzen+7+7735HS%29,,,SAR,Needs supplier verification,"Verify seller rating, warranty, and marketplace fulfillment before buying."
2,Medium,NO_REAL_PRICE_REFERENCE,"Open search URL, pick exact listing, fill Buy URL + Supplier Price",86,NT-MPC-BLK-001,Beelink SER7 (Ryzen 7 7735HS),Homelab,2399,5,B&H Photo,https://www.bhphotovideo.com/c/search?Ntt=Beelink+SER7+%28Ryzen+7+7735HS%29&N=0&InitialSearch=yes&sts=ma,,,USD,Needs supplier verification,"Best for cameras, networking, creators, and computer hardware."
2,Medium,NO_REAL_PRICE_REFERENCE,"Open search URL, pick exact listing, fill Buy URL + Supplier Price",85,NT-MPC-BLK-002,Beelink EQ12 (Intel N100),Homelab,999,1,AliExpress,https://www.aliexpress.com/wholesale?SearchText=Beelink+EQ12+%28Intel+N100%29,,,USD,Needs supplier verification,"Match exact product manually, then fill Buy URL and Supplier Price."
2,Medium,NO_REAL_PRICE_REFERENCE,"Open search URL, pick exact listing, fill Buy URL + Supplier Price",85,NT-MPC-BLK-002,Beelink EQ12 (Intel N100),Homelab,999,2,Alibaba,https://www.alibaba.com/trade/search?SearchText=Beelink+EQ12+%28Intel+N100%29,,,USD,Needs supplier verification,"Check MOQ, shipping terms, and verified supplier status before buying."
2,Medium,NO_REAL_PRICE_REFERENCE,"Open search URL, pick exact listing, fill Buy URL + Supplier Price",85,NT-MPC-BLK-002,Beelink EQ12 (Intel N100),Homelab,999,3,Amazon.sa,https://www.amazon.sa/s?k=Beelink+EQ12+%28Intel+N100%29,,,SAR,Needs supplier verification,Uses existing Amazon reference URL and price when the workbook has them.
2,Medium,NO_REAL_PRICE_REFERENCE,"Open search URL, pick exact listing, fill Buy URL + Supplier Price",85,NT-MPC-BLK-002,Beelink EQ12 (Intel N100),Homelab,999,4,Noon,https://www.noon.com/saudi-en/search/?q=Beelink+EQ12+%28Intel+N100%29,,,SAR,Needs supplier verification,"Verify seller rating, warranty, and marketplace fulfillment before buying."
2,Medium,NO_REAL_PRICE_REFERENCE,"Open search URL, pick exact listing, fill Buy URL + Supplier Price",85,NT-MPC-BLK-002,Beelink EQ12 (Intel N100),Homelab,999,5,B&H Photo,https://www.bhphotovideo.com/c/search?Ntt=Beelink+EQ12+%28Intel+N100%29&N=0&InitialSearch=yes&sts=ma,,,USD,Needs supplier verification,"Best for cameras, networking, creators, and computer hardware."
2,Medium,NO_REAL_PRICE_REFERENCE,"Open search URL, pick exact listing, fill Buy URL + Supplier Price",87,NT-MPC-MNF-001,MinisForum MS-01 (Homelab Server),Homelab,3999,1,AliExpress,https://www.aliexpress.com/wholesale?SearchText=MinisForum+MS-01+%28Homelab+Server%29,,,USD,Needs supplier verification,"Match exact product manually, then fill Buy URL and Supplier Price."
2,Medium,NO_REAL_PRICE_REFERENCE,"Open search URL, pick exact listing, fill Buy URL + Supplier Price",87,NT-MPC-MNF-001,MinisForum MS-01 (Homelab Server),Homelab,3999,2,Alibaba,https://www.alibaba.com/trade/search?SearchText=MinisForum+MS-01+%28Homelab+Server%29,,,USD,Needs supplier verification,"Check MOQ, shipping terms, and verified supplier status before buying."
2,Medium,NO_REAL_PRICE_REFERENCE,"Open search URL, pick exact listing, fill Buy URL + Supplier Price",87,NT-MPC-MNF-001,MinisForum MS-01 (Homelab Server),Homelab,3999,3,Amazon.sa,https://www.amazon.sa/s?k=MinisForum+MS-01+%28Homelab+Server%29,,,SAR,Needs supplier verification,Uses existing Amazon reference URL and price when the workbook has them.
2,Medium,NO_REAL_PRICE_REFERENCE,"Open search URL, pick exact listing, fill Buy URL + Supplier Price",87,NT-MPC-MNF-001,MinisForum MS-01 (Homelab Server),Homelab,3999,4,Noon,https://www.noon.com/saudi-en/search/?q=MinisForum+MS-01+%28Homelab+Server%29,,,SAR,Needs supplier verification,"Verify seller rating, warranty, and marketplace fulfillment before buying."
2,Medium,NO_REAL_PRICE_REFERENCE,"Open search URL, pick exact listing, fill Buy URL + Supplier Price",87,NT-MPC-MNF-001,MinisForum MS-01 (Homelab Server),Homelab,3999,5,B&H Photo,https://www.bhphotovideo.com/c/search?Ntt=MinisForum+MS-01+%28Homelab+Server%29&N=0&InitialSearch=yes&sts=ma,,,USD,Needs supplier verification,"Best for cameras, networking, creators, and computer hardware."
2,Medium,NO_REAL_PRICE_REFERENCE,"Open search URL, pick exact listing, fill Buy URL + Supplier Price",105,NT-NAS-QNP-001,QNAP TS-464-8G (4-Bay),Homelab,2799,1,AliExpress,https://www.aliexpress.com/wholesale?SearchText=QNAP+TS-464-8G+%284-Bay%29,,,USD,Needs supplier verification,"Match exact product manually, then fill Buy URL and Supplier Price."
2,Medium,NO_REAL_PRICE_REFERENCE,"Open search URL, pick exact listing, fill Buy URL + Supplier Price",105,NT-NAS-QNP-001,QNAP TS-464-8G (4-Bay),Homelab,2799,2,Alibaba,https://www.alibaba.com/trade/search?SearchText=QNAP+TS-464-8G+%284-Bay%29,,,USD,Needs supplier verification,"Check MOQ, shipping terms, and verified supplier status before buying."
2,Medium,NO_REAL_PRICE_REFERENCE,"Open search URL, pick exact listing, fill Buy URL + Supplier Price",105,NT-NAS-QNP-001,QNAP TS-464-8G (4-Bay),Homelab,2799,3,Amazon.sa,https://www.amazon.sa/s?k=QNAP+TS-464-8G+%284-Bay%29,,,SAR,Needs supplier verification,Uses existing Amazon reference URL and price when the workbook has them.
2,Medium,NO_REAL_PRICE_REFERENCE,"Open search URL, pick exact listing, fill Buy URL + Supplier Price",105,NT-NAS-QNP-001,QNAP TS-464-8G (4-Bay),Homelab,2799,4,Noon,https://www.noon.com/saudi-en/search/?q=QNAP+TS-464-8G+%284-Bay%29,,,SAR,Needs supplier verification,"Verify seller rating, warranty, and marketplace fulfillment before buying."
2,Medium,NO_REAL_PRICE_REFERENCE,"Open search URL, pick exact listing, fill Buy URL + Supplier Price",105,NT-NAS-QNP-001,QNAP TS-464-8G (4-Bay),Homelab,2799,5,B&H Photo,https://www.bhphotovideo.com/c/search?Ntt=QNAP+TS-464-8G+%284-Bay%29&N=0&InitialSearch=yes&sts=ma,,,USD,Needs supplier verification,"Best for cameras, networking, creators, and computer hardware."
2,Medium,NO_REAL_PRICE_REFERENCE,"Open search URL, pick exact listing, fill Buy URL + Supplier Price",104,NT-NAS-QNP-002,QNAP TS-262-4G (2-Bay),Homelab,1899,1,AliExpress,https://www.aliexpress.com/wholesale?SearchText=QNAP+TS-262-4G+%282-Bay%29,,,USD,Needs supplier verification,"Match exact product manually, then fill Buy URL and Supplier Price."
2,Medium,NO_REAL_PRICE_REFERENCE,"Open search URL, pick exact listing, fill Buy URL + Supplier Price",104,NT-NAS-QNP-002,QNAP TS-262-4G (2-Bay),Homelab,1899,2,Alibaba,https://www.alibaba.com/trade/search?SearchText=QNAP+TS-262-4G+%282-Bay%29,,,USD,Needs supplier verification,"Check MOQ, shipping terms, and verified supplier status before buying."
2,Medium,NO_REAL_PRICE_REFERENCE,"Open search URL, pick exact listing, fill Buy URL + Supplier Price",104,NT-NAS-QNP-002,QNAP TS-262-4G (2-Bay),Homelab,1899,3,Amazon.sa,https://www.amazon.sa/s?k=QNAP+TS-262-4G+%282-Bay%29,,,SAR,Needs supplier verification,Uses existing Amazon reference URL and price when the workbook has them.
2,Medium,NO_REAL_PRICE_REFERENCE,"Open search URL, pick exact listing, fill Buy URL + Supplier Price",104,NT-NAS-QNP-002,QNAP TS-262-4G (2-Bay),Homelab,1899,4,Noon,https://www.noon.com/saudi-en/search/?q=QNAP+TS-262-4G+%282-Bay%29,,,SAR,Needs supplier verification,"Verify seller rating, warranty, and marketplace fulfillment before buying."
2,Medium,NO_REAL_PRICE_REFERENCE,"Open search URL, pick exact listing, fill Buy URL + Supplier Price",104,NT-NAS-QNP-002,QNAP TS-262-4G (2-Bay),Homelab,1899,5,B&H Photo,https://www.bhphotovideo.com/c/search?Ntt=QNAP+TS-262-4G+%282-Bay%29&N=0&InitialSearch=yes&sts=ma,,,USD,Needs supplier verification,"Best for cameras, networking, creators, and computer hardware."
2,Medium,NO_REAL_PRICE_REFERENCE,"Open search URL, pick exact listing, fill Buy URL + Supplier Price",107,NT-NAS-SYN-001,Synology DS225+ (2-Bay),Homelab,2099,1,AliExpress,https://www.aliexpress.com/wholesale?SearchText=Synology+DS225%2B+%282-Bay%29,,,USD,Needs supplier verification,"Match exact product manually, then fill Buy URL and Supplier Price."
2,Medium,NO_REAL_PRICE_REFERENCE,"Open search URL, pick exact listing, fill Buy URL + Supplier Price",107,NT-NAS-SYN-001,Synology DS225+ (2-Bay),Homelab,2099,2,Alibaba,https://www.alibaba.com/trade/search?SearchText=Synology+DS225%2B+%282-Bay%29,,,USD,Needs supplier verification,"Check MOQ, shipping terms, and verified supplier status before buying."
2,Medium,NO_REAL_PRICE_REFERENCE,"Open search URL, pick exact listing, fill Buy URL + Supplier Price",107,NT-NAS-SYN-001,Synology DS225+ (2-Bay),Homelab,2099,3,Amazon.sa,https://www.amazon.sa/s?k=Synology+DS225%2B+%282-Bay%29,,,SAR,Needs supplier verification,Uses existing Amazon reference URL and price when the workbook has them.
2,Medium,NO_REAL_PRICE_REFERENCE,"Open search URL, pick exact listing, fill Buy URL + Supplier Price",107,NT-NAS-SYN-001,Synology DS225+ (2-Bay),Homelab,2099,4,Noon,https://www.noon.com/saudi-en/search/?q=Synology+DS225%2B+%282-Bay%29,,,SAR,Needs supplier verification,"Verify seller rating, warranty, and marketplace fulfillment before buying."
2,Medium,NO_REAL_PRICE_REFERENCE,"Open search URL, pick exact listing, fill Buy URL + Supplier Price",107,NT-NAS-SYN-001,Synology DS225+ (2-Bay),Homelab,2099,5,B&H Photo,https://www.bhphotovideo.com/c/search?Ntt=Synology+DS225%2B+%282-Bay%29&N=0&InitialSearch=yes&sts=ma,,,USD,Needs supplier verification,"Best for cameras, networking, creators, and computer hardware."
2,Medium,NO_REAL_PRICE_REFERENCE,"Open search URL, pick exact listing, fill Buy URL + Supplier Price",106,NT-NAS-SYN-002,Synology DS925+ (4-Bay),Homelab,3499,1,AliExpress,https://www.aliexpress.com/wholesale?SearchText=Synology+DS925%2B+%284-Bay%29,,,USD,Needs supplier verification,"Match exact product manually, then fill Buy URL and Supplier Price."
2,Medium,NO_REAL_PRICE_REFERENCE,"Open search URL, pick exact listing, fill Buy URL + Supplier Price",106,NT-NAS-SYN-002,Synology DS925+ (4-Bay),Homelab,3499,2,Alibaba,https://www.alibaba.com/trade/search?SearchText=Synology+DS925%2B+%284-Bay%29,,,USD,Needs supplier verification,"Check MOQ, shipping terms, and verified supplier status before buying."
2,Medium,NO_REAL_PRICE_REFERENCE,"Open search URL, pick exact listing, fill Buy URL + Supplier Price",106,NT-NAS-SYN-002,Synology DS925+ (4-Bay),Homelab,3499,3,Amazon.sa,https://www.amazon.sa/s?k=Synology+DS925%2B+%284-Bay%29,,,SAR,Needs supplier verification,Uses existing Amazon reference URL and price when the workbook has them.
2,Medium,NO_REAL_PRICE_REFERENCE,"Open search URL, pick exact listing, fill Buy URL + Supplier Price",106,NT-NAS-SYN-002,Synology DS925+ (4-Bay),Homelab,3499,4,Noon,https://www.noon.com/saudi-en/search/?q=Synology+DS925%2B+%284-Bay%29,,,SAR,Needs supplier verification,"Verify seller rating, warranty, and marketplace fulfillment before buying."
2,Medium,NO_REAL_PRICE_REFERENCE,"Open search URL, pick exact listing, fill Buy URL + Supplier Price",106,NT-NAS-SYN-002,Synology DS925+ (4-Bay),Homelab,3499,5,B&H Photo,https://www.bhphotovideo.com/c/search?Ntt=Synology+DS925%2B+%284-Bay%29&N=0&InitialSearch=yes&sts=ma,,,USD,Needs supplier verification,"Best for cameras, networking, creators, and computer hardware."
2,Medium,NO_REAL_PRICE_REFERENCE,"Open search URL, pick exact listing, fill Buy URL + Supplier Price",116,NT-NET-MKT-001,MikroTik CRS305-1G-4S+IN,Networking,999,1,AliExpress,https://www.aliexpress.com/wholesale?SearchText=MikroTik+CRS305-1G-4S%2BIN,,,USD,Needs supplier verification,"Match exact product manually, then fill Buy URL and Supplier Price."
2,Medium,NO_REAL_PRICE_REFERENCE,"Open search URL, pick exact listing, fill Buy URL + Supplier Price",116,NT-NET-MKT-001,MikroTik CRS305-1G-4S+IN,Networking,999,2,Alibaba,https://www.alibaba.com/trade/search?SearchText=MikroTik+CRS305-1G-4S%2BIN,,,USD,Needs supplier verification,"Check MOQ, shipping terms, and verified supplier status before buying."
2,Medium,NO_REAL_PRICE_REFERENCE,"Open search URL, pick exact listing, fill Buy URL + Supplier Price",116,NT-NET-MKT-001,MikroTik CRS305-1G-4S+IN,Networking,999,3,Amazon.sa,https://www.amazon.sa/s?k=MikroTik+CRS305-1G-4S%2BIN,,,SAR,Needs supplier verification,Uses existing Amazon reference URL and price when the workbook has them.
2,Medium,NO_REAL_PRICE_REFERENCE,"Open search URL, pick exact listing, fill Buy URL + Supplier Price",116,NT-NET-MKT-001,MikroTik CRS305-1G-4S+IN,Networking,999,4,Noon,https://www.noon.com/saudi-en/search/?q=MikroTik+CRS305-1G-4S%2BIN,,,SAR,Needs supplier verification,"Verify seller rating, warranty, and marketplace fulfillment before buying."
2,Medium,NO_REAL_PRICE_REFERENCE,"Open search URL, pick exact listing, fill Buy URL + Supplier Price",116,NT-NET-MKT-001,MikroTik CRS305-1G-4S+IN,Networking,999,5,B&H Photo,https://www.bhphotovideo.com/c/search?Ntt=MikroTik+CRS305-1G-4S%2BIN&N=0&InitialSearch=yes&sts=ma,,,USD,Needs supplier verification,"Best for cameras, networking, creators, and computer hardware."
2,Medium,NO_REAL_PRICE_REFERENCE,"Open search URL, pick exact listing, fill Buy URL + Supplier Price",115,NT-NET-MKT-002,MikroTik CRS326-24G-2S+RM,Networking,1199,1,AliExpress,https://www.aliexpress.com/wholesale?SearchText=MikroTik+CRS326-24G-2S%2BRM,,,USD,Needs supplier verification,"Match exact product manually, then fill Buy URL and Supplier Price."
2,Medium,NO_REAL_PRICE_REFERENCE,"Open search URL, pick exact listing, fill Buy URL + Supplier Price",115,NT-NET-MKT-002,MikroTik CRS326-24G-2S+RM,Networking,1199,2,Alibaba,https://www.alibaba.com/trade/search?SearchText=MikroTik+CRS326-24G-2S%2BRM,,,USD,Needs supplier verification,"Check MOQ, shipping terms, and verified supplier status before buying."
2,Medium,NO_REAL_PRICE_REFERENCE,"Open search URL, pick exact listing, fill Buy URL + Supplier Price",115,NT-NET-MKT-002,MikroTik CRS326-24G-2S+RM,Networking,1199,3,Amazon.sa,https://www.amazon.sa/s?k=MikroTik+CRS326-24G-2S%2BRM,,,SAR,Needs supplier verification,Uses existing Amazon reference URL and price when the workbook has them.
2,Medium,NO_REAL_PRICE_REFERENCE,"Open search URL, pick exact listing, fill Buy URL + Supplier Price",115,NT-NET-MKT-002,MikroTik CRS326-24G-2S+RM,Networking,1199,4,Noon,https://www.noon.com/saudi-en/search/?q=MikroTik+CRS326-24G-2S%2BRM,,,SAR,Needs supplier verification,"Verify seller rating, warranty, and marketplace fulfillment before buying."
2,Medium,NO_REAL_PRICE_REFERENCE,"Open search URL, pick exact listing, fill Buy URL + Supplier Price",115,NT-NET-MKT-002,MikroTik CRS326-24G-2S+RM,Networking,1199,5,B&H Photo,https://www.bhphotovideo.com/c/search?Ntt=MikroTik+CRS326-24G-2S%2BRM&N=0&InitialSearch=yes&sts=ma,,,USD,Needs supplier verification,"Best for cameras, networking, creators, and computer hardware."
2,Medium,NO_REAL_PRICE_REFERENCE,"Open search URL, pick exact listing, fill Buy URL + Supplier Price",114,NT-NET-MKT-003,MikroTik CRS328-24P-4S+RM (PoE),Networking,2699,1,AliExpress,https://www.aliexpress.com/wholesale?SearchText=MikroTik+CRS328-24P-4S%2BRM+%28PoE%29,,,USD,Needs supplier verification,"Match exact product manually, then fill Buy URL and Supplier Price."
2,Medium,NO_REAL_PRICE_REFERENCE,"Open search URL, pick exact listing, fill Buy URL + Supplier Price",114,NT-NET-MKT-003,MikroTik CRS328-24P-4S+RM (PoE),Networking,2699,2,Alibaba,https://www.alibaba.com/trade/search?SearchText=MikroTik+CRS328-24P-4S%2BRM+%28PoE%29,,,USD,Needs supplier verification,"Check MOQ, shipping terms, and verified supplier status before buying."
2,Medium,NO_REAL_PRICE_REFERENCE,"Open search URL, pick exact listing, fill Buy URL + Supplier Price",114,NT-NET-MKT-003,MikroTik CRS328-24P-4S+RM (PoE),Networking,2699,3,Amazon.sa,https://www.amazon.sa/s?k=MikroTik+CRS328-24P-4S%2BRM+%28PoE%29,,,SAR,Needs supplier verification,Uses existing Amazon reference URL and price when the workbook has them.
2,Medium,NO_REAL_PRICE_REFERENCE,"Open search URL, pick exact listing, fill Buy URL + Supplier Price",114,NT-NET-MKT-003,MikroTik CRS328-24P-4S+RM (PoE),Networking,2699,4,Noon,https://www.noon.com/saudi-en/search/?q=MikroTik+CRS328-24P-4S%2BRM+%28PoE%29,,,SAR,Needs supplier verification,"Verify seller rating, warranty, and marketplace fulfillment before buying."
2,Medium,NO_REAL_PRICE_REFERENCE,"Open search URL, pick exact listing, fill Buy URL + Supplier Price",114,NT-NET-MKT-003,MikroTik CRS328-24P-4S+RM (PoE),Networking,2699,5,B&H Photo,https://www.bhphotovideo.com/c/search?Ntt=MikroTik+CRS328-24P-4S%2BRM+%28PoE%29&N=0&InitialSearch=yes&sts=ma,,,USD,Needs supplier verification,"Best for cameras, networking, creators, and computer hardware."
2,Medium,NO_REAL_PRICE_REFERENCE,"Open search URL, pick exact listing, fill Buy URL + Supplier Price",113,NT-NET-MKT-004,MikroTik CRS312-4C+8XG-RM,Networking,2799,1,AliExpress,https://www.aliexpress.com/wholesale?SearchText=MikroTik+CRS312-4C%2B8XG-RM,,,USD,Needs supplier verification,"Match exact product manually, then fill Buy URL and Supplier Price."
2,Medium,NO_REAL_PRICE_REFERENCE,"Open search URL, pick exact listing, fill Buy URL + Supplier Price",113,NT-NET-MKT-004,MikroTik CRS312-4C+8XG-RM,Networking,2799,2,Alibaba,https://www.alibaba.com/trade/search?SearchText=MikroTik+CRS312-4C%2B8XG-RM,,,USD,Needs supplier verification,"Check MOQ, shipping terms, and verified supplier status before buying."
2,Medium,NO_REAL_PRICE_REFERENCE,"Open search URL, pick exact listing, fill Buy URL + Supplier Price",113,NT-NET-MKT-004,MikroTik CRS312-4C+8XG-RM,Networking,2799,3,Amazon.sa,https://www.amazon.sa/s?k=MikroTik+CRS312-4C%2B8XG-RM,,,SAR,Needs supplier verification,Uses existing Amazon reference URL and price when the workbook has them.
2,Medium,NO_REAL_PRICE_REFERENCE,"Open search URL, pick exact listing, fill Buy URL + Supplier Price",113,NT-NET-MKT-004,MikroTik CRS312-4C+8XG-RM,Networking,2799,4,Noon,https://www.noon.com/saudi-en/search/?q=MikroTik+CRS312-4C%2B8XG-RM,,,SAR,Needs supplier verification,"Verify seller rating, warranty, and marketplace fulfillment before buying."
2,Medium,NO_REAL_PRICE_REFERENCE,"Open search URL, pick exact listing, fill Buy URL + Supplier Price",113,NT-NET-MKT-004,MikroTik CRS312-4C+8XG-RM,Networking,2799,5,B&H Photo,https://www.bhphotovideo.com/c/search?Ntt=MikroTik+CRS312-4C%2B8XG-RM&N=0&InitialSearch=yes&sts=ma,,,USD,Needs supplier verification,"Best for cameras, networking, creators, and computer hardware."
2,Medium,NO_REAL_PRICE_REFERENCE,"Open search URL, pick exact listing, fill Buy URL + Supplier Price",88,NT-POE-TPL-001,TP-Link TL-SG1005P 5-Port PoE,Networking,299,1,AliExpress,https://www.aliexpress.com/wholesale?SearchText=TP-Link+TL-SG1005P+5-Port+PoE,,,USD,Needs supplier verification,"Match exact product manually, then fill Buy URL and Supplier Price."
2,Medium,NO_REAL_PRICE_REFERENCE,"Open search URL, pick exact listing, fill Buy URL + Supplier Price",88,NT-POE-TPL-001,TP-Link TL-SG1005P 5-Port PoE,Networking,299,2,Alibaba,https://www.alibaba.com/trade/search?SearchText=TP-Link+TL-SG1005P+5-Port+PoE,,,USD,Needs supplier verification,"Check MOQ, shipping terms, and verified supplier status before buying."
2,Medium,NO_REAL_PRICE_REFERENCE,"Open search URL, pick exact listing, fill Buy URL + Supplier Price",88,NT-POE-TPL-001,TP-Link TL-SG1005P 5-Port PoE,Networking,299,3,Amazon.sa,https://www.amazon.sa/s?k=TP-Link+TL-SG1005P+5-Port+PoE,,,SAR,Needs supplier verification,Uses existing Amazon reference URL and price when the workbook has them.
2,Medium,NO_REAL_PRICE_REFERENCE,"Open search URL, pick exact listing, fill Buy URL + Supplier Price",88,NT-POE-TPL-001,TP-Link TL-SG1005P 5-Port PoE,Networking,299,4,Noon,https://www.noon.com/saudi-en/search/?q=TP-Link+TL-SG1005P+5-Port+PoE,,,SAR,Needs supplier verification,"Verify seller rating, warranty, and marketplace fulfillment before buying."
2,Medium,NO_REAL_PRICE_REFERENCE,"Open search URL, pick exact listing, fill Buy URL + Supplier Price",88,NT-POE-TPL-001,TP-Link TL-SG1005P 5-Port PoE,Networking,299,5,B&H Photo,https://www.bhphotovideo.com/c/search?Ntt=TP-Link+TL-SG1005P+5-Port+PoE&N=0&InitialSearch=yes&sts=ma,,,USD,Needs supplier verification,"Best for cameras, networking, creators, and computer hardware."
2,Medium,NO_REAL_PRICE_REFERENCE,"Open search URL, pick exact listing, fill Buy URL + Supplier Price",89,NT-POE-UBQ-001,Ubiquiti USW-Lite-8-PoE,Networking,849,1,AliExpress,https://www.aliexpress.com/wholesale?SearchText=Ubiquiti+USW-Lite-8-PoE,,,USD,Needs supplier verification,"Match exact product manually, then fill Buy URL and Supplier Price."
2,Medium,NO_REAL_PRICE_REFERENCE,"Open search URL, pick exact listing, fill Buy URL + Supplier Price",89,NT-POE-UBQ-001,Ubiquiti USW-Lite-8-PoE,Networking,849,2,Alibaba,https://www.alibaba.com/trade/search?SearchText=Ubiquiti+USW-Lite-8-PoE,,,USD,Needs supplier verification,"Check MOQ, shipping terms, and verified supplier status before buying."
2,Medium,NO_REAL_PRICE_REFERENCE,"Open search URL, pick exact listing, fill Buy URL + Supplier Price",89,NT-POE-UBQ-001,Ubiquiti USW-Lite-8-PoE,Networking,849,3,Amazon.sa,https://www.amazon.sa/s?k=Ubiquiti+USW-Lite-8-PoE,,,SAR,Needs supplier verification,Uses existing Amazon reference URL and price when the workbook has them.
2,Medium,NO_REAL_PRICE_REFERENCE,"Open search URL, pick exact listing, fill Buy URL + Supplier Price",89,NT-POE-UBQ-001,Ubiquiti USW-Lite-8-PoE,Networking,849,4,Noon,https://www.noon.com/saudi-en/search/?q=Ubiquiti+USW-Lite-8-PoE,,,SAR,Needs supplier verification,"Verify seller rating, warranty, and marketplace fulfillment before buying."
2,Medium,NO_REAL_PRICE_REFERENCE,"Open search URL, pick exact listing, fill Buy URL + Supplier Price",89,NT-POE-UBQ-001,Ubiquiti USW-Lite-8-PoE,Networking,849,5,B&H Photo,https://www.bhphotovideo.com/c/search?Ntt=Ubiquiti+USW-Lite-8-PoE&N=0&InitialSearch=yes&sts=ma,,,USD,Needs supplier verification,"Best for cameras, networking, creators, and computer hardware."
2,Medium,NO_REAL_PRICE_REFERENCE,"Open search URL, pick exact listing, fill Buy URL + Supplier Price",97,NT-SFP-FSC-001,FS.com 10GBASE-SR SFP+ Transceiver,Networking,129,1,AliExpress,https://www.aliexpress.com/wholesale?SearchText=FS.com+10GBASE-SR+SFP%2B+Transceiver,,,USD,Needs supplier verification,"Match exact product manually, then fill Buy URL and Supplier Price."
2,Medium,NO_REAL_PRICE_REFERENCE,"Open search URL, pick exact listing, fill Buy URL + Supplier Price",97,NT-SFP-FSC-001,FS.com 10GBASE-SR SFP+ Transceiver,Networking,129,2,Alibaba,https://www.alibaba.com/trade/search?SearchText=FS.com+10GBASE-SR+SFP%2B+Transceiver,,,USD,Needs supplier verification,"Check MOQ, shipping terms, and verified supplier status before buying."
2,Medium,NO_REAL_PRICE_REFERENCE,"Open search URL, pick exact listing, fill Buy URL + Supplier Price",97,NT-SFP-FSC-001,FS.com 10GBASE-SR SFP+ Transceiver,Networking,129,3,Amazon.sa,https://www.amazon.sa/s?k=FS.com+10GBASE-SR+SFP%2B+Transceiver,,,SAR,Needs supplier verification,Uses existing Amazon reference URL and price when the workbook has them.
2,Medium,NO_REAL_PRICE_REFERENCE,"Open search URL, pick exact listing, fill Buy URL + Supplier Price",97,NT-SFP-FSC-001,FS.com 10GBASE-SR SFP+ Transceiver,Networking,129,4,Noon,https://www.noon.com/saudi-en/search/?q=FS.com+10GBASE-SR+SFP%2B+Transceiver,,,SAR,Needs supplier verification,"Verify seller rating, warranty, and marketplace fulfillment before buying."
2,Medium,NO_REAL_PRICE_REFERENCE,"Open search URL, pick exact listing, fill Buy URL + Supplier Price",97,NT-SFP-FSC-001,FS.com 10GBASE-SR SFP+ Transceiver,Networking,129,5,B&H Photo,https://www.bhphotovideo.com/c/search?Ntt=FS.com+10GBASE-SR+SFP%2B+Transceiver&N=0&InitialSearch=yes&sts=ma,,,USD,Needs supplier verification,"Best for cameras, networking, creators, and computer hardware."
2,Medium,NO_REAL_PRICE_REFERENCE,"Open search URL, pick exact listing, fill Buy URL + Supplier Price",99,NT-SRV-CBM-001,Cable Matters 24-Port Cat6 Patch Panel (1U),Homelab,239,1,AliExpress,https://www.aliexpress.com/wholesale?SearchText=Cable+Matters+24-Port+Cat6+Patch+Panel+%281U%29,,,USD,Needs supplier verification,"Match exact product manually, then fill Buy URL and Supplier Price."
2,Medium,NO_REAL_PRICE_REFERENCE,"Open search URL, pick exact listing, fill Buy URL + Supplier Price",99,NT-SRV-CBM-001,Cable Matters 24-Port Cat6 Patch Panel (1U),Homelab,239,2,Alibaba,https://www.alibaba.com/trade/search?SearchText=Cable+Matters+24-Port+Cat6+Patch+Panel+%281U%29,,,USD,Needs supplier verification,"Check MOQ, shipping terms, and verified supplier status before buying."
2,Medium,NO_REAL_PRICE_REFERENCE,"Open search URL, pick exact listing, fill Buy URL + Supplier Price",99,NT-SRV-CBM-001,Cable Matters 24-Port Cat6 Patch Panel (1U),Homelab,239,3,Amazon.sa,https://www.amazon.sa/s?k=Cable+Matters+24-Port+Cat6+Patch+Panel+%281U%29,,,SAR,Needs supplier verification,Uses existing Amazon reference URL and price when the workbook has them.
2,Medium,NO_REAL_PRICE_REFERENCE,"Open search URL, pick exact listing, fill Buy URL + Supplier Price",99,NT-SRV-CBM-001,Cable Matters 24-Port Cat6 Patch Panel (1U),Homelab,239,4,Noon,https://www.noon.com/saudi-en/search/?q=Cable+Matters+24-Port+Cat6+Patch+Panel+%281U%29,,,SAR,Needs supplier verification,"Verify seller rating, warranty, and marketplace fulfillment before buying."
2,Medium,NO_REAL_PRICE_REFERENCE,"Open search URL, pick exact listing, fill Buy URL + Supplier Price",99,NT-SRV-CBM-001,Cable Matters 24-Port Cat6 Patch Panel (1U),Homelab,239,5,B&H Photo,https://www.bhphotovideo.com/c/search?Ntt=Cable+Matters+24-Port+Cat6+Patch+Panel+%281U%29&N=0&InitialSearch=yes&sts=ma,,,USD,Needs supplier verification,"Best for cameras, networking, creators, and computer hardware."
2,Medium,NO_REAL_PRICE_REFERENCE,"Open search URL, pick exact listing, fill Buy URL + Supplier Price",98,NT-SRV-NVP-001,NavePoint 1U Cantilever Rack Shelf,Homelab,249,1,AliExpress,https://www.aliexpress.com/wholesale?SearchText=NavePoint+1U+Cantilever+Rack+Shelf,,,USD,Needs supplier verification,"Match exact product manually, then fill Buy URL and Supplier Price."
2,Medium,NO_REAL_PRICE_REFERENCE,"Open search URL, pick exact listing, fill Buy URL + Supplier Price",98,NT-SRV-NVP-001,NavePoint 1U Cantilever Rack Shelf,Homelab,249,2,Alibaba,https://www.alibaba.com/trade/search?SearchText=NavePoint+1U+Cantilever+Rack+Shelf,,,USD,Needs supplier verification,"Check MOQ, shipping terms, and verified supplier status before buying."
2,Medium,NO_REAL_PRICE_REFERENCE,"Open search URL, pick exact listing, fill Buy URL + Supplier Price",98,NT-SRV-NVP-001,NavePoint 1U Cantilever Rack Shelf,Homelab,249,3,Amazon.sa,https://www.amazon.sa/s?k=NavePoint+1U+Cantilever+Rack+Shelf,,,SAR,Needs supplier verification,Uses existing Amazon reference URL and price when the workbook has them.
2,Medium,NO_REAL_PRICE_REFERENCE,"Open search URL, pick exact listing, fill Buy URL + Supplier Price",98,NT-SRV-NVP-001,NavePoint 1U Cantilever Rack Shelf,Homelab,249,4,Noon,https://www.noon.com/saudi-en/search/?q=NavePoint+1U+Cantilever+Rack+Shelf,,,SAR,Needs supplier verification,"Verify seller rating, warranty, and marketplace fulfillment before buying."
2,Medium,NO_REAL_PRICE_REFERENCE,"Open search URL, pick exact listing, fill Buy URL + Supplier Price",98,NT-SRV-NVP-001,NavePoint 1U Cantilever Rack Shelf,Homelab,249,5,B&H Photo,https://www.bhphotovideo.com/c/search?Ntt=NavePoint+1U+Cantilever+Rack+Shelf&N=0&InitialSearch=yes&sts=ma,,,USD,Needs supplier verification,"Best for cameras, networking, creators, and computer hardware."
2,Medium,NO_REAL_PRICE_REFERENCE,"Open search URL, pick exact listing, fill Buy URL + Supplier Price",100,NT-SRV-STC-001,StarTech RK12WALLOA 12U Wall-Mount Rack,Homelab,1399,1,AliExpress,https://www.aliexpress.com/wholesale?SearchText=StarTech+RK12WALLOA+12U+Wall-Mount+Rack,,,USD,Needs supplier verification,"Match exact product manually, then fill Buy URL and Supplier Price."
2,Medium,NO_REAL_PRICE_REFERENCE,"Open search URL, pick exact listing, fill Buy URL + Supplier Price",100,NT-SRV-STC-001,StarTech RK12WALLOA 12U Wall-Mount Rack,Homelab,1399,2,Alibaba,https://www.alibaba.com/trade/search?SearchText=StarTech+RK12WALLOA+12U+Wall-Mount+Rack,,,USD,Needs supplier verification,"Check MOQ, shipping terms, and verified supplier status before buying."
2,Medium,NO_REAL_PRICE_REFERENCE,"Open search URL, pick exact listing, fill Buy URL + Supplier Price",100,NT-SRV-STC-001,StarTech RK12WALLOA 12U Wall-Mount Rack,Homelab,1399,3,Amazon.sa,https://www.amazon.sa/s?k=StarTech+RK12WALLOA+12U+Wall-Mount+Rack,,,SAR,Needs supplier verification,Uses existing Amazon reference URL and price when the workbook has them.
2,Medium,NO_REAL_PRICE_REFERENCE,"Open search URL, pick exact listing, fill Buy URL + Supplier Price",100,NT-SRV-STC-001,StarTech RK12WALLOA 12U Wall-Mount Rack,Homelab,1399,4,Noon,https://www.noon.com/saudi-en/search/?q=StarTech+RK12WALLOA+12U+Wall-Mount+Rack,,,SAR,Needs supplier verification,"Verify seller rating, warranty, and marketplace fulfillment before buying."
2,Medium,NO_REAL_PRICE_REFERENCE,"Open search URL, pick exact listing, fill Buy URL + Supplier Price",100,NT-SRV-STC-001,StarTech RK12WALLOA 12U Wall-Mount Rack,Homelab,1399,5,B&H Photo,https://www.bhphotovideo.com/c/search?Ntt=StarTech+RK12WALLOA+12U+Wall-Mount+Rack&N=0&InitialSearch=yes&sts=ma,,,USD,Needs supplier verification,"Best for cameras, networking, creators, and computer hardware."
2,Medium,NO_REAL_PRICE_REFERENCE,"Open search URL, pick exact listing, fill Buy URL + Supplier Price",103,NT-UPS-APC-001,APC Smart-UPS SMT1500RM2UC (1500VA Rack),Homelab,4899,1,AliExpress,https://www.aliexpress.com/wholesale?SearchText=APC+Smart-UPS+SMT1500RM2UC+%281500VA+Rack%29,,,USD,Needs supplier verification,"Match exact product manually, then fill Buy URL and Supplier Price."
2,Medium,NO_REAL_PRICE_REFERENCE,"Open search URL, pick exact listing, fill Buy URL + Supplier Price",103,NT-UPS-APC-001,APC Smart-UPS SMT1500RM2UC (1500VA Rack),Homelab,4899,2,Alibaba,https://www.alibaba.com/trade/search?SearchText=APC+Smart-UPS+SMT1500RM2UC+%281500VA+Rack%29,,,USD,Needs supplier verification,"Check MOQ, shipping terms, and verified supplier status before buying."
2,Medium,NO_REAL_PRICE_REFERENCE,"Open search URL, pick exact listing, fill Buy URL + Supplier Price",103,NT-UPS-APC-001,APC Smart-UPS SMT1500RM2UC (1500VA Rack),Homelab,4899,3,Amazon.sa,https://www.amazon.sa/s?k=APC+Smart-UPS+SMT1500RM2UC+%281500VA+Rack%29,,,SAR,Needs supplier verification,Uses existing Amazon reference URL and price when the workbook has them.
2,Medium,NO_REAL_PRICE_REFERENCE,"Open search URL, pick exact listing, fill Buy URL + Supplier Price",103,NT-UPS-APC-001,APC Smart-UPS SMT1500RM2UC (1500VA Rack),Homelab,4899,4,Noon,https://www.noon.com/saudi-en/search/?q=APC+Smart-UPS+SMT1500RM2UC+%281500VA+Rack%29,,,SAR,Needs supplier verification,"Verify seller rating, warranty, and marketplace fulfillment before buying."
2,Medium,NO_REAL_PRICE_REFERENCE,"Open search URL, pick exact listing, fill Buy URL + Supplier Price",103,NT-UPS-APC-001,APC Smart-UPS SMT1500RM2UC (1500VA Rack),Homelab,4899,5,B&H Photo,https://www.bhphotovideo.com/c/search?Ntt=APC+Smart-UPS+SMT1500RM2UC+%281500VA+Rack%29&N=0&InitialSearch=yes&sts=ma,,,USD,Needs supplier verification,"Best for cameras, networking, creators, and computer hardware."
2,Medium,NO_REAL_PRICE_REFERENCE,"Open search URL, pick exact listing, fill Buy URL + Supplier Price",101,NT-UPS-APC-002,APC Back-UPS Pro BX1500M (Tower),Homelab,1599,1,AliExpress,https://www.aliexpress.com/wholesale?SearchText=APC+Back-UPS+Pro+BX1500M+%28Tower%29,,,USD,Needs supplier verification,"Match exact product manually, then fill Buy URL and Supplier Price."
2,Medium,NO_REAL_PRICE_REFERENCE,"Open search URL, pick exact listing, fill Buy URL + Supplier Price",101,NT-UPS-APC-002,APC Back-UPS Pro BX1500M (Tower),Homelab,1599,2,Alibaba,https://www.alibaba.com/trade/search?SearchText=APC+Back-UPS+Pro+BX1500M+%28Tower%29,,,USD,Needs supplier verification,"Check MOQ, shipping terms, and verified supplier status before buying."
2,Medium,NO_REAL_PRICE_REFERENCE,"Open search URL, pick exact listing, fill Buy URL + Supplier Price",101,NT-UPS-APC-002,APC Back-UPS Pro BX1500M (Tower),Homelab,1599,3,Amazon.sa,https://www.amazon.sa/s?k=APC+Back-UPS+Pro+BX1500M+%28Tower%29,,,SAR,Needs supplier verification,Uses existing Amazon reference URL and price when the workbook has them.
2,Medium,NO_REAL_PRICE_REFERENCE,"Open search URL, pick exact listing, fill Buy URL + Supplier Price",101,NT-UPS-APC-002,APC Back-UPS Pro BX1500M (Tower),Homelab,1599,4,Noon,https://www.noon.com/saudi-en/search/?q=APC+Back-UPS+Pro+BX1500M+%28Tower%29,,,SAR,Needs supplier verification,"Verify seller rating, warranty, and marketplace fulfillment before buying."
2,Medium,NO_REAL_PRICE_REFERENCE,"Open search URL, pick exact listing, fill Buy URL + Supplier Price",101,NT-UPS-APC-002,APC Back-UPS Pro BX1500M (Tower),Homelab,1599,5,B&H Photo,https://www.bhphotovideo.com/c/search?Ntt=APC+Back-UPS+Pro+BX1500M+%28Tower%29&N=0&InitialSearch=yes&sts=ma,,,USD,Needs supplier verification,"Best for cameras, networking, creators, and computer hardware."
2,Medium,NO_REAL_PRICE_REFERENCE,"Open search URL, pick exact listing, fill Buy URL + Supplier Price",102,NT-UPS-CYB-001,CyberPower OR1500LCDRM1U (1500VA 1U),Homelab,2099,1,AliExpress,https://www.aliexpress.com/wholesale?SearchText=CyberPower+OR1500LCDRM1U+%281500VA+1U%29,,,USD,Needs supplier verification,"Match exact product manually, then fill Buy URL and Supplier Price."
2,Medium,NO_REAL_PRICE_REFERENCE,"Open search URL, pick exact listing, fill Buy URL + Supplier Price",102,NT-UPS-CYB-001,CyberPower OR1500LCDRM1U (1500VA 1U),Homelab,2099,2,Alibaba,https://www.alibaba.com/trade/search?SearchText=CyberPower+OR1500LCDRM1U+%281500VA+1U%29,,,USD,Needs supplier verification,"Check MOQ, shipping terms, and verified supplier status before buying."
2,Medium,NO_REAL_PRICE_REFERENCE,"Open search URL, pick exact listing, fill Buy URL + Supplier Price",102,NT-UPS-CYB-001,CyberPower OR1500LCDRM1U (1500VA 1U),Homelab,2099,3,Amazon.sa,https://www.amazon.sa/s?k=CyberPower+OR1500LCDRM1U+%281500VA+1U%29,,,SAR,Needs supplier verification,Uses existing Amazon reference URL and price when the workbook has them.
2,Medium,NO_REAL_PRICE_REFERENCE,"Open search URL, pick exact listing, fill Buy URL + Supplier Price",102,NT-UPS-CYB-001,CyberPower OR1500LCDRM1U (1500VA 1U),Homelab,2099,4,Noon,https://www.noon.com/saudi-en/search/?q=CyberPower+OR1500LCDRM1U+%281500VA+1U%29,,,SAR,Needs supplier verification,"Verify seller rating, warranty, and marketplace fulfillment before buying."
2,Medium,NO_REAL_PRICE_REFERENCE,"Open search URL, pick exact listing, fill Buy URL + Supplier Price",102,NT-UPS-CYB-001,CyberPower OR1500LCDRM1U (1500VA 1U),Homelab,2099,5,B&H Photo,https://www.bhphotovideo.com/c/search?Ntt=CyberPower+OR1500LCDRM1U+%281500VA+1U%29&N=0&InitialSearch=yes&sts=ma,,,USD,Needs supplier verification,"Best for cameras, networking, creators, and computer hardware."
2,Medium,NO_REAL_PRICE_REFERENCE,"Open search URL, pick exact listing, fill Buy URL + Supplier Price",109,NT-WAP-TPL-001,TP-Link Omada EAP610,Networking,599,1,AliExpress,https://www.aliexpress.com/wholesale?SearchText=TP-Link+Omada+EAP610,,,USD,Needs supplier verification,"Match exact product manually, then fill Buy URL and Supplier Price."
2,Medium,NO_REAL_PRICE_REFERENCE,"Open search URL, pick exact listing, fill Buy URL + Supplier Price",109,NT-WAP-TPL-001,TP-Link Omada EAP610,Networking,599,2,Alibaba,https://www.alibaba.com/trade/search?SearchText=TP-Link+Omada+EAP610,,,USD,Needs supplier verification,"Check MOQ, shipping terms, and verified supplier status before buying."
2,Medium,NO_REAL_PRICE_REFERENCE,"Open search URL, pick exact listing, fill Buy URL + Supplier Price",109,NT-WAP-TPL-001,TP-Link Omada EAP610,Networking,599,3,Amazon.sa,https://www.amazon.sa/s?k=TP-Link+Omada+EAP610,,,SAR,Needs supplier verification,Uses existing Amazon reference URL and price when the workbook has them.
2,Medium,NO_REAL_PRICE_REFERENCE,"Open search URL, pick exact listing, fill Buy URL + Supplier Price",109,NT-WAP-TPL-001,TP-Link Omada EAP610,Networking,599,4,Noon,https://www.noon.com/saudi-en/search/?q=TP-Link+Omada+EAP610,,,SAR,Needs supplier verification,"Verify seller rating, warranty, and marketplace fulfillment before buying."
2,Medium,NO_REAL_PRICE_REFERENCE,"Open search URL, pick exact listing, fill Buy URL + Supplier Price",109,NT-WAP-TPL-001,TP-Link Omada EAP610,Networking,599,5,B&H Photo,https://www.bhphotovideo.com/c/search?Ntt=TP-Link+Omada+EAP610&N=0&InitialSearch=yes&sts=ma,,,USD,Needs supplier verification,"Best for cameras, networking, creators, and computer hardware."
2,Medium,NO_REAL_PRICE_REFERENCE,"Open search URL, pick exact listing, fill Buy URL + Supplier Price",108,NT-WAP-TPL-002,TP-Link Omada EAP650,Networking,799,1,AliExpress,https://www.aliexpress.com/wholesale?SearchText=TP-Link+Omada+EAP650,,,USD,Needs supplier verification,"Match exact product manually, then fill Buy URL and Supplier Price."
2,Medium,NO_REAL_PRICE_REFERENCE,"Open search URL, pick exact listing, fill Buy URL + Supplier Price",108,NT-WAP-TPL-002,TP-Link Omada EAP650,Networking,799,2,Alibaba,https://www.alibaba.com/trade/search?SearchText=TP-Link+Omada+EAP650,,,USD,Needs supplier verification,"Check MOQ, shipping terms, and verified supplier status before buying."
2,Medium,NO_REAL_PRICE_REFERENCE,"Open search URL, pick exact listing, fill Buy URL + Supplier Price",108,NT-WAP-TPL-002,TP-Link Omada EAP650,Networking,799,3,Amazon.sa,https://www.amazon.sa/s?k=TP-Link+Omada+EAP650,,,SAR,Needs supplier verification,Uses existing Amazon reference URL and price when the workbook has them.
2,Medium,NO_REAL_PRICE_REFERENCE,"Open search URL, pick exact listing, fill Buy URL + Supplier Price",108,NT-WAP-TPL-002,TP-Link Omada EAP650,Networking,799,4,Noon,https://www.noon.com/saudi-en/search/?q=TP-Link+Omada+EAP650,,,SAR,Needs supplier verification,"Verify seller rating, warranty, and marketplace fulfillment before buying."
2,Medium,NO_REAL_PRICE_REFERENCE,"Open search URL, pick exact listing, fill Buy URL + Supplier Price",108,NT-WAP-TPL-002,TP-Link Omada EAP650,Networking,799,5,B&H Photo,https://www.bhphotovideo.com/c/search?Ntt=TP-Link+Omada+EAP650&N=0&InitialSearch=yes&sts=ma,,,USD,Needs supplier verification,"Best for cameras, networking, creators, and computer hardware."
2,Medium,NO_REAL_PRICE_REFERENCE,"Open search URL, pick exact listing, fill Buy URL + Supplier Price",110,NT-WAP-UBQ-002,Ubiquiti UniFi U7 Pro,Networking,1399,1,AliExpress,https://www.aliexpress.com/wholesale?SearchText=Ubiquiti+UniFi+U7+Pro,,,USD,Needs supplier verification,"Match exact product manually, then fill Buy URL and Supplier Price."
2,Medium,NO_REAL_PRICE_REFERENCE,"Open search URL, pick exact listing, fill Buy URL + Supplier Price",110,NT-WAP-UBQ-002,Ubiquiti UniFi U7 Pro,Networking,1399,2,Alibaba,https://www.alibaba.com/trade/search?SearchText=Ubiquiti+UniFi+U7+Pro,,,USD,Needs supplier verification,"Check MOQ, shipping terms, and verified supplier status before buying."
2,Medium,NO_REAL_PRICE_REFERENCE,"Open search URL, pick exact listing, fill Buy URL + Supplier Price",110,NT-WAP-UBQ-002,Ubiquiti UniFi U7 Pro,Networking,1399,3,Amazon.sa,https://www.amazon.sa/s?k=Ubiquiti+UniFi+U7+Pro,,,SAR,Needs supplier verification,Uses existing Amazon reference URL and price when the workbook has them.
2,Medium,NO_REAL_PRICE_REFERENCE,"Open search URL, pick exact listing, fill Buy URL + Supplier Price",110,NT-WAP-UBQ-002,Ubiquiti UniFi U7 Pro,Networking,1399,4,Noon,https://www.noon.com/saudi-en/search/?q=Ubiquiti+UniFi+U7+Pro,,,SAR,Needs supplier verification,"Verify seller rating, warranty, and marketplace fulfillment before buying."
2,Medium,NO_REAL_PRICE_REFERENCE,"Open search URL, pick exact listing, fill Buy URL + Supplier Price",110,NT-WAP-UBQ-002,Ubiquiti UniFi U7 Pro,Networking,1399,5,B&H Photo,https://www.bhphotovideo.com/c/search?Ntt=Ubiquiti+UniFi+U7+Pro&N=0&InitialSearch=yes&sts=ma,,,USD,Needs supplier verification,"Best for cameras, networking, creators, and computer hardware."
2,Medium,NO_REAL_PRICE_REFERENCE,"Open search URL, pick exact listing, fill Buy URL + Supplier Price",123,SH-BLD-IKEA-001,IKEA FYRTUR Blackout Smart Roller Blind,Smart Home & IoT,949,1,AliExpress,https://www.aliexpress.com/wholesale?SearchText=IKEA+FYRTUR+Blackout+Smart+Roller+Blind,,,USD,Needs supplier verification,"Match exact product manually, then fill Buy URL and Supplier Price."
2,Medium,NO_REAL_PRICE_REFERENCE,"Open search URL, pick exact listing, fill Buy URL + Supplier Price",123,SH-BLD-IKEA-001,IKEA FYRTUR Blackout Smart Roller Blind,Smart Home & IoT,949,2,Alibaba,https://www.alibaba.com/trade/search?SearchText=IKEA+FYRTUR+Blackout+Smart+Roller+Blind,,,USD,Needs supplier verification,"Check MOQ, shipping terms, and verified supplier status before buying."
2,Medium,NO_REAL_PRICE_REFERENCE,"Open search URL, pick exact listing, fill Buy URL + Supplier Price",123,SH-BLD-IKEA-001,IKEA FYRTUR Blackout Smart Roller Blind,Smart Home & IoT,949,3,Amazon.sa,https://www.amazon.sa/s?k=IKEA+FYRTUR+Blackout+Smart+Roller+Blind,,,SAR,Needs supplier verification,Uses existing Amazon reference URL and price when the workbook has them.
2,Medium,NO_REAL_PRICE_REFERENCE,"Open search URL, pick exact listing, fill Buy URL + Supplier Price",123,SH-BLD-IKEA-001,IKEA FYRTUR Blackout Smart Roller Blind,Smart Home & IoT,949,4,Noon,https://www.noon.com/saudi-en/search/?q=IKEA+FYRTUR+Blackout+Smart+Roller+Blind,,,SAR,Needs supplier verification,"Verify seller rating, warranty, and marketplace fulfillment before buying."
2,Medium,NO_REAL_PRICE_REFERENCE,"Open search URL, pick exact listing, fill Buy URL + Supplier Price",123,SH-BLD-IKEA-001,IKEA FYRTUR Blackout Smart Roller Blind,Smart Home & IoT,949,5,B&H Photo,https://www.bhphotovideo.com/c/search?Ntt=IKEA+FYRTUR+Blackout+Smart+Roller+Blind&N=0&InitialSearch=yes&sts=ma,,,USD,Needs supplier verification,"Best for cameras, networking, creators, and computer hardware."
2,Medium,NO_REAL_PRICE_REFERENCE,"Open search URL, pick exact listing, fill Buy URL + Supplier Price",124,SH-BLD-SWBT-001,SwitchBot Curtain 3,Smart Home & IoT,649,1,AliExpress,https://www.aliexpress.com/wholesale?SearchText=SwitchBot+Curtain+3,,,USD,Needs supplier verification,"Match exact product manually, then fill Buy URL and Supplier Price."
2,Medium,NO_REAL_PRICE_REFERENCE,"Open search URL, pick exact listing, fill Buy URL + Supplier Price",124,SH-BLD-SWBT-001,SwitchBot Curtain 3,Smart Home & IoT,649,2,Alibaba,https://www.alibaba.com/trade/search?SearchText=SwitchBot+Curtain+3,,,USD,Needs supplier verification,"Check MOQ, shipping terms, and verified supplier status before buying."
2,Medium,NO_REAL_PRICE_REFERENCE,"Open search URL, pick exact listing, fill Buy URL + Supplier Price",124,SH-BLD-SWBT-001,SwitchBot Curtain 3,Smart Home & IoT,649,3,Amazon.sa,https://www.amazon.sa/s?k=SwitchBot+Curtain+3,,,SAR,Needs supplier verification,Uses existing Amazon reference URL and price when the workbook has them.
2,Medium,NO_REAL_PRICE_REFERENCE,"Open search URL, pick exact listing, fill Buy URL + Supplier Price",124,SH-BLD-SWBT-001,SwitchBot Curtain 3,Smart Home & IoT,649,4,Noon,https://www.noon.com/saudi-en/search/?q=SwitchBot+Curtain+3,,,SAR,Needs supplier verification,"Verify seller rating, warranty, and marketplace fulfillment before buying."
2,Medium,NO_REAL_PRICE_REFERENCE,"Open search URL, pick exact listing, fill Buy URL + Supplier Price",124,SH-BLD-SWBT-001,SwitchBot Curtain 3,Smart Home & IoT,649,5,B&H Photo,https://www.bhphotovideo.com/c/search?Ntt=SwitchBot+Curtain+3&N=0&InitialSearch=yes&sts=ma,,,USD,Needs supplier verification,"Best for cameras, networking, creators, and computer hardware."
2,Medium,NO_REAL_PRICE_REFERENCE,"Open search URL, pick exact listing, fill Buy URL + Supplier Price",129,SH-CAM-ARLO-001,Arlo Pro 5 2K Spotlight Camera,Smart Home & IoT,1549,1,AliExpress,https://www.aliexpress.com/wholesale?SearchText=Arlo+Pro+5+2K+Spotlight+Camera,,,USD,Needs supplier verification,"Match exact product manually, then fill Buy URL and Supplier Price."
2,Medium,NO_REAL_PRICE_REFERENCE,"Open search URL, pick exact listing, fill Buy URL + Supplier Price",129,SH-CAM-ARLO-001,Arlo Pro 5 2K Spotlight Camera,Smart Home & IoT,1549,2,Alibaba,https://www.alibaba.com/trade/search?SearchText=Arlo+Pro+5+2K+Spotlight+Camera,,,USD,Needs supplier verification,"Check MOQ, shipping terms, and verified supplier status before buying."
2,Medium,NO_REAL_PRICE_REFERENCE,"Open search URL, pick exact listing, fill Buy URL + Supplier Price",129,SH-CAM-ARLO-001,Arlo Pro 5 2K Spotlight Camera,Smart Home & IoT,1549,3,Amazon.sa,https://www.amazon.sa/s?k=Arlo+Pro+5+2K+Spotlight+Camera,,,SAR,Needs supplier verification,Uses existing Amazon reference URL and price when the workbook has them.
2,Medium,NO_REAL_PRICE_REFERENCE,"Open search URL, pick exact listing, fill Buy URL + Supplier Price",129,SH-CAM-ARLO-001,Arlo Pro 5 2K Spotlight Camera,Smart Home & IoT,1549,4,Noon,https://www.noon.com/saudi-en/search/?q=Arlo+Pro+5+2K+Spotlight+Camera,,,SAR,Needs supplier verification,"Verify seller rating, warranty, and marketplace fulfillment before buying."
2,Medium,NO_REAL_PRICE_REFERENCE,"Open search URL, pick exact listing, fill Buy URL + Supplier Price",129,SH-CAM-ARLO-001,Arlo Pro 5 2K Spotlight Camera,Smart Home & IoT,1549,5,B&H Photo,https://www.bhphotovideo.com/c/search?Ntt=Arlo+Pro+5+2K+Spotlight+Camera&N=0&InitialSearch=yes&sts=ma,,,USD,Needs supplier verification,"Best for cameras, networking, creators, and computer hardware."
2,Medium,NO_REAL_PRICE_REFERENCE,"Open search URL, pick exact listing, fill Buy URL + Supplier Price",128,SH-CAM-EUFY-001,Eufy eufyCam 3 (4K + HomeBase 3 Kit),Smart Home & IoT,1649,1,AliExpress,https://www.aliexpress.com/wholesale?SearchText=Eufy+eufyCam+3+%284K+%2B+HomeBase+3+Kit%29,,,USD,Needs supplier verification,"Match exact product manually, then fill Buy URL and Supplier Price."
2,Medium,NO_REAL_PRICE_REFERENCE,"Open search URL, pick exact listing, fill Buy URL + Supplier Price",128,SH-CAM-EUFY-001,Eufy eufyCam 3 (4K + HomeBase 3 Kit),Smart Home & IoT,1649,2,Alibaba,https://www.alibaba.com/trade/search?SearchText=Eufy+eufyCam+3+%284K+%2B+HomeBase+3+Kit%29,,,USD,Needs supplier verification,"Check MOQ, shipping terms, and verified supplier status before buying."
2,Medium,NO_REAL_PRICE_REFERENCE,"Open search URL, pick exact listing, fill Buy URL + Supplier Price",128,SH-CAM-EUFY-001,Eufy eufyCam 3 (4K + HomeBase 3 Kit),Smart Home & IoT,1649,3,Amazon.sa,https://www.amazon.sa/s?k=Eufy+eufyCam+3+%284K+%2B+HomeBase+3+Kit%29,,,SAR,Needs supplier verification,Uses existing Amazon reference URL and price when the workbook has them.
2,Medium,NO_REAL_PRICE_REFERENCE,"Open search URL, pick exact listing, fill Buy URL + Supplier Price",128,SH-CAM-EUFY-001,Eufy eufyCam 3 (4K + HomeBase 3 Kit),Smart Home & IoT,1649,4,Noon,https://www.noon.com/saudi-en/search/?q=Eufy+eufyCam+3+%284K+%2B+HomeBase+3+Kit%29,,,SAR,Needs supplier verification,"Verify seller rating, warranty, and marketplace fulfillment before buying."
2,Medium,NO_REAL_PRICE_REFERENCE,"Open search URL, pick exact listing, fill Buy URL + Supplier Price",128,SH-CAM-EUFY-001,Eufy eufyCam 3 (4K + HomeBase 3 Kit),Smart Home & IoT,1649,5,B&H Photo,https://www.bhphotovideo.com/c/search?Ntt=Eufy+eufyCam+3+%284K+%2B+HomeBase+3+Kit%29&N=0&InitialSearch=yes&sts=ma,,,USD,Needs supplier verification,"Best for cameras, networking, creators, and computer hardware."
2,Medium,NO_REAL_PRICE_REFERENCE,"Open search URL, pick exact listing, fill Buy URL + Supplier Price",127,SH-CAM-RELK-001,Reolink Argus 4 Pro (4K),Smart Home & IoT,899,1,AliExpress,https://www.aliexpress.com/wholesale?SearchText=Reolink+Argus+4+Pro+%284K%29,,,USD,Needs supplier verification,"Match exact product manually, then fill Buy URL and Supplier Price."
2,Medium,NO_REAL_PRICE_REFERENCE,"Open search URL, pick exact listing, fill Buy URL + Supplier Price",127,SH-CAM-RELK-001,Reolink Argus 4 Pro (4K),Smart Home & IoT,899,2,Alibaba,https://www.alibaba.com/trade/search?SearchText=Reolink+Argus+4+Pro+%284K%29,,,USD,Needs supplier verification,"Check MOQ, shipping terms, and verified supplier status before buying."
2,Medium,NO_REAL_PRICE_REFERENCE,"Open search URL, pick exact listing, fill Buy URL + Supplier Price",127,SH-CAM-RELK-001,Reolink Argus 4 Pro (4K),Smart Home & IoT,899,3,Amazon.sa,https://www.amazon.sa/s?k=Reolink+Argus+4+Pro+%284K%29,,,SAR,Needs supplier verification,Uses existing Amazon reference URL and price when the workbook has them.
2,Medium,NO_REAL_PRICE_REFERENCE,"Open search URL, pick exact listing, fill Buy URL + Supplier Price",127,SH-CAM-RELK-001,Reolink Argus 4 Pro (4K),Smart Home & IoT,899,4,Noon,https://www.noon.com/saudi-en/search/?q=Reolink+Argus+4+Pro+%284K%29,,,SAR,Needs supplier verification,"Verify seller rating, warranty, and marketplace fulfillment before buying."
2,Medium,NO_REAL_PRICE_REFERENCE,"Open search URL, pick exact listing, fill Buy URL + Supplier Price",127,SH-CAM-RELK-001,Reolink Argus 4 Pro (4K),Smart Home & IoT,899,5,B&H Photo,https://www.bhphotovideo.com/c/search?Ntt=Reolink+Argus+4+Pro+%284K%29&N=0&InitialSearch=yes&sts=ma,,,USD,Needs supplier verification,"Best for cameras, networking, creators, and computer hardware."
2,Medium,NO_REAL_PRICE_REFERENCE,"Open search URL, pick exact listing, fill Buy URL + Supplier Price",130,SH-CAM-RING-001,Ring Indoor Cam (2nd Gen),Smart Home & IoT,479,1,AliExpress,https://www.aliexpress.com/wholesale?SearchText=Ring+Indoor+Cam+%282nd+Gen%29,,,USD,Needs supplier verification,"Match exact product manually, then fill Buy URL and Supplier Price."
2,Medium,NO_REAL_PRICE_REFERENCE,"Open search URL, pick exact listing, fill Buy URL + Supplier Price",130,SH-CAM-RING-001,Ring Indoor Cam (2nd Gen),Smart Home & IoT,479,2,Alibaba,https://www.alibaba.com/trade/search?SearchText=Ring+Indoor+Cam+%282nd+Gen%29,,,USD,Needs supplier verification,"Check MOQ, shipping terms, and verified supplier status before buying."
2,Medium,NO_REAL_PRICE_REFERENCE,"Open search URL, pick exact listing, fill Buy URL + Supplier Price",130,SH-CAM-RING-001,Ring Indoor Cam (2nd Gen),Smart Home & IoT,479,3,Amazon.sa,https://www.amazon.sa/s?k=Ring+Indoor+Cam+%282nd+Gen%29,,,SAR,Needs supplier verification,Uses existing Amazon reference URL and price when the workbook has them.
2,Medium,NO_REAL_PRICE_REFERENCE,"Open search URL, pick exact listing, fill Buy URL + Supplier Price",130,SH-CAM-RING-001,Ring Indoor Cam (2nd Gen),Smart Home & IoT,479,4,Noon,https://www.noon.com/saudi-en/search/?q=Ring+Indoor+Cam+%282nd+Gen%29,,,SAR,Needs supplier verification,"Verify seller rating, warranty, and marketplace fulfillment before buying."
2,Medium,NO_REAL_PRICE_REFERENCE,"Open search URL, pick exact listing, fill Buy URL + Supplier Price",130,SH-CAM-RING-001,Ring Indoor Cam (2nd Gen),Smart Home & IoT,479,5,B&H Photo,https://www.bhphotovideo.com/c/search?Ntt=Ring+Indoor+Cam+%282nd+Gen%29&N=0&InitialSearch=yes&sts=ma,,,USD,Needs supplier verification,"Best for cameras, networking, creators, and computer hardware."
2,Medium,NO_REAL_PRICE_REFERENCE,"Open search URL, pick exact listing, fill Buy URL + Supplier Price",147,SH-DSP-AMZN-001,Amazon Echo Show 8 (3rd Gen),Smart Home & IoT,999,1,AliExpress,https://www.aliexpress.com/wholesale?SearchText=Amazon+Echo+Show+8+%283rd+Gen%29,,,USD,Needs supplier verification,"Match exact product manually, then fill Buy URL and Supplier Price."
2,Medium,NO_REAL_PRICE_REFERENCE,"Open search URL, pick exact listing, fill Buy URL + Supplier Price",147,SH-DSP-AMZN-001,Amazon Echo Show 8 (3rd Gen),Smart Home & IoT,999,2,Alibaba,https://www.alibaba.com/trade/search?SearchText=Amazon+Echo+Show+8+%283rd+Gen%29,,,USD,Needs supplier verification,"Check MOQ, shipping terms, and verified supplier status before buying."
2,Medium,NO_REAL_PRICE_REFERENCE,"Open search URL, pick exact listing, fill Buy URL + Supplier Price",147,SH-DSP-AMZN-001,Amazon Echo Show 8 (3rd Gen),Smart Home & IoT,999,3,Amazon.sa,https://www.amazon.sa/s?k=Amazon+Echo+Show+8+%283rd+Gen%29,,,SAR,Needs supplier verification,Uses existing Amazon reference URL and price when the workbook has them.
2,Medium,NO_REAL_PRICE_REFERENCE,"Open search URL, pick exact listing, fill Buy URL + Supplier Price",147,SH-DSP-AMZN-001,Amazon Echo Show 8 (3rd Gen),Smart Home & IoT,999,4,Noon,https://www.noon.com/saudi-en/search/?q=Amazon+Echo+Show+8+%283rd+Gen%29,,,SAR,Needs supplier verification,"Verify seller rating, warranty, and marketplace fulfillment before buying."
2,Medium,NO_REAL_PRICE_REFERENCE,"Open search URL, pick exact listing, fill Buy URL + Supplier Price",147,SH-DSP-AMZN-001,Amazon Echo Show 8 (3rd Gen),Smart Home & IoT,999,5,B&H Photo,https://www.bhphotovideo.com/c/search?Ntt=Amazon+Echo+Show+8+%283rd+Gen%29&N=0&InitialSearch=yes&sts=ma,,,USD,Needs supplier verification,"Best for cameras, networking, creators, and computer hardware."
2,Medium,NO_REAL_PRICE_REFERENCE,"Open search URL, pick exact listing, fill Buy URL + Supplier Price",146,SH-DSP-GGLE-001,Google Nest Hub (2nd Gen),Smart Home & IoT,699,1,AliExpress,https://www.aliexpress.com/wholesale?SearchText=Google+Nest+Hub+%282nd+Gen%29,,,USD,Needs supplier verification,"Match exact product manually, then fill Buy URL and Supplier Price."
2,Medium,NO_REAL_PRICE_REFERENCE,"Open search URL, pick exact listing, fill Buy URL + Supplier Price",146,SH-DSP-GGLE-001,Google Nest Hub (2nd Gen),Smart Home & IoT,699,2,Alibaba,https://www.alibaba.com/trade/search?SearchText=Google+Nest+Hub+%282nd+Gen%29,,,USD,Needs supplier verification,"Check MOQ, shipping terms, and verified supplier status before buying."
2,Medium,NO_REAL_PRICE_REFERENCE,"Open search URL, pick exact listing, fill Buy URL + Supplier Price",146,SH-DSP-GGLE-001,Google Nest Hub (2nd Gen),Smart Home & IoT,699,3,Amazon.sa,https://www.amazon.sa/s?k=Google+Nest+Hub+%282nd+Gen%29,,,SAR,Needs supplier verification,Uses existing Amazon reference URL and price when the workbook has them.
2,Medium,NO_REAL_PRICE_REFERENCE,"Open search URL, pick exact listing, fill Buy URL + Supplier Price",146,SH-DSP-GGLE-001,Google Nest Hub (2nd Gen),Smart Home & IoT,699,4,Noon,https://www.noon.com/saudi-en/search/?q=Google+Nest+Hub+%282nd+Gen%29,,,SAR,Needs supplier verification,"Verify seller rating, warranty, and marketplace fulfillment before buying."
2,Medium,NO_REAL_PRICE_REFERENCE,"Open search URL, pick exact listing, fill Buy URL + Supplier Price",146,SH-DSP-GGLE-001,Google Nest Hub (2nd Gen),Smart Home & IoT,699,5,B&H Photo,https://www.bhphotovideo.com/c/search?Ntt=Google+Nest+Hub+%282nd+Gen%29&N=0&InitialSearch=yes&sts=ma,,,USD,Needs supplier verification,"Best for cameras, networking, creators, and computer hardware."
2,Medium,NO_REAL_PRICE_REFERENCE,"Open search URL, pick exact listing, fill Buy URL + Supplier Price",122,SH-HUB-AQRA-001,Aqara Hub M3,Smart Home & IoT,899,1,AliExpress,https://www.aliexpress.com/wholesale?SearchText=Aqara+Hub+M3,,,USD,Needs supplier verification,"Match exact product manually, then fill Buy URL and Supplier Price."
2,Medium,NO_REAL_PRICE_REFERENCE,"Open search URL, pick exact listing, fill Buy URL + Supplier Price",122,SH-HUB-AQRA-001,Aqara Hub M3,Smart Home & IoT,899,2,Alibaba,https://www.alibaba.com/trade/search?SearchText=Aqara+Hub+M3,,,USD,Needs supplier verification,"Check MOQ, shipping terms, and verified supplier status before buying."
2,Medium,NO_REAL_PRICE_REFERENCE,"Open search URL, pick exact listing, fill Buy URL + Supplier Price",122,SH-HUB-AQRA-001,Aqara Hub M3,Smart Home & IoT,899,3,Amazon.sa,https://www.amazon.sa/s?k=Aqara+Hub+M3,,,SAR,Needs supplier verification,Uses existing Amazon reference URL and price when the workbook has them.
2,Medium,NO_REAL_PRICE_REFERENCE,"Open search URL, pick exact listing, fill Buy URL + Supplier Price",122,SH-HUB-AQRA-001,Aqara Hub M3,Smart Home & IoT,899,4,Noon,https://www.noon.com/saudi-en/search/?q=Aqara+Hub+M3,,,SAR,Needs supplier verification,"Verify seller rating, warranty, and marketplace fulfillment before buying."
2,Medium,NO_REAL_PRICE_REFERENCE,"Open search URL, pick exact listing, fill Buy URL + Supplier Price",122,SH-HUB-AQRA-001,Aqara Hub M3,Smart Home & IoT,899,5,B&H Photo,https://www.bhphotovideo.com/c/search?Ntt=Aqara+Hub+M3&N=0&InitialSearch=yes&sts=ma,,,USD,Needs supplier verification,"Best for cameras, networking, creators, and computer hardware."
2,Medium,NO_REAL_PRICE_REFERENCE,"Open search URL, pick exact listing, fill Buy URL + Supplier Price",120,SH-HUB-HUBI-001,Hubitat Elevation C-8 Pro,Smart Home & IoT,1199,1,AliExpress,https://www.aliexpress.com/wholesale?SearchText=Hubitat+Elevation+C-8+Pro,,,USD,Needs supplier verification,"Match exact product manually, then fill Buy URL and Supplier Price."
2,Medium,NO_REAL_PRICE_REFERENCE,"Open search URL, pick exact listing, fill Buy URL + Supplier Price",120,SH-HUB-HUBI-001,Hubitat Elevation C-8 Pro,Smart Home & IoT,1199,2,Alibaba,https://www.alibaba.com/trade/search?SearchText=Hubitat+Elevation+C-8+Pro,,,USD,Needs supplier verification,"Check MOQ, shipping terms, and verified supplier status before buying."
2,Medium,NO_REAL_PRICE_REFERENCE,"Open search URL, pick exact listing, fill Buy URL + Supplier Price",120,SH-HUB-HUBI-001,Hubitat Elevation C-8 Pro,Smart Home & IoT,1199,3,Amazon.sa,https://www.amazon.sa/s?k=Hubitat+Elevation+C-8+Pro,,,SAR,Needs supplier verification,Uses existing Amazon reference URL and price when the workbook has them.
2,Medium,NO_REAL_PRICE_REFERENCE,"Open search URL, pick exact listing, fill Buy URL + Supplier Price",120,SH-HUB-HUBI-001,Hubitat Elevation C-8 Pro,Smart Home & IoT,1199,4,Noon,https://www.noon.com/saudi-en/search/?q=Hubitat+Elevation+C-8+Pro,,,SAR,Needs supplier verification,"Verify seller rating, warranty, and marketplace fulfillment before buying."
2,Medium,NO_REAL_PRICE_REFERENCE,"Open search URL, pick exact listing, fill Buy URL + Supplier Price",120,SH-HUB-HUBI-001,Hubitat Elevation C-8 Pro,Smart Home & IoT,1199,5,B&H Photo,https://www.bhphotovideo.com/c/search?Ntt=Hubitat+Elevation+C-8+Pro&N=0&InitialSearch=yes&sts=ma,,,USD,Needs supplier verification,"Best for cameras, networking, creators, and computer hardware."
2,Medium,NO_REAL_PRICE_REFERENCE,"Open search URL, pick exact listing, fill Buy URL + Supplier Price",144,SH-LCK-AQRA-001,Aqara Smart Lock U200,Smart Home & IoT,1249,1,AliExpress,https://www.aliexpress.com/wholesale?SearchText=Aqara+Smart+Lock+U200,,,USD,Needs supplier verification,"Match exact product manually, then fill Buy URL and Supplier Price."
2,Medium,NO_REAL_PRICE_REFERENCE,"Open search URL, pick exact listing, fill Buy URL + Supplier Price",144,SH-LCK-AQRA-001,Aqara Smart Lock U200,Smart Home & IoT,1249,2,Alibaba,https://www.alibaba.com/trade/search?SearchText=Aqara+Smart+Lock+U200,,,USD,Needs supplier verification,"Check MOQ, shipping terms, and verified supplier status before buying."
2,Medium,NO_REAL_PRICE_REFERENCE,"Open search URL, pick exact listing, fill Buy URL + Supplier Price",144,SH-LCK-AQRA-001,Aqara Smart Lock U200,Smart Home & IoT,1249,3,Amazon.sa,https://www.amazon.sa/s?k=Aqara+Smart+Lock+U200,,,SAR,Needs supplier verification,Uses existing Amazon reference URL and price when the workbook has them.
2,Medium,NO_REAL_PRICE_REFERENCE,"Open search URL, pick exact listing, fill Buy URL + Supplier Price",144,SH-LCK-AQRA-001,Aqara Smart Lock U200,Smart Home & IoT,1249,4,Noon,https://www.noon.com/saudi-en/search/?q=Aqara+Smart+Lock+U200,,,SAR,Needs supplier verification,"Verify seller rating, warranty, and marketplace fulfillment before buying."
2,Medium,NO_REAL_PRICE_REFERENCE,"Open search URL, pick exact listing, fill Buy URL + Supplier Price",144,SH-LCK-AQRA-001,Aqara Smart Lock U200,Smart Home & IoT,1249,5,B&H Photo,https://www.bhphotovideo.com/c/search?Ntt=Aqara+Smart+Lock+U200&N=0&InitialSearch=yes&sts=ma,,,USD,Needs supplier verification,"Best for cameras, networking, creators, and computer hardware."
2,Medium,NO_REAL_PRICE_REFERENCE,"Open search URL, pick exact listing, fill Buy URL + Supplier Price",143,SH-LCK-AUGS-001,August Wi-Fi Smart Lock (4th Gen),Smart Home & IoT,1299,1,AliExpress,https://www.aliexpress.com/wholesale?SearchText=August+Wi-Fi+Smart+Lock+%284th+Gen%29,,,USD,Needs supplier verification,"Match exact product manually, then fill Buy URL and Supplier Price."
2,Medium,NO_REAL_PRICE_REFERENCE,"Open search URL, pick exact listing, fill Buy URL + Supplier Price",143,SH-LCK-AUGS-001,August Wi-Fi Smart Lock (4th Gen),Smart Home & IoT,1299,2,Alibaba,https://www.alibaba.com/trade/search?SearchText=August+Wi-Fi+Smart+Lock+%284th+Gen%29,,,USD,Needs supplier verification,"Check MOQ, shipping terms, and verified supplier status before buying."
2,Medium,NO_REAL_PRICE_REFERENCE,"Open search URL, pick exact listing, fill Buy URL + Supplier Price",143,SH-LCK-AUGS-001,August Wi-Fi Smart Lock (4th Gen),Smart Home & IoT,1299,3,Amazon.sa,https://www.amazon.sa/s?k=August+Wi-Fi+Smart+Lock+%284th+Gen%29,,,SAR,Needs supplier verification,Uses existing Amazon reference URL and price when the workbook has them.
2,Medium,NO_REAL_PRICE_REFERENCE,"Open search URL, pick exact listing, fill Buy URL + Supplier Price",143,SH-LCK-AUGS-001,August Wi-Fi Smart Lock (4th Gen),Smart Home & IoT,1299,4,Noon,https://www.noon.com/saudi-en/search/?q=August+Wi-Fi+Smart+Lock+%284th+Gen%29,,,SAR,Needs supplier verification,"Verify seller rating, warranty, and marketplace fulfillment before buying."
2,Medium,NO_REAL_PRICE_REFERENCE,"Open search URL, pick exact listing, fill Buy URL + Supplier Price",143,SH-LCK-AUGS-001,August Wi-Fi Smart Lock (4th Gen),Smart Home & IoT,1299,5,B&H Photo,https://www.bhphotovideo.com/c/search?Ntt=August+Wi-Fi+Smart+Lock+%284th+Gen%29&N=0&InitialSearch=yes&sts=ma,,,USD,Needs supplier verification,"Best for cameras, networking, creators, and computer hardware."
2,Medium,NO_REAL_PRICE_REFERENCE,"Open search URL, pick exact listing, fill Buy URL + Supplier Price",145,SH-LCK-YALE-001,Yale Assure Lock 2 Wi-Fi,Smart Home & IoT,1549,1,AliExpress,https://www.aliexpress.com/wholesale?SearchText=Yale+Assure+Lock+2+Wi-Fi,,,USD,Needs supplier verification,"Match exact product manually, then fill Buy URL and Supplier Price."
2,Medium,NO_REAL_PRICE_REFERENCE,"Open search URL, pick exact listing, fill Buy URL + Supplier Price",145,SH-LCK-YALE-001,Yale Assure Lock 2 Wi-Fi,Smart Home & IoT,1549,2,Alibaba,https://www.alibaba.com/trade/search?SearchText=Yale+Assure+Lock+2+Wi-Fi,,,USD,Needs supplier verification,"Check MOQ, shipping terms, and verified supplier status before buying."
2,Medium,NO_REAL_PRICE_REFERENCE,"Open search URL, pick exact listing, fill Buy URL + Supplier Price",145,SH-LCK-YALE-001,Yale Assure Lock 2 Wi-Fi,Smart Home & IoT,1549,3,Amazon.sa,https://www.amazon.sa/s?k=Yale+Assure+Lock+2+Wi-Fi,,,SAR,Needs supplier verification,Uses existing Amazon reference URL and price when the workbook has them.
2,Medium,NO_REAL_PRICE_REFERENCE,"Open search URL, pick exact listing, fill Buy URL + Supplier Price",145,SH-LCK-YALE-001,Yale Assure Lock 2 Wi-Fi,Smart Home & IoT,1549,4,Noon,https://www.noon.com/saudi-en/search/?q=Yale+Assure+Lock+2+Wi-Fi,,,SAR,Needs supplier verification,"Verify seller rating, warranty, and marketplace fulfillment before buying."
2,Medium,NO_REAL_PRICE_REFERENCE,"Open search URL, pick exact listing, fill Buy URL + Supplier Price",145,SH-LCK-YALE-001,Yale Assure Lock 2 Wi-Fi,Smart Home & IoT,1549,5,B&H Photo,https://www.bhphotovideo.com/c/search?Ntt=Yale+Assure+Lock+2+Wi-Fi&N=0&InitialSearch=yes&sts=ma,,,USD,Needs supplier verification,"Best for cameras, networking, creators, and computer hardware."
2,Medium,NO_REAL_PRICE_REFERENCE,"Open search URL, pick exact listing, fill Buy URL + Supplier Price",139,SH-LGT-GOVE-001,Govee RGBIC LED Strip M1 (5m),Smart Home & IoT,399,1,AliExpress,https://www.aliexpress.com/wholesale?SearchText=Govee+RGBIC+LED+Strip+M1+%285m%29,,,USD,Needs supplier verification,"Match exact product manually, then fill Buy URL and Supplier Price."
2,Medium,NO_REAL_PRICE_REFERENCE,"Open search URL, pick exact listing, fill Buy URL + Supplier Price",139,SH-LGT-GOVE-001,Govee RGBIC LED Strip M1 (5m),Smart Home & IoT,399,2,Alibaba,https://www.alibaba.com/trade/search?SearchText=Govee+RGBIC+LED+Strip+M1+%285m%29,,,USD,Needs supplier verification,"Check MOQ, shipping terms, and verified supplier status before buying."
2,Medium,NO_REAL_PRICE_REFERENCE,"Open search URL, pick exact listing, fill Buy URL + Supplier Price",139,SH-LGT-GOVE-001,Govee RGBIC LED Strip M1 (5m),Smart Home & IoT,399,3,Amazon.sa,https://www.amazon.sa/s?k=Govee+RGBIC+LED+Strip+M1+%285m%29,,,SAR,Needs supplier verification,Uses existing Amazon reference URL and price when the workbook has them.
2,Medium,NO_REAL_PRICE_REFERENCE,"Open search URL, pick exact listing, fill Buy URL + Supplier Price",139,SH-LGT-GOVE-001,Govee RGBIC LED Strip M1 (5m),Smart Home & IoT,399,4,Noon,https://www.noon.com/saudi-en/search/?q=Govee+RGBIC+LED+Strip+M1+%285m%29,,,SAR,Needs supplier verification,"Verify seller rating, warranty, and marketplace fulfillment before buying."
2,Medium,NO_REAL_PRICE_REFERENCE,"Open search URL, pick exact listing, fill Buy URL + Supplier Price",139,SH-LGT-GOVE-001,Govee RGBIC LED Strip M1 (5m),Smart Home & IoT,399,5,B&H Photo,https://www.bhphotovideo.com/c/search?Ntt=Govee+RGBIC+LED+Strip+M1+%285m%29&N=0&InitialSearch=yes&sts=ma,,,USD,Needs supplier verification,"Best for cameras, networking, creators, and computer hardware."
2,Medium,NO_REAL_PRICE_REFERENCE,"Open search URL, pick exact listing, fill Buy URL + Supplier Price",138,SH-LGT-GOVE-002,Govee Glide Hexagon Light Panels Ultra (10-pack),Smart Home & IoT,1299,1,AliExpress,https://www.aliexpress.com/wholesale?SearchText=Govee+Glide+Hexagon+Light+Panels+Ultra+%2810-pack%29,,,USD,Needs supplier verification,"Match exact product manually, then fill Buy URL and Supplier Price."
2,Medium,NO_REAL_PRICE_REFERENCE,"Open search URL, pick exact listing, fill Buy URL + Supplier Price",138,SH-LGT-GOVE-002,Govee Glide Hexagon Light Panels Ultra (10-pack),Smart Home & IoT,1299,2,Alibaba,https://www.alibaba.com/trade/search?SearchText=Govee+Glide+Hexagon+Light+Panels+Ultra+%2810-pack%29,,,USD,Needs supplier verification,"Check MOQ, shipping terms, and verified supplier status before buying."
2,Medium,NO_REAL_PRICE_REFERENCE,"Open search URL, pick exact listing, fill Buy URL + Supplier Price",138,SH-LGT-GOVE-002,Govee Glide Hexagon Light Panels Ultra (10-pack),Smart Home & IoT,1299,3,Amazon.sa,https://www.amazon.sa/s?k=Govee+Glide+Hexagon+Light+Panels+Ultra+%2810-pack%29,,,SAR,Needs supplier verification,Uses existing Amazon reference URL and price when the workbook has them.
2,Medium,NO_REAL_PRICE_REFERENCE,"Open search URL, pick exact listing, fill Buy URL + Supplier Price",138,SH-LGT-GOVE-002,Govee Glide Hexagon Light Panels Ultra (10-pack),Smart Home & IoT,1299,4,Noon,https://www.noon.com/saudi-en/search/?q=Govee+Glide+Hexagon+Light+Panels+Ultra+%2810-pack%29,,,SAR,Needs supplier verification,"Verify seller rating, warranty, and marketplace fulfillment before buying."
2,Medium,NO_REAL_PRICE_REFERENCE,"Open search URL, pick exact listing, fill Buy URL + Supplier Price",138,SH-LGT-GOVE-002,Govee Glide Hexagon Light Panels Ultra (10-pack),Smart Home & IoT,1299,5,B&H Photo,https://www.bhphotovideo.com/c/search?Ntt=Govee+Glide+Hexagon+Light+Panels+Ultra+%2810-pack%29&N=0&InitialSearch=yes&sts=ma,,,USD,Needs supplier verification,"Best for cameras, networking, creators, and computer hardware."
2,Medium,NO_REAL_PRICE_REFERENCE,"Open search URL, pick exact listing, fill Buy URL + Supplier Price",140,SH-LGT-LIFX-001,LIFX Color A19 1100lm Bulb,Smart Home & IoT,279,1,AliExpress,https://www.aliexpress.com/wholesale?SearchText=LIFX+Color+A19+1100lm+Bulb,,,USD,Needs supplier verification,"Match exact product manually, then fill Buy URL and Supplier Price."
2,Medium,NO_REAL_PRICE_REFERENCE,"Open search URL, pick exact listing, fill Buy URL + Supplier Price",140,SH-LGT-LIFX-001,LIFX Color A19 1100lm Bulb,Smart Home & IoT,279,2,Alibaba,https://www.alibaba.com/trade/search?SearchText=LIFX+Color+A19+1100lm+Bulb,,,USD,Needs supplier verification,"Check MOQ, shipping terms, and verified supplier status before buying."
2,Medium,NO_REAL_PRICE_REFERENCE,"Open search URL, pick exact listing, fill Buy URL + Supplier Price",140,SH-LGT-LIFX-001,LIFX Color A19 1100lm Bulb,Smart Home & IoT,279,3,Amazon.sa,https://www.amazon.sa/s?k=LIFX+Color+A19+1100lm+Bulb,,,SAR,Needs supplier verification,Uses existing Amazon reference URL and price when the workbook has them.
2,Medium,NO_REAL_PRICE_REFERENCE,"Open search URL, pick exact listing, fill Buy URL + Supplier Price",140,SH-LGT-LIFX-001,LIFX Color A19 1100lm Bulb,Smart Home & IoT,279,4,Noon,https://www.noon.com/saudi-en/search/?q=LIFX+Color+A19+1100lm+Bulb,,,SAR,Needs supplier verification,"Verify seller rating, warranty, and marketplace fulfillment before buying."
2,Medium,NO_REAL_PRICE_REFERENCE,"Open search URL, pick exact listing, fill Buy URL + Supplier Price",140,SH-LGT-LIFX-001,LIFX Color A19 1100lm Bulb,Smart Home & IoT,279,5,B&H Photo,https://www.bhphotovideo.com/c/search?Ntt=LIFX+Color+A19+1100lm+Bulb&N=0&InitialSearch=yes&sts=ma,,,USD,Needs supplier verification,"Best for cameras, networking, creators, and computer hardware."
2,Medium,NO_REAL_PRICE_REFERENCE,"Open search URL, pick exact listing, fill Buy URL + Supplier Price",142,SH-LGT-PHUE-001,Philips Hue Starter Kit (3x A19 + Bridge),Smart Home & IoT,899,1,AliExpress,https://www.aliexpress.com/wholesale?SearchText=Philips+Hue+Starter+Kit+%283x+A19+%2B+Bridge%29,,,USD,Needs supplier verification,"Match exact product manually, then fill Buy URL and Supplier Price."
2,Medium,NO_REAL_PRICE_REFERENCE,"Open search URL, pick exact listing, fill Buy URL + Supplier Price",142,SH-LGT-PHUE-001,Philips Hue Starter Kit (3x A19 + Bridge),Smart Home & IoT,899,2,Alibaba,https://www.alibaba.com/trade/search?SearchText=Philips+Hue+Starter+Kit+%283x+A19+%2B+Bridge%29,,,USD,Needs supplier verification,"Check MOQ, shipping terms, and verified supplier status before buying."
2,Medium,NO_REAL_PRICE_REFERENCE,"Open search URL, pick exact listing, fill Buy URL + Supplier Price",142,SH-LGT-PHUE-001,Philips Hue Starter Kit (3x A19 + Bridge),Smart Home & IoT,899,3,Amazon.sa,https://www.amazon.sa/s?k=Philips+Hue+Starter+Kit+%283x+A19+%2B+Bridge%29,,,SAR,Needs supplier verification,Uses existing Amazon reference URL and price when the workbook has them.
2,Medium,NO_REAL_PRICE_REFERENCE,"Open search URL, pick exact listing, fill Buy URL + Supplier Price",142,SH-LGT-PHUE-001,Philips Hue Starter Kit (3x A19 + Bridge),Smart Home & IoT,899,4,Noon,https://www.noon.com/saudi-en/search/?q=Philips+Hue+Starter+Kit+%283x+A19+%2B+Bridge%29,,,SAR,Needs supplier verification,"Verify seller rating, warranty, and marketplace fulfillment before buying."
2,Medium,NO_REAL_PRICE_REFERENCE,"Open search URL, pick exact listing, fill Buy URL + Supplier Price",142,SH-LGT-PHUE-001,Philips Hue Starter Kit (3x A19 + Bridge),Smart Home & IoT,899,5,B&H Photo,https://www.bhphotovideo.com/c/search?Ntt=Philips+Hue+Starter+Kit+%283x+A19+%2B+Bridge%29&N=0&InitialSearch=yes&sts=ma,,,USD,Needs supplier verification,"Best for cameras, networking, creators, and computer hardware."
2,Medium,NO_REAL_PRICE_REFERENCE,"Open search URL, pick exact listing, fill Buy URL + Supplier Price",141,SH-LGT-PHUE-002,Philips Hue Gradient Lightstrip (2m),Smart Home & IoT,1149,1,AliExpress,https://www.aliexpress.com/wholesale?SearchText=Philips+Hue+Gradient+Lightstrip+%282m%29,,,USD,Needs supplier verification,"Match exact product manually, then fill Buy URL and Supplier Price."
2,Medium,NO_REAL_PRICE_REFERENCE,"Open search URL, pick exact listing, fill Buy URL + Supplier Price",141,SH-LGT-PHUE-002,Philips Hue Gradient Lightstrip (2m),Smart Home & IoT,1149,2,Alibaba,https://www.alibaba.com/trade/search?SearchText=Philips+Hue+Gradient+Lightstrip+%282m%29,,,USD,Needs supplier verification,"Check MOQ, shipping terms, and verified supplier status before buying."
2,Medium,NO_REAL_PRICE_REFERENCE,"Open search URL, pick exact listing, fill Buy URL + Supplier Price",141,SH-LGT-PHUE-002,Philips Hue Gradient Lightstrip (2m),Smart Home & IoT,1149,3,Amazon.sa,https://www.amazon.sa/s?k=Philips+Hue+Gradient+Lightstrip+%282m%29,,,SAR,Needs supplier verification,Uses existing Amazon reference URL and price when the workbook has them.
2,Medium,NO_REAL_PRICE_REFERENCE,"Open search URL, pick exact listing, fill Buy URL + Supplier Price",141,SH-LGT-PHUE-002,Philips Hue Gradient Lightstrip (2m),Smart Home & IoT,1149,4,Noon,https://www.noon.com/saudi-en/search/?q=Philips+Hue+Gradient+Lightstrip+%282m%29,,,SAR,Needs supplier verification,"Verify seller rating, warranty, and marketplace fulfillment before buying."
2,Medium,NO_REAL_PRICE_REFERENCE,"Open search URL, pick exact listing, fill Buy URL + Supplier Price",141,SH-LGT-PHUE-002,Philips Hue Gradient Lightstrip (2m),Smart Home & IoT,1149,5,B&H Photo,https://www.bhphotovideo.com/c/search?Ntt=Philips+Hue+Gradient+Lightstrip+%282m%29&N=0&InitialSearch=yes&sts=ma,,,USD,Needs supplier verification,"Best for cameras, networking, creators, and computer hardware."
2,Medium,NO_REAL_PRICE_REFERENCE,"Open search URL, pick exact listing, fill Buy URL + Supplier Price",579,SH-LWN-MAM-001,Mammotion LUBA 2 AWD 5000H - Wireless Robotic Lawn Mower,Smart Home & IoT,14999,1,AliExpress,https://www.aliexpress.com/wholesale?SearchText=Mammotion+LUBA+2+AWD+5000H+-+Wireless+Robotic+Lawn+Mower,,,USD,Needs supplier verification,"Match exact product manually, then fill Buy URL and Supplier Price."
2,Medium,NO_REAL_PRICE_REFERENCE,"Open search URL, pick exact listing, fill Buy URL + Supplier Price",579,SH-LWN-MAM-001,Mammotion LUBA 2 AWD 5000H - Wireless Robotic Lawn Mower,Smart Home & IoT,14999,2,Alibaba,https://www.alibaba.com/trade/search?SearchText=Mammotion+LUBA+2+AWD+5000H+-+Wireless+Robotic+Lawn+Mower,,,USD,Needs supplier verification,"Check MOQ, shipping terms, and verified supplier status before buying."
2,Medium,NO_REAL_PRICE_REFERENCE,"Open search URL, pick exact listing, fill Buy URL + Supplier Price",579,SH-LWN-MAM-001,Mammotion LUBA 2 AWD 5000H - Wireless Robotic Lawn Mower,Smart Home & IoT,14999,3,Amazon.sa,https://www.amazon.sa/s?k=Mammotion+LUBA+2+AWD+5000H+-+Wireless+Robotic+Lawn+Mower,,,SAR,Needs supplier verification,Uses existing Amazon reference URL and price when the workbook has them.
2,Medium,NO_REAL_PRICE_REFERENCE,"Open search URL, pick exact listing, fill Buy URL + Supplier Price",579,SH-LWN-MAM-001,Mammotion LUBA 2 AWD 5000H - Wireless Robotic Lawn Mower,Smart Home & IoT,14999,4,Noon,https://www.noon.com/saudi-en/search/?q=Mammotion+LUBA+2+AWD+5000H+-+Wireless+Robotic+Lawn+Mower,,,SAR,Needs supplier verification,"Verify seller rating, warranty, and marketplace fulfillment before buying."
2,Medium,NO_REAL_PRICE_REFERENCE,"Open search URL, pick exact listing, fill Buy URL + Supplier Price",579,SH-LWN-MAM-001,Mammotion LUBA 2 AWD 5000H - Wireless Robotic Lawn Mower,Smart Home & IoT,14999,5,B&H Photo,https://www.bhphotovideo.com/c/search?Ntt=Mammotion+LUBA+2+AWD+5000H+-+Wireless+Robotic+Lawn+Mower&N=0&InitialSearch=yes&sts=ma,,,USD,Needs supplier verification,"Best for cameras, networking, creators, and computer hardware."
2,Medium,NO_REAL_PRICE_REFERENCE,"Open search URL, pick exact listing, fill Buy URL + Supplier Price",580,SH-LWN-WRX-001,Worx Landroid Vision M600 - Camera-Guided Robot Mower,Smart Home & IoT,6999,1,AliExpress,https://www.aliexpress.com/wholesale?SearchText=Worx+Landroid+Vision+M600+-+Camera-Guided+Robot+Mower,,,USD,Needs supplier verification,"Match exact product manually, then fill Buy URL and Supplier Price."
2,Medium,NO_REAL_PRICE_REFERENCE,"Open search URL, pick exact listing, fill Buy URL + Supplier Price",580,SH-LWN-WRX-001,Worx Landroid Vision M600 - Camera-Guided Robot Mower,Smart Home & IoT,6999,2,Alibaba,https://www.alibaba.com/trade/search?SearchText=Worx+Landroid+Vision+M600+-+Camera-Guided+Robot+Mower,,,USD,Needs supplier verification,"Check MOQ, shipping terms, and verified supplier status before buying."
2,Medium,NO_REAL_PRICE_REFERENCE,"Open search URL, pick exact listing, fill Buy URL + Supplier Price",580,SH-LWN-WRX-001,Worx Landroid Vision M600 - Camera-Guided Robot Mower,Smart Home & IoT,6999,3,Amazon.sa,https://www.amazon.sa/s?k=Worx+Landroid+Vision+M600+-+Camera-Guided+Robot+Mower,,,SAR,Needs supplier verification,Uses existing Amazon reference URL and price when the workbook has them.
2,Medium,NO_REAL_PRICE_REFERENCE,"Open search URL, pick exact listing, fill Buy URL + Supplier Price",580,SH-LWN-WRX-001,Worx Landroid Vision M600 - Camera-Guided Robot Mower,Smart Home & IoT,6999,4,Noon,https://www.noon.com/saudi-en/search/?q=Worx+Landroid+Vision+M600+-+Camera-Guided+Robot+Mower,,,SAR,Needs supplier verification,"Verify seller rating, warranty, and marketplace fulfillment before buying."
2,Medium,NO_REAL_PRICE_REFERENCE,"Open search URL, pick exact listing, fill Buy URL + Supplier Price",580,SH-LWN-WRX-001,Worx Landroid Vision M600 - Camera-Guided Robot Mower,Smart Home & IoT,6999,5,B&H Photo,https://www.bhphotovideo.com/c/search?Ntt=Worx+Landroid+Vision+M600+-+Camera-Guided+Robot+Mower&N=0&InitialSearch=yes&sts=ma,,,USD,Needs supplier verification,"Best for cameras, networking, creators, and computer hardware."
2,Medium,NO_REAL_PRICE_REFERENCE,"Open search URL, pick exact listing, fill Buy URL + Supplier Price",131,SH-PLG-MERS-001,Meross Smart Plug Mini MSS110 (HomeKit),Smart Home & IoT,159,1,AliExpress,https://www.aliexpress.com/wholesale?SearchText=Meross+Smart+Plug+Mini+MSS110+%28HomeKit%29,,,USD,Needs supplier verification,"Match exact product manually, then fill Buy URL and Supplier Price."
2,Medium,NO_REAL_PRICE_REFERENCE,"Open search URL, pick exact listing, fill Buy URL + Supplier Price",131,SH-PLG-MERS-001,Meross Smart Plug Mini MSS110 (HomeKit),Smart Home & IoT,159,2,Alibaba,https://www.alibaba.com/trade/search?SearchText=Meross+Smart+Plug+Mini+MSS110+%28HomeKit%29,,,USD,Needs supplier verification,"Check MOQ, shipping terms, and verified supplier status before buying."
2,Medium,NO_REAL_PRICE_REFERENCE,"Open search URL, pick exact listing, fill Buy URL + Supplier Price",131,SH-PLG-MERS-001,Meross Smart Plug Mini MSS110 (HomeKit),Smart Home & IoT,159,3,Amazon.sa,https://www.amazon.sa/s?k=Meross+Smart+Plug+Mini+MSS110+%28HomeKit%29,,,SAR,Needs supplier verification,Uses existing Amazon reference URL and price when the workbook has them.
2,Medium,NO_REAL_PRICE_REFERENCE,"Open search URL, pick exact listing, fill Buy URL + Supplier Price",131,SH-PLG-MERS-001,Meross Smart Plug Mini MSS110 (HomeKit),Smart Home & IoT,159,4,Noon,https://www.noon.com/saudi-en/search/?q=Meross+Smart+Plug+Mini+MSS110+%28HomeKit%29,,,SAR,Needs supplier verification,"Verify seller rating, warranty, and marketplace fulfillment before buying."
2,Medium,NO_REAL_PRICE_REFERENCE,"Open search URL, pick exact listing, fill Buy URL + Supplier Price",131,SH-PLG-MERS-001,Meross Smart Plug Mini MSS110 (HomeKit),Smart Home & IoT,159,5,B&H Photo,https://www.bhphotovideo.com/c/search?Ntt=Meross+Smart+Plug+Mini+MSS110+%28HomeKit%29&N=0&InitialSearch=yes&sts=ma,,,USD,Needs supplier verification,"Best for cameras, networking, creators, and computer hardware."
2,Medium,NO_REAL_PRICE_REFERENCE,"Open search URL, pick exact listing, fill Buy URL + Supplier Price",132,SH-PLG-TPLK-001,"TP-Link Tapo P125M Smart Plug (Matter, 2-pack)",Smart Home & IoT,149,1,AliExpress,https://www.aliexpress.com/wholesale?SearchText=TP-Link+Tapo+P125M+Smart+Plug+%28Matter%2C+2-pack%29,,,USD,Needs supplier verification,"Match exact product manually, then fill Buy URL and Supplier Price."
2,Medium,NO_REAL_PRICE_REFERENCE,"Open search URL, pick exact listing, fill Buy URL + Supplier Price",132,SH-PLG-TPLK-001,"TP-Link Tapo P125M Smart Plug (Matter, 2-pack)",Smart Home & IoT,149,2,Alibaba,https://www.alibaba.com/trade/search?SearchText=TP-Link+Tapo+P125M+Smart+Plug+%28Matter%2C+2-pack%29,,,USD,Needs supplier verification,"Check MOQ, shipping terms, and verified supplier status before buying."
2,Medium,NO_REAL_PRICE_REFERENCE,"Open search URL, pick exact listing, fill Buy URL + Supplier Price",132,SH-PLG-TPLK-001,"TP-Link Tapo P125M Smart Plug (Matter, 2-pack)",Smart Home & IoT,149,3,Amazon.sa,https://www.amazon.sa/s?k=TP-Link+Tapo+P125M+Smart+Plug+%28Matter%2C+2-pack%29,,,SAR,Needs supplier verification,Uses existing Amazon reference URL and price when the workbook has them.
2,Medium,NO_REAL_PRICE_REFERENCE,"Open search URL, pick exact listing, fill Buy URL + Supplier Price",132,SH-PLG-TPLK-001,"TP-Link Tapo P125M Smart Plug (Matter, 2-pack)",Smart Home & IoT,149,4,Noon,https://www.noon.com/saudi-en/search/?q=TP-Link+Tapo+P125M+Smart+Plug+%28Matter%2C+2-pack%29,,,SAR,Needs supplier verification,"Verify seller rating, warranty, and marketplace fulfillment before buying."
2,Medium,NO_REAL_PRICE_REFERENCE,"Open search URL, pick exact listing, fill Buy URL + Supplier Price",132,SH-PLG-TPLK-001,"TP-Link Tapo P125M Smart Plug (Matter, 2-pack)",Smart Home & IoT,149,5,B&H Photo,https://www.bhphotovideo.com/c/search?Ntt=TP-Link+Tapo+P125M+Smart+Plug+%28Matter%2C+2-pack%29&N=0&InitialSearch=yes&sts=ma,,,USD,Needs supplier verification,"Best for cameras, networking, creators, and computer hardware."
2,Medium,NO_REAL_PRICE_REFERENCE,"Open search URL, pick exact listing, fill Buy URL + Supplier Price",581,SH-POL-BBT-001,Beatbot AquaSense Pro - Cordless Pool Cleaning Robot,Smart Home & IoT,7499,1,AliExpress,https://www.aliexpress.com/wholesale?SearchText=Beatbot+AquaSense+Pro+-+Cordless+Pool+Cleaning+Robot,,,USD,Needs supplier verification,"Match exact product manually, then fill Buy URL and Supplier Price."
2,Medium,NO_REAL_PRICE_REFERENCE,"Open search URL, pick exact listing, fill Buy URL + Supplier Price",581,SH-POL-BBT-001,Beatbot AquaSense Pro - Cordless Pool Cleaning Robot,Smart Home & IoT,7499,2,Alibaba,https://www.alibaba.com/trade/search?SearchText=Beatbot+AquaSense+Pro+-+Cordless+Pool+Cleaning+Robot,,,USD,Needs supplier verification,"Check MOQ, shipping terms, and verified supplier status before buying."
2,Medium,NO_REAL_PRICE_REFERENCE,"Open search URL, pick exact listing, fill Buy URL + Supplier Price",581,SH-POL-BBT-001,Beatbot AquaSense Pro - Cordless Pool Cleaning Robot,Smart Home & IoT,7499,3,Amazon.sa,https://www.amazon.sa/s?k=Beatbot+AquaSense+Pro+-+Cordless+Pool+Cleaning+Robot,,,SAR,Needs supplier verification,Uses existing Amazon reference URL and price when the workbook has them.
2,Medium,NO_REAL_PRICE_REFERENCE,"Open search URL, pick exact listing, fill Buy URL + Supplier Price",581,SH-POL-BBT-001,Beatbot AquaSense Pro - Cordless Pool Cleaning Robot,Smart Home & IoT,7499,4,Noon,https://www.noon.com/saudi-en/search/?q=Beatbot+AquaSense+Pro+-+Cordless+Pool+Cleaning+Robot,,,SAR,Needs supplier verification,"Verify seller rating, warranty, and marketplace fulfillment before buying."
2,Medium,NO_REAL_PRICE_REFERENCE,"Open search URL, pick exact listing, fill Buy URL + Supplier Price",581,SH-POL-BBT-001,Beatbot AquaSense Pro - Cordless Pool Cleaning Robot,Smart Home & IoT,7499,5,B&H Photo,https://www.bhphotovideo.com/c/search?Ntt=Beatbot+AquaSense+Pro+-+Cordless+Pool+Cleaning+Robot&N=0&InitialSearch=yes&sts=ma,,,USD,Needs supplier verification,"Best for cameras, networking, creators, and computer hardware."
2,Medium,NO_REAL_PRICE_REFERENCE,"Open search URL, pick exact listing, fill Buy URL + Supplier Price",582,SH-POL-DOL-001,Maytronics Dolphin Premier - Robotic Pool Cleaner,Smart Home & IoT,5999,1,AliExpress,https://www.aliexpress.com/wholesale?SearchText=Maytronics+Dolphin+Premier+-+Robotic+Pool+Cleaner,,,USD,Needs supplier verification,"Match exact product manually, then fill Buy URL and Supplier Price."
2,Medium,NO_REAL_PRICE_REFERENCE,"Open search URL, pick exact listing, fill Buy URL + Supplier Price",582,SH-POL-DOL-001,Maytronics Dolphin Premier - Robotic Pool Cleaner,Smart Home & IoT,5999,2,Alibaba,https://www.alibaba.com/trade/search?SearchText=Maytronics+Dolphin+Premier+-+Robotic+Pool+Cleaner,,,USD,Needs supplier verification,"Check MOQ, shipping terms, and verified supplier status before buying."
2,Medium,NO_REAL_PRICE_REFERENCE,"Open search URL, pick exact listing, fill Buy URL + Supplier Price",582,SH-POL-DOL-001,Maytronics Dolphin Premier - Robotic Pool Cleaner,Smart Home & IoT,5999,3,Amazon.sa,https://www.amazon.sa/s?k=Maytronics+Dolphin+Premier+-+Robotic+Pool+Cleaner,,,SAR,Needs supplier verification,Uses existing Amazon reference URL and price when the workbook has them.
2,Medium,NO_REAL_PRICE_REFERENCE,"Open search URL, pick exact listing, fill Buy URL + Supplier Price",582,SH-POL-DOL-001,Maytronics Dolphin Premier - Robotic Pool Cleaner,Smart Home & IoT,5999,4,Noon,https://www.noon.com/saudi-en/search/?q=Maytronics+Dolphin+Premier+-+Robotic+Pool+Cleaner,,,SAR,Needs supplier verification,"Verify seller rating, warranty, and marketplace fulfillment before buying."
2,Medium,NO_REAL_PRICE_REFERENCE,"Open search URL, pick exact listing, fill Buy URL + Supplier Price",582,SH-POL-DOL-001,Maytronics Dolphin Premier - Robotic Pool Cleaner,Smart Home & IoT,5999,5,B&H Photo,https://www.bhphotovideo.com/c/search?Ntt=Maytronics+Dolphin+Premier+-+Robotic+Pool+Cleaner&N=0&InitialSearch=yes&sts=ma,,,USD,Needs supplier verification,"Best for cameras, networking, creators, and computer hardware."
2,Medium,NO_REAL_PRICE_REFERENCE,"Open search URL, pick exact listing, fill Buy URL + Supplier Price",136,SH-RVC-DREM-001,Dreame L50 Ultra,Smart Home & IoT,4599,1,AliExpress,https://www.aliexpress.com/wholesale?SearchText=Dreame+L50+Ultra,,,USD,Needs supplier verification,"Match exact product manually, then fill Buy URL and Supplier Price."
2,Medium,NO_REAL_PRICE_REFERENCE,"Open search URL, pick exact listing, fill Buy URL + Supplier Price",136,SH-RVC-DREM-001,Dreame L50 Ultra,Smart Home & IoT,4599,2,Alibaba,https://www.alibaba.com/trade/search?SearchText=Dreame+L50+Ultra,,,USD,Needs supplier verification,"Check MOQ, shipping terms, and verified supplier status before buying."
2,Medium,NO_REAL_PRICE_REFERENCE,"Open search URL, pick exact listing, fill Buy URL + Supplier Price",136,SH-RVC-DREM-001,Dreame L50 Ultra,Smart Home & IoT,4599,3,Amazon.sa,https://www.amazon.sa/s?k=Dreame+L50+Ultra,,,SAR,Needs supplier verification,Uses existing Amazon reference URL and price when the workbook has them.
2,Medium,NO_REAL_PRICE_REFERENCE,"Open search URL, pick exact listing, fill Buy URL + Supplier Price",136,SH-RVC-DREM-001,Dreame L50 Ultra,Smart Home & IoT,4599,4,Noon,https://www.noon.com/saudi-en/search/?q=Dreame+L50+Ultra,,,SAR,Needs supplier verification,"Verify seller rating, warranty, and marketplace fulfillment before buying."
2,Medium,NO_REAL_PRICE_REFERENCE,"Open search URL, pick exact listing, fill Buy URL + Supplier Price",136,SH-RVC-DREM-001,Dreame L50 Ultra,Smart Home & IoT,4599,5,B&H Photo,https://www.bhphotovideo.com/c/search?Ntt=Dreame+L50+Ultra&N=0&InitialSearch=yes&sts=ma,,,USD,Needs supplier verification,"Best for cameras, networking, creators, and computer hardware."
2,Medium,NO_REAL_PRICE_REFERENCE,"Open search URL, pick exact listing, fill Buy URL + Supplier Price",135,SH-RVC-ECVX-001,Ecovacs Deebot X9 Pro Omni,Smart Home & IoT,5699,1,AliExpress,https://www.aliexpress.com/wholesale?SearchText=Ecovacs+Deebot+X9+Pro+Omni,,,USD,Needs supplier verification,"Match exact product manually, then fill Buy URL and Supplier Price."
2,Medium,NO_REAL_PRICE_REFERENCE,"Open search URL, pick exact listing, fill Buy URL + Supplier Price",135,SH-RVC-ECVX-001,Ecovacs Deebot X9 Pro Omni,Smart Home & IoT,5699,2,Alibaba,https://www.alibaba.com/trade/search?SearchText=Ecovacs+Deebot+X9+Pro+Omni,,,USD,Needs supplier verification,"Check MOQ, shipping terms, and verified supplier status before buying."
2,Medium,NO_REAL_PRICE_REFERENCE,"Open search URL, pick exact listing, fill Buy URL + Supplier Price",135,SH-RVC-ECVX-001,Ecovacs Deebot X9 Pro Omni,Smart Home & IoT,5699,3,Amazon.sa,https://www.amazon.sa/s?k=Ecovacs+Deebot+X9+Pro+Omni,,,SAR,Needs supplier verification,Uses existing Amazon reference URL and price when the workbook has them.
2,Medium,NO_REAL_PRICE_REFERENCE,"Open search URL, pick exact listing, fill Buy URL + Supplier Price",135,SH-RVC-ECVX-001,Ecovacs Deebot X9 Pro Omni,Smart Home & IoT,5699,4,Noon,https://www.noon.com/saudi-en/search/?q=Ecovacs+Deebot+X9+Pro+Omni,,,SAR,Needs supplier verification,"Verify seller rating, warranty, and marketplace fulfillment before buying."
2,Medium,NO_REAL_PRICE_REFERENCE,"Open search URL, pick exact listing, fill Buy URL + Supplier Price",135,SH-RVC-ECVX-001,Ecovacs Deebot X9 Pro Omni,Smart Home & IoT,5699,5,B&H Photo,https://www.bhphotovideo.com/c/search?Ntt=Ecovacs+Deebot+X9+Pro+Omni&N=0&InitialSearch=yes&sts=ma,,,USD,Needs supplier verification,"Best for cameras, networking, creators, and computer hardware."
2,Medium,NO_REAL_PRICE_REFERENCE,"Open search URL, pick exact listing, fill Buy URL + Supplier Price",137,SH-RVC-RBRC-001,Roborock Qrevo CurvX,Smart Home & IoT,4599,1,AliExpress,https://www.aliexpress.com/wholesale?SearchText=Roborock+Qrevo+CurvX,,,USD,Needs supplier verification,"Match exact product manually, then fill Buy URL and Supplier Price."
2,Medium,NO_REAL_PRICE_REFERENCE,"Open search URL, pick exact listing, fill Buy URL + Supplier Price",137,SH-RVC-RBRC-001,Roborock Qrevo CurvX,Smart Home & IoT,4599,2,Alibaba,https://www.alibaba.com/trade/search?SearchText=Roborock+Qrevo+CurvX,,,USD,Needs supplier verification,"Check MOQ, shipping terms, and verified supplier status before buying."
2,Medium,NO_REAL_PRICE_REFERENCE,"Open search URL, pick exact listing, fill Buy URL + Supplier Price",137,SH-RVC-RBRC-001,Roborock Qrevo CurvX,Smart Home & IoT,4599,3,Amazon.sa,https://www.amazon.sa/s?k=Roborock+Qrevo+CurvX,,,SAR,Needs supplier verification,Uses existing Amazon reference URL and price when the workbook has them.
2,Medium,NO_REAL_PRICE_REFERENCE,"Open search URL, pick exact listing, fill Buy URL + Supplier Price",137,SH-RVC-RBRC-001,Roborock Qrevo CurvX,Smart Home & IoT,4599,4,Noon,https://www.noon.com/saudi-en/search/?q=Roborock+Qrevo+CurvX,,,SAR,Needs supplier verification,"Verify seller rating, warranty, and marketplace fulfillment before buying."
2,Medium,NO_REAL_PRICE_REFERENCE,"Open search URL, pick exact listing, fill Buy URL + Supplier Price",137,SH-RVC-RBRC-001,Roborock Qrevo CurvX,Smart Home & IoT,4599,5,B&H Photo,https://www.bhphotovideo.com/c/search?Ntt=Roborock+Qrevo+CurvX&N=0&InitialSearch=yes&sts=ma,,,USD,Needs supplier verification,"Best for cameras, networking, creators, and computer hardware."
2,Medium,NO_REAL_PRICE_REFERENCE,"Open search URL, pick exact listing, fill Buy URL + Supplier Price",151,SH-SPK-AMZN-001,Amazon Echo (4th Gen),Smart Home & IoT,699,1,AliExpress,https://www.aliexpress.com/wholesale?SearchText=Amazon+Echo+%284th+Gen%29,,,USD,Needs supplier verification,"Match exact product manually, then fill Buy URL and Supplier Price."
2,Medium,NO_REAL_PRICE_REFERENCE,"Open search URL, pick exact listing, fill Buy URL + Supplier Price",151,SH-SPK-AMZN-001,Amazon Echo (4th Gen),Smart Home & IoT,699,2,Alibaba,https://www.alibaba.com/trade/search?SearchText=Amazon+Echo+%284th+Gen%29,,,USD,Needs supplier verification,"Check MOQ, shipping terms, and verified supplier status before buying."
2,Medium,NO_REAL_PRICE_REFERENCE,"Open search URL, pick exact listing, fill Buy URL + Supplier Price",151,SH-SPK-AMZN-001,Amazon Echo (4th Gen),Smart Home & IoT,699,3,Amazon.sa,https://www.amazon.sa/s?k=Amazon+Echo+%284th+Gen%29,,,SAR,Needs supplier verification,Uses existing Amazon reference URL and price when the workbook has them.
2,Medium,NO_REAL_PRICE_REFERENCE,"Open search URL, pick exact listing, fill Buy URL + Supplier Price",151,SH-SPK-AMZN-001,Amazon Echo (4th Gen),Smart Home & IoT,699,4,Noon,https://www.noon.com/saudi-en/search/?q=Amazon+Echo+%284th+Gen%29,,,SAR,Needs supplier verification,"Verify seller rating, warranty, and marketplace fulfillment before buying."
2,Medium,NO_REAL_PRICE_REFERENCE,"Open search URL, pick exact listing, fill Buy URL + Supplier Price",151,SH-SPK-AMZN-001,Amazon Echo (4th Gen),Smart Home & IoT,699,5,B&H Photo,https://www.bhphotovideo.com/c/search?Ntt=Amazon+Echo+%284th+Gen%29&N=0&InitialSearch=yes&sts=ma,,,USD,Needs supplier verification,"Best for cameras, networking, creators, and computer hardware."
2,Medium,NO_REAL_PRICE_REFERENCE,"Open search URL, pick exact listing, fill Buy URL + Supplier Price",148,SH-SPK-AMZN-002,Amazon Echo Dot (5th Gen),Smart Home & IoT,399,1,AliExpress,https://www.aliexpress.com/wholesale?SearchText=Amazon+Echo+Dot+%285th+Gen%29,,,USD,Needs supplier verification,"Match exact product manually, then fill Buy URL and Supplier Price."
2,Medium,NO_REAL_PRICE_REFERENCE,"Open search URL, pick exact listing, fill Buy URL + Supplier Price",148,SH-SPK-AMZN-002,Amazon Echo Dot (5th Gen),Smart Home & IoT,399,2,Alibaba,https://www.alibaba.com/trade/search?SearchText=Amazon+Echo+Dot+%285th+Gen%29,,,USD,Needs supplier verification,"Check MOQ, shipping terms, and verified supplier status before buying."
2,Medium,NO_REAL_PRICE_REFERENCE,"Open search URL, pick exact listing, fill Buy URL + Supplier Price",148,SH-SPK-AMZN-002,Amazon Echo Dot (5th Gen),Smart Home & IoT,399,3,Amazon.sa,https://www.amazon.sa/s?k=Amazon+Echo+Dot+%285th+Gen%29,,,SAR,Needs supplier verification,Uses existing Amazon reference URL and price when the workbook has them.
2,Medium,NO_REAL_PRICE_REFERENCE,"Open search URL, pick exact listing, fill Buy URL + Supplier Price",148,SH-SPK-AMZN-002,Amazon Echo Dot (5th Gen),Smart Home & IoT,399,4,Noon,https://www.noon.com/saudi-en/search/?q=Amazon+Echo+Dot+%285th+Gen%29,,,SAR,Needs supplier verification,"Verify seller rating, warranty, and marketplace fulfillment before buying."
2,Medium,NO_REAL_PRICE_REFERENCE,"Open search URL, pick exact listing, fill Buy URL + Supplier Price",148,SH-SPK-AMZN-002,Amazon Echo Dot (5th Gen),Smart Home & IoT,399,5,B&H Photo,https://www.bhphotovideo.com/c/search?Ntt=Amazon+Echo+Dot+%285th+Gen%29&N=0&InitialSearch=yes&sts=ma,,,USD,Needs supplier verification,"Best for cameras, networking, creators, and computer hardware."
2,Medium,NO_REAL_PRICE_REFERENCE,"Open search URL, pick exact listing, fill Buy URL + Supplier Price",150,SH-SPK-APPL-001,Apple HomePod Mini,Smart Home & IoT,699,1,AliExpress,https://www.aliexpress.com/wholesale?SearchText=Apple+HomePod+Mini,,,USD,Needs supplier verification,"Match exact product manually, then fill Buy URL and Supplier Price."
2,Medium,NO_REAL_PRICE_REFERENCE,"Open search URL, pick exact listing, fill Buy URL + Supplier Price",150,SH-SPK-APPL-001,Apple HomePod Mini,Smart Home & IoT,699,2,Alibaba,https://www.alibaba.com/trade/search?SearchText=Apple+HomePod+Mini,,,USD,Needs supplier verification,"Check MOQ, shipping terms, and verified supplier status before buying."
2,Medium,NO_REAL_PRICE_REFERENCE,"Open search URL, pick exact listing, fill Buy URL + Supplier Price",150,SH-SPK-APPL-001,Apple HomePod Mini,Smart Home & IoT,699,3,Amazon.sa,https://www.amazon.sa/s?k=Apple+HomePod+Mini,,,SAR,Needs supplier verification,Uses existing Amazon reference URL and price when the workbook has them.
2,Medium,NO_REAL_PRICE_REFERENCE,"Open search URL, pick exact listing, fill Buy URL + Supplier Price",150,SH-SPK-APPL-001,Apple HomePod Mini,Smart Home & IoT,699,4,Noon,https://www.noon.com/saudi-en/search/?q=Apple+HomePod+Mini,,,SAR,Needs supplier verification,"Verify seller rating, warranty, and marketplace fulfillment before buying."
2,Medium,NO_REAL_PRICE_REFERENCE,"Open search URL, pick exact listing, fill Buy URL + Supplier Price",150,SH-SPK-APPL-001,Apple HomePod Mini,Smart Home & IoT,699,5,B&H Photo,https://www.bhphotovideo.com/c/search?Ntt=Apple+HomePod+Mini&N=0&InitialSearch=yes&sts=ma,,,USD,Needs supplier verification,"Best for cameras, networking, creators, and computer hardware."
2,Medium,NO_REAL_PRICE_REFERENCE,"Open search URL, pick exact listing, fill Buy URL + Supplier Price",149,SH-SPK-GGLE-001,Google Nest Audio,Smart Home & IoT,699,1,AliExpress,https://www.aliexpress.com/wholesale?SearchText=Google+Nest+Audio,,,USD,Needs supplier verification,"Match exact product manually, then fill Buy URL and Supplier Price."
2,Medium,NO_REAL_PRICE_REFERENCE,"Open search URL, pick exact listing, fill Buy URL + Supplier Price",149,SH-SPK-GGLE-001,Google Nest Audio,Smart Home & IoT,699,2,Alibaba,https://www.alibaba.com/trade/search?SearchText=Google+Nest+Audio,,,USD,Needs supplier verification,"Check MOQ, shipping terms, and verified supplier status before buying."
2,Medium,NO_REAL_PRICE_REFERENCE,"Open search URL, pick exact listing, fill Buy URL + Supplier Price",149,SH-SPK-GGLE-001,Google Nest Audio,Smart Home & IoT,699,3,Amazon.sa,https://www.amazon.sa/s?k=Google+Nest+Audio,,,SAR,Needs supplier verification,Uses existing Amazon reference URL and price when the workbook has them.
2,Medium,NO_REAL_PRICE_REFERENCE,"Open search URL, pick exact listing, fill Buy URL + Supplier Price",149,SH-SPK-GGLE-001,Google Nest Audio,Smart Home & IoT,699,4,Noon,https://www.noon.com/saudi-en/search/?q=Google+Nest+Audio,,,SAR,Needs supplier verification,"Verify seller rating, warranty, and marketplace fulfillment before buying."
2,Medium,NO_REAL_PRICE_REFERENCE,"Open search URL, pick exact listing, fill Buy URL + Supplier Price",149,SH-SPK-GGLE-001,Google Nest Audio,Smart Home & IoT,699,5,B&H Photo,https://www.bhphotovideo.com/c/search?Ntt=Google+Nest+Audio&N=0&InitialSearch=yes&sts=ma,,,USD,Needs supplier verification,"Best for cameras, networking, creators, and computer hardware."
2,Medium,NO_REAL_PRICE_REFERENCE,"Open search URL, pick exact listing, fill Buy URL + Supplier Price",119,SH-SWB-SWBT-001,SwitchBot Hub 2 (Matter Enabled),Smart Home & IoT,479,1,AliExpress,https://www.aliexpress.com/wholesale?SearchText=SwitchBot+Hub+2+%28Matter+Enabled%29,,,USD,Needs supplier verification,"Match exact product manually, then fill Buy URL and Supplier Price."
2,Medium,NO_REAL_PRICE_REFERENCE,"Open search URL, pick exact listing, fill Buy URL + Supplier Price",119,SH-SWB-SWBT-001,SwitchBot Hub 2 (Matter Enabled),Smart Home & IoT,479,2,Alibaba,https://www.alibaba.com/trade/search?SearchText=SwitchBot+Hub+2+%28Matter+Enabled%29,,,USD,Needs supplier verification,"Check MOQ, shipping terms, and verified supplier status before buying."
2,Medium,NO_REAL_PRICE_REFERENCE,"Open search URL, pick exact listing, fill Buy URL + Supplier Price",119,SH-SWB-SWBT-001,SwitchBot Hub 2 (Matter Enabled),Smart Home & IoT,479,3,Amazon.sa,https://www.amazon.sa/s?k=SwitchBot+Hub+2+%28Matter+Enabled%29,,,SAR,Needs supplier verification,Uses existing Amazon reference URL and price when the workbook has them.
2,Medium,NO_REAL_PRICE_REFERENCE,"Open search URL, pick exact listing, fill Buy URL + Supplier Price",119,SH-SWB-SWBT-001,SwitchBot Hub 2 (Matter Enabled),Smart Home & IoT,479,4,Noon,https://www.noon.com/saudi-en/search/?q=SwitchBot+Hub+2+%28Matter+Enabled%29,,,SAR,Needs supplier verification,"Verify seller rating, warranty, and marketplace fulfillment before buying."
2,Medium,NO_REAL_PRICE_REFERENCE,"Open search URL, pick exact listing, fill Buy URL + Supplier Price",119,SH-SWB-SWBT-001,SwitchBot Hub 2 (Matter Enabled),Smart Home & IoT,479,5,B&H Photo,https://www.bhphotovideo.com/c/search?Ntt=SwitchBot+Hub+2+%28Matter+Enabled%29&N=0&InitialSearch=yes&sts=ma,,,USD,Needs supplier verification,"Best for cameras, networking, creators, and computer hardware."
2,Medium,NO_REAL_PRICE_REFERENCE,"Open search URL, pick exact listing, fill Buy URL + Supplier Price",118,SH-SWB-SWBT-002,SwitchBot Bot (Smart Button Pusher),Smart Home & IoT,239,1,AliExpress,https://www.aliexpress.com/wholesale?SearchText=SwitchBot+Bot+%28Smart+Button+Pusher%29,,,USD,Needs supplier verification,"Match exact product manually, then fill Buy URL and Supplier Price."
2,Medium,NO_REAL_PRICE_REFERENCE,"Open search URL, pick exact listing, fill Buy URL + Supplier Price",118,SH-SWB-SWBT-002,SwitchBot Bot (Smart Button Pusher),Smart Home & IoT,239,2,Alibaba,https://www.alibaba.com/trade/search?SearchText=SwitchBot+Bot+%28Smart+Button+Pusher%29,,,USD,Needs supplier verification,"Check MOQ, shipping terms, and verified supplier status before buying."
2,Medium,NO_REAL_PRICE_REFERENCE,"Open search URL, pick exact listing, fill Buy URL + Supplier Price",118,SH-SWB-SWBT-002,SwitchBot Bot (Smart Button Pusher),Smart Home & IoT,239,3,Amazon.sa,https://www.amazon.sa/s?k=SwitchBot+Bot+%28Smart+Button+Pusher%29,,,SAR,Needs supplier verification,Uses existing Amazon reference URL and price when the workbook has them.
2,Medium,NO_REAL_PRICE_REFERENCE,"Open search URL, pick exact listing, fill Buy URL + Supplier Price",118,SH-SWB-SWBT-002,SwitchBot Bot (Smart Button Pusher),Smart Home & IoT,239,4,Noon,https://www.noon.com/saudi-en/search/?q=SwitchBot+Bot+%28Smart+Button+Pusher%29,,,SAR,Needs supplier verification,"Verify seller rating, warranty, and marketplace fulfillment before buying."
2,Medium,NO_REAL_PRICE_REFERENCE,"Open search URL, pick exact listing, fill Buy URL + Supplier Price",118,SH-SWB-SWBT-002,SwitchBot Bot (Smart Button Pusher),Smart Home & IoT,239,5,B&H Photo,https://www.bhphotovideo.com/c/search?Ntt=SwitchBot+Bot+%28Smart+Button+Pusher%29&N=0&InitialSearch=yes&sts=ma,,,USD,Needs supplier verification,"Best for cameras, networking, creators, and computer hardware."
2,Medium,NO_REAL_PRICE_REFERENCE,"Open search URL, pick exact listing, fill Buy URL + Supplier Price",117,SH-SWB-SWBT-003,SwitchBot Blind Tilt,Smart Home & IoT,479,1,AliExpress,https://www.aliexpress.com/wholesale?SearchText=SwitchBot+Blind+Tilt,,,USD,Needs supplier verification,"Match exact product manually, then fill Buy URL and Supplier Price."
2,Medium,NO_REAL_PRICE_REFERENCE,"Open search URL, pick exact listing, fill Buy URL + Supplier Price",117,SH-SWB-SWBT-003,SwitchBot Blind Tilt,Smart Home & IoT,479,2,Alibaba,https://www.alibaba.com/trade/search?SearchText=SwitchBot+Blind+Tilt,,,USD,Needs supplier verification,"Check MOQ, shipping terms, and verified supplier status before buying."
2,Medium,NO_REAL_PRICE_REFERENCE,"Open search URL, pick exact listing, fill Buy URL + Supplier Price",117,SH-SWB-SWBT-003,SwitchBot Blind Tilt,Smart Home & IoT,479,3,Amazon.sa,https://www.amazon.sa/s?k=SwitchBot+Blind+Tilt,,,SAR,Needs supplier verification,Uses existing Amazon reference URL and price when the workbook has them.
2,Medium,NO_REAL_PRICE_REFERENCE,"Open search URL, pick exact listing, fill Buy URL + Supplier Price",117,SH-SWB-SWBT-003,SwitchBot Blind Tilt,Smart Home & IoT,479,4,Noon,https://www.noon.com/saudi-en/search/?q=SwitchBot+Blind+Tilt,,,SAR,Needs supplier verification,"Verify seller rating, warranty, and marketplace fulfillment before buying."
2,Medium,NO_REAL_PRICE_REFERENCE,"Open search URL, pick exact listing, fill Buy URL + Supplier Price",117,SH-SWB-SWBT-003,SwitchBot Blind Tilt,Smart Home & IoT,479,5,B&H Photo,https://www.bhphotovideo.com/c/search?Ntt=SwitchBot+Blind+Tilt&N=0&InitialSearch=yes&sts=ma,,,USD,Needs supplier verification,"Best for cameras, networking, creators, and computer hardware."
2,Medium,NO_REAL_PRICE_REFERENCE,"Open search URL, pick exact listing, fill Buy URL + Supplier Price",133,SH-THR-ECOB-001,Ecobee Smart Thermostat Premium,Smart Home & IoT,1549,1,AliExpress,https://www.aliexpress.com/wholesale?SearchText=Ecobee+Smart+Thermostat+Premium,,,USD,Needs supplier verification,"Match exact product manually, then fill Buy URL and Supplier Price."
2,Medium,NO_REAL_PRICE_REFERENCE,"Open search URL, pick exact listing, fill Buy URL + Supplier Price",133,SH-THR-ECOB-001,Ecobee Smart Thermostat Premium,Smart Home & IoT,1549,2,Alibaba,https://www.alibaba.com/trade/search?SearchText=Ecobee+Smart+Thermostat+Premium,,,USD,Needs supplier verification,"Check MOQ, shipping terms, and verified supplier status before buying."
2,Medium,NO_REAL_PRICE_REFERENCE,"Open search URL, pick exact listing, fill Buy URL + Supplier Price",133,SH-THR-ECOB-001,Ecobee Smart Thermostat Premium,Smart Home & IoT,1549,3,Amazon.sa,https://www.amazon.sa/s?k=Ecobee+Smart+Thermostat+Premium,,,SAR,Needs supplier verification,Uses existing Amazon reference URL and price when the workbook has them.
2,Medium,NO_REAL_PRICE_REFERENCE,"Open search URL, pick exact listing, fill Buy URL + Supplier Price",133,SH-THR-ECOB-001,Ecobee Smart Thermostat Premium,Smart Home & IoT,1549,4,Noon,https://www.noon.com/saudi-en/search/?q=Ecobee+Smart+Thermostat+Premium,,,SAR,Needs supplier verification,"Verify seller rating, warranty, and marketplace fulfillment before buying."
2,Medium,NO_REAL_PRICE_REFERENCE,"Open search URL, pick exact listing, fill Buy URL + Supplier Price",133,SH-THR-ECOB-001,Ecobee Smart Thermostat Premium,Smart Home & IoT,1549,5,B&H Photo,https://www.bhphotovideo.com/c/search?Ntt=Ecobee+Smart+Thermostat+Premium&N=0&InitialSearch=yes&sts=ma,,,USD,Needs supplier verification,"Best for cameras, networking, creators, and computer hardware."
2,Medium,NO_REAL_PRICE_REFERENCE,"Open search URL, pick exact listing, fill Buy URL + Supplier Price",134,SH-THR-NEST-001,Google Nest Learning Thermostat (4th Gen),Smart Home & IoT,1699,1,AliExpress,https://www.aliexpress.com/wholesale?SearchText=Google+Nest+Learning+Thermostat+%284th+Gen%29,,,USD,Needs supplier verification,"Match exact product manually, then fill Buy URL and Supplier Price."
2,Medium,NO_REAL_PRICE_REFERENCE,"Open search URL, pick exact listing, fill Buy URL + Supplier Price",134,SH-THR-NEST-001,Google Nest Learning Thermostat (4th Gen),Smart Home & IoT,1699,2,Alibaba,https://www.alibaba.com/trade/search?SearchText=Google+Nest+Learning+Thermostat+%284th+Gen%29,,,USD,Needs supplier verification,"Check MOQ, shipping terms, and verified supplier status before buying."
2,Medium,NO_REAL_PRICE_REFERENCE,"Open search URL, pick exact listing, fill Buy URL + Supplier Price",134,SH-THR-NEST-001,Google Nest Learning Thermostat (4th Gen),Smart Home & IoT,1699,3,Amazon.sa,https://www.amazon.sa/s?k=Google+Nest+Learning+Thermostat+%284th+Gen%29,,,SAR,Needs supplier verification,Uses existing Amazon reference URL and price when the workbook has them.
2,Medium,NO_REAL_PRICE_REFERENCE,"Open search URL, pick exact listing, fill Buy URL + Supplier Price",134,SH-THR-NEST-001,Google Nest Learning Thermostat (4th Gen),Smart Home & IoT,1699,4,Noon,https://www.noon.com/saudi-en/search/?q=Google+Nest+Learning+Thermostat+%284th+Gen%29,,,SAR,Needs supplier verification,"Verify seller rating, warranty, and marketplace fulfillment before buying."
2,Medium,NO_REAL_PRICE_REFERENCE,"Open search URL, pick exact listing, fill Buy URL + Supplier Price",134,SH-THR-NEST-001,Google Nest Learning Thermostat (4th Gen),Smart Home & IoT,1699,5,B&H Photo,https://www.bhphotovideo.com/c/search?Ntt=Google+Nest+Learning+Thermostat+%284th+Gen%29&N=0&InitialSearch=yes&sts=ma,,,USD,Needs supplier verification,"Best for cameras, networking, creators, and computer hardware."
2,Medium,NO_REAL_PRICE_REFERENCE,"Open search URL, pick exact listing, fill Buy URL + Supplier Price",125,SH-VDB-EUFY-001,Eufy Video Doorbell E340 (Dual Camera),Smart Home & IoT,999,1,AliExpress,https://www.aliexpress.com/wholesale?SearchText=Eufy+Video+Doorbell+E340+%28Dual+Camera%29,,,USD,Needs supplier verification,"Match exact product manually, then fill Buy URL and Supplier Price."
2,Medium,NO_REAL_PRICE_REFERENCE,"Open search URL, pick exact listing, fill Buy URL + Supplier Price",125,SH-VDB-EUFY-001,Eufy Video Doorbell E340 (Dual Camera),Smart Home & IoT,999,2,Alibaba,https://www.alibaba.com/trade/search?SearchText=Eufy+Video+Doorbell+E340+%28Dual+Camera%29,,,USD,Needs supplier verification,"Check MOQ, shipping terms, and verified supplier status before buying."
2,Medium,NO_REAL_PRICE_REFERENCE,"Open search URL, pick exact listing, fill Buy URL + Supplier Price",125,SH-VDB-EUFY-001,Eufy Video Doorbell E340 (Dual Camera),Smart Home & IoT,999,3,Amazon.sa,https://www.amazon.sa/s?k=Eufy+Video+Doorbell+E340+%28Dual+Camera%29,,,SAR,Needs supplier verification,Uses existing Amazon reference URL and price when the workbook has them.
2,Medium,NO_REAL_PRICE_REFERENCE,"Open search URL, pick exact listing, fill Buy URL + Supplier Price",125,SH-VDB-EUFY-001,Eufy Video Doorbell E340 (Dual Camera),Smart Home & IoT,999,4,Noon,https://www.noon.com/saudi-en/search/?q=Eufy+Video+Doorbell+E340+%28Dual+Camera%29,,,SAR,Needs supplier verification,"Verify seller rating, warranty, and marketplace fulfillment before buying."
2,Medium,NO_REAL_PRICE_REFERENCE,"Open search URL, pick exact listing, fill Buy URL + Supplier Price",125,SH-VDB-EUFY-001,Eufy Video Doorbell E340 (Dual Camera),Smart Home & IoT,999,5,B&H Photo,https://www.bhphotovideo.com/c/search?Ntt=Eufy+Video+Doorbell+E340+%28Dual+Camera%29&N=0&InitialSearch=yes&sts=ma,,,USD,Needs supplier verification,"Best for cameras, networking, creators, and computer hardware."
2,Medium,NO_REAL_PRICE_REFERENCE,"Open search URL, pick exact listing, fill Buy URL + Supplier Price",126,SH-VDB-RING-001,Ring Battery Doorbell Plus,Smart Home & IoT,999,1,AliExpress,https://www.aliexpress.com/wholesale?SearchText=Ring+Battery+Doorbell+Plus,,,USD,Needs supplier verification,"Match exact product manually, then fill Buy URL and Supplier Price."
2,Medium,NO_REAL_PRICE_REFERENCE,"Open search URL, pick exact listing, fill Buy URL + Supplier Price",126,SH-VDB-RING-001,Ring Battery Doorbell Plus,Smart Home & IoT,999,2,Alibaba,https://www.alibaba.com/trade/search?SearchText=Ring+Battery+Doorbell+Plus,,,USD,Needs supplier verification,"Check MOQ, shipping terms, and verified supplier status before buying."
2,Medium,NO_REAL_PRICE_REFERENCE,"Open search URL, pick exact listing, fill Buy URL + Supplier Price",126,SH-VDB-RING-001,Ring Battery Doorbell Plus,Smart Home & IoT,999,3,Amazon.sa,https://www.amazon.sa/s?k=Ring+Battery+Doorbell+Plus,,,SAR,Needs supplier verification,Uses existing Amazon reference URL and price when the workbook has them.
2,Medium,NO_REAL_PRICE_REFERENCE,"Open search URL, pick exact listing, fill Buy URL + Supplier Price",126,SH-VDB-RING-001,Ring Battery Doorbell Plus,Smart Home & IoT,999,4,Noon,https://www.noon.com/saudi-en/search/?q=Ring+Battery+Doorbell+Plus,,,SAR,Needs supplier verification,"Verify seller rating, warranty, and marketplace fulfillment before buying."
2,Medium,NO_REAL_PRICE_REFERENCE,"Open search URL, pick exact listing, fill Buy URL + Supplier Price",126,SH-VDB-RING-001,Ring Battery Doorbell Plus,Smart Home & IoT,999,5,B&H Photo,https://www.bhphotovideo.com/c/search?Ntt=Ring+Battery+Doorbell+Plus&N=0&InitialSearch=yes&sts=ma,,,USD,Needs supplier verification,"Best for cameras, networking, creators, and computer hardware."
2,Medium,NO_REAL_PRICE_REFERENCE,"Open search URL, pick exact listing, fill Buy URL + Supplier Price",577,SH-WIN-ECVX-001,Ecovacs WINBOT W2 OMNI - Robotic Window Cleaner,Smart Home & IoT,2299,1,AliExpress,https://www.aliexpress.com/wholesale?SearchText=Ecovacs+WINBOT+W2+OMNI+-+Robotic+Window+Cleaner,,,USD,Needs supplier verification,"Match exact product manually, then fill Buy URL and Supplier Price."
2,Medium,NO_REAL_PRICE_REFERENCE,"Open search URL, pick exact listing, fill Buy URL + Supplier Price",577,SH-WIN-ECVX-001,Ecovacs WINBOT W2 OMNI - Robotic Window Cleaner,Smart Home & IoT,2299,2,Alibaba,https://www.alibaba.com/trade/search?SearchText=Ecovacs+WINBOT+W2+OMNI+-+Robotic+Window+Cleaner,,,USD,Needs supplier verification,"Check MOQ, shipping terms, and verified supplier status before buying."
2,Medium,NO_REAL_PRICE_REFERENCE,"Open search URL, pick exact listing, fill Buy URL + Supplier Price",577,SH-WIN-ECVX-001,Ecovacs WINBOT W2 OMNI - Robotic Window Cleaner,Smart Home & IoT,2299,3,Amazon.sa,https://www.amazon.sa/s?k=Ecovacs+WINBOT+W2+OMNI+-+Robotic+Window+Cleaner,,,SAR,Needs supplier verification,Uses existing Amazon reference URL and price when the workbook has them.
2,Medium,NO_REAL_PRICE_REFERENCE,"Open search URL, pick exact listing, fill Buy URL + Supplier Price",577,SH-WIN-ECVX-001,Ecovacs WINBOT W2 OMNI - Robotic Window Cleaner,Smart Home & IoT,2299,4,Noon,https://www.noon.com/saudi-en/search/?q=Ecovacs+WINBOT+W2+OMNI+-+Robotic+Window+Cleaner,,,SAR,Needs supplier verification,"Verify seller rating, warranty, and marketplace fulfillment before buying."
2,Medium,NO_REAL_PRICE_REFERENCE,"Open search URL, pick exact listing, fill Buy URL + Supplier Price",577,SH-WIN-ECVX-001,Ecovacs WINBOT W2 OMNI - Robotic Window Cleaner,Smart Home & IoT,2299,5,B&H Photo,https://www.bhphotovideo.com/c/search?Ntt=Ecovacs+WINBOT+W2+OMNI+-+Robotic+Window+Cleaner&N=0&InitialSearch=yes&sts=ma,,,USD,Needs supplier verification,"Best for cameras, networking, creators, and computer hardware."
2,Medium,NO_REAL_PRICE_REFERENCE,"Open search URL, pick exact listing, fill Buy URL + Supplier Price",578,SH-WIN-HBT-001,HOBOT-R3 - Window Cleaning Robot,Smart Home & IoT,1599,1,AliExpress,https://www.aliexpress.com/wholesale?SearchText=HOBOT-R3+-+Window+Cleaning+Robot,,,USD,Needs supplier verification,"Match exact product manually, then fill Buy URL and Supplier Price."
2,Medium,NO_REAL_PRICE_REFERENCE,"Open search URL, pick exact listing, fill Buy URL + Supplier Price",578,SH-WIN-HBT-001,HOBOT-R3 - Window Cleaning Robot,Smart Home & IoT,1599,2,Alibaba,https://www.alibaba.com/trade/search?SearchText=HOBOT-R3+-+Window+Cleaning+Robot,,,USD,Needs supplier verification,"Check MOQ, shipping terms, and verified supplier status before buying."
2,Medium,NO_REAL_PRICE_REFERENCE,"Open search URL, pick exact listing, fill Buy URL + Supplier Price",578,SH-WIN-HBT-001,HOBOT-R3 - Window Cleaning Robot,Smart Home & IoT,1599,3,Amazon.sa,https://www.amazon.sa/s?k=HOBOT-R3+-+Window+Cleaning+Robot,,,SAR,Needs supplier verification,Uses existing Amazon reference URL and price when the workbook has them.
2,Medium,NO_REAL_PRICE_REFERENCE,"Open search URL, pick exact listing, fill Buy URL + Supplier Price",578,SH-WIN-HBT-001,HOBOT-R3 - Window Cleaning Robot,Smart Home & IoT,1599,4,Noon,https://www.noon.com/saudi-en/search/?q=HOBOT-R3+-+Window+Cleaning+Robot,,,SAR,Needs supplier verification,"Verify seller rating, warranty, and marketplace fulfillment before buying."
2,Medium,NO_REAL_PRICE_REFERENCE,"Open search URL, pick exact listing, fill Buy URL + Supplier Price",578,SH-WIN-HBT-001,HOBOT-R3 - Window Cleaning Robot,Smart Home & IoT,1599,5,B&H Photo,https://www.bhphotovideo.com/c/search?Ntt=HOBOT-R3+-+Window+Cleaning+Robot&N=0&InitialSearch=yes&sts=ma,,,USD,Needs supplier verification,"Best for cameras, networking, creators, and computer hardware."
