المعرف,النوع,رمز المنتج (SKU),GTIN، أو UPC، أو EAN، أو ISBN,الاسم,تم النشر,هل هي مميزة؟,إمكانية العرض في الكاتلوج,وصف قصير,الوصف,تاريخ بدء سعر التخفيض,تاريخ نهاية سعر التخفيض,حالة الضريبة,فئة الضريبة,متوفر؟,المخزون,انخفاض كمية المخزون,الطلبات المسبقة مسموحة؟,تباع بشكل فردي؟,الوزن (كيلوجرام),الطول (سنتيميتر),العرض (سنتيميتر),الارتفاع (سنتيميتر),السماح بمراجعات الزبائن؟,ملاحظة عملية الشراء,سعر التخفيض,السعر الافتراضي,التصنيفات,الوسوم,فئة الشحن,الصور,حدود التنزيل,أيام مدة صلاحية التنزيل,الأب,منتجات مُجمّعة,منتجات يوصى بها,منتجات تسويقية,رابط خارجي,نص الزر,الموضع,العلامات التجارية,Blocksy Custom Data,Blocksy Variation Images
,simple,NG-ENT-001,,"Dell PowerEdge R730 Refurbished Server - Enterprise Power, Smart Investment",1,0,visible,"Professional-grade refurbished server. Dual Intel Xeon processors, up to 3TB RAM, full remote management via iDRAC8. Ideal for startups, IT labs, and growing businesses across the GCC.","Build your enterprise infrastructure without the enterprise price tag.

The **Dell PowerEdge R730** from NeoGen is professionally refurbished to Grade A standards, delivering performance identical to new hardware at a fraction of the cost.

**Why This Server?**
- **Massive Processing Power:** Dual Intel Xeon E5-2600 v3/v4 sockets handle virtualization, databases, and VDI with ease.
- **Limitless Memory:** 24 DIMM slots supporting up to 3TB DDR4 RAM.
- **Flexible Storage:** Up to 16x 2.5"" or 8x 3.5"" bays (SAS/SATA/SSD).
- **Remote Management:** iDRAC8 Enterprise for full out-of-band control from anywhere.
- **Redundant Power:** Hot-plug dual PSU ensures zero downtime.

**Technical Specifications:**
| Processor | Dual Intel Xeon E5-2600 v3/v4 |
|---|---|
| Memory | Up to 3TB DDR4 (24 DIMM slots) |
| Storage | 16x 2.5"" SFF or 8x 3.5"" LFF |
| Network | 4x 1GbE + Optional 10GbE |
| Management | iDRAC8 Enterprise |
| Form Factor | 2U Rack (8.73 × 44.40 × 68.40 cm) |
| Weight | 28.2 kg (Max config) |
| Power | Dual Hot-plug (495W/750W/1100W) |",,,taxable,,1,,,0,0,,,,,1,,,5999,Enterprise & IT Pro,,,https://m.media-amazon.com/images/I/51fMKgVrBNL._AC_SL1500_.jpg,,,,,,,,,0,,,
,simple,NG-ENT-002,,Asustor Lockerstor 4 (AS6604T) - Professional 4-Bay NAS for Creators,1,0,visible,High-performance NAS with Intel Quad-Core power. Dual 2.5GbE ports and M.2 NVMe caching for extreme speed. The ultimate storage solution for creative professionals and SMBs.,"Revolutionize your data management with the **Asustor Lockerstor 4**. Designed for power users and small businesses, it offers the perfect balance of speed, capacity, and security.

**Why Lockerstor 4?**
- **Top-Tier Performance:** Powered by an Intel Celeron J4125 Quad-Core CPU, bursting up to 2.7GHz for seamless multitasking.
- **Dual 2.5GbE Networking:** Future-proof your connectivity with speeds up to 5Gbps via Link Aggregation.
- **SSD Caching:** Two M.2 NVMe slots allow you to boost IOPS performance without sacrificing your main storage bays.
- **4K Media Center:** HDMI 2.0a output supports 4K@60Hz hardware transcoding for a smooth multimedia experience.
- **Silent & Efficient:** Operates at a whisper-quiet 17.6dB, making it perfect for home or office environments.

**Technical Specifications:**
| Processor | Intel Celeron J4125 Quad-Core 2.0-2.7GHz |
|---|---|
| Memory | 4GB DDR4 (Expandable to 8GB) |
| Drive Bays | 4x 3.5""/2.5"" SATA HDD/SSD |
| M.2 Slots | 2x M.2 NVMe slots |
| Network | 2x 2.5-Gigabit Ethernet |
| Ports | 3x USB 3.2 Gen 1, 1x HDMI 2.0a |
| Noise Level | 17.6dB |
| Weight | 2.96kg |",,,taxable,,1,,,0,0,,,,,1,,,2199,Enterprise & IT Pro,,,https://m.media-amazon.com/images/I/51qJ+Jzv+QL._AC_SL1500_.jpg,,,,,,,,,0,,,
,simple,NG-ENT-003,,Ubiquiti UniFi Dream Machine Pro (UDM-Pro) - All-in-One Enterprise Network Console,1,0,visible,"The ultimate networking hub. Combines a 10G router, security gateway, switch, and NVR storage in a sleek 1U rackmount design. Professional-grade control for your home or office.","Take total control of your digital environment with the **UniFi Dream Machine Pro**. This powerful all-in-one console is designed to scale with your needs, providing enterprise-grade security and performance.

**Why UDM-Pro?**
- **4-in-1 Integration:** Combines a high-performance Dual-WAN router, an 8-port switch, UniFi Network controller, and UniFi Protect video surveillance.
- **10G SFP+ Connectivity:** Fiber-ready ports for ultra-high-speed downlinks and future-proof internet connections.
- **Advanced Security:** Enterprise-grade firewall with IDS/IPS threat management at a blazing 3.5Gbps throughput.
- **Built-in NVR:** Includes a 3.5"" HDD bay to store your security footage locally—no subscription fees required.
- **Unified Management:** Manage all your UniFi devices (APs, switches, cameras) from a single, intuitive interface.

**Technical Specifications:**
| Processor | Quad-core ARM Cortex-A57 1.7GHz |
|---|---|
| Memory | 4GB DDR4 |
| WAN Ports | 1x 10G SFP+, 1x 1GbE RJ45 |
| LAN Ports | 1x 10G SFP+, 8x 1GbE RJ45 |
| Storage | 1x 3.5"" HDD Bay (NVR) |
| IPS Throughput | 3.5Gbps |
| Form Factor | 1U Rackmount |
| Weight | 3.9kg |",,,taxable,,1,,,0,0,,,,,1,,,2199,Enterprise & IT Pro,,,https://m.media-amazon.com/images/I/61e0u9V0xDL._AC_SL1500_.jpg,,,,,,,,,0,,,
,simple,NG-ENT-004,,UniFi 6 Long-Range (U6-LR) - High-Performance WiFi 6 Access Point,1,0,visible,"Enterprise-grade WiFi 6 AP with extended coverage. 3.0 Gbps aggregate speed, 4x4 MU-MIMO, and support for 350+ concurrent clients. Perfect for large venues and high-density environments.","Maximize your wireless range and performance with the **UniFi 6 Long-Range**. Built for power and reliability, the U6-LR is a high-performance access point that brings the future of WiFi 6 to your large home or office.

**Why U6-LR?**
- **Next-Gen WiFi 6:** Delivering an aggregate throughput of up to 3.0 Gbps, ensuring smooth 4K streaming and lightning-fast downloads.
- **Superior Range:** Engineered for extended coverage of up to 185 m² (2,000 ft²), eliminating dead zones in large spaces.
- **Massive Capacity:** Easily handles over 350 concurrent clients, making it ideal for busy offices or public venues.
- **Advanced Technology:** Features 4x4 MU-MIMO and OFDMA to optimize data delivery and reduce latency across multiple devices.
- **Robust Design:** IP54-rated protection allows for versatile indoor and semi-outdoor installation.

**Technical Specifications:**
| Wireless Standard | WiFi 6 (802.11ax) |
|---|---|
| Aggregate Throughput | 3.0 Gbps (5GHz: 2.4Gbps, 2.4GHz: 600Mbps) |
| MIMO Technology | 4x4 MU-MIMO (5GHz) & 4x4 MIMO (2.4GHz) |
| Client Capacity | 350+ Concurrent Clients |
| Coverage Area | 185 m² (2,000 ft²) |
| Power Method | PoE+ (802.3at) |
| Dimensions | Ø 220 x 48 mm |
| Weight | 800g |",,,taxable,,1,,,0,0,,,,,1,,,1099,Enterprise & IT Pro,,,https://m.media-amazon.com/images/I/21S+PuYlqNL._AC_SL1500_.jpg,,,,,,,,,0,,,
,simple,NG-ENT-005,,Asustor Flashstor 6 (FS6706T) - All-NVMe SSD NAS for Extreme Performance,1,0,visible,"The world's first all-M.2 NVMe NAS. 6x NVMe slots, dual 2.5GbE ports, and a silent, ultra-slim design. Pure speed for professionals and creative artists.","Leave traditional HDDs behind and step into the future of data storage with the **Asustor Flashstor 6**. This isn't just a NAS—it's an all-flash powerhouse designed for those who demand zero latency and maximum throughput.

**Why Flashstor 6?**
- **All-Flash Speed:** With 6 dedicated M.2 NVMe slots, experience read/write speeds that traditional hard drive NAS units simply cannot match.
- **Whisper Quiet:** Operates at just 18.7dB. Without moving mechanical disks, it’s practically silent, making it perfect for your desktop or media center.
- **Stunning Form Factor:** Its sleek, flat design is inspired by gaming consoles, fitting perfectly into modern workspace aesthetics.
- **Intel Quad-Core Power:** Powered by the Intel Celeron N5105, providing the muscle needed for 4K transcoding and fast file indexing.
- **Dual 2.5GbE Networking:** High-speed connectivity ensures your network can keep up with the blistering speed of the NVMe drives.

**Technical Specifications:**
| Processor | Intel Celeron N5105 Quad-Core 2.0-2.9GHz |
|---|---|
| Memory | 4GB DDR4-2933 (Expandable to 16GB) |
| Drive Slots | 6x M.2 NVMe PCIe 3.0 SSD |
| Network | 2x 2.5-Gigabit Ethernet |
| Ports | 2x USB 3.2 Gen 2, HDMI 2.0b, S/PDIF |
| Noise Level | 18.7dB |
| Design | Ultra-compact horizontal chassis |",,,taxable,,1,,,0,0,,,,,1,,,2199,Enterprise & IT Pro,,,https://m.media-amazon.com/images/I/41GZ5hj0tJL._AC_SL1500_.jpg,,,,,,,,,0,,,
,simple,NG-SH-001,,Aqara Smart Door Lock A100 - Elite Security with Apple HomeKey Support,1,0,visible,"Premium smart lock featuring 9 unlocking methods, including Fingerprint and Apple HomeKey. 18-month battery life and seamless integration with HomeKit, Google, and Alexa.","Upgrade your home security with the **Aqara A100**, a highly secure and versatile smart door lock. Say goodbye to physical keys and enjoy the convenience of accessing your home with your fingerprint or your Apple devices.

**Why Aqara A100?**
- **Apple HomeKey Support:** Just tap your iPhone or Apple Watch to unlock your door—convenient, fast, and secure.
- **Swift Fingerprint Access:** Highly accurate biometric sensor recognizes your print in under 0.5 seconds.
- **9 Ways to Unlock:** Use fingerprints, passwords, NFC cards, the app, mechanical keys, or voice assistants.
- **Bank-Grade Security:** Features a Class C lock cylinder and anti-Tesla coil protection to prevent electronic interference hacks.
- **Enduring Power:** Powered by 8 AA batteries lasting up to 18 months, with a USB-C emergency port for backup power.
- **Real-Time Alerts:** Monitor lock status and receive instant notifications on your phone whenever someone enters.

**Technical Specifications:**
| Unlock Methods | 9 Methods (incl. Fingerprint & Apple HomeKey) |
|---|---|
| Connectivity | Zigbee 3.0, Bluetooth 5.0 |
| Battery Life | Up to 18 Months (8x AA Batteries) |
| Cylinder Type | Class C Security Cylinder |
| Compatibility | Apple HomeKit, Google Home, Alexa |
| Safety Features | Anti-peep password, Tamper alert |
| Emergency Power | USB-C Port |",,,taxable,,1,,,0,0,,,,,1,,,1099,Smart Home & IoT,,,https://m.media-amazon.com/images/I/51mSQ7K8dRL._AC_SL1500_.jpg,,,,,,,,,0,,,
,simple,NG-SH-002,,UniFi Protect G4 Pro Camera - 4K Ultra HD Surveillance Excellence,1,0,visible,"The pinnacle of UniFi surveillance. 4K resolution, 3x optical zoom, and superior IR night vision in a weatherproof IP67 housing. Uncompromising detail for maximum security.","See everything, day or night, with the **UniFi Protect G4 Pro**. This top-tier camera delivers breathtaking 4K clarity, ensuring you never miss a detail when it matters most.

**Why G4 Pro?**
- **Crisp 4K Resolution:** A large image sensor provides stunning detail, allowing for facial recognition and license plate identification at a distance.
- **3x Powered Optical Zoom:** Adjust your field of view remotely to focus on specific areas without any loss in image quality.
- **Advanced Night Vision:** High-power infrared LEDs provide exceptional visibility in total darkness, stretching the limits of standard night vision.
- **AI-Driven Detection:** Built-in smart sensing can distinguish between people and vehicles, sending you relevant alerts instead of constant noise.
- **Rugged Durability:** Fully metallic casing with an IP67 rating ensures the camera thrives in harsh weather conditions and high temperatures.
- **Private & Local:** Works with UniFi Protect controllers to store all your data locally on your own hardware, ensuring 100% privacy.

**Technical Specifications:**
| Resolution | 4K Ultra HD (3840 x 2160) |
|---|---|
| Lens | 3x Powered Optical Zoom |
| Sensor | 1/1.8"" OS08A20 |
| Night Vision | High-Power IR LEDs |
| Weatherproofing | IP67 Rated |
| Audio | Integrated Microphone & Speaker |
| Power | PoE (Power over Ethernet) |",,,taxable,,1,,,0,0,,,,,1,,,1899,Smart Home & IoT,,,https://m.media-amazon.com/images/I/21Sn3EPLMDL._AC_SL1500_.jpg,,,,,,,,,0,,,
,simple,NG-SH-003,,Broadlink RM4 Pro - Universal Smart Remote for IR & RF Devices,1,0,visible,"The ultimate smart remote hub. Control your TV, AC, and motorized curtains from your smartphone. Supports 50,000+ IR and RF devices with voice control compatibility.","Clutter-free and smart—the **Broadlink RM4 Pro** replaces all your traditional remotes with a single app on your phone. Whether it's your living room AC or your electric garage door, the RM4 Pro brings them all into your smart home ecosystem.

**Why RM4 Pro?**
- **IR & RF Control:** Unlike standard remotes, it supports both Infrared (TVs, ACs) and Radio Frequency (Curtains, Lights, Garage Doors) devices.
- **Global Control:** Control your home appliances from anywhere in the world via the BroadLink app.
- **Voice Assistant Ready:** Fully compatible with Amazon Alexa and Google Assistant for hands-free convenience.
- **Smart Scenes & Schedules:** Create automated routines, such as turning on the lights at sunset or cooling the room before you arrive.
- **External Sensor Support:** Compatible with the HTS2 cable to monitor temperature and humidity in real-time.

**Technical Specifications:**
| Signal Type | IR (38kHz) & RF (433MHz/315MHz) |
|---|---|
| Range | 360° coverage (8-10m) |
| Connectivity | WiFi 2.4GHz |
| Library | 50,000+ Device Cloud Library |
| Compatibility | Alexa, Google Home, IFTTT |
| Power | USB 5V 1A |",,,taxable,,1,,,0,0,,,,,1,,,185,Smart Home & IoT,,,https://m.media-amazon.com/images/I/41E7XkYzP-L._AC_SL1500_.jpg,,,,,,,,,0,,,
,simple,NG-SH-004,,Aqara Water Leak Sensor - Safeguard Your Home from Water Damage,1,0,visible,Small but powerful sensor that detects leaks instantly. Receive mobile notifications and trigger alarms to prevent costly water damage.,"Prevent minor leaks from becoming major disasters. The **Aqara Water Leak Sensor** monitors your home 24/7, providing peace of mind and protecting your property from unexpected flooding.

**Why Aqara Water Leak Sensor?**
- **Ultra-Sensitive Detection:** Triggers an alarm when water levels reach as little as 0.5mm.
- **Instant Mobile Alerts:** Get notified on your smartphone immediately if a leak is detected, no matter where you are.
- **Smart Automation:** Pair it with an Aqara Hub to sound a siren or trigger other smart devices (like turning off a water valve).
- **Rugged & Durable:** IP67 waterproof rating ensures the sensor remains functional even in harsh conditions or when submerged.
- **Low Energy Consumption:** A single CR2032 battery lasts up to 2 years under normal use.

**Technical Specifications:**
| Connectivity | Zigbee (Requires Aqara Hub) |
|---|---|
| Waterproofing | IP67 Rated |
| Sensitivity | Detects 0.5mm water level |
| Battery | CR2032 (Up to 2-year lifespan) |
| Operating Temp | -10° to +55° C |
| Compatibility | Apple HomeKit, Google Home, IFTTT |",,,taxable,,1,,,0,0,,,,,1,,,99,Smart Home & IoT,,,https://m.media-amazon.com/images/I/41+FxTcuKDL._AC_SL1500_.jpg,,,,,,,,,0,,,
,simple,NG-SH-005,,Sonoff TX Ultimate (T5) Smart Wall Switch - Interactive Elegance with RGB,1,0,visible,"The next generation of smart switches. Full-surface touch control, haptic feedback, and customizable RGB ambient lighting. Fully compatible with GCC 220V standards.","Redefine your light control with the **Sonoff TX Ultimate (T5)**. Combining a sleek design with interactive multi-sensory feedback, it turns your wall switch into a functional piece of art.

**Why TX Ultimate?**
- **Immersive Touch Experience:** The entire surface is a touch sensor. Features haptic feedback (vibration) and sound for a satisfying user experience.
- **Ambient RGB Lighting:** A stunning backlight provides status indicators, atmosphere lighting, or acts as a subtle night light.
- **Versatile Control:** Manage your lights via touch, the eWeLink app, voice commands, or dedicated wireless remotes.
- **Interchangeable Covers:** Customize the look to match your interior design with easily replaceable faceplates.
- **Scene Controller Mode:** Use it to trigger complex smart scenes, controlling multiple devices across your home with a single tap.
- **Safe & Reliable:** Built with high-quality flame-retardant materials and fully compatible with 100-240V electrical systems.

**Technical Specifications:**
| Voltage | 100-240V AC (220V Compatible) |
|---|---|
| Connectivity | WiFi 2.4GHz + Bluetooth |
| Features | RGB Backlight, Haptic Feedback, Sound |
| App | eWeLink |
| Compatibility | Amazon Alexa, Google Home |
| Material | Flame-retardant PC |",,,taxable,,1,,,0,0,,,,,1,,,139,Smart Home & IoT,,,https://m.media-amazon.com/images/I/51ZzA8QWxQL._AC_SL1500_.jpg,,,,,,,,,0,,,
,simple,NG-MKR-001,,Raspberry Pi 5 8GB - The New Standard in Single Board Computing,1,0,visible,"The latest evolution of Raspberry Pi with 3x the performance. 8GB RAM, dual 4K display support, and a new PCIe interface. The ultimate engine for your next tech project.","Experience unparalleled power in the palm of your hand with the **Raspberry Pi 5**. Featuring a massive jump in processing speed and graphical capability, the Pi 5 is designed to handle everything from complex industrial applications to high-end home servers.

**Why Raspberry Pi 5?**
- **Triple the Power:** The new 2.4GHz quad-core processor delivers performance up to 3 times faster than its predecessor (Pi 4).
- **Stunning Visuals:** Dual 4K@60Hz HDMI outputs with HDR support make it a powerhouse for media centers and digital signage.
- **High-Speed Connectivity:** Features a dedicated PCIe 2.0 interface, allowing for ultra-fast NVMe storage expansion.
- **Optimized I/O:** Improved USB 3.0 bandwidth and a true Gigabit Ethernet port for lag-free data transfers.
- **Enhanced User Experience:** Includes a built-in power button and a real-time clock (RTC) for better system management.
- **8GB RAM:** The maximum memory configuration ensures smooth multitasking and heavy workload handling.

**Technical Specifications:**
| Processor | BCM2712 2.4GHz Quad-core Arm Cortex-A76 |
|---|---|
| Memory | 8GB LPDDR4X-4267 RAM |
| Graphics | VideoCore VII GPU (OpenGL ES 3.1, Vulkan 1.2) |
| Display | Dual 4K@60p HDMI HDR |
| Connectivity | Gigabit Ethernet, Dual-band WiFi, BT 5.0 |
| Ports | 2x USB 3.0, 2x USB 2.0, PCIe 2.0 x1 |
| Power | USB-C 5V/5A PD |",,,taxable,,1,,,0,0,,,,,1,,,549,Enthusiasts & Gamers,,,https://m.media-amazon.com/images/I/51GoKpk6lUL._AC_SL1500_.jpg,,,,,,,,,0,,,
,simple,NG-MKR-002,,Raspberry Pi 5 Ultimate Starter Kit - Everything You Need in One Box,1,0,visible,"The complete Pi 5 experience. Includes 8GB board, official 27W PSU, active cooler, case, and pre-loaded 128GB SD card. Plug and play excellence.",Stop searching for compatible parts and get straight to building. The,,,taxable,,1,,,0,0,,,,,1,,,699,Enthusiasts & Gamers,,,https://m.media-amazon.com/images/I/51GoKpk6lUL._AC_SL1500_.jpg,,,,,,,,,0,,,
,simple,NG-MKR-003,,Keychron Q1 - Premium Full Aluminum Custom Mechanical Keyboard,1,0,visible,"The pinnacle of mechanical keyboards. CNC aluminum body, 75% layout, and full QMK/VIA customization. A typing experience engineered for perfection.","Transform your workflow with the **Keychron Q1**, a premium mechanical keyboard designed for enthusiasts who demand the very best. From its heavy aluminum chassis to its sophisticated acoustic design, every detail is crafted for excellence.

**Why Keychron Q1?**
- **All-Metal Craftsmanship:** CNC machined from 6063 aluminum, providing a solid, premium feel and unmatched durability.
- **Double-Gasket Design:** Features a unique internal structure that offers a flexible, cushioned typing feel and a clean, ""thocky"" sound profile.
- **Fully Customizable:** With QMK and VIA support, you can remap any key and create powerful macros to boost your productivity.
- **Hot-Swappable:** Easily swap out switches in seconds without soldering. Compatible with almost all 3-pin and 5-pin MX mechanical switches.
- **South-Facing RGB:** Designed to better illuminate the keyboard from the typist’s angle, ensuring vibrant lighting even with non-shine-through keycaps.
- **Mac & Windows Ready:** Includes dedicated keycaps for both macOS and Windows layouts, with a physical toggle switch to swap between them.

**Technical Specifications:**
| Body Material | Full CNC Machined Aluminum |
|---|---|
| Layout | 75% (82 Keys) |
| Mount | Double-Gasket Design |
| Polling Rate | 1000Hz |
| Connectivity | Wired USB-C |
| Switches | Hot-swappable (3/5 pin) |
| Support | QMK / VIA |",,,taxable,,1,,,0,0,,,,,1,,,899,Enthusiasts & Gamers,,,https://m.media-amazon.com/images/I/61H3hRxD2ML._AC_SL1500_.jpg,,,,,,,,,0,,,
,simple,NG-MKR-004,,Meta Quest 3 128GB - The Most Powerful Mixed Reality Headset,1,0,visible,"The next frontier of VR and MR. Featuring 2x the processing power, stunning 4K+ resolution, and full-color passthrough. Experience breathtaking immersion without the wires.","Expand your world with the **Meta Quest 3**. Whether you’re diving into epic gaming adventures or transforming your living room into a virtual workspace, the Quest 3 delivers a groundbreaking mixed reality experience that blends digital and physical worlds seamlessly.

**Why Meta Quest 3?**
- **High-Fidelity Mixed Reality:** Full-color, high-resolution sensors let you see your physical surroundings while interacting with virtual objects with incredible clarity.
- **Next-Gen Performance:** Powered by the Snapdragon XR2 Gen 2, offering twice the GPU power for faster load times and more detailed environments.
- **4K+ Infinite Display:** Two displays (2064x2208 per eye) combined with pancake lenses provide a 30% jump in resolution over Quest 2.
- **Slimmer & More Comfortable:** A 40% slimmer optic profile compared to the previous generation makes for a more balanced and comfortable fit.
- **Immersive Spatial Audio:** Enhanced sound clarity and 40% louder volume range than Quest 2 for a truly cinematic experience.
- **Precision Controllers:** New Touch Plus controllers with TruTouch haptics and advanced hand tracking for natural interaction.

**Technical Specifications:**
| Processor | Snapdragon XR2 Gen 2 |
|---|---|
| Resolution | 2064 x 2208 per eye (4K+) |
| Storage | 128GB |
| Passthrough | Dual RGB Cameras (Full Color MR) |
| Battery Life | ~2 Hours (Usage dependent) |
| Weight | 515g |
| Connectivity | WiFi 6E, Bluetooth 5.2 |",,,taxable,,1,,,0,0,,,,,1,,,2299,Enthusiasts & Gamers,,,https://m.media-amazon.com/images/I/61ntpBe0VyL._AC_SL1500_.jpg,,,,,,,,,0,,,
,simple,NG-MKR-005,,Elgato Stream Deck MK.2 - Professional Productivity Console with 15 LCD Keys,1,0,visible,"The icon of content creation. 15 fully customizable LCD keys to control apps, broadcasting tools, and workflows at your fingertips. Streamline your productivity.","Take control of your digital life with the **Elgato Stream Deck MK.2**. More than just a controller for streamers, it’s a powerful macro console designed to speed up any task, from video editing to complex software engineering.

**Why Elgato Stream Deck MK.2?**
- **Tactile LCD Keys:** 15 bright, customizable keys that update in real-time to show you exactly what each button does.
- **Vast Integration:** Direct plugins for OBS, Streamlabs, Twitch, YouTube, Philips Hue, and many more are available in the Stream Deck Store.
- **Multi-Action Sequences:** Trigger multiple actions with one tap—open your workstation apps, turn on the lights, and start your stream simultaneously.
- **Interchangeable Faceplates:** Personalize your desk setup by swapping out the front plate for different colors and designs.
- **Ergonomic Stand:** Comes with a detachable 45-degree stand for the perfect viewing angle and stable button presses.
- **Drag-and-Drop Setup:** The intuitive software makes it incredibly simple to assign actions and customize icons.

**Technical Specifications:**
| Keys | 15 customizable LCD keys |
|---|---|
| Interface | USB 2.0 (Detachable USB-C to USB-A cable) |
| Dimensions | 118 x 84 x 25 mm (without stand) |
| Weight | 145 g (without stand) |
| System Support | Windows 10 (64-bit) / macOS 10.15 or later |
| Cable Length | 1.5m |",,,taxable,,1,,,0,0,,,,,1,,,759,Enthusiasts & Gamers,,,https://m.media-amazon.com/images/I/61E7SZfzhML._AC_SL1500_.jpg,,,,,,,,,0,,,
,simple,NG-ACC-001,,Baseus Blade 100W Power Bank - Ultra-Slim Laptop Portable Charger,1,0,visible,"100W PD output in a sleek, ultra-thin design. 20,000mAh capacity to fast-charge laptops and smartphones simultaneously. Features a smart digital status display.","Power up your professional life with the **Baseus Blade 100W Power Bank**. Designed for those who refuse to be tethered to a wall outlet, this ultra-slim powerhouse can charge a MacBook Pro to 50% in just 30 minutes.

**Why Baseus Blade?**
- **Massive 100W Output:** High-speed Power Delivery (PD) that provides enough juice for high-end laptops, tablets, and flagship smartphones.
- **Incredibly Thin Design:** At only 18mm thick, it’s specifically engineered to fit into slim laptop bags and backpacks without bulk.
- **20,000mAh High Capacity:** Reliable energy that can keep your iPhone running for days or give your laptop a full second life.
- **Intelligent Digital Display:** Real-time visibility into battery percentage, current voltage, and estimated remaining charging time.
- **Quad-Port Charging:** Two USB-C ports and two USB-A ports allow you to charge up to four devices at once.
- **Flight Safe:** Complies with international aviation safety standards (IATA), making it your perfect travel companion.

**Technical Specifications:**
| Capacity | 20,000mAh / 74Wh |
|---|---|
| USB-C Output | Up to 100W (PD 3.0) |
| USB-A Output | Up to 30W (QC 4.0/3.0) |
| Input | 65W Fast Recharging (Full in ~90 mins) |
| Ports | 2x USB-C + 2x USB-A |
| Thickness | 18 mm |
| Safety Features | Over-current, Over-voltage, Over-temperature protection |",,,taxable,,1,,,0,0,,,,,1,,,259,Accessories & Lifestyle,,,https://m.media-amazon.com/images/I/61SJJ+zZEFL._AC_SL1500_.jpg,,,,,,,,,0,,,
,simple,NG-ACC-002,,Anker 735 GaN 65W Charger - Compact 3-Port Fast Charger,1,0,visible,"One charger for all your gear. 65W GaNPrime technology in a body 40% smaller than standard chargers. Charge your laptop, phone, and buds simultaneously.","Streamline your charging experience with the **Anker 735 Charger (GaNPrime 65W)**. Ditch the bulky power bricks and enjoy high-speed charging for three devices at once from a single, pocket-sized wall plug.

**Why Anker 735?**
- **GaNPrime Technology:** Anker’s most advanced charging system that delivers better energy efficiency and heat dissipation in a tiny form factor.
- **65W Max Output:** Enough power to fast-charge a MacBook Air, iPad Pro, or the latest flagship smartphones at full speed.
- **PowerIQ 4.0:** Intelligent power allocation dynamically adjusts to the needs of each connected device for the fastest possible charge.
- **ActiveShield 2.0:** Enhanced protection that monitors temperature over 3 million times a day to prevent overheating and protect your battery.
- **Ultra-Compact:** 40% smaller than the original Apple 67W charger, featuring a foldable plug for maximum portability.
- **Universal Compatibility:** Optimized to work perfectly with over 1,000 devices, including iPhones, Galaxies, and MacBooks.

**Technical Specifications:**
| Total Wattage | 65W |
|---|---|
| Output Ports | 2x USB-C + 1x USB-A |
| Technology | GaNPrime, PowerIQ 4.0, ActiveShield 2.0 |
| Supported Protocols | PD 3.0, PPS, Quick Charge 3.0 |
| Design | 40% smaller than Apple 67W, Foldable Plug |
| Safety | Short-circuit, Over-voltage, Temperature control |",,,taxable,,1,,,0,0,,,,,1,,,198,Accessories & Lifestyle,,,https://m.media-amazon.com/images/I/51JqkPbJVnL._AC_SL1500_.jpg,,,,,,,,,0,,,
,simple,NG-ACC-003,,Mark Ryden Anti-theft Laptop Backpack - Maximum Protection for Your Tech,1,0,visible,"Sleek, waterproof, and theft-proof. Features a TSA-approved lock, external USB port, and ergonomic design. Fits laptops up to 15.6"" with specialized safety compartments.","Travel with confidence and style with the **Mark Ryden Anti-theft Backpack**. This isn't just a bag; it's a mobile security vault for your expensive gear, engineered for the modern commuter and frequent traveler.

**Why Mark Ryden?**
- **TSA-Approved Security:** An integrated 3-digit combination lock secures your main compartment, providing peace of mind in crowded areas.
- **Waterproof Fabric:** High-quality Oxford material ensures your electronics stay dry during unexpected rain or accidental spills.
- **Built-in USB Charging:** Connect your power bank inside and charge your phone conveniently via the external USB 3.0 port.
- **Theft-Proof Features:** Hidden zippers and a secret back pocket keep your valuables like passports and wallets safe from pickpockets.
- **Superior Organization:** Dedicated padded slots for a 15.6"" laptop and a 9.7"" tablet, plus multiple organized pockets for cables and accessories.
- **Ergonomic Comfort:** Breathable multi-panel airflow design provides extra padding for comfort and maximum back support.

**Technical Specifications:**
| Laptop Compatibility | Up to 15.6 inch |
|---|---|
| Tablet Compatibility | Up to 9.7 inch |
| Security | TSA Combination Lock + Hidden Zippers |
| Material | Water-repellent Oxford + YKK-style zippers |
| Features | External USB 3.0 Port, 180° Opening |
| Dimensions | Slim & Lightweight profile |",,,taxable,,1,,,0,0,,,,,1,,,215,Accessories & Lifestyle,,,https://m.media-amazon.com/images/I/71Wc7RNHFCL._AC_SL1500_.jpg,,,,,,,,,0,,,
,simple,NG-ACC-004,,Seagate IronWolf 18TB NAS Internal Hard Drive - Built for 24/7 Performance,1,0,visible,"Massive 18TB capacity optimized for NAS environments. CMR technology, 7200 RPM, and 3 years of free Rescue Data Recovery. The professional choice for storage servers.","Power your NAS with the **Seagate IronWolf 18TB**, a hard drive specifically engineered to handle the demands of multi-user environments and 24/7 uptime. Robust, scalable, and reliable—it’s the cornerstone of your data infrastructure.

**Why IronWolf?**
- **Incredible Capacity:** 18TB of storage for massive media libraries, project archives, and enterprise-level backups.
- **NAS-Optimized:** AgileArray technology focuses on drive balance, RAID optimization, and power management to ensure the best performance in multi-bay enclosures.
- **CMR Technology:** Uses Conventional Magnetic Recording for consistent, high-speed performance and reliability in heavy workloads.
- **IronWolf Health Management:** Built-in prevention, intervention, and recovery tools to keep your data safe (on compatible NAS units).
- **High Workload Rating:** Designed to handle 180TB of user data per year, perfect for active creative studios and small businesses.
- **Rescue Data Recovery:** Peace of mind included—comes with 3 years of Rescue Data Recovery Services to help retrieve data in case of unexpected drive failure.

**Technical Specifications:**
| Capacity | 18 TB |
|---|---|
| Spindle Speed | 7200 RPM |
| Cache | 256 MB |
| Recording Tech | CMR |
| MTBF | 1,000,000 Hours |
| Workload Rating | 180 TB/Year |
| Warranty | 5-Year Limited + 3-Year Rescue |",,,taxable,,1,,,0,0,,,,,1,,,1750,Accessories & Lifestyle,,,https://m.media-amazon.com/images/I/71j3r6BLXEL._AC_SL1500_.jpg,,,,,,,,,0,,,
,simple,NG-ACC-005,,Flipper Zero - The Ultimate Multi-Tool for Geeks and Cyber-Research,1,0,visible,"The world-famous portable multi-tool for interacting with digital systems. Explore Sub-GHz, RFID, NFC, IR, and more in a pocket-sized, open-source device.","Unleash your inner hacker with the **Flipper Zero**. Designed for hardware exploration, ethical hacking, and radio research, Flipper Zero is a portable powerhouse that helps you understand and interact with the invisible digital world around you.

**Why Flipper Zero?**
- **All-in-One Radio Lab:** Includes a Sub-GHz transceiver, RFID reader/emulator, NFC controller, Infrared transceiver, and Bluetooth module.
- **GPIO Expansion:** Built-in pins allow you to connect external hardware modules and sensors, making it a dream for DIY electronics enthusiasts.
- **Open-Source Freedom:** From the firmware to the hardware layout, Flipper is open-source, supported by a massive global community of developers.
- **Fun & Functional Interface:** A nostalgic 1.4"" monochrome LCD and a ""cyber-dolphin"" companion that grows as you use the device for various tasks.
- **Massive Versatility:** Copy and emulate unencrypted remote controls (AC, TV, Garage) or proximity cards (RFID/NFC) for testing and backup purposes.
- **Long Battery Life:** Efficient hardware ensures you can explore for days on a single charge.

**Technical Specifications:**
| Microcontroller | STM32WB55 Dual-core MCU |
|---|---|
| RF Frequencies | Sub-GHz (300-928 MHz) |
| Proximity Tech | 125kHz RFID & 13.56MHz NFC |
| Connectivity | Bluetooth LE, USB-C, GPIO Pins |
| Display | 1.4"" LCD Monochrome (Sunlight-readable) |
| Storage | MicroSD slot for data logging and apps |

**LEGAL NOTE:** This device is marketed as an educational cybersecurity research tool. Users are responsible for ensuring compliance with local laws and regulations. Saudi customs may require specific approvals for import.",,,taxable,,1,,,0,0,,,,,1,,,1199,Accessories & Lifestyle,,,https://m.media-amazon.com/images/I/51K4N5k8tGL._AC_SL1500_.jpg,,,,,,,,,0,,,
,simple,NG-ENT-006,,Synology DiskStation DS1621+ 6-Bay NAS - Enterprise Storage Powerhouse,1,0,visible,Professional 6-bay NAS powered by AMD Ryzen V1500B quad-core CPU with 4GB DDR4 ECC RAM (expandable to 32GB). Supports up to 108TB raw storage with NVMe SSD caching and Btrfs data protection. Expandable to 16 bays with two DX517 units.,"Looking for a centralized storage solution that delivers both performance and reliability for your business?

**Why This Product?**
- AMD Ryzen V1500B quad-core 2.2GHz CPU ensures smooth multitasking performance
- 6x 3.5""/2.5"" SATA bays expandable to 16 bays via two DX517 expansion units
- Dual M.2 2280 NVMe slots for SSD cache acceleration
- 4x 1GbE ports with Link Aggregation and 10GbE upgrade option via PCIe
- DSM 7 with full support for Docker, Virtual Machine Manager, and Surveillance Station

| Specification | Details |
|---|---|
| CPU | AMD Ryzen V1500B Quad-Core 2.2GHz |
| Memory | 4GB DDR4 ECC (expandable to 32GB) |
| Drive Bays | 6x 3.5""/2.5"" SATA III |
| Max Raw Storage | 108TB (6x 18TB) |
| Network Ports | 4x 1GbE RJ-45 |
| USB Ports | 2x USB 3.2 Gen 1 |
| Expansion Slots | 1x PCIe Gen3 x8, 2x M.2 2280 NVMe |
| File System | Btrfs / ext4 |
| Dimensions | 166 x 282 x 243 mm |
| Weight | 5.1 kg |
| Power Consumption | 32.96W (access) / 12.67W (HDD hibernation) |",,,taxable,,1,,,0,0,,,,,1,,,3990,Enterprise & IT Pro,,,https://m.media-amazon.com/images/I/41m-xYjfe5L._AC_SL1500_.jpg,,,,,,,,,0,,,
,simple,NG-ENT-007,,MikroTik CRS326-24G-2S+RM 24-Port Managed Gigabit Switch with 10G SFP+,1,0,visible,Managed switch with 24 Gigabit Ethernet ports and 2x 10Gbps SFP+ uplinks from MikroTik. 1U rackmount design running RouterOS/SwOS for full network control. Enterprise-grade features at a fraction of the cost of competing brands.,"Need a managed switch with professional features without paying premium brand prices?

**Why This Product?**
- 24x Gigabit Ethernet ports plus 2x SFP+ 10Gbps uplinks for server/switch interconnects
- Dedicated Marvell Prestera 98DX3236 switching chip with 48Gbps switching capacity
- Dual OS support: RouterOS v7 or SwOS with VLAN, port mirroring, and bandwidth limiting
- Metal 1U rackmount design with quiet internal cooling fan
- Ultra-low 17W power consumption with integrated PSU

| Specification | Details |
|---|---|
| CPU | Marvell Prestera 98DX3236 650MHz |
| Memory | 512MB RAM / 16MB Flash |
| Ethernet Ports | 24x 10/100/1000 RJ-45 |
| SFP+ Ports | 2x SFP+ (10Gbps) |
| Switching Capacity | 48 Gbps |
| Operating System | RouterOS v7 / SwOS |
| Dimensions | 443 x 144 x 28 mm (1U) |
| Weight | 1.46 kg |
| Power Consumption | 17W |
| Cooling | Internal fan |",,,taxable,,1,,,0,0,,,,,1,,,1090,Enterprise & IT Pro,,,https://m.media-amazon.com/images/I/41KxM2y0uZL._AC_SL1500_.jpg,,,,,,,,,0,,,
,simple,NG-ENT-008,,APC Smart-UPS 1500VA LCD RM 2U (SMT1500RMI2U) - Pure Sine Wave Rack UPS,1,0,visible,Professional 1500VA/1000W UPS from APC with interactive LCD display and 2U rackmount/tower design. Line-Interactive technology with pure sine wave output protects servers and network equipment from power outages and voltage fluctuations. Hot-swappable batteries for zero-downtime maintenance.,"Have you ever lost data or experienced hardware damage from a sudden power outage?

**Why This Product?**
- 1500VA / 1000W capacity with pure sine wave output, safe for servers and sensitive equipment
- Interactive LCD displays real-time battery status, load, and voltage information
- 2U Rack-Mount or Tower design with hot-swappable batteries for zero-downtime replacement
- USB + Serial + SmartSlot ports for monitoring and automatic graceful shutdown
- 6x IEC 320 C13 outlets (4 battery + surge, 2 surge only) with comprehensive surge protection

| Specification | Details |
|---|---|
| Capacity | 1500VA / 1000W |
| Waveform | Pure Sine Wave |
| Technology | Line-Interactive |
| Outlets | 4x IEC C13 (battery + surge), 2x IEC C13 (surge only) |
| Backup Time | ~7 min at full load, ~26 min at half load |
| Input Voltage | 160-286V auto-sensing |
| Form Factor | 2U Rack-Mount / Tower |
| Connectivity | USB, Serial RS-232, SmartSlot |
| Dimensions | 432 x 483 x 89 mm |
| Weight | 27.3 kg |",,,taxable,,1,,,0,0,,,,,1,,,3450,Enterprise & IT Pro,,,https://m.media-amazon.com/images/I/41bfD4rXhIL._AC_SL1500_.jpg,,,,,,,,,0,,,
,simple,NG-ENT-009,,HPE ProLiant DL380 Gen10 Server (Refurbished) - Data Center Power at Smart Pricing,1,0,visible,"Fully tested refurbished HPE DL380 Gen10 with Intel Xeon Silver 4114 10-core CPU and 32GB DDR4 ECC RAM. Supports up to 24x 2.5"" SFF drives with HPE Smart Array P408i-a RAID controller. The ideal choice for data center-grade compute on a reasonable budget.","Need data center-grade server performance but your budget won't stretch to buy new?

**Why This Product?**
- Intel Xeon Silver 4114 10-core/20-thread at 2.2GHz with dual-socket support
- 32GB DDR4 ECC RDIMM included, expandable to 3TB across 24 DIMM slots
- HPE Smart Array P408i-a SR Gen10 controller supporting RAID 0/1/5/6/10/50/60
- 2U chassis supporting up to 24x 2.5"" SFF or 12x 3.5"" LFF drives
- iLO 5 for full remote management including virtual KVM console

| Specification | Details |
|---|---|
| CPU | Intel Xeon Silver 4114 (10C/20T, 2.2GHz) |
| Second CPU | Second socket available (Dual Socket) |
| Installed Memory | 32GB DDR4-2666 ECC RDIMM |
| Max Memory | 3TB (24x DIMM slots) |
| Storage | 8x SFF 2.5"" bays (expandable to 24) |
| RAID Controller | HPE Smart Array P408i-a SR |
| Network | 4x 1GbE (HPE 331i) |
| Management | iLO 5 Advanced |
| Power Supply | 1x 500W (supports dual for redundancy) |
| Form Factor | 2U Rack-Mount |
| Dimensions | 445 x 763 x 87 mm |",,,taxable,,1,,,0,0,,,,,1,,,4590,Enterprise & IT Pro,,,https://m.media-amazon.com/images/I/41ZZtJ+Wh7L._AC_SL1500_.jpg,,,,,,,,,0,,,
,simple,NG-ENT-010,,Ubiquiti UniFi Switch Pro 24 PoE (USW-Pro-24-PoE) - Smart Managed PoE+ Switch,1,0,visible,"Fully managed 24-port Gigabit PoE+ switch from Ubiquiti with 2x 10Gbps SFP+ uplinks. Delivers a 400W PoE budget to power access points, cameras, and VoIP phones through Ethernet cables. Seamlessly integrates with the UniFi ecosystem for centralized management.","Tired of running separate power cables to every camera and access point in your network?

**Why This Product?**
- 24x Gigabit PoE+ ports with 400W total PoE budget to power devices via network cable
- 2x SFP+ 10Gbps uplinks for high-speed switch and server interconnects
- 1.3"" color touchscreen LCM display showing port status and network health
- Full Layer 2 and Layer 3 capabilities with VLAN, Static Routing, and DHCP Server
- Fanless 1U metal design for completely silent operation

| Specification | Details |
|---|---|
| Ethernet Ports | 24x 10/100/1000 RJ-45 PoE+ |
| SFP+ Ports | 2x SFP+ (10Gbps) |
| PoE Budget | 400W (802.3at PoE+) |
| Switching Capacity | 52 Gbps |
| Layer 3 | Static Routing, DHCP Server, Inter-VLAN Routing |
| Display | 1.3"" Color Touchscreen LCM |
| Dimensions | 442.4 x 220 x 44 mm (1U) |
| Weight | 4.45 kg |
| Cooling | Fanless |
| Management | UniFi Network Application |",,,taxable,,1,,,0,0,,,,,1,,,2990,Enterprise & IT Pro,,,https://m.media-amazon.com/images/I/31g6g6sJKZL._AC_SL1500_.jpg,,,,,,,,,0,,,
,simple,NG-SH-006,,Aqara Hub M2 (HM2-G01) - Multi-Protocol Smart Home Gateway,1,0,visible,"Smart home hub from Aqara supporting Zigbee 3.0, Wi-Fi, Bluetooth, and built-in IR blaster with integrated speaker. Compatible with Apple HomeKit, Google Home, and Amazon Alexa. Serves as the central gateway for all Aqara smart devices.","Have scattered smart devices with no single hub to bring them together?

**Why This Product?**
- Zigbee 3.0 support for controlling up to 128 Aqara smart devices
- Built-in IR blaster to control air conditioners, TVs, and legacy appliances
- Compatible with Apple HomeKit, Google Home, Alexa, and Matter (via update)
- Integrated 85dB speaker functions as an alarm siren
- Dual connectivity: Wi-Fi 2.4GHz/5GHz + Ethernet for maximum stability

| Specification | Details |
|---|---|
| Protocols | Zigbee 3.0, Wi-Fi (2.4/5GHz), Bluetooth 5.0, IR |
| Compatibility | Apple HomeKit, Google Home, Alexa, Matter |
| Max Devices | 128 Zigbee devices |
| Speaker | 85dB built-in |
| Network Port | 1x RJ-45 100Mbps |
| Power | USB-C 5V/1A |
| Dimensions | 74 x 74 x 28.4 mm |
| Weight | 153g |",,,taxable,,1,,,0,0,,,,,1,,,259,Smart Home & IoT,,,https://m.media-amazon.com/images/I/31nT5lVlXsL._AC_SL1500_.jpg,,,,,,,,,0,,,
,simple,NG-SH-007,,SwitchBot Curtain 3 (W2400000) - Turn Any Curtain Smart in Minutes,1,0,visible,"Smart curtain motor from SwitchBot that converts any existing curtain into a smart curtain without replacing the rail. Bluetooth connectivity with Matter support via SwitchBot Hub. Tool-free installation with battery lasting up to 8 months, with optional solar panel charging.","Ever wished you could open and close your curtains with your voice or phone while relaxing?

**Why This Product?**
- Tool-free installation in under 5 minutes - fits U-Rail, I-Rail, and Rod tracks
- New QuietDrift motor is 50% quieter than previous generation (under 25dB)
- 3350mAh lithium polymer battery lasts up to 8 months (once daily use)
- Compatible with Apple HomeKit, Google Home, Alexa, and Matter (via SwitchBot Hub)
- Built-in light sensor for automatic open/close based on sunlight levels

| Specification | Details |
|---|---|
| Compatibility | U-Rail, I-Rail, Rod (up to 40mm) |
| Connectivity | Bluetooth 5.0 (Matter via Hub) |
| Battery | 3350mAh Li-Po |
| Battery Life | Up to 8 months |
| Max Curtain Weight | 16 kg |
| Noise Level | Under 25 dB |
| Dimensions | 73 x 51 x 40 mm |
| Weight | 135g |",,,taxable,,1,,,0,0,,,,,1,,,315,Smart Home & IoT,,,https://m.media-amazon.com/images/I/61rLcSaGxJL._AC_SL1500_.jpg,,,,,,,,,0,,,
,simple,NG-SH-008,,Shelly Plus 1PM - Smart Wi-Fi Relay with Power Monitoring,1,0,visible,Compact smart relay from Shelly that fits behind any light switch or appliance. Monitors real-time power consumption with direct Wi-Fi connectivity - no hub required. Ultra-compact form factor (42x36x15mm) with 16A capacity for heavy loads.,"Want to make your existing light switches and appliances smart without changing the switches themselves?

**Why This Product?**
- Installs behind existing switches - no need to change the switch or interior design
- Real-time power consumption monitoring (Watts, kWh, Volts, Amps)
- Direct Wi-Fi connectivity - no hub or gateway required
- 16A / 3680W capacity - enough for water heaters or small AC units
- Compatible with Home Assistant, Apple HomeKit (via integration), Google Home, and Alexa

| Specification | Details |
|---|---|
| Connectivity | Wi-Fi 802.11 b/g/n 2.4GHz + Bluetooth |
| Max Load | 16A / 3680W (240V) |
| Power Metering | Yes (Watts, Volts, Amps, kWh) |
| Power Input | 110-240V AC |
| Processor | ESP32 |
| Dimensions | 42.2 x 36.6 x 15.2 mm |
| Weight | 26g |
| Temperature Range | -20°C to +40°C |
| Compatibility | Alexa, Google Home, Home Assistant, MQTT |",,,taxable,,1,,,0,0,,,,,1,,,85,Smart Home & IoT,,,https://m.media-amazon.com/images/I/41jY0J+Y4UL._AC_SL1500_.jpg,,,,,,,,,0,,,
,simple,NG-SH-009,,Aqara Motion Sensor P1 (MS-S02) - Wide-Angle 170° Smart PIR Sensor,1,0,visible,Advanced PIR motion sensor from Aqara with 170-degree detection angle and 7-meter range. Zigbee 3.0 connectivity with 3-level adjustable sensitivity and built-in light sensor. Compatible with Apple HomeKit and all major smart home platforms.,"Want lights that automatically turn on the moment you enter a room and off when you leave?

**Why This Product?**
- Ultra-wide 170° x 40° (horizontal x vertical) detection angle covers entire rooms
- 3-level adjustable sensitivity (high, medium, low) to minimize false triggers
- Built-in illuminance sensor to trigger automations only in the dark
- CR2450 battery lasts up to 5 years
- Zigbee 3.0 with Apple HomeKit, Google Home, and Alexa compatibility

| Specification | Details |
|---|---|
| Detection Technology | PIR (Passive Infrared) |
| Detection Angle | 170° (horizontal) x 40° (vertical) |
| Detection Range | Up to 7 meters |
| Sensitivity Levels | 3 adjustable levels |
| Light Sensor | Yes (Lux) |
| Protocol | Zigbee 3.0 |
| Battery | CR2450 (up to 5 years) |
| Operating Temperature | -10°C to +45°C |
| Dimensions | 33 x 33 x 30 mm |
| Weight | 24.5g (with battery) |",,,taxable,,1,,,0,0,,,,,1,,,145,Smart Home & IoT,,,https://m.media-amazon.com/images/I/31x6HCW4WuL._AC_SL1500_.jpg,,,,,,,,,0,,,
,simple,NG-SH-010,,Eve Energy Smart Plug (Matter/Thread) - Next-Gen Smart Plug with Power Monitoring,1,0,visible,"Smart plug from Eve with Matter over Thread protocol for reliable connectivity without Wi-Fi dependency. Accurately monitors power consumption with historical usage data. Sleek design supporting Apple HomeKit, Google Home, and Samsung SmartThings via Matter.","Want to know exactly how much each appliance in your home consumes and when to turn it off?

**Why This Product?**
- Matter over Thread - no Wi-Fi needed, operates as mesh network for broader coverage
- Precise power monitoring with historical data (Watts, kWh, estimated cost)
- Supports up to 2500W / 11A - sufficient for most household appliances
- No proprietary app needed - works directly with Apple Home and Google Home via Matter
- Compact design that doesn't block adjacent outlets

| Specification | Details |
|---|---|
| Protocol | Matter over Thread |
| Max Load | 2500W / 11A (240V) |
| Power Metering | Yes (Watts, Volts, kWh) |
| Compatibility | Apple HomeKit, Google Home, SmartThings (Matter) |
| Plug Type | Type F (Schuko) |
| Dimensions | 55.2 x 55.2 x 55.8 mm |
| Weight | 88g |
| Thread Certification | Thread 1.3 |",,,taxable,,1,,,0,0,,,,,1,,,209,Smart Home & IoT,,,https://m.media-amazon.com/images/I/41YW4qDr-BL._AC_SL1500_.jpg,,,,,,,,,0,,,
,simple,NG-SH-011,,SwitchBot Bot (S1) - Robotic Finger That Makes Any Button Smart,1,0,visible,Tiny robotic arm from SwitchBot that physically presses any button or switch remotely. Sticks to any surface with 3M adhesive and connects via Bluetooth with timer and scheduling support. The simplest solution to make non-smart devices smart without any wiring.,"Got an old appliance you wish you could control from your phone but it predates smart technology?

**Why This Product?**
- Mechanical arm physically presses any button - light switch, coffee maker, anything
- Two modes: Press (push and release) and Switch (push and hold for toggle switches)
- CR2 lithium battery lasts up to 600 days
- Instant installation with 3M adhesive tape - no wires or drilling
- Timer and Schedule support via app (Alexa and Google via SwitchBot Hub)

| Specification | Details |
|---|---|
| Actuation Type | Mechanical arm (Press / Switch modes) |
| Connectivity | Bluetooth 4.2 (Wi-Fi/Alexa via SwitchBot Hub) |
| Battery | CR2 Lithium |
| Battery Life | Up to 600 days |
| Press Force | 1.5 kg |
| Mounting | 3M adhesive tape |
| Dimensions | 42.8 x 36.5 x 24 mm |
| Weight | 39g |",,,taxable,,1,,,0,0,,,,,1,,,145,Smart Home & IoT,,,https://m.media-amazon.com/images/I/51WqfFk5D+L._AC_SL1500_.jpg,,,,,,,,,0,,,
,simple,NG-SH-012,,Aqara Roller Shade Driver E1 (RSD-M01) - Smart Roller Blind Motor with HomeKit,1,0,visible,"Smart motor from Aqara for roller shades/blinds using Zigbee 3.0 with full Apple HomeKit compatibility. Supports manual pull control, app control, and voice control. Built-in 6000mAh battery charges via USB-C and lasts up to one year.","Have roller blinds you wish you could control from your phone without complex installation?

**Why This Product?**
- Fits existing roller shades with tube diameter 28-40mm without replacing the blind
- Built-in 6000mAh battery charges via USB-C, lasts up to 12 months
- Manual pull control with automatic direction detection
- Compatible with Apple HomeKit, Google Home, and Alexa (via Aqara Hub)
- Quiet operation under 35dB, suitable for bedrooms

| Specification | Details |
|---|---|
| Protocol | Zigbee 3.0 (requires Aqara Hub) |
| Compatibility | Apple HomeKit, Google Home, Alexa |
| Battery | 6000mAh Li-Po (USB-C charging) |
| Battery Life | Up to 12 months |
| Max Shade Weight | 4.9 kg |
| Tube Diameter | 28-40 mm |
| Noise Level | Under 35 dB |
| Torque | 0.6 Nm |
| Dimensions | 40 x 40 x 156.5 mm |
| Weight | 195g |",,,taxable,,1,,,0,0,,,,,1,,,295,Smart Home & IoT,,,https://m.media-amazon.com/images/I/31F2d4EBz1L._AC_SL1500_.jpg,,,,,,,,,0,,,
,simple,NG-SH-013,,Zemismart Zigbee Smart Tubular Motor (ZM25TQ) - Heavy-Duty Roller Blind Motor,1,0,visible,"Smart tubular motor from Zemismart with Zigbee 3.0 designed for roller blinds and blackout shades. 1.2Nm torque handles blinds up to 8kg quietly. Direct 100-240V AC power eliminates battery concerns, with full Tuya and Home Assistant compatibility.","Are your roller blinds too heavy for battery-powered smart motors?

**Why This Product?**
- Tubular motor fits inside the blind tube (25mm diameter) for a clean, hidden installation
- 1.2Nm torque handles roller blinds up to 8kg
- Direct 100-240V AC power - no batteries to charge or replace
- Zigbee 3.0 via Tuya platform with Home Assistant and SmartThings compatibility
- Percentage-based position control (0-100%), not just open/close

| Specification | Details |
|---|---|
| Motor Type | Tubular - 25mm diameter |
| Protocol | Zigbee 3.0 (Tuya) |
| Power | 100-240V AC |
| Torque | 1.2 Nm |
| Max Blind Weight | 8 kg |
| Speed | 28 RPM |
| Noise Level | Under 35 dB |
| Motor Length | 370 mm |
| Compatibility | Tuya / Smart Life, Google Home, Alexa, Home Assistant |",,,taxable,,1,,,0,0,,,,,1,,,399,Smart Home & IoT,,,https://m.media-amazon.com/images/I/51PL7VKR3KL._AC_SL1500_.jpg,,,,,,,,,0,,,
,simple,NG-SH-014,,MOES Zigbee Smart Thermostat (BHT-002-GCLZB) - Programmable HVAC Control,1,0,visible,Smart thermostat from MOES with Zigbee 3.0 and LCD touchscreen for home temperature regulation. Supports water/electric underfloor heating and Fan Coil central air conditioning. Weekly programmable scheduling with Tuya and Home Assistant compatibility.,"Is your electricity bill high because heating or AC runs all day without smart control?

**Why This Product?**
- Clear LCD touchscreen displays current and target temperature
- Supports 3 systems: water underfloor heating, electric underfloor heating (16A), Fan Coil (central AC)
- Weekly programmable scheduling (5+2, 6+1, or 7-day modes)
- Dual temperature sensors: internal + external NTC probe for precision
- Zigbee 3.0 via Tuya platform with Home Assistant compatibility

| Specification | Details |
|---|---|
| Display | Color LCD Touchscreen |
| Protocol | Zigbee 3.0 (Tuya) |
| Supported Systems | Water underfloor, Electric underfloor (16A), Fan Coil |
| Temperature Range | 5-35°C |
| Accuracy | ±0.5°C |
| Sensors | Internal + External NTC |
| Scheduling | 5+2 / 6+1 / 7-day modes |
| Power | 95-240V AC |
| Dimensions | 86 x 86 x 14.5 mm |
| Compatibility | Tuya / Smart Life, Google Home, Alexa, Home Assistant |",,,taxable,,1,,,0,0,,,,,1,,,195,Smart Home & IoT,,,https://m.media-amazon.com/images/I/51gXL6DRLQL._AC_SL1500_.jpg,,,,,,,,,0,,,
,simple,NG-SH-015,,Sonoff SNZB-02D Zigbee Temperature & Humidity Sensor with LCD Display,1,0,visible,Temperature and humidity sensor from Sonoff with Zigbee 3.0 and a large built-in LCD display showing readings clearly. Swiss-made Sensirion sensor for high accuracy with CR2477 battery lasting up to 2 years. Smaller and more accurate than the previous generation.,"Want to know the exact temperature and humidity in every room of your home at minimal cost?

**Why This Product?**
- Built-in 2.7"" LCD screen displays temperature and humidity in large, clear text
- Swiss Sensirion sensor with ±0.2°C and ±2% RH accuracy
- Zigbee 3.0 protocol with up to 6 months of data history in the app
- CR2477 battery lasts up to 2 years
- Instant notifications when temperature or humidity exceeds set thresholds

| Specification | Details |
|---|---|
| Sensor | Sensirion (Swiss) |
| Temperature Accuracy | ±0.2°C |
| Temperature Range | -9.9°C to +59.9°C |
| Humidity Accuracy | ±2% RH |
| Humidity Range | 0-99.9% RH |
| Display | 2.7"" LCD |
| Protocol | Zigbee 3.0 |
| Battery | CR2477 (up to 2 years) |
| Dimensions | 45 x 45 x 17.7 mm |
| Weight | 34g |
| Compatibility | eWeLink, Alexa, Google Home, Home Assistant (ZHA/Z2M) |",,,taxable,,1,,,0,0,,,,,1,,,69,Smart Home & IoT,,,https://m.media-amazon.com/images/I/41kqVzxUlFL._AC_SL1500_.jpg,,,,,,,,,0,,,
,simple,NG-NET-001,,MikroTik hAP ax3 - WiFi 6 Router with RouterOS Power,1,0,visible,WiFi 6 router from MikroTik featuring a quad-core processor and speeds up to 1800Mbps. Four Gigabit Ethernet ports with the advanced RouterOS platform. Ideal for power users who demand full network control.,"Take full control of your network with the **MikroTik hAP ax3**. This WiFi 6 router combines enterprise-grade RouterOS with consumer-friendly design.

**Why This Product?**
- **True WiFi 6 (802.11ax):** Up to 574Mbps on 2.4GHz and 1201Mbps on 5GHz with OFDMA and MU-MIMO support.
- **Powerful Processor:** Quad-core IPQ-6010 at 864MHz handles VPN, firewall, and QoS effortlessly.
- **RouterOS v7:** Full network control via web interface, mobile app, or CLI.
- **4 Gigabit Ports:** 10/100/1000 Ethernet for your wired devices.
- **Sleek Design:** Clean white enclosure with internal antennas.

**Technical Specifications:**
| Model | C53UiG+5HPaxD2HPaxD (hAP ax3) |
|---|---|
| Processor | IPQ-6010, 4-core, 864MHz |
| Memory | 1GB RAM, 128MB NAND |
| WiFi 2.4GHz | 802.11ax, 2x2, up to 574Mbps |
| WiFi 5GHz | 802.11ax, 2x2, up to 1201Mbps |
| Ports | 4x GbE LAN + 1x GbE WAN + 1x USB-C |
| OS | RouterOS v7 (License Level 4) |
| Power | DC 24V / PoE-in (802.3af/at) |
| Dimensions | 120 x 195 x 32 mm |
| Weight | 345 g |",,,taxable,,1,,,0,0,,,,,1,,,459,Networking,,,https://m.media-amazon.com/images/I/41cMH1gvS0L._AC_SL1500_.jpg,,,,,,,,,0,,,
,simple,NG-NET-002,,TP-Link Deco XE75 (3-Pack) - AXE5400 WiFi 6E Whole-Home Mesh System,1,0,visible,"Tri-band WiFi 6E mesh system covering up to 7,200 sq ft. Harness the new 6GHz band with speeds up to 5400Mbps total. The ultimate solution for large homes with zero dead zones.","Eliminate dead zones once and for all. The **TP-Link Deco XE75** builds a unified WiFi 6E mesh network that blankets your entire home with fast, reliable coverage.

**Why This Product?**
- **Tri-Band WiFi 6E:** Dedicated 6GHz band (2402Mbps) plus 5GHz (2402Mbps) and 2.4GHz (574Mbps) for congestion-free connectivity.
- **7,200 sq ft Coverage:** Three units form a seamless mesh with zero-handoff roaming.
- **Up to 200 Devices:** Handle every smart device in your home without breaking a sweat.
- **Advanced Security:** TP-Link HomeShield provides parental controls and real-time threat protection.
- **Easy Setup:** Deco app guides you through setup in minutes, no expertise needed.

**Technical Specifications:**
| Model | Deco XE75 (3-pack) |
|---|---|
| Standard | WiFi 6E (802.11ax) |
| Total Speed | AXE5400 (574+2402+2402 Mbps) |
| Bands | Tri-band (2.4GHz + 5GHz + 6GHz) |
| Ports | 3x GbE per unit |
| Coverage | Up to 7,200 sq ft (3 units) |
| Device Capacity | Up to 200 devices |
| Security | WPA3, HomeShield |
| Dimensions (per unit) | 113 x 113 x 163 mm |",,,taxable,,1,,,0,0,,,,,1,,,1349,Networking,,,https://m.media-amazon.com/images/I/41y-ZoJFnpL._AC_SL1500_.jpg,,,,,,,,,0,,,
,simple,NG-NET-003,,Ubiquiti UniFi Switch Lite 16 PoE - 16-Port Managed Gigabit PoE+ Switch,1,0,visible,"16-port managed Gigabit switch with 8 PoE+ ports delivering 45W total PoE budget. Fully managed through the UniFi platform. Ideal for powering access points, cameras, and VoIP phones.","Build a professional network with the **UniFi Switch Lite 16 PoE**. Power your devices with data and electricity over a single cable.

**Why This Product?**
- **8 PoE+ Ports:** 45W total budget powers UniFi APs, G4 cameras, and VoIP phones.
- **16 Gigabit Ports:** Ample capacity for small to medium deployments.
- **UniFi Management:** Centralized control via UniFi Network Controller with per-port statistics.
- **Fanless Design:** Completely silent operation for office and home environments.
- **Compact Form Factor:** Desktop-friendly design that fits anywhere.

**Technical Specifications:**
| Model | USW-Lite-16-PoE |
|---|---|
| Ports | 16x GbE RJ45 (8x PoE+) |
| SFP | None |
| PoE Budget | 45W |
| Switching Capacity | 16 Gbps (non-blocking) |
| Management | UniFi Network (Layer 2) |
| Cooling | Fanless |
| Power | External adapter |
| Dimensions | 275 x 110 x 27 mm |
| Weight | 467 g |",,,taxable,,1,,,0,0,,,,,1,,,849,Networking,,,https://m.media-amazon.com/images/I/31fRR0VWvXL._AC_SL1500_.jpg,,,,,,,,,0,,,
,simple,NG-NET-004,,MikroTik CRS305-1G-4S+IN - 4-Port 10G SFP+ Desktop Switch,1,0,visible,Compact desktop switch with four 10Gbps SFP+ ports and one Gigabit management port. Dual OS support (RouterOS/SwOS). The most affordable way to bring 10G speeds to your network.,"Enter the world of 10 Gigabit networking without breaking the bank. The **MikroTik CRS305-1G-4S+IN** delivers four SFP+ ports at 10Gbps in a palm-sized fanless enclosure.

**Why This Product?**
- **4x SFP+ (10G) Ports:** Connect servers and NAS devices at 10Gbps via DAC cables or SFP+ modules.
- **Unbeatable Price:** The most affordable 10G switch on the market with MikroTik reliability.
- **Dual OS:** Choose between RouterOS v7 (advanced routing) or SwOS (simple switching).
- **Compact Design:** Fanless, palm-sized, desk or wall mountable.
- **Dedicated 1GbE Management:** Separate RJ45 port for management without consuming 10G ports.

**Technical Specifications:**
| Model | CRS305-1G-4S+IN |
|---|---|
| Processor | Marvell 98DX3236, 800MHz |
| Memory | 256MB RAM, 16MB Flash |
| 10G Ports | 4x SFP+ (10Gbps each) |
| Management Port | 1x GbE RJ45 |
| Switching Capacity | 80 Gbps |
| OS | RouterOS v7 / SwOS |
| Cooling | Fanless |
| Power | DC 24V or PoE-in (802.3af/at) |
| Dimensions | 142 x 115 x 28 mm |
| Weight | 265 g |",,,taxable,,1,,,0,0,,,,,1,,,689,Networking,,,https://m.media-amazon.com/images/I/31GuvtmZVpL._AC_SL1500_.jpg,,,,,,,,,0,,,
,simple,NG-NET-005,,Ubiquiti UniFi 6 Lite - WiFi 6 Access Point (AX1500),1,0,visible,WiFi 6 ceiling-mount access point with speeds up to 1500Mbps. PoE-powered and managed through the UniFi platform. The ideal way to extend professional-grade wireless coverage.,"Upgrade to enterprise-grade wireless with the **UniFi 6 Lite**. Sleek design, reliable WiFi 6 performance, and affordable pricing make it the go-to AP for any deployment.

**Why This Product?**
- **WiFi 6 (802.11ax):** Up to 300Mbps on 2.4GHz and 1200Mbps on 5GHz with OFDMA and BSS Coloring.
- **PoE Powered:** Runs on a single Ethernet cable (802.3af) with no separate power outlet needed.
- **UniFi Management:** Full visibility into connected clients with Guest Portal and Traffic Management.
- **Ceiling Mount Design:** Just 160mm diameter in white, blends with any decor.
- **300+ Devices:** Handles high-density environments with ease.

**Technical Specifications:**
| Model | U6-Lite |
|---|---|
| Processor | MediaTek MT7621DAT (880MHz) |
| WiFi 2.4GHz | 802.11ax, 2x2 MIMO, up to 300Mbps |
| WiFi 5GHz | 802.11ax, 2x2 MU-MIMO, up to 1200Mbps |
| Total Speed | AX1500 |
| Network | 1x GbE RJ45 |
| Power | 802.3af PoE (12W max) |
| Mounting | Ceiling / Wall |
| Dimensions | 160 x 160 x 32.65 mm |
| Weight | 300 g |",,,taxable,,1,,,0,0,,,,,1,,,499,Networking,,,https://m.media-amazon.com/images/I/21ZEtQ2RnKL._AC_SL1500_.jpg,,,,,,,,,0,,,
,simple,NG-NET-006,,TP-Link TL-SG108E - 8-Port Gigabit Easy Smart Managed Switch,1,0,visible,"8-port Gigabit managed switch with VLAN, QoS, and IGMP Snooping. Metal housing with fanless design. Get managed switch features at an unmanaged switch price.","Why pay more for a managed switch? The **TP-Link TL-SG108E** delivers advanced management features at an entry-level price point.

**Why This Product?**
- **8 Gigabit Ports:** Full 10/100/1000Mbps on every port for high-speed data transfer.
- **VLAN Support:** Create isolated networks for cameras, guests, and management traffic.
- **QoS:** Automatic priority for critical traffic like VoIP and streaming.
- **Metal Housing:** Sturdy build quality with natural heat dissipation.
- **Fanless Operation:** 100% silent, suitable for any environment.

**Technical Specifications:**
| Model | TL-SG108E |
|---|---|
| Ports | 8x GbE RJ45 (10/100/1000) |
| Switching Capacity | 16 Gbps |
| MAC Table | 4K entries |
| Features | VLAN, QoS, IGMP Snooping, Port Mirroring |
| Management | Web GUI, Easy Smart Utility |
| Cooling | Fanless |
| Housing | Metal |
| Dimensions | 158 x 101 x 25 mm |
| Weight | 340 g |",,,taxable,,1,,,0,0,,,,,1,,,119,Networking,,,https://m.media-amazon.com/images/I/41wqE1sXQ+L._AC_SL1500_.jpg,,,,,,,,,0,,,
,simple,NG-NET-007,,Ubiquiti EdgeRouter X - Advanced Gigabit Router in a Pocket-Sized Form,1,0,visible,"Advanced router with 5 Gigabit ports and PoE passthrough. Supports VPN, firewall, and VLAN with up to 1 million packets per second throughput. Enterprise features at an unbeatable price.","Do not let the small size fool you. The **Ubiquiti EdgeRouter X** packs enterprise-grade routing capabilities that rival devices costing many times more.

**Why This Product?**
- **Blazing Performance:** Dual-core MIPS1004Kc processor achieves up to 1 Mpps with hardware offloading.
- **5 Gigabit Ports:** Sufficient for small offices with VLAN support on every port.
- **PoE Passthrough:** Port 5 outputs 24V passive PoE to power another UniFi device.
- **EdgeOS:** Powerful Vyatta-based OS with intuitive web GUI and full CLI access.
- **Unbeatable Value:** Enterprise performance at a consumer price point.

**Technical Specifications:**
| Model | ER-X |
|---|---|
| Processor | MediaTek MT7621AT, Dual-Core 880MHz |
| Memory | 256MB DDR3 RAM, 256MB NAND |
| Ports | 5x GbE RJ45 |
| PoE | 24V Passive PoE In (eth0) + Passthrough (eth4) |
| Performance | Up to 1 Mpps |
| VPN | IPsec, OpenVPN, PPTP, L2TP |
| OS | EdgeOS (Vyatta-based) |
| Power | 12W max |
| Dimensions | 110 x 75 x 22 mm |
| Weight | 175 g |",,,taxable,,1,,,0,0,,,,,1,,,289,Networking,,,https://m.media-amazon.com/images/I/31ggEj0MKQL._AC_SL1500_.jpg,,,,,,,,,0,,,
,simple,NG-NET-008,,MikroTik hEX S (RB760iGS) - 5-Port Gigabit Router with SFP and USB,1,0,visible,"MikroTik router with 5 Gigabit ports, SFP cage, and USB port. Dual-core 880MHz processor with hardware encryption support. Combines power and flexibility at a great price.","Need a router that truly understands networking? The **MikroTik hEX S** is the smart choice for anyone who wants full network control with unmatched flexibility.

**Why This Product?**
- **SFP Port:** Connect fiber optics directly without an external media converter.
- **Dual-Core Processor (880MHz):** Handles encrypted VPN (IPsec hardware acceleration) with high performance.
- **USB Port:** For external storage or 4G/LTE modem as a failover connection.
- **PoE Out:** Port 5 outputs PoE to power another device.
- **RouterOS v7:** The most powerful network OS with thousands of features.

**Technical Specifications:**
| Model | RB760iGS (hEX S) |
|---|---|
| Processor | MediaTek MT7621AT, Dual-Core 880MHz |
| Memory | 256MB RAM, 16MB Flash |
| Ports | 5x GbE RJ45 + 1x SFP + 1x USB-A |
| PoE | PoE Out on Port 5 |
| Encryption | Hardware IPsec (AES-128/256) |
| OS | RouterOS v7 (License Level 4) |
| Power | DC 24V, 11W max |
| Dimensions | 113 x 89 x 28 mm |
| Weight | 275 g |",,,taxable,,1,,,0,0,,,,,1,,,359,Networking,,,https://m.media-amazon.com/images/I/41T1L5iCG3L._AC_SL1500_.jpg,,,,,,,,,0,,,
,simple,NG-NET-009,,Netgear GS308E - 8-Port Gigabit Plus Smart Managed Switch,1,0,visible,"8-port Gigabit smart managed switch from Netgear with VLAN, QoS, and Port Mirroring. Metal housing, fanless design. Reliable performance at a competitive price.","Plug-and-play simplicity meets smart management. The **Netgear GS308E** combines ease of use with advanced features in a compact, metal enclosure.

**Why This Product?**
- **8 Gigabit Ports:** Each port supports 10/100/1000Mbps with auto-speed detection.
- **Smart VLANs:** Segment traffic easily via web GUI or NETGEAR Insight app.
- **Built-in QoS:** Automatic prioritization for voice and video traffic.
- **Metal Housing:** High build quality with passive cooling.
- **Plug & Play:** Works as an unmanaged switch out of the box, enable management when needed.

**Technical Specifications:**
| Model | GS308E |
|---|---|
| Ports | 8x GbE RJ45 (10/100/1000) |
| Switching Capacity | 16 Gbps |
| Features | VLAN, QoS, Port Mirroring, IGMP Snooping |
| Management | Web GUI, NETGEAR Insight (Cloud) |
| Cooling | Fanless |
| Housing | Metal |
| Dimensions | 158 x 101 x 29 mm |
| Weight | 360 g |",,,taxable,,1,,,0,0,,,,,1,,,109,Networking,,,https://m.media-amazon.com/images/I/41jMTH6OGPL._AC_SL1500_.jpg,,,,,,,,,0,,,
,simple,NG-NET-010,,Ubiquiti UniFi USW-Flex-Mini - Ultra-Compact 5-Port Managed Switch,1,0,visible,Palm-sized 5-port Gigabit managed switch. Powered by USB-C or PoE. Full UniFi management platform integration. Perfect for expanding your network anywhere.,"Small in size, big in capability. The **UniFi USW-Flex-Mini** is the smallest managed switch in the UniFi family, ready to go wherever you need it.

**Why This Product?**
- **5 Gigabit Ports:** Enough to expand connectivity behind a desk or entertainment center.
- **USB-C Power:** Connect to any USB-C charger or power bank for portability.
- **PoE Input:** Also works via 802.3af PoE on port 1.
- **Full UniFi Management:** VLANs and per-port statistics via UniFi Controller.
- **Ultra-Compact:** Smaller than your smartphone.

**Technical Specifications:**
| Model | USW-Flex-Mini |
|---|---|
| Ports | 5x GbE RJ45 |
| Switching Capacity | 5 Gbps (non-blocking) |
| Management | UniFi Network (Layer 2) |
| Features | VLAN, Port Isolation, Storm Control |
| Power | USB-C (5V/1A) or 802.3af PoE |
| Consumption | 2.5W max |
| Dimensions | 85 x 70 x 21.5 mm |
| Weight | 97 g |",,,taxable,,1,,,0,0,,,,,1,,,99,Networking,,,https://m.media-amazon.com/images/I/21R3FX3ZRFL._AC_SL1500_.jpg,,,,,,,,,0,,,
,simple,NG-NET-011,,TP-Link Archer AXE75 - AXE5400 Tri-Band WiFi 6E Router,1,0,visible,Tri-band WiFi 6E router with 5400Mbps total speed. Supports the new 6GHz band with 4 external antennas and USB 3.0 port. Ideal for gaming and 4K streaming without lag.,"Experience next-generation internet. The **TP-Link Archer AXE75** unlocks the new 6GHz band with speeds and coverage previously unavailable.

**Why This Product?**
- **Tri-Band WiFi 6E:** Dedicated 6GHz (2402Mbps) for modern devices + 5GHz (2402Mbps) + 2.4GHz (574Mbps).
- **Tri-Core Processor (1.7GHz):** Handles dozens of devices smoothly without slowdowns.
- **USB 3.0 Port:** Share files across your network from an external drive.
- **EasyMesh Compatible:** Combine with other EasyMesh devices for extended coverage.
- **OneMesh Support:** Compatible with TP-Link OneMesh range extenders for seamless roaming.

**Technical Specifications:**
| Model | Archer AXE75 |
|---|---|
| Standard | WiFi 6E (802.11ax) |
| Total Speed | AXE5400 (574+2402+2402 Mbps) |
| Processor | Tri-Core 1.7GHz |
| Ports | 1x 2.5GbE WAN + 4x GbE LAN + 1x USB 3.0 |
| Antennas | 4 external high-performance |
| Security | WPA3, HomeShield |
| Dimensions | 262 x 145 x 54 mm |
| Weight | 610 g |",,,taxable,,1,,,0,0,,,,,1,,,789,Networking,,,https://m.media-amazon.com/images/I/41kDVg-b3BL._AC_SL1500_.jpg,,,,,,,,,0,,,
,simple,NG-NET-012,,Ubiquiti UniFi Cloud Gateway Ultra - All-in-One UniFi Gateway,1,0,visible,"Compact UniFi gateway combining router and UniFi Controller in one device. 2.5GbE WAN port, 4x GbE LAN ports with IDS/IPS support. The ideal heart of any UniFi network.","Start your professional UniFi network the easy way. The **UniFi Cloud Gateway Ultra** is everything you need as a smart gateway managing all your UniFi devices from one place.

**Why This Product?**
- **Built-in UniFi Controller:** No separate server needed - manages all UniFi devices directly.
- **2.5GbE WAN Port:** Ready for ultra-fast internet speeds up to 2.5 Gbps.
- **Built-in IDS/IPS:** Threat protection at up to 1 Gbps throughput.
- **4 GbE LAN Ports:** Functions as both router and switch.
- **Cloud Management:** Control your network from anywhere via the UniFi app or unifi.ui.com.

**Technical Specifications:**
| Model | UCG-Ultra |
|---|---|
| Processor | ARM Cortex-A53, Quad-Core 1.0GHz |
| Memory | 2GB DDR4 RAM, 16GB eMMC |
| WAN | 1x 2.5GbE RJ45 |
| LAN | 4x GbE RJ45 |
| IDS/IPS Throughput | Up to 1 Gbps |
| Features | UniFi Controller, Threat Management, VPN Server, Traffic Analytics |
| Power | USB-C (5V/3A) |
| Dimensions | 132 x 132 x 32 mm |
| Weight | 350 g |",,,taxable,,1,,,0,0,,,,,1,,,549,Networking,,,https://m.media-amazon.com/images/I/31Kp6xf0E7L._AC_SL1500_.jpg,,,,,,,,,0,,,
,simple,NG-GAM-001,,8BitDo Ultimate C Bluetooth Controller - Multi-Platform Gaming,1,0,visible,"Bluetooth wireless controller compatible with Nintendo Switch, Android, Steam, and PC. Ergonomic design with Hall Effect analog sticks. Excellent performance at a budget-friendly price.","Play freely on any platform. The **8BitDo Ultimate C** is a smart controller combining performance and broad compatibility without breaking the bank.

**Why This Product?**
- **Multi-Platform Bluetooth:** Compatible with Switch, Android, Steam Deck, and PC without dongles.
- **Hall Effect Sticks:** Magnetic analog sticks resistant to long-term drift.
- **Ergonomic Design:** Soft rubber grips for extended gaming sessions.
- **25-Hour Battery:** Lasts a full week of moderate use.
- **Customizable Buttons:** Via the 8BitDo Ultimate Software app.

**Technical Specifications:**
| Model | Ultimate C Bluetooth |
|---|---|
| Connectivity | Bluetooth 5.0 |
| Compatibility | Switch, Android, Steam, PC |
| Sticks | Hall Effect Analog Sticks |
| Vibration | Yes (Rumble) |
| Battery | 25 hours (1000mAh) |
| Charging | USB-C |
| Weight | 220 g |",,,taxable,,1,,,0,0,,,,,1,,,159,Gaming,,,https://m.media-amazon.com/images/I/61ZuyK+HWTL._AC_SL1500_.jpg,,,,,,,,,0,,,
,simple,NG-GAM-002,,Razer DeathAdder V3 HyperSpeed - Ultra-Light Wireless Gaming Mouse,1,0,visible,Professional wireless gaming mouse with Focus Pro 26K sensor and sub-1ms response time. Ultra-light 55g weight with up to 235-hour battery life. Iconic ergonomic design refined for esports.,"The legend returns, lighter and faster than ever. The **Razer DeathAdder V3 HyperSpeed** combines the iconic ergonomic shape with the fastest wireless technology in gaming.

**Why This Product?**
- **Focus Pro 26K Sensor:** Up to 26,000 DPI with tracking on any surface including glass.
- **Just 55 Grams:** One of the lightest wireless mice in the world, no holes needed.
- **HyperSpeed Wireless:** Sub-1ms latency, faster than many wired mice.
- **235-Hour Battery:** On HyperSpeed (up to 615 hours via Bluetooth).
- **Iconic DeathAdder Shape:** Ergonomic form trusted by millions of gamers worldwide.

**Technical Specifications:**
| Model | DeathAdder V3 HyperSpeed |
|---|---|
| Sensor | Focus Pro 26K (26,000 DPI) |
| Connectivity | HyperSpeed 2.4GHz + Bluetooth |
| Speed | Up to 750 IPS |
| Acceleration | 70G |
| Buttons | 6 programmable |
| Switches | Razer Mechanical Gen-2 (90M clicks) |
| Battery | 235 hrs (HyperSpeed) / 615 hrs (BT) |
| Weight | 55 g |
| Dimensions | 128.3 x 67.8 x 43.7 mm |",,,taxable,,1,,,0,0,,,,,1,,,499,Gaming,,,https://m.media-amazon.com/images/I/61pMI0MYHUL._AC_SL1500_.jpg,,,,,,,,,0,,,
,simple,NG-GAM-003,,HyperX Cloud III Wireless - Premium Wireless Gaming Headset,1,0,visible,Wireless gaming headset with 2.4GHz connection and DTS Headphone:X Spatial Audio. Angled 53mm drivers with memory foam cushions. Up to 120-hour battery life. Compatible with PC and PS5.,"Hear every footstep and every bullet with crystal clarity. The **HyperX Cloud III Wireless** is built for gamers who refuse to compromise on audio quality.

**Why This Product?**
- **Angled 53mm Drivers:** Rich, accurate sound with deep bass and clear highs.
- **DTS Headphone:X Spatial Audio:** Pinpoint enemy positions with virtual surround sound.
- **120-Hour Battery:** Best-in-class battery life, lasts weeks without charging.
- **Memory Foam Cushions:** Superior comfort for marathon gaming sessions.
- **Detachable Microphone:** With noise cancellation for clear voice chat.

**Technical Specifications:**
| Model | Cloud III Wireless |
|---|---|
| Drivers | 53mm angled, Neodymium |
| Frequency Response | 10Hz - 21kHz |
| Connectivity | 2.4GHz Wireless (USB dongle) |
| Spatial Audio | DTS Headphone:X Spatial Audio |
| Microphone | Detachable, unidirectional |
| Battery | Up to 120 hours |
| Charging | USB-C |
| Compatibility | PC, PS5, PS4, Switch |
| Weight | 330 g |",,,taxable,,1,,,0,0,,,,,1,,,599,Gaming,,,https://m.media-amazon.com/images/I/61q3vjhbP5L._AC_SL1500_.jpg,,,,,,,,,0,,,
,simple,NG-GAM-004,,Razer BlackWidow V4 75% - Compact Mechanical Gaming Keyboard,1,0,visible,75% mechanical keyboard with Razer Orange Tactile switches. Per-key RGB lighting with magnetic wrist rest and rotary encoder knob. Compact layout without compromise.,"Every key you need, nothing you do not. The **Razer BlackWidow V4 75%** combines compact form with full features in a design that turns heads.

**Why This Product?**
- **Razer Orange Tactile Switches:** Clear tactile feedback without loud clicks (pre-lubed, 50g actuation).
- **Rotary Encoder + Media Keys:** Quick volume and settings control without leaving your game.
- **Razer Chroma RGB:** 16.8 million colors per key with Chroma sync across devices.
- **Magnetic Wrist Rest:** Seamlessly attaches for superior comfort during typing and gaming.
- **Aluminum Construction:** Sturdy build quality with stable desk presence.

**Technical Specifications:**
| Model | BlackWidow V4 75% |
|---|---|
| Layout | 75% (84 keys) |
| Switches | Razer Orange Tactile |
| Connectivity | USB-C wired |
| Lighting | Razer Chroma RGB (per-key) |
| Features | Rotary encoder + media keys |
| Anti-Ghosting | N-Key Rollover |
| Cable | Braided USB-C detachable |
| Dimensions | 332 x 140 x 42 mm |
| Weight | 852 g (without wrist rest) |",,,taxable,,1,,,0,0,,,,,1,,,749,Gaming,,,https://m.media-amazon.com/images/I/61aGVmGFWPL._AC_SL1500_.jpg,,,,,,,,,0,,,
,simple,NG-GAM-005,,Elgato HD60 X - External Capture Card for Streaming and Recording,1,0,visible,"External capture card recording at 4K30 or 1080p60 HDR10 with 4K60 HDR Passthrough. Compatible with PS5, Xbox, PC, and Switch via USB 3.0. The essential tool for content creators.","Start your streaming and content creation journey professionally. The **Elgato HD60 X** captures your gameplay at the highest quality while maintaining a lag-free gaming experience.

**Why This Product?**
- **4K30 / 1080p60 HDR10 Capture:** Record at the highest quality for YouTube and live streaming.
- **4K60 HDR Passthrough:** Play at full 4K 60fps on your display with zero quality impact.
- **VRR Passthrough:** Variable Refresh Rate support for smooth gameplay (FreeSync/G-Sync).
- **Plug & Play:** USB 3.0, no PCIe card needed. Connect and go.
- **Universal Compatibility:** Works with OBS, Streamlabs, Elgato 4K Capture Utility, and any streaming software.

**Technical Specifications:**
| Model | HD60 X |
|---|---|
| Capture | Up to 4K30 / 1080p60 HDR10 |
| Passthrough | 4K60 HDR10 + VRR |
| Input | HDMI 2.0 (unencrypted) |
| Connection | USB 3.0 Type-C |
| Encoding | H.264/H.265 (Software) |
| Compatibility | PC, Mac, PS5, Xbox, Switch |
| Dimensions | 112 x 72 x 18 mm |
| Weight | 91 g |",,,taxable,,1,,,0,0,,,,,1,,,779,Gaming,,,https://m.media-amazon.com/images/I/51Yy5hH8kTL._AC_SL1500_.jpg,,,,,,,,,0,,,
,simple,NG-GAM-006,,SteelSeries Arctis Nova 7 - Multi-Platform Wireless Gaming Headset,1,0,visible,"Multi-platform wireless headset with simultaneous 2.4GHz and Bluetooth 5.0 connectivity. Nova Acoustic System drivers with Hi-Res audio. 38-hour battery with fast charging. Compatible with PC, PS5, Switch, and mobile.","One headset for all your devices. The **SteelSeries Arctis Nova 7** seamlessly switches between PC, PlayStation, and mobile without swapping headsets.

**Why This Product?**
- **Simultaneous Dual Connectivity:** 2.4GHz for gaming + Bluetooth for mobile at the same time. Take calls while gaming!
- **Nova Acoustic System:** Custom-designed neodymium drivers for clear Hi-Res sound.
- **38-Hour Battery:** Quick charge 15 minutes for 6 hours of play.
- **ClearCast Gen 2 Mic:** AI-powered bidirectional noise cancellation for crystal-clear voice.
- **ComfortMAX System:** Swappable AirWeave cushions with adjustable headband.

**Technical Specifications:**
| Model | Arctis Nova 7 |
|---|---|
| Drivers | Nova Custom, 40mm, Neodymium |
| Frequency Response | 20Hz - 22kHz |
| Connectivity | 2.4GHz Wireless + Bluetooth 5.0 (simultaneous) |
| Microphone | ClearCast Gen 2, Bidirectional, retractable |
| Battery | 38 hours |
| Fast Charge | 15 min = 6 hours |
| Compatibility | PC, PS5, PS4, Switch, Mobile |
| Weight | 325 g |",,,taxable,,1,,,0,0,,,,,1,,,739,Gaming,,,https://m.media-amazon.com/images/I/61bRfLBYO+L._AC_SL1500_.jpg,,,,,,,,,0,,,
,simple,NG-GAM-007,,8BitDo Arcade Stick - Authentic Arcade Experience at Home,1,0,visible,"Wireless arcade stick (Bluetooth + 2.4GHz + wired) compatible with PC, Switch, and Steam Deck. Genuine swappable Sanwa joystick and buttons. Perfect for fighting games and classic arcade titles.","Bring the arcade to your room. The **8BitDo Arcade Stick** delivers an authentic arcade experience with modern flexibility found nowhere else.

**Why This Product?**
- **Genuine Sanwa Parts:** JLF joystick and OBSF-30 buttons from Sanwa Japan, the global standard in arcade sticks.
- **3 Connection Modes:** Bluetooth + 2.4GHz (dongle included) + USB-C wired.
- **Fully Customizable:** Swap joystick and buttons easily (Sanwa / Seimitsu compatible).
- **Dual Modes:** Switchable D-pad and Joystick modes.
- **8BitDo App:** Remap buttons and adjust sensitivity from your phone.

**Technical Specifications:**
| Model | 8BitDo Arcade Stick |
|---|---|
| Joystick | Sanwa JLF-TP-8YT |
| Buttons | Sanwa OBSF-30 (8 main buttons) |
| Connectivity | Bluetooth + 2.4GHz + USB-C |
| Compatibility | PC, Switch, Steam Deck, Android |
| Battery | Up to 40 hours (Bluetooth) |
| Charging | USB-C |
| Dimensions | 373 x 203 x 114 mm |
| Weight | 2.18 kg |",,,taxable,,1,,,0,0,,,,,1,,,469,Gaming,,,https://m.media-amazon.com/images/I/61ZuyK+HWTL._AC_SL1500_.jpg,,,,,,,,,0,,,
,simple,NG-GAM-008,,Razer Basilisk V3 X HyperSpeed - Versatile Wireless Gaming Mouse,1,0,visible,Wireless mouse with 18K DPI sensor and dual HyperSpeed 2.4GHz + Bluetooth connectivity. Ergonomic design with Tilt-Click scroll wheel. AA battery lasting up to 285 hours. A smart choice for work and gaming.,"One mouse for work and play. The **Razer Basilisk V3 X HyperSpeed** combines gaming responsiveness with everyday comfort.

**Why This Product?**
- **18K DPI Sensor:** High precision for competitive gaming and office productivity.
- **HyperSpeed + Bluetooth:** Switch between ultra-fast gaming and power-saving Bluetooth for work.
- **Tilt-Click Wheel:** Vertical and horizontal scrolling with side click for productivity.
- **AA Battery:** Up to 285 hours on Bluetooth, swap in seconds without charging.
- **6 Programmable Buttons:** Customize everything via Razer Synapse.

**Technical Specifications:**
| Model | Basilisk V3 X HyperSpeed |
|---|---|
| Sensor | Razer 5G Advanced (18,000 DPI) |
| Connectivity | HyperSpeed 2.4GHz + Bluetooth |
| Speed | Up to 450 IPS |
| Acceleration | 40G |
| Buttons | 6 programmable |
| Switches | Razer Mechanical (60M clicks) |
| Battery | AA (up to 285 hrs BT / 140 hrs HyperSpeed) |
| Weight | 78 g (without battery) |
| Dimensions | 130 x 67 x 42 mm |",,,taxable,,1,,,0,0,,,,,1,,,359,Gaming,,,https://m.media-amazon.com/images/I/61Q2R-IB0gL._AC_SL1500_.jpg,,,,,,,,,0,,,
,simple,NG-GAM-009,,Corsair K70 RGB Pro - Legendary Mechanical Gaming Keyboard,1,0,visible,Full-size mechanical keyboard with Cherry MX switches and per-key RGB lighting. Aluminum frame with magnetic wrist rest and 8000Hz polling rate. The gold standard in gaming keyboards.,"A legend that needs no introduction. The **Corsair K70 RGB Pro** is the mechanical keyboard trusted by millions of gamers worldwide for years.

**Why This Product?**
- **Cherry MX Switches:** Choose Red (fast linear) or Brown (quiet tactile), the global gold standard.
- **8000Hz Polling Rate:** 8x faster response than traditional 1000Hz keyboards.
- **Full Aluminum Frame:** Durability and elegance with a brushed, scratch-resistant finish.
- **iCUE RGB:** Full per-key lighting control with hundreds of effects.
- **Magnetic Wrist Rest:** Cushioned padding for superior comfort.

**Technical Specifications:**
| Model | K70 RGB Pro |
|---|---|
| Layout | Full-size (104 keys) |
| Switches | Cherry MX Red / Brown |
| Polling Rate | Up to 8000Hz |
| Connectivity | USB-C wired |
| Lighting | iCUE RGB per-key |
| Frame | Brushed aluminum |
| Anti-Ghosting | N-Key Rollover |
| Cable | Braided USB-C detachable |
| Dimensions | 444 x 166 x 40 mm |
| Weight | 1.15 kg |",,,taxable,,1,,,0,0,,,,,1,,,599,Gaming,,,https://m.media-amazon.com/images/I/71LRY7+dcUL._AC_SL1500_.jpg,,,,,,,,,0,,,
,simple,NG-GAM-010,,BenQ Zowie XL2546K - 240Hz Esports Gaming Monitor,1,0,visible,Professional 24.5-inch gaming monitor with 240Hz refresh rate and 0.5ms response time. Exclusive DyAc+ technology for motion clarity with XL Setting to Share. The official monitor of global esports tournaments.,"See through the eyes of world champions. The **BenQ Zowie XL2546K** is found at every major esports tournament worldwide. That is not a coincidence. It is simply the best.

**Why This Product?**
- **240Hz + 0.5ms:** Ultra-high refresh rate with near-zero response time for total control.
- **DyAc+ (Dynamic Accuracy):** BenQ exclusive technology reduces motion blur for unmatched clarity during sprays and explosions.
- **XL Setting to Share:** Share your settings with other players or import pro player configurations.
- **Black eQualizer:** Reveal hidden details in dark areas without over-exposing bright scenes.
- **Fully Adjustable Stand:** Height, tilt, swivel, and pivot for perfect gaming posture.

**Technical Specifications:**
| Model | XL2546K |
|---|---|
| Size | 24.5 inches |
| Resolution | 1920 x 1080 (Full HD) |
| Panel | TN |
| Refresh Rate | 240Hz |
| Response Time | 0.5ms (GtG) |
| Exclusive Tech | DyAc+ |
| Ports | HDMI 2.0 x 3, DP 1.2 x 1, USB 3.0 hub |
| Stand | Height / Tilt / Swivel / Pivot |
| Dimensions (with stand) | 571 x 521 x 200 mm |
| Weight | 6.2 kg |",,,taxable,,1,,,0,0,,,,,1,,,1999,Gaming,,,https://m.media-amazon.com/images/I/71I2-MjcXpL._AC_SL1500_.jpg,,,,,,,,,0,,,
,simple,NG-GAM-011,,SteelSeries QcK Heavy XXL - Extra-Large Gaming Mouse Pad,1,0,visible,Extra-large cloth mouse pad measuring 900x400mm with 6mm thickness. QcK micro-woven surface for superior tracking accuracy with non-slip rubber base. Covers the entire desk for keyboard and mouse.,"Expand your area of control. The **SteelSeries QcK Heavy XXL** gives you a massive playing surface optimized for the best possible mouse sensor performance.

**Why This Product?**
- **XXL Size (900x400mm):** Covers the entire desk, keyboard and mouse on one unified surface.
- **6mm Thickness:** Comfortable cushioning that protects your wrist and absorbs desk vibrations.
- **QcK Micro-Woven Surface:** Specially woven fabric optimized for gaming sensors, glitch-free tracking.
- **Rubber Base:** Never moves, no matter how aggressive your movements.
- **Stitched Edges:** Prevents peeling and wear over time.

**Technical Specifications:**
| Model | QcK Heavy XXL |
|---|---|
| Size | 900 x 400 mm |
| Thickness | 6 mm |
| Surface | QcK Micro-Woven cloth |
| Base | Non-slip rubber |
| Edges | Stitched |
| Control Type | Balanced (Speed + Control) |
| Washable | Yes (hand wash) |",,,taxable,,1,,,0,0,,,,,1,,,149,Gaming,,,https://m.media-amazon.com/images/I/71iQmH8MRnL._AC_SL1500_.jpg,,,,,,,,,0,,,
,simple,NG-GAM-012,,Elgato Wave:3 - Premium USB Condenser Microphone for Streaming,1,0,visible,"USB condenser microphone with studio-quality 96kHz/24-bit audio. Proprietary condenser capsule with Clipguard anti-distortion technology. Digital mixing via Wave Link software. Ideal for streaming, podcasting, and YouTube.","Your voice is your online identity. The **Elgato Wave:3** delivers professional broadcast sound without the complexity of traditional audio equipment.

**Why This Product?**
- **Proprietary Condenser Capsule:** Designed with audio experts for exceptional clarity at 96kHz/24-bit.
- **Clipguard Technology:** Automatically prevents distortion even during sudden shouts, your recording stays clean.
- **Wave Link Mixer:** Software mixer blending up to 9 independent audio sources (game, music, Discord).
- **Instant Control:** Tap the microphone to control volume with LED indicator feedback.
- **Sleek, Compact Design:** Looks professional on camera with included desk stand.

**Technical Specifications:**
| Model | Wave:3 |
|---|---|
| Type | Condenser |
| Sample Rate | 96kHz / 24-bit |
| Polar Pattern | Cardioid |
| Frequency Response | 70Hz - 20kHz |
| Connection | USB-C |
| Clipguard | Yes (automatic distortion prevention) |
| Wave Link | Yes (mix 9 sources) |
| Mount | Desk stand included + 1/4""-20 & 3/8"" compatible |
| Dimensions | 66 x 65 x 153 mm (microphone only) |
| Weight | 585 g (with stand) |",,,taxable,,1,,,0,0,,,,,1,,,689,Gaming,,,https://m.media-amazon.com/images/I/61rPzJFNYiL._AC_SL1500_.jpg,,,,,,,,,0,,,
,simple,NG-MKR-006,,Arduino Mega 2560 Rev3 - The Ultimate Microcontroller Board for Advanced Projects,1,0,visible,"Official Arduino Mega 2560 with 54 digital I/O pins and 16 analog inputs. ATmega2560 processor at 16MHz with 256KB flash memory. The go-to board for large-scale projects, robotics, and 3D printers.","Outgrown the Arduino Uno? Time to level up.

The **Arduino Mega 2560 Rev3** is the most powerful official Arduino board, designed for projects that demand more pins, more memory, and more serial ports. From complex robotics to industrial automation, this board handles it all.

**Why This Product?**
- **54 Digital I/O Pins:** 15 with PWM output, enough for the most ambitious builds.
- **16 Analog Inputs:** Read multiple sensors simultaneously with precision.
- **256KB Flash Memory:** Four times the Uno's capacity for longer, more complex sketches.
- **4 Hardware Serial Ports:** Communicate with displays, GPS, Bluetooth, and more at the same time.
- **Full Compatibility:** Works with thousands of existing shields and libraries.

**Technical Specifications:**
| Processor | ATmega2560 @ 16 MHz |
|---|---|
| Voltage | 5V (Input 7-12V) |
| Digital I/O | 54 (15 PWM) |
| Analog Inputs | 16 |
| Flash Memory | 256 KB |
| SRAM | 8 KB |
| EEPROM | 4 KB |
| Dimensions | 101.52 × 53.3 mm |
| Weight | 37 g |
| USB | Type-B |",,,taxable,,1,,,0,0,,,,,1,,,269,Enthusiasts & Gamers,,,https://m.media-amazon.com/images/I/61GN4yDckwL._AC_SL1500_.jpg,,,,,,,,,0,,,
,simple,NG-MKR-007,,Prusa Mini+ 3D Printer - Professional Precision in a Compact Package,1,0,visible,Premium FDM printer from Prusa Research with 180×180×180mm build volume. Features SuperPINDA auto bed leveling and full PrusaSlicer support. Exceptional print quality in a desktop-friendly form factor.,"You don't need a big machine to get professional-grade 3D prints.

The **Prusa Mini+** is the perfect gateway to professional 3D printing. Designed by Josef Prusa, one of the most respected names in 3D printing, this compact printer delivers performance that far exceeds its size.

**Why This Product?**
- **Ultra-Fine Detail:** Layer heights from 0.05mm for stunningly detailed prints.
- **Auto Bed Leveling:** SuperPINDA sensor calibrates the print surface automatically every time.
- **Color LCD:** 2.8-inch color display for easy control and monitoring.
- **Open Source Firmware:** Continuous updates backed by a massive global community.
- **Multi-Material:** Supports PLA, PETG, ASA, ABS, Flex, and more.

**Technical Specifications:**
| Print Technology | FDM (Fused Deposition Modeling) |
|---|---|
| Build Volume | 180 × 180 × 180 mm |
| Layer Height | 0.05 - 0.30 mm |
| Filament Diameter | 1.75 mm |
| Nozzle Diameter | 0.4 mm (swappable) |
| Max Nozzle Temp | 280°C |
| Print Surface | Removable magnetic PEI sheet |
| Connectivity | USB, Ethernet, Wi-Fi (optional) |
| Dimensions | 330 × 330 × 380 mm |
| Weight | 4.5 kg |",,,taxable,,1,,,0,0,,,,,1,,,2299,Enthusiasts & Gamers,,,https://m.media-amazon.com/images/I/41fqslbQKML._AC_SL1500_.jpg,,,,,,,,,0,,,
,simple,NG-MKR-008,,Creality Ender-3 V3 SE - The Best Entry-Level 3D Printer,1,0,visible,FDM printer with speeds up to 250mm/s and CR Touch auto leveling. Easy assembly in minutes with a flexible PEI build plate. The best entry point into 3D printing in 2024.,"Step into 3D printing with confidence and zero complexity.

The **Creality Ender-3 V3 SE** is purpose-built for beginners without compromising on performance. With auto bed leveling and easy assembly, you'll be printing within 20 minutes of unboxing.

**Why This Product?**
- **250mm/s Speed:** Fast printing powered by the new ""Sprite"" direct drive extruder.
- **CR Touch Auto Leveling:** 16-point probing for a perfectly calibrated bed every time.
- **Flexible PEI Sheet:** Prints pop off effortlessly with a simple flex.
- **Direct Drive Extruder:** Handles flexible materials like TPU without issues.
- **3.2"" Color Screen:** Simple, intuitive interface for hassle-free operation.

**Technical Specifications:**
| Print Technology | FDM |
|---|---|
| Build Volume | 220 × 220 × 250 mm |
| Print Speed | Up to 250 mm/s |
| Layer Height | 0.1 - 0.35 mm |
| Filament Diameter | 1.75 mm |
| Max Nozzle Temp | 260°C |
| Max Bed Temp | 100°C |
| Leveling | CR Touch Auto |
| Dimensions | 430 × 423 × 492 mm |
| Weight | 7.86 kg |",,,taxable,,1,,,0,0,,,,,1,,,749,Enthusiasts & Gamers,,,https://m.media-amazon.com/images/I/61LzJdE3SQL._AC_SL1500_.jpg,,,,,,,,,0,,,
,simple,NG-MKR-009,,ESP32-S3 DevKit 10-Pack - Wi-Fi + Bluetooth 5 Microcontroller for Smart Projects,1,0,visible,"Ten ESP32-S3 development boards with dual-core processor, Wi-Fi, and Bluetooth 5 LE. Perfect for IoT projects and home automation. Massive savings compared to buying individually.","Save more and build bigger with the ESP32-S3 pack from NeoGen.

The **ESP32-S3** is Espressif's latest and most powerful SoC, designed for IoT and edge AI applications. With this 10-pack, you have everything needed to build an entire smart device network.

**Why This Product?**
- **Dual-Core Processor:** Xtensa LX7 at up to 240 MHz for smooth performance.
- **Wi-Fi + Bluetooth 5 LE:** Dual wireless connectivity built into every board.
- **AI Acceleration:** Vector instructions for neural network processing on the edge.
- **Abundant GPIO:** Over 40 programmable pins per board.
- **Native USB:** USB-C with USB OTG support, no external UART adapter needed.
- **10-Pack Value:** Only ~40 SAR per board, saving over 35% vs individual purchase.

**Technical Specifications (per board):**
| Processor | Xtensa LX7 Dual-Core @ 240 MHz |
|---|---|
| Flash Memory | 8 MB |
| PSRAM | 2 MB |
| Wi-Fi | 802.11 b/g/n (2.4 GHz) |
| Bluetooth | 5.0 LE |
| GPIO | 45 pins |
| USB | Type-C (Native USB) |
| ADC | 2x 13-bit SAR ADC |
| Voltage | 3.3V (5V via USB input) |
| Dimensions | 69.2 × 25.4 mm (per board) |",,,taxable,,1,,,0,0,,,,,1,,,399,Enthusiasts & Gamers,,,https://m.media-amazon.com/images/I/61Axq8PeJWL._AC_SL1500_.jpg,,,,,,,,,0,,,
,simple,NG-MKR-010,,Elegoo Mars 4 Ultra Resin 3D Printer - 9K Resolution for Stunning Detail,1,0,visible,"MSLA resin printer with 9K resolution and 7-inch mono LCD. Print speeds up to 150mm/hour with built-in air filtration. The ideal choice for miniatures, jewelry, and precision models.","Fine detail makes all the difference. And the **Elegoo Mars 4 Ultra** delivers the finest detail possible.

With stunning 9K resolution and a pixel size of just 18 microns, this printer produces models with details almost invisible to the naked eye. Whether you're crafting tabletop miniatures or jewelry prototypes, the results will exceed your expectations.

**Why This Product?**
- **9K Resolution:** 8520×4320 pixel screen for unmatched detail fidelity.
- **High Speed:** Up to 150mm/hour thanks to advanced COB light source.
- **Built-in Carbon Filter:** Significantly reduces resin odor during printing.
- **7-inch Screen:** Generous build area for a printer this compact.
- **Wi-Fi Connectivity:** Send print files wirelessly via the Elegoo app.

**Technical Specifications:**
| Print Technology | MSLA (Masked SLA) |
|---|---|
| Screen Resolution | 8520 × 4320 (9K) |
| Build Volume | 153.36 × 77.76 × 165 mm |
| XY Resolution | 18 microns |
| Print Speed | Up to 150 mm/hour |
| Light Source | COB + Fresnel Lens |
| Connectivity | Wi-Fi + USB |
| Air Filtration | Built-in activated carbon filter |
| Dimensions | 227 × 227 × 438.5 mm |
| Weight | 5.6 kg |",,,taxable,,1,,,0,0,,,,,1,,,1549,Enthusiasts & Gamers,,,https://m.media-amazon.com/images/I/61LB9gRk6SL._AC_SL1500_.jpg,,,,,,,,,0,,,
,simple,NG-ACC-006,,"Samsung T7 Shield 2TB Portable SSD - Rugged, Fast, and Secure",1,0,visible,"2TB portable SSD with read speeds up to 1,050MB/s. IP65 water and dust resistant with 3-meter drop protection. Perfect for photographers and content creators on the go.","Your precious data deserves uncompromising protection.

The **Samsung T7 Shield** combines blazing SSD speeds with a rugged build that withstands the toughest conditions. Whether you're in the studio or out in the field, your data stays protected and accessible at lightning speed.

**Why This Product?**
- **1,050MB/s Speed:** Transfer 1TB in under 20 minutes via USB 3.2 Gen 2.
- **IP65 Rated:** Withstands dust, water, and drops from 3 meters.
- **Rubber Armor:** Durable yet stylish design for everyday use.
- **AES 256-bit Encryption:** Password protection via Samsung Magician software.
- **Universal Compatibility:** Works with PC, Mac, Android, and gaming consoles.

**Technical Specifications:**
| Capacity | 2 TB |
|---|---|
| Read Speed | Up to 1,050 MB/s |
| Write Speed | Up to 1,000 MB/s |
| Interface | USB 3.2 Gen 2 (USB-C) |
| Water Resistance | IP65 |
| Drop Protection | 3 meters |
| Encryption | AES 256-bit |
| Dimensions | 88 × 59 × 13 mm |
| Weight | 98 g |",,,taxable,,1,,,0,0,,,,,1,,,799,Accessories & Lifestyle,,,https://m.media-amazon.com/images/I/61U7CUJY-gL._AC_SL1500_.jpg,,,,,,,,,0,,,
,simple,NG-ACC-007,,Anker PowerConf S330 USB Speakerphone - Smart Noise-Canceling Conference Speaker,1,0,visible,USB conference speakerphone with smart microphones and DSP noise cancellation. Crystal-clear audio with 360-degree voice pickup. Perfect for remote meetings and home offices.,"Your meetings deserve better audio than your laptop's built-in speaker.

The **Anker PowerConf S330** transforms any home office into a professional meeting room. With omnidirectional microphones and digital noise cancellation, everyone hears you loud and clear.

**Why This Product?**
- **Smart Microphone:** 360° voice pickup with VoiceRadar speaker-tracking technology.
- **DSP Noise Cancellation:** Intelligent algorithm removes background noise (fans, AC, ambient sounds).
- **Instant USB-C Connection:** Plug and play, no drivers or Bluetooth pairing needed.
- **Universal Compatibility:** Zoom, Teams, Google Meet, Webex, and any other platform.
- **Compact Design:** Palm-sized portability for work anywhere.

**Technical Specifications:**
| Microphone Type | Omnidirectional MEMS |
|---|---|
| Noise Cancellation | Digital DSP |
| Speaker | Built-in 3W driver |
| Connection | USB-C |
| Voice Range | 4-6 people (~3m diameter) |
| Compatibility | Windows, macOS, Linux, ChromeOS |
| Dimensions | 125 × 125 × 30 mm |
| Weight | 240 g |",,,taxable,,1,,,0,0,,,,,1,,,299,Accessories & Lifestyle,,,https://m.media-amazon.com/images/I/61dZQ+J1qQL._AC_SL1500_.jpg,,,,,,,,,0,,,
,simple,NG-ACC-008,,CalDigit TS4 Thunderbolt 4 Dock - 18-Port Professional Docking Station,1,0,visible,"The most powerful dock on the market with 18 ports including Thunderbolt 4, USB4, DisplayPort 1.4, and 2.5GbE. 98W laptop charging through a single cable. The ultimate workstation solution.","One cable connects your entire world.

The **CalDigit TS4** is the most powerful and versatile docking station available. With 18 diverse ports, it transforms your laptop into a complete workstation with a single Thunderbolt cable connection.

**Why This Product?**
- **18 Ports:** 3x Thunderbolt 4, 5x USB-A, 3x USB-C, DisplayPort 1.4, 2.5GbE, SD/microSD, and more.
- **98W Charging:** Powers a MacBook Pro 16"" or any compatible laptop through the same data cable.
- **Multi-Display:** Supports dual 4K@60Hz or single 8K via Thunderbolt and DisplayPort.
- **2.5GbE Network:** 2.5x faster than standard Gigabit Ethernet.
- **Metal Build:** Solid aluminum chassis with fanless passive cooling.

**Technical Specifications:**
| Thunderbolt 4 | 3 (1 upstream + 2 downstream) |
|---|---|
| USB-C | 3x USB 3.2 Gen 2 (10Gbps) |
| USB-A | 5x (3x USB 3.2 + 2x USB 2.0) |
| DisplayPort | 1x DisplayPort 1.4 |
| Network | 2.5 Gigabit Ethernet |
| Card Reader | SD 4.0 UHS-II + microSD |
| Audio | 3.5mm combo jack |
| Charging | 98W PD via Thunderbolt |
| Dimensions | 141 × 42 × 113 mm |
| Weight | 650 g |",,,taxable,,1,,,0,0,,,,,1,,,1899,Accessories & Lifestyle,,,https://m.media-amazon.com/images/I/51mKP0p7vZL._AC_SL1500_.jpg,,,,,,,,,0,,,
,simple,NG-ACC-009,,Ugreen Nexode 100W GaN Charger - 4-Port Gallium Nitride Fast Charger,1,0,visible,"100W GaN charger with 3 USB-C ports and 1 USB-A port. Charge a laptop, phone, and tablet simultaneously. 50% smaller than traditional chargers at the same wattage.","One charger to replace four.

The **Ugreen Nexode 100W** with GaN III (Gallium Nitride) technology delivers massive charging power in a package half the size of a traditional laptop charger. Charge your MacBook Pro, iPhone, and iPad all at once from a single wall outlet.

**Why This Product?**
- **100W Output:** Enough power to fast-charge a MacBook Pro 16"" at full speed.
- **4 Ports:** 3x USB-C + 1x USB-A to charge all your devices together.
- **GaN III Technology:** Smaller, cooler, and more efficient than silicon chargers.
- **Smart Distribution:** Thermal Guard technology protects devices and auto-distributes power.
- **Foldable Plug:** Easy to carry in your bag for travel.

**Technical Specifications:**
| Total Power | 100W |
|---|---|
| USB-C1 | Up to 100W PD 3.0 / PPS |
| USB-C2 | Up to 30W |
| USB-C3 | Up to 30W |
| USB-A | Up to 22.5W (SCP/QC) |
| Charging Tech | GaN III |
| Input | AC 100-240V |
| Dimensions | 71.5 × 69.3 × 31.8 mm |
| Weight | 260 g |",,,taxable,,1,,,0,0,,,,,1,,,229,Accessories & Lifestyle,,,https://m.media-amazon.com/images/I/51M+ufT9ZrL._AC_SL1500_.jpg,,,,,,,,,0,,,
,simple,NG-ACC-010,,WD Red Plus 8TB NAS Hard Drive - Built for Always-On NAS Systems,1,0,visible,8TB hard drive designed for 24/7 operation in NAS systems. CMR recording technology for consistent performance and NASware 3.0 firmware for optimal compatibility. 3-year Western Digital warranty.,"Your NAS deserves drives purpose-built for the job.

The **WD Red Plus 8TB** isn't just any hard drive. It's engineered from the ground up for continuous operation inside NAS systems with workloads up to 180TB per year.

**Why This Product?**
- **CMR Technology:** Conventional Magnetic Recording (not SMR) for consistent, predictable write performance.
- **NASware 3.0:** Built-in firmware optimized for compatibility with Synology, QNAP, and Asustor NAS systems.
- **24/7 Operation:** Designed for non-stop use with up to 1 million hours MTBF.
- **Low Heat:** 3D Active Balance Plus technology reduces vibration and heat.
- **Power Efficient:** Only 6.4W during read/write operations.

**Technical Specifications:**
| Capacity | 8 TB |
|---|---|
| Interface | SATA III 6Gb/s |
| Spindle Speed | 5,640 RPM |
| Cache | 256 MB |
| Recording Tech | CMR |
| Annual Workload | 180 TB/year |
| MTBF | 1,000,000 hours |
| Power | 6.4W (R/W) |
| Dimensions | 147 × 101.6 × 26.1 mm |
| Weight | 720 g |",,,taxable,,1,,,0,0,,,,,1,,,899,Accessories & Lifestyle,,,https://m.media-amazon.com/images/I/71c2R-X3Z3L._AC_SL1500_.jpg,,,,,,,,,0,,,
,simple,NG-3DP-001,,Bambu Lab P1S 3D Printer - Blazing Speed and Pro Quality in an Enclosed Design,1,0,visible,Fully enclosed FDM printer with speeds up to 500mm/s. AMS-compatible auto filament system with auto leveling and AI camera monitoring. The fastest printer in its class.,"Speed and quality are no longer mutually exclusive.

The **Bambu Lab P1S** has rewritten the rules of 3D printing. With print speeds up to 500mm/s and a fully enclosed frame, it delivers professional results previously reserved for industrial machines costing tens of thousands.

**Why This Product?**
- **500mm/s Speed:** 20,000mm/s² acceleration finishes prints in minutes instead of hours.
- **Fully Enclosed:** Maintains consistent temperature for warp-free ABS and ASA printing.
- **AI Camera:** Monitors prints, detects failures, and sends alerts to your phone.
- **LiDAR Auto Leveling:** Precise bed scanning for perfect results every time.
- **AMS Compatible:** Add the automatic filament system for multi-color printing.
- **All-Metal Direct Drive:** Supports PLA, PETG, ABS, ASA, TPU, PA, PC, and more.

**Technical Specifications:**
| Print Technology | FDM (CoreXY) |
|---|---|
| Build Volume | 256 × 256 × 256 mm |
| Print Speed | Up to 500 mm/s |
| Acceleration | 20,000 mm/s² |
| Layer Height | 0.05 - 0.35 mm |
| Nozzle Diameter | 0.4 mm (swappable) |
| Max Nozzle Temp | 300°C |
| Build Plate | Dual-sided magnetic PEI |
| Connectivity | Wi-Fi, USB, MicroSD |
| Dimensions | 386 × 389 × 458 mm |
| Weight | 12.95 kg |",,,taxable,,1,,,0,0,,,,,1,,,3599,3D Printing & CNC,,,https://m.media-amazon.com/images/I/61n+VzI4c9L._AC_SL1500_.jpg,,,,,,,,,0,,,
,simple,NG-3DP-002,,Bambu Lab AMS - Automatic Material System for Multi-Color 3D Printing,1,0,visible,Automatic filament switching system supporting 4 spools. Print with four colors or materials in a single print. Compatible with Bambu Lab P1S and X1C printers.,"Unleash your creativity with four colors in a single print.

The **Bambu Lab AMS** transforms your printer from single-color to a multi-color creative powerhouse. Simply load four filament spools and the system handles everything automatically.

**Why This Product?**
- **4 Colors/Materials:** Print multi-color designs or combine different materials (e.g., PLA + TPU).
- **Auto Switching:** Seamlessly swaps filament during printing without manual intervention.
- **Built-in Humidity Sensor:** Monitors filament moisture and warns when drying is needed.
- **RFID Auto-Detect:** Automatically identifies Bambu Lab filament type and color.
- **Expandable:** Connect up to 4 AMS units (16 colors!) to a single printer.

**Technical Specifications:**
| Spool Slots | 4 |
|---|---|
| Filament Diameter | 1.75 mm |
| Max Spool Diameter | 65 mm |
| Filament Detection | RFID auto (Bambu Lab filament) |
| Humidity Sensor | Built-in |
| Compatibility | Bambu Lab P1S, P1P, X1C, X1E |
| Expansion | Up to 4 units (16 colors) |
| Dimensions | 221 × 332 × 202 mm |
| Weight | 1.75 kg |",,,taxable,,1,,,0,0,,,,,1,,,1299,3D Printing & CNC,,,https://m.media-amazon.com/images/I/61JoWz7X2CL._AC_SL1500_.jpg,,,,,,,,,0,,,
,simple,NG-3DP-003,,Creality K1 Max - Large Format 3D Printer at 600mm/s,1,0,visible,FDM printer with massive 300×300×300mm build volume and 600mm/s top speed. Built-in AI camera with zero-manual-leveling. The largest fast printer in its price class.,"Big projects need a printer that matches your ambition.

The **Creality K1 Max** combines a massive build volume with blazing speed. With a 300×300×300mm print area, print full-size large models without splitting and assembling.

**Why This Product?**
- **Massive Volume:** 300×300×300mm - 60% larger than most high-speed printers.
- **600mm/s Speed:** With 20,000mm/s² acceleration for ultra-fast printing.
- **AI Camera:** Monitors printing and detects failures like poor adhesion and spaghetti.
- **LiDAR Leveling:** 25-point automatic bed scan for perfect leveling.
- **Glass-Enclosed Frame:** Retains heat while allowing visual monitoring.
- **Air Filter:** Activated carbon filter purifies air during printing.

**Technical Specifications:**
| Print Technology | FDM (CoreXY) |
|---|---|
| Build Volume | 300 × 300 × 300 mm |
| Print Speed | Up to 600 mm/s |
| Acceleration | 20,000 mm/s² |
| Layer Height | 0.05 - 0.35 mm |
| Max Nozzle Temp | 300°C |
| Max Bed Temp | 120°C |
| Connectivity | Wi-Fi, USB, LAN |
| Display | 4.3"" Touchscreen |
| Dimensions | 435 × 462 × 526 mm |
| Weight | 18 kg |",,,taxable,,1,,,0,0,,,,,1,,,2999,3D Printing & CNC,,,https://m.media-amazon.com/images/I/61ZEy+Fk7BL._AC_SL1500_.jpg,,,,,,,,,0,,,
,simple,NG-3DP-004,,eSUN PLA+ Filament 10-Color Pack - 10kg Total for 3D Printing,1,0,visible,Ten 1kg spools of PLA+ filament in ten different colors. 1.75mm diameter with ±0.03mm tolerance. Stronger than standard PLA with easy printability. Massive savings vs individual spools.,"Every project deserves its own color. Start with ten at once.

The **eSUN PLA+** 10-pack gives you complete creative freedom with diverse colors for every project. PLA+ is 30% stronger than standard PLA while maintaining the same easy printability.

**Why This Product?**
- **10 Diverse Colors:** Black, White, Gray, Red, Blue, Green, Yellow, Orange, Purple, and Pink.
- **Enhanced PLA+:** Higher toughness, better impact resistance, smoother finish than standard PLA.
- **±0.03mm Tolerance:** Consistent diameter prevents nozzle clogs and ensures smooth printing.
- **Vacuum-Sealed Spools:** Each spool in an airtight bag with silica gel desiccant.
- **Universal Compatibility:** Works with all 1.75mm FDM printers.

**Technical Specifications:**
| Material | PLA+ (Polylactic Acid Plus) |
|---|---|
| Diameter | 1.75 mm (±0.03 mm) |
| Weight | 1 kg × 10 spools |
| Print Temp | 205-225°C |
| Bed Temp | 60-80°C |
| Print Speed | 40-100 mm/s |
| Tensile Strength | ≥ 60 MPa |
| Colors | 10 assorted |
| Spool Diameter | 200 mm |",,,taxable,,1,,,0,0,,,,,1,,,799,3D Printing & CNC,,,https://m.media-amazon.com/images/I/71H05fMpfvL._AC_SL1500_.jpg,,,,,,,,,0,,,
,simple,NG-3DP-005,,Elegoo Saturn 3 Ultra - 12K Resin 3D Printer with 10-inch Screen,1,0,visible,"MSLA resin printer with 12K resolution and a 10-inch screen for a large build area. Print speeds up to 150mm/hour with built-in air filtration. Best for large, high-detail resin prints.","12K resolution on a large build area? With the **Elegoo Saturn 3 Ultra**, it's reality.

This printer combines the extreme precision of a 12K screen with a generous build volume thanks to its 10-inch display. The result: large models with stunning detail in every corner.

**Why This Product?**
- **12K Resolution:** 11,520×5,120 pixels for incredible detail at 19-micron precision.
- **10-inch Screen:** 218.88×122.88×260mm build volume, larger than most resin printers.
- **150mm/hour Speed:** High-density COB light source accelerates curing.
- **Activated Carbon Filter:** Significantly reduces resin odor.
- **Built-in Wi-Fi:** Send print files from the app without cables.
- **Large Resin Vat:** Holds enough resin for extended print runs.

**Technical Specifications:**
| Print Technology | MSLA (Masked SLA) |
|---|---|
| Screen Resolution | 11,520 × 5,120 (12K) |
| Build Volume | 218.88 × 122.88 × 260 mm |
| XY Resolution | 19 microns |
| Print Speed | Up to 150 mm/hour |
| Light Source | COB + Fresnel Lens (405nm) |
| Connectivity | Wi-Fi + USB |
| Air Filtration | Built-in activated carbon filter |
| Dimensions | 305.7 × 273 × 564.5 mm |
| Weight | 10.7 kg |",,,taxable,,1,,,0,0,,,,,1,,,2499,3D Printing & CNC,,,https://m.media-amazon.com/images/I/61aHBZBE2hL._AC_SL1500_.jpg,,,,,,,,,0,,,
,simple,NG-3DP-006,,BIQU H2 V2S Direct Drive Extruder - Lightweight Upgrade for Your 3D Printer,1,0,visible,Direct drive extruder weighing only 217g with 7:1 gear ratio. Supports temperatures up to 300°C and flexible materials like TPU. Perfect upgrade for Ender and CR-10 printers.,"Your old printer deserves a new heart.

The **BIQU H2 V2S** is one of the lightest and most powerful direct drive extruders on the market. At just 217g, it adds negligible weight to the printhead, meaning higher speeds and better quality.

**Why This Product?**
- **Ultra-Light:** Only 217g, suitable for high-speed printers without affecting print quality.
- **7:1 Gear Ratio:** High pushing force for consistent, precise filament feeding.
- **Up to 300°C:** Supports engineering materials like Nylon and PC plus flexible filaments.
- **Easy Installation:** Compatible with most Creality printers and others with available mounting kits.
- **Dual Gears:** Bi-directional drive prevents filament slipping.

**Technical Specifications:**
| Type | Direct Drive Extruder |
|---|---|
| Gear Ratio | 7:1 |
| Max Temperature | 300°C |
| Filament Diameter | 1.75 mm |
| Weight | 217 g |
| Voltage | 12V/24V |
| Supported Materials | PLA, PETG, ABS, TPU, Nylon, PC |
| Stepper Motor | Integrated 42 stepper |
| Nozzle | MK8 compatible |",,,taxable,,1,,,0,0,,,,,1,,,349,3D Printing & CNC,,,https://m.media-amazon.com/images/I/61e0u9V0xDL._AC_SL1500_.jpg,,,,,,,,,0,,,
,simple,NG-3DP-007,,Creality Sonic Pad - Klipper Tablet to Supercharge Your 3D Printer,1,0,visible,7-inch touchscreen controller running Klipper firmware. Multiplies your existing printer's speed up to 5x while improving print quality. Compatible with 80+ Creality printers.,"Don't buy a new printer... supercharge the one you have!

The **Creality Sonic Pad** transforms your old printer into an ultra-fast printing machine using advanced Klipper firmware. Instead of spending thousands on a new printer, invest in the Sonic Pad and get up to five times the speed.

**Why This Product?**
- **Klipper Firmware:** Offloads calculations from the slow control board to a powerful quad-core processor.
- **5x Speed Boost:** Input Shaper eliminates vibrations at high speeds for excellent quality.
- **7-inch Touchscreen:** Easy, intuitive interface for full print control.
- **Camera (Optional):** Monitor prints remotely via the Creality Cloud app.
- **Easy Setup:** Auto-detection wizard finds your printer and configures settings.

**Technical Specifications:**
| Processor | Allwinner T800 Quad-Core |
|---|---|
| RAM | 2GB DDR4 |
| Storage | 8GB eMMC |
| Display | 7"" IPS (1024×600) Touchscreen |
| OS | Klipper (Creality custom) |
| Connectivity | Wi-Fi, Ethernet, USB |
| ADXL345 | Built-in accelerometer for Input Shaper |
| Compatibility | 80+ Creality printers |
| Dimensions | 210 × 145 × 16 mm |
| Weight | 480 g |",,,taxable,,1,,,0,0,,,,,1,,,649,3D Printing & CNC,,,https://m.media-amazon.com/images/I/61mmh1PUFfL._AC_SL1500_.jpg,,,,,,,,,0,,,
,simple,NG-3DP-008,,Phrozen Sonic Mini 8K S - 22-Micron Pixel Resin 3D Printer,1,0,visible,"Compact resin printer with 7,500×3,240 pixel (8K) resolution and 7.1-inch mono LCD. 22-micron pixel size for exceptional detail. Ideal for high-detail miniatures and jewelry.","Small footprint, limitless precision.

The **Phrozen Sonic Mini 8K S** is designed for those who demand the highest possible detail from a compact resin printer. With 22-micron pixels and a fast mono screen, it produces details virtually indistinguishable from cast products.

**Why This Product?**
- **8K Resolution:** 7,500×3,240 screen for ultra-smooth surface details.
- **22-Micron Pixels:** Among the smallest pixel sizes in consumer resin printers.
- **Fast Mono Screen:** Long lifespan and high curing speed.
- **Metal Build:** Solid aluminum frame with precision linear Z-axis rail.
- **CHITUBOX Compatible:** Works with the most popular resin slicing software.

**Technical Specifications:**
| Print Technology | MSLA (Masked SLA) |
|---|---|
| Screen Resolution | 7,500 × 3,240 (8K) |
| Build Volume | 165 × 72 × 180 mm |
| XY Resolution | 22 microns |
| Print Speed | Up to 80 mm/hour |
| Light Source | UV LED (405nm) |
| Connectivity | USB |
| Dimensions | 250 × 250 × 440 mm |
| Weight | 6.5 kg |",,,taxable,,1,,,0,0,,,,,1,,,1899,3D Printing & CNC,,,https://m.media-amazon.com/images/I/61BZ6t11oML._AC_SL1500_.jpg,,,,,,,,,0,,,
,simple,NG-CBL-001,,Ugreen USB-C to HDMI 2.1 Cable (2m) - 8K@60Hz Output,1,0,visible,"USB-C to HDMI 2.1 cable supporting 8K@60Hz and 4K@120Hz. 2-meter length with gold-plated connectors. Compatible with MacBook, iPad Pro, and Samsung DeX devices.","Display your screen on the biggest stage at the highest resolution.

The **Ugreen USB-C to HDMI 2.1** cable connects your laptop or tablet to a display or projector at up to 8K resolution. No extra adapters, no lag, stunning picture quality.

**Why This Product?**
- **HDMI 2.1:** Supports 8K@60Hz and 4K@120Hz for a premium visual experience.
- **48Gbps Bandwidth:** Enough for the highest resolution at the highest refresh rate.
- **HDR10+:** Vivid colors and high contrast on compatible displays.
- **Gold-Plated Connectors:** Corrosion-resistant with stable signal transmission.
- **Nylon Braided:** Durable cable that withstands repeated bending.

**Technical Specifications:**
| Cable Type | USB-C to HDMI 2.1 |
|---|---|
| Length | 2 meters |
| Max Resolution | 8K@60Hz / 4K@120Hz |
| Bandwidth | 48 Gbps |
| HDR | HDR10+ / Dolby Vision |
| Connectors | Gold-plated |
| Jacket | Nylon braided |
| Compatibility | MacBook, iPad Pro, Galaxy S/Tab, Surface |",,,taxable,,1,,,0,0,,,,,1,,,99,Cables & Adapters,,,https://m.media-amazon.com/images/I/51JcE1q+TtL._AC_SL1500_.jpg,,,,,,,,,0,,,
,simple,NG-CBL-002,,Anker USB-C Hub 7-in-1 - Multi-Port Adapter for Laptops,1,0,visible,"7-in-1 USB-C hub: HDMI 4K, 2x USB-A 3.0, USB-C PD 100W, SD/microSD, and USB-C data. Sleek aluminum design. The perfect laptop companion.","One USB-C port on your laptop? Turn it into seven.

The **Anker 7-in-1 USB-C Hub** brings back all the ports you've been missing on modern laptops. From HDMI to SD Card to USB-A, everything in one sleek palm-sized device.

**Why This Product?**
- **HDMI 4K@30Hz:** Mirror or extend to an external display or projector at 4K.
- **100W PD Pass-Through:** Charge your laptop through the hub with minimal loss.
- **Dual USB-A 3.0:** For USB drives, mouse, keyboard, and peripherals.
- **Dual Card Reader:** SD and microSD slots for instant camera photo transfer.
- **Aluminum Build:** Effective passive cooling with a professional look.

**Technical Specifications:**
| HDMI | 1x HDMI 4K@30Hz |
|---|---|
| USB-A | 2x USB 3.0 (5Gbps) |
| USB-C PD | 1x Charging up to 100W |
| USB-C Data | 1x Data (5Gbps) |
| Card Reader | SD + microSD (UHS-I) |
| Chassis | Aluminum |
| Cable | 18cm integrated |
| Weight | 63 g |",,,taxable,,1,,,0,0,,,,,1,,,179,Cables & Adapters,,,https://m.media-amazon.com/images/I/61gMaq06JuL._AC_SL1500_.jpg,,,,,,,,,0,,,
,simple,NG-CBL-003,,Cable Matters Thunderbolt 4 Cable (2m) - 40Gbps with 100W Charging,1,0,visible,Intel-certified Thunderbolt 4 cable with 40Gbps speed and 100W PD charging. Supports dual 4K or single 8K display. Compatible with USB4 and Thunderbolt 3. 2-meter length.,"One cable carries everything: data, video, and power.

The **Cable Matters Thunderbolt 4** cable is the most versatile and capable cable on the market. With 40Gbps speed, 100W charging, and dual display support, it's the only cable you need.

**Why This Product?**
- **40Gbps:** Blazing data transfer for docking stations and external storage.
- **100W PD Charging:** Charges your laptop at full speed through the same cable.
- **Dual 4K or Single 8K:** Multi-display video support via Daisy Chain.
- **Intel Certified:** Official Thunderbolt 4 certification for maximum compatibility.
- **USB4 Compatible:** Works with any USB-C/USB4/TB3/TB4 device.

**Technical Specifications:**
| Standard | Thunderbolt 4 / USB4 |
|---|---|
| Speed | 40 Gbps |
| PD Charging | Up to 100W |
| Video | 2x 4K@60Hz or 1x 8K@30Hz |
| Length | 2 meters |
| Connectors | USB-C (nickel-plated) |
| Certification | Intel Thunderbolt 4 |
| Jacket | Flexible PVC |",,,taxable,,1,,,0,0,,,,,1,,,219,Cables & Adapters,,,https://m.media-amazon.com/images/I/51bk-QMsDaL._AC_SL1500_.jpg,,,,,,,,,0,,,
,simple,NG-CBL-004,,Ugreen Cat 8 Ethernet Cable (5m) - 40Gbps Network Cable,1,0,visible,Cat 8 Ethernet cable with 40Gbps speed and 2000MHz bandwidth. Gold-plated RJ45 connectors with dual S/FTP shielding. 5-meter length. Perfect for 10G home and office networks.,"Your local network deserves speeds that match your devices.

The **Ugreen Cat 8** cable delivers maximum speed for your wired network. With 40Gbps support and dual shielding against interference, it ensures stable, fast connectivity for NAS devices, servers, and gaming rigs.

**Why This Product?**
- **40Gbps / 2000MHz:** Supports 10GbE, 25GbE, and 40GbE networks.
- **S/FTP Shielding:** Dual protection (foil + braid) prevents electromagnetic interference.
- **Gold-Plated RJ45:** Stable, corrosion-resistant connections.
- **Flat Design:** Easy to route under carpets and along walls.
- **Backward Compatible:** Works with Cat 7/6a/6/5e without issues.

**Technical Specifications:**
| Category | Cat 8 (S/FTP) |
|---|---|
| Speed | 40 Gbps |
| Bandwidth | 2000 MHz |
| Length | 5 meters |
| Connectors | Gold-plated RJ45 |
| Shielding | Dual S/FTP |
| Wire | 26 AWG pure copper |
| Design | Flat cable |",,,taxable,,1,,,0,0,,,,,1,,,65,Cables & Adapters,,,https://m.media-amazon.com/images/I/71pVqH2uVTL._AC_SL1500_.jpg,,,,,,,,,0,,,
,simple,NG-CBL-005,,Baseus USB-C 100W Charging Cable (2m) - Fast Charge for Laptops and Phones,1,0,visible,USB-C to USB-C cable with 100W charging and 480Mbps data transfer. 2-meter nylon braided design. Supports PD 3.0 and QC 4.0 for ultra-fast charging.,"One cable charges everything from your laptop to your phone.

The **Baseus 100W USB-C** cable is built for the fast-charging era. At 100W, it charges a MacBook Pro 13"" from 0% to 50% in about 30 minutes. With durable nylon braiding, it'll last years of daily use.

**Why This Product?**
- **100W PD 3.0:** Charges laptops, tablets, and phones at maximum speed.
- **Nylon Braided:** Bend-resistant and durable, withstands 20,000+ bends.
- **LED Indicator:** Small light shows charging status.
- **Reinforced Connectors:** Stress relief near connectors prevents fraying.
- **Ideal Length:** 2 meters gives you plenty of reach.

**Technical Specifications:**
| Type | USB-C to USB-C |
|---|---|
| Charging Power | 100W (20V/5A) PD 3.0 |
| Data Transfer | 480 Mbps (USB 2.0) |
| Length | 2 meters |
| Jacket | Nylon braided |
| Indicator | Built-in LED |
| Certifications | PD 3.0, QC 4.0, FCP, SCP |
| Weight | 48 g |",,,taxable,,1,,,0,0,,,,,1,,,49,Cables & Adapters,,,https://m.media-amazon.com/images/I/51a9u4tHiRL._AC_SL1500_.jpg,,,,,,,,,0,,,
,simple,NG-CBL-006,,Ugreen 5-in-1 USB-C Dock - HDMI 4K + Ethernet + USB 3.0,1,0,visible,"USB-C adapter with five ports: HDMI 4K@60Hz, Gigabit Ethernet, 2x USB-A 3.0, and USB-C PD 100W. Compact fanless design. Perfect for work and presentations.","Five essential ports in a thumb-sized device.

The **Ugreen 5-in-1** dock provides the most important missing ports from your modern laptop: HDMI display, wired network, USB ports, and pass-through charging. All in a pocket-friendly adapter.

**Why This Product?**
- **HDMI 4K@60Hz:** Full resolution at high refresh rate for smooth output.
- **Gigabit Ethernet:** Stable wired connection at 1Gbps.
- **Dual USB-A 3.0:** For peripherals and USB drives.
- **100W PD Pass-Through:** Charge your laptop without power loss.
- **Plug & Play:** No drivers needed, works instantly on all platforms.

**Technical Specifications:**
| HDMI | 1x 4K@60Hz |
|---|---|
| Ethernet | 1x Gigabit (1000Mbps) |
| USB-A | 2x USB 3.0 (5Gbps) |
| USB-C PD | 1x Charging up to 100W |
| Chassis | Aluminum |
| Cable | 15cm integrated |
| Weight | 55 g |
| Compatibility | macOS, Windows, Linux, ChromeOS |",,,taxable,,1,,,0,0,,,,,1,,,129,Cables & Adapters,,,https://m.media-amazon.com/images/I/61X6V3KGJZL._AC_SL1500_.jpg,,,,,,,,,0,,,
,simple,NG-CBL-007,,DAC SFP+ 10G Direct Attach Cable (3m) - Direct Switch-to-Switch Connection,1,0,visible,"Direct Attach Copper (DAC) cable with dual SFP+ connectors for 10Gbps speed. 3-meter length. Cost-effective alternative to optical SFP+ modules. Compatible with Mikrotik, Ubiquiti, Cisco, and more.","Connect 10G network equipment at the lowest possible cost.

The **DAC SFP+ 10G** cable is the easiest and cheapest way to link 10 Gigabit switches together. Instead of buying optical SFP+ modules and fiber cables, one DAC cable does the job.

**Why This Product?**
- **Full 10Gbps:** 10 Gigabit speed over direct copper cable.
- **Low Latency:** Minimal delay compared to optical modules (no electrical-optical conversion).
- **Lower Power:** 50% less power consumption than optical SFP+ modules.
- **Universal Compatibility:** Works with Mikrotik CSS610, Ubiquiti, Cisco, Mellanox, and more.
- **Plug & Play:** No configuration needed, connect and go.

**Technical Specifications:**
| Type | DAC (Direct Attach Copper) |
|---|---|
| Speed | 10 Gbps |
| Connectors | SFP+ on both ends |
| Length | 3 meters |
| Wire | Twinax copper 30 AWG |
| Power Consumption | ~0.5W |
| Compatibility | Mikrotik, Ubiquiti, Cisco, FS, Mellanox |
| Temperature | 0°C - 70°C |",,,taxable,,1,,,0,0,,,,,1,,,119,Cables & Adapters,,,https://m.media-amazon.com/images/I/61cZH5JqSKL._AC_SL1500_.jpg,,,,,,,,,0,,,
,simple,NG-CBL-008,,HDMI 2.1 8K Fiber Optic Cable (10m) - Zero Signal Loss,1,0,visible,"HDMI 2.1 fiber optic cable supporting 8K@60Hz and 4K@120Hz. 10-meter length with zero signal degradation. Supports eARC, VRR, and ALLM. Perfect for long-distance runs.","10 meters with zero signal loss? Fiber optics make the impossible possible.

The **HDMI 2.1 Fiber Optic** cable overcomes the biggest problem with copper HDMI cables: signal degradation over distance. Thanks to fiber optics, a full 8K signal arrives at 10 meters with the same quality as at one meter.

**Why This Product?**
- **10 Meters, Zero Loss:** Fiber optics transmit signal without degradation over long distances.
- **8K@60Hz / 4K@120Hz:** Full HDMI 2.1 support with 48Gbps bandwidth.
- **eARC:** Lossless audio passthrough (Dolby Atmos, DTS:X).
- **VRR + ALLM:** Variable refresh rate and auto low-latency mode for gaming.
- **Thin and Flexible:** Much thinner and lighter than copper HDMI cables.
- **EMI Immune:** Fiber optics are unaffected by electromagnetic interference.

**Technical Specifications:**
| Standard | HDMI 2.1 (Fiber Optic) |
|---|---|
| Max Resolution | 8K@60Hz / 4K@120Hz |
| Bandwidth | 48 Gbps |
| Length | 10 meters |
| eARC | Yes |
| VRR / ALLM | Yes |
| HDR | HDR10+ / Dolby Vision / HLG |
| Diameter | 4.5 mm |
| Weight | 120 g |",,,taxable,,1,,,0,0,,,,,1,,,189,Cables & Adapters,,,https://m.media-amazon.com/images/I/51JcE1q+TtL._AC_SL1500_.jpg,,,,,,,,,0,,,
,simple,NG-DRN-001,,DJI Mini 4 Pro - Sub-249g Drone with 4K/60fps Camera,1,0,visible,Lightweight drone (under 249g) with 4K/60fps camera and 1/1.3-inch CMOS sensor. Omnidirectional obstacle avoidance in all directions. Up to 34 minutes flight time. No registration required in most countries.,"A cinematic flying camera that fits in your palm.

The **DJI Mini 4 Pro** proves that small size doesn't mean compromises. At under 249g (exempt from registration in most countries), it delivers 4K/60fps video with a large sensor and advanced obstacle avoidance that makes it safe for beginners and pros alike.

**Why This Product?**
- **Under 249g:** Exempt from flight registration in most countries (check local regulations).
- **4K/60fps Camera:** 1/1.3-inch sensor with HDR and 4K slow-motion.
- **Omnidirectional Obstacle Avoidance:** Sensors in all directions (front, rear, top, bottom, sides).
- **34-Minute Flight:** Intelligent battery for a full shooting session.
- **20km Video Transmission:** O4 technology for live HD video up to 20km.
- **ActiveTrack 360°:** Intelligent subject tracking from any angle.

**Technical Specifications:**
| Weight | 249 g (sub-registration threshold) |
|---|---|
| Camera | 1/1.3"" CMOS, 48MP |
| Video | 4K/60fps, 4K/100fps (slow-mo) |
| Obstacle Avoidance | APAS 5.0 (omnidirectional) |
| Flight Time | 34 minutes |
| Range | 20 km (O4 video transmission) |
| Max Speed | 57 km/h (Sport mode) |
| Wind Resistance | Level 5 (29-38 km/h) |
| Storage | microSD up to 512GB |
| Folded Dimensions | 148 × 94 × 64 mm |",,,taxable,,1,,,0,0,,,,,1,,,4299,Drones & Robotics,,,https://m.media-amazon.com/images/I/61KwG+J0GLL._AC_SL1500_.jpg,,,,,,,,,0,,,
,simple,NG-DRN-002,,DJI Avata 2 - Immersive FPV Drone with Goggles,1,0,visible,Immersive FPV drone with 4K/60fps camera and 1/1.7-inch sensor. Includes DJI Goggles 3 and motion controller. First-person flying experience like no other. Weighs 377g.,"Fly like a bird. See the world from a perspective you've never experienced.

The **DJI Avata 2** delivers an unmatched FPV (First Person View) flying experience. Put on the goggles, grab the motion controller, and fly freely while capturing cinematic footage.

**Why This Product?**
- **Goggles 3:** Micro-OLED 1080p display for fully immersive vision.
- **Motion Control:** Move your hand and the drone follows naturally and intuitively.
- **4K/60fps:** 1/1.7-inch sensor with EIS stabilization for smooth footage.
- **Propeller Guards:** Built-in guards protect propellers from collisions.
- **Turtle Mode:** Flipped over? Return to normal with a single button press.
- **23-Minute Flight:** Enough for thrilling FPV sessions.

**Technical Specifications:**
| Weight | 377 g |
|---|---|
| Camera | 1/1.7"" CMOS, 12MP |
| Video | 4K/60fps with EIS |
| Field of View | FOV 155° |
| Flight Time | 23 minutes |
| Range | 13 km (O4+ video transmission) |
| Max Speed | 108 km/h (Manual mode) |
| Obstacle Avoidance | Front and downward |
| Goggles | DJI Goggles 3 (Micro-OLED 1080p) |
| Dimensions | 185 × 253 × 107 mm |",,,taxable,,1,,,0,0,,,,,1,,,2899,Drones & Robotics,,,https://m.media-amazon.com/images/I/61C-bBB3jNL._AC_SL1500_.jpg,,,,,,,,,0,,,
,simple,NG-DRN-003,,DJI Osmo Action 5 Pro - 4K/120fps Waterproof Action Camera,1,0,visible,Action camera with 1/1.3-inch sensor and 4K/120fps recording. Waterproof to 20m without a case. 4-hour battery life with RockSteady 3.0 stabilization. Direct GoPro Hero competitor.,"The camera that never stops, no matter the conditions.

The **DJI Osmo Action 5 Pro** is DJI's most powerful action camera yet. With a large 1/1.3-inch sensor and 4-hour battery, it outperforms competitors across every metric.

**Why This Product?**
- **4K/120fps:** Cinematic slow-motion at full 4K resolution.
- **1/1.3-inch Sensor:** Stunning low-light performance.
- **20m Waterproof:** Dive without an external housing.
- **4-Hour Battery:** Longest battery life in its class.
- **RockSteady 3.0 + HorizonSteady:** Superior stabilization keeps the horizon level even while spinning.
- **Dual Screens:** Front screen for selfies, rear touchscreen for monitoring.

**Technical Specifications:**
| Sensor | 1/1.3"" CMOS |
|---|---|
| Video | 4K/120fps, 4K HDR |
| Photos | 40 MP |
| Waterproof | 20 meters (no case needed) |
| Battery | 1950mAh (up to 4 hours) |
| Stabilization | RockSteady 3.0 + HorizonSteady |
| Display | Front 1.4"" + Rear 2.5"" touch |
| Connectivity | Wi-Fi 6, Bluetooth 5.0 |
| Dimensions | 70.5 × 44.2 × 32.8 mm |
| Weight | 145 g |",,,taxable,,1,,,0,0,,,,,1,,,1649,Drones & Robotics,,,https://m.media-amazon.com/images/I/61B+bv7y6ML._AC_SL1500_.jpg,,,,,,,,,0,,,
,simple,NG-DRN-004,,DJI RS 4 - 3-Axis Gimbal Stabilizer for Professional Cameras,1,0,visible,3-axis gimbal supporting cameras up to 3kg. 13.5-hour battery with fast charging. Bluetooth control and intelligent tracking. Perfect for filmmakers and content creators.,"Cinematic stabilization without limits.

The **DJI RS 4** delivers professional stabilization for DSLR and mirrorless cameras. With a 3kg payload and all-day battery life, it's the essential tool for every serious content creator.

**Why This Product?**
- **3kg Payload:** Supports cameras like Sony A7IV, Canon R6 II, with large lenses.
- **13.5-Hour Battery:** A full day of shooting on a single charge.
- **Fast Charging:** One hour for a full charge.
- **Auto Axis Locks:** Magnetic quick-locks secure axes when not in use.
- **OLED Touchscreen:** Easy control of camera and gimbal settings.
- **Smart Modes:** Face tracking, motion timelapse, panorama, and more.

**Technical Specifications:**
| Axes | 3-axis (Pan, Tilt, Roll) |
|---|---|
| Max Payload | 3 kg |
| Battery Life | 13.5 hours |
| Fast Charging | 1 hour (0-100%) |
| Display | 1.8"" OLED Touchscreen |
| Connectivity | Bluetooth 5.0 |
| Compatibility | Sony, Canon, Nikon, Panasonic, Fujifilm |
| Weight | 1.52 kg (without camera) |
| Dimensions | 277 × 260 × 72 mm |",,,taxable,,1,,,0,0,,,,,1,,,2199,Drones & Robotics,,,https://m.media-amazon.com/images/I/51vXmXn4KHL._AC_SL1500_.jpg,,,,,,,,,0,,,
,simple,NG-DRN-005,,Insta360 X4 - 8K 360-Degree Camera,1,0,visible,360-degree camera with 8K/30fps and 5.7K/60fps recording. 2290mAh battery lasting 135 minutes. Waterproof to 10 meters. AI-powered auto-reframing for effortless editing.,"Capture everything, then choose the perfect angle later.

The **Insta360 X4** records full 360-degree video at stunning 8K resolution. The magic? After filming, you can reframe the shot and choose any angle as if you filmed with a traditional camera.

**Why This Product?**
- **8K/30fps at 360°:** Highest resolution available in a consumer 360 camera.
- **AI Reframing:** Choose any angle after filming; the app converts 360° to flat video.
- **Invisible Selfie Stick:** The stick disappears automatically from video, creating drone-like shots.
- **10m Waterproof:** Water adventures without an external case.
- **135-Minute Battery:** Longer than any competing 360 camera.
- **Me Mode:** Intelligent tracking keeps you centered in frame.

**Technical Specifications:**
| 360° Resolution | 8K/30fps, 5.7K/60fps |
|---|---|
| Flat Resolution | 4K/60fps (reframed) |
| Photos | 72 MP (360°) |
| Waterproof | 10 meters |
| Battery | 2290mAh (135 minutes) |
| Stabilization | FlowState |
| Connectivity | Wi-Fi 6, Bluetooth 5.2, USB-C |
| Storage | microSD up to 1TB |
| Dimensions | 46 × 123.6 × 37.6 mm |
| Weight | 203 g |",,,taxable,,1,,,0,0,,,,,1,,,2499,Drones & Robotics,,,https://m.media-amazon.com/images/I/61FRqGGNIgL._AC_SL1500_.jpg,,,,,,,,,0,,,
,simple,NG-DRN-006,,FIMI X8 Mini V2 - 4K Drone at 245g with Competitive Pricing,1,0,visible,Lightweight drone (245g) with 4K/30fps camera and 3-axis mechanical gimbal. 31-minute flight time and 9km range. Excellent budget alternative to DJI Mini.,"DJI quality at half the price? Very close!

The **FIMI X8 Mini V2** delivers impressive specs at a price below most competitors. At 245g (under the registration threshold) with a real mechanical gimbal, it captures stable 4K footage.

**Why This Product?**
- **245g:** Under the 249g threshold, no registration in most countries.
- **3-Axis Mechanical Gimbal:** Real stabilization, not just electronic.
- **4K/30fps:** High-resolution video with RAW photo support.
- **31-Minute Flight:** Enough battery for a comfortable shooting session.
- **9km Range:** Enhanced live video transmission.
- **Competitive Price:** Excellent performance at significantly less than DJI Mini.

**Technical Specifications:**
| Weight | 245 g |
|---|---|
| Camera | 1/2.6"" CMOS, 12MP |
| Video | 4K/30fps with 3-axis gimbal |
| Flight Time | 31 minutes |
| Range | 9 km |
| Max Speed | 57.6 km/h |
| Wind Resistance | Level 5 |
| Storage | microSD up to 256GB |
| Folded Dimensions | 145 × 85 × 56 mm |",,,taxable,,1,,,0,0,,,,,1,,,1549,Drones & Robotics,,,https://m.media-amazon.com/images/I/61-8A3KYq8L._AC_SL1500_.jpg,,,,,,,,,0,,,
,simple,NG-DRN-007,,"Roborock S8 MaxV Ultra - Smart Robot Vacuum with 10,000Pa Suction",1,0,visible,"Robot vacuum and mop with 10,000Pa suction power. Self-maintaining dock washes, dries, refills water, and empties dust automatically. AI camera obstacle avoidance. Home Assistant compatible.","Your home's cleanliness on autopilot.

The **Roborock S8 MaxV Ultra** is the most powerful and intelligent robot cleaner in the world. With 10,000Pa suction and a fully self-maintaining dock, all you need to do is sit back and relax.

**Why This Product?**
- **10,000Pa Suction:** Strongest in class, cleans deep carpets and hard floors.
- **Fully Self-Maintaining Dock:** Hot water mop washing (60°C), drying, clean water refill, and dust emptying.
- **Auto-Lifting Mop:** Raises 20mm when transitioning to carpet to prevent wetting.
- **ReactiveAI 2.0 Camera:** Recognizes 73+ obstacle types (shoes, cables, toys) and avoids them.
- **LiDAR + Camera:** Precise 3D mapping of your home.
- **Smart Control:** Roborock app + Alexa, Google Home, and Home Assistant support.

**Technical Specifications:**
| Suction Power | 10,000 Pa |
|---|---|
| Battery | 5200mAh (up to 180 minutes) |
| Navigation | LiDAR + ReactiveAI 2.0 Camera |
| Mop | Dual rotating + 20mm auto-lift |
| Dock | Hot wash + dry + water refill + dust empty |
| Dustbin Capacity | 350ml (robot) + 2.5L (dock) |
| Water Tank | 200ml (robot) + 4L (dock) |
| Noise Level | 67 dB (balanced mode) |
| Dimensions | 353 × 353 × 96.5 mm |
| Weight | 4.65 kg (robot only) |",,,taxable,,1,,,0,0,,,,,1,,,5699,Drones & Robotics,,,https://m.media-amazon.com/images/I/61H9Y8PLMZL._AC_SL1500_.jpg,,,,,,,,,0,,,
,simple,NG-DRN-008,,DJI Pocket 3 - Pocket-Sized Gimbal Camera with 1-Inch Sensor,1,0,visible,Pocket-sized handheld camera with 3-axis mechanical gimbal and 1-inch CMOS sensor. 4K/120fps recording with a rotatable 2-inch touchscreen. The world's smallest 1-inch sensor gimbal camera.,"A cinematic studio in your pocket.

The **DJI Pocket 3** combines a large 1-inch sensor with a 3-axis mechanical gimbal in a device the size of a marker. The result: limitless cinematic stabilized video wherever you go.

**Why This Product?**
- **1-Inch Sensor:** Stunning low-light performance with natural depth of field.
- **3-Axis Gimbal:** True mechanical stabilization for silk-smooth footage.
- **4K/120fps:** Cinematic slow-motion at the highest resolution.
- **Rotatable 2"" Screen:** Rotates for vertical (social media) or horizontal shooting.
- **Triple Microphone:** High-quality stereo audio with wind noise reduction.
- **ActiveTrack 6.0:** Precision intelligent subject tracking.

**Technical Specifications:**
| Sensor | 1"" CMOS |
|---|---|
| Video | 4K/120fps, 4K HDR |
| Photos | 40 MP |
| Gimbal | 3-axis mechanical |
| Display | 2"" OLED rotatable touchscreen |
| Battery | 1300mAh (up to 166 minutes) |
| Connectivity | Wi-Fi 6, Bluetooth 5.2 |
| Storage | microSD up to 512GB |
| Dimensions | 139.7 × 42.2 × 33.5 mm |
| Weight | 179 g |",,,taxable,,1,,,0,0,,,,,1,,,2099,Drones & Robotics,,,https://m.media-amazon.com/images/I/51FBz+JZYFL._AC_SL1500_.jpg,,,,,,,,,0,,,
,simple,NG-SEC-001,,Reolink RLC-810A - 4K PoE AI Security Camera,1,0,visible,Outdoor 4K (8MP) security camera with PoE power over Ethernet. AI-powered person and vehicle detection. 30-meter night vision. Local storage on microSD or NVR.,"Cinematic-quality surveillance around the clock.

The **Reolink RLC-810A** delivers true 4K resolution at 8 megapixels with AI that distinguishes between people, vehicles, and general motion. No more false alerts from cats or trees.

**Why This Product?**
- **True 4K:** 3840×2160 pixels for clear details even with digital zoom.
- **AI Detection:** Distinguishes people from vehicles, sends customized alerts for each type.
- **PoE:** Single Ethernet cable for power and data, no separate power source needed.
- **30m Night Vision:** Powerful IR LEDs for clear nighttime surveillance.
- **IP66 Weatherproof:** Withstands rain, dust, and extreme heat.
- **Flexible Storage:** microSD up to 256GB, NVR, or NAS server.

**Technical Specifications:**
| Resolution | 4K (3840×2160) 8MP |
|---|---|
| Lens | 4mm (87° angle) |
| Night Vision | IR up to 30 meters |
| AI Detection | Person + Vehicle |
| Power | PoE (802.3af) / DC 12V |
| Weather Rating | IP66 |
| Storage | microSD (up to 256GB) / NVR / FTP |
| Protocols | ONVIF, RTSP, RTMP |
| Dimensions | 183 × 72 × 70 mm |
| Weight | 550 g |",,,taxable,,1,,,0,0,,,,,1,,,319,Security & Surveillance,,,https://m.media-amazon.com/images/I/51ZX2U3U7QL._AC_SL1500_.jpg,,,,,,,,,0,,,
,simple,NG-SEC-002,,Reolink Argus 4 Pro - Solar-Powered Wireless 4K Security Camera,1,0,visible,Fully wireless 4K security camera with integrated solar panel. Color night vision and AI smart detection. Built-in battery charges via solar. No wires needed whatsoever.,"Surveillance without wires, without electricity bills, without limits.

The **Reolink Argus 4 Pro** runs entirely on solar power with a built-in battery. Place it anywhere you want - garden, farm, parking lot - without needing any cable.

**Why This Product?**
- **Solar Powered:** Integrated solar panel keeps the battery charged year-round.
- **Full 4K:** 3840×2160 resolution with 180° wide-angle view (dual lens).
- **Color Night Vision:** Built-in spotlights for color vision even in darkness.
- **Wi-Fi 6:** Fast, stable wireless connection without network cables.
- **AI Smart Detection:** Distinguishes people, vehicles, and animals.
- **Two-Way Audio:** Talk to visitors or deter intruders via the app.

**Technical Specifications:**
| Resolution | 4K (8MP) dual-lens 180° |
|---|---|
| Power | Solar panel + built-in battery |
| Night Vision | Color (Spotlight) + IR 10m |
| AI Detection | Person + Vehicle + Animal |
| Connectivity | Wi-Fi 6 (2.4/5 GHz) |
| Audio | Two-way + siren |
| Weather Rating | IP65 |
| Storage | microSD + cloud |
| Dimensions | 131 × 73 × 53 mm (camera) |",,,taxable,,1,,,0,0,,,,,1,,,749,Security & Surveillance,,,https://m.media-amazon.com/images/I/61EqEhKH5bL._AC_SL1500_.jpg,,,,,,,,,0,,,
,simple,NG-SEC-003,,Hikvision DS-2CD2143G2-I - 4MP AcuSense Dome Camera,1,0,visible,Indoor/outdoor 4MP dome camera with AcuSense AI detection. 2.8mm lens with 103° angle and 30-meter night vision. Vandal-proof IK10 design with PoE power.,"The world's #1 name in surveillance, now with advanced AI.

The **Hikvision DS-2CD2143G2-I** with AcuSense technology delivers smart detection that distinguishes between humans and vehicles, reducing false alarms by up to 95%. Hikvision's trusted quality with second-generation intelligence.

**Why This Product?**
- **AcuSense Technology:** Deep Learning algorithm accurately classifies humans and vehicles.
- **4 Megapixels:** 2688×1520 resolution for clear, detailed images.
- **IK10 Vandal-Proof:** Metal housing withstands impact and tampering.
- **120dB WDR:** Wide Dynamic Range for areas with varying lighting.
- **H.265+:** Advanced compression saves up to 80% storage space.
- **Flexible Mounting:** Suitable for indoor/outdoor ceilings and walls.

**Technical Specifications:**
| Resolution | 4 MP (2688×1520) |
|---|---|
| Lens | 2.8mm (103° angle) |
| Night Vision | IR up to 30 meters |
| AI Technology | AcuSense (Person + Vehicle) |
| Compression | H.265+ / H.264+ |
| WDR | 120 dB |
| Power | PoE (802.3af) / DC 12V |
| Weather Rating | IP67 |
| Vandal Proof | IK10 |
| Dimensions | 111mm diameter × 82mm |
| Weight | 480 g |",,,taxable,,1,,,0,0,,,,,1,,,429,Security & Surveillance,,,https://m.media-amazon.com/images/I/51QRcGE8MKL._AC_SL1500_.jpg,,,,,,,,,0,,,
,simple,NG-SEC-004,,Ubiquiti UniFi Protect G4 Doorbell Pro - 5MP Smart Doorbell with Fingerprint Reader,1,0,visible,"Smart video doorbell with 5MP camera, night vision, and built-in fingerprint reader. On-device LCD screen for visitor messages. Works with UniFi Protect with no monthly subscription.","The most advanced doorbell in the world.

The **Ubiquiti G4 Doorbell Pro** isn't just another smart doorbell. With a 5MP camera, fingerprint reader, and built-in LCD screen, it elevates your front door security to an entirely new level.

**Why This Product?**
- **5MP Camera:** Wide-angle view covers the door and surroundings in high detail.
- **Fingerprint Reader:** Unlock your smart lock directly from the doorbell.
- **Built-in LCD Screen:** Display custom messages to visitors (e.g., ""Leave the package here"").
- **No Subscription:** UniFi Protect records locally with zero monthly fees (requires UniFi OS Console).
- **Excellent Night Vision:** IR lights and LEDs for visibility in darkness.
- **Package Detection:** Detects packages at your door and alerts you.

**Technical Specifications:**
| Resolution | 5 MP (2560×1920) |
|---|---|
| Field of View | 155° diagonal |
| Night Vision | IR + LED |
| Fingerprint Reader | Built-in (Capacitive) |
| Display | Built-in color LCD |
| Audio | Two-way |
| Power | PoE (802.3af) |
| Weather Rating | IPX5 |
| Requirements | UniFi OS Console (Dream Machine/NVR) |
| Dimensions | 175 × 57 × 29 mm |",,,taxable,,1,,,0,0,,,,,1,,,1499,Security & Surveillance,,,https://m.media-amazon.com/images/I/61e0u9V0xDL._AC_SL1500_.jpg,,,,,,,,,0,,,
,simple,NG-SEC-005,,Reolink 16-Channel PoE NVR (RLN16-410) - 4K Network Video Recorder,1,0,visible,16-channel NVR supporting cameras up to 12MP. Built-in 16 PoE ports power cameras directly. Supports up to 12TB HDD. No monthly subscription.,"A complete surveillance command center for your home or business.

The **Reolink 16-Channel NVR** is the heart of your surveillance system. With 16 built-in PoE ports, connect cameras directly without an external PoE switch. One device records, displays, and alerts.

**Why This Product?**
- **16 PoE Channels:** Connect 16 cameras directly with a single Ethernet cable each.
- **Up to 12MP:** Supports cameras from 2MP to 12MP (ultra-high definition).
- **No Subscription:** Full local recording on HDD with zero monthly fees.
- **Smart Playback:** Quick search by date or smart detection (person/vehicle).
- **4K HDMI Output:** Display cameras live on a monitor or TV.
- **Mobile App:** Monitor from anywhere via the Reolink app.

**Technical Specifications:**
| Channels | 16 |
|---|---|
| PoE Ports | 16 (130W budget) |
| Max Resolution | 12 MP |
| Storage | 1x SATA (up to 12TB) |
| Outputs | HDMI 4K + VGA |
| Network | Gigabit Ethernet |
| Compression | H.265 / H.264 |
| Audio | 1x input + 1x output |
| Dimensions | 385 × 315 × 55 mm |
| Weight | 2.48 kg (without HDD) |",,,taxable,,1,,,0,0,,,,,1,,,1049,Security & Surveillance,,,https://m.media-amazon.com/images/I/51mXpAQJV7L._AC_SL1500_.jpg,,,,,,,,,0,,,
,simple,NG-SEC-006,,Ajax Hub 2 Plus - Professional Wireless Smart Alarm System,1,0,visible,Smart alarm hub supporting up to 200 devices. Dual connectivity (Ethernet + 2x SIM) with 15-hour backup battery. Advanced anti-jamming and anti-tamper. Supports cameras and visual verification.,"A European-grade alarm system to protect what matters most.

The **Ajax Hub 2 Plus** is the heart of the world's most advanced security ecosystem. With anti-jamming and anti-tamper technologies, it stays connected and responsive even under the worst conditions.

**Why This Product?**
- **200 Devices:** Connect motion sensors, door contacts, smoke, water leak detectors, and more.
- **Triple Connectivity:** Ethernet + dual SIM cards ensure connection even if internet goes down.
- **Anti-Jamming:** Detects wireless signal jamming attempts and alerts you.
- **15-Hour Battery:** Operates without power for extended periods during outages.
- **Visual Verification:** Connect Ajax cameras to verify alarms before responding.
- **Professional Certification:** Grade 2 (EN 50131) certified for professional alarm systems.

**Technical Specifications:**
| Max Devices | Up to 200 |
|---|---|
| Max Users | Up to 200 |
| Connectivity | Ethernet + 2x 4G SIM + Wi-Fi |
| Encryption | AES-128 |
| Backup Battery | 15 hours |
| Device Range | Up to 2,000m (open space) |
| Frequency | Jeweller (868 MHz) + Wings |
| Integration | Ajax app + API for third-party systems |
| Dimensions | 163 × 163 × 36 mm |
| Weight | 351 g |",,,taxable,,1,,,0,0,,,,,1,,,1649,Security & Surveillance,,,https://m.media-amazon.com/images/I/41ZgmLNaxNL._AC_SL1500_.jpg,,,,,,,,,0,,,
,simple,NG-SEC-007,,Eufy Video Doorbell S330 - Dual Camera Smart Doorbell (2K + Package Cam),1,0,visible,Smart doorbell with two cameras: 2K main camera and a dedicated lower package camera. Local storage with no monthly subscription. Built-in battery with optional wired installation. Works with HomeBase 3.,"The only doorbell that sees both the visitor's face and the package.

The **Eufy S330** features a unique dual-camera design: an upper 2K camera for faces, and a lower wide-angle camera for packages and the ground. All with zero monthly fees.

**Why This Product?**
- **Dual Camera:** Full view from face to feet and packages.
- **No Subscription:** Local storage on HomeBase 3 with 16GB (expandable).
- **2K with AI:** Smart person detection with familiar face recognition.
- **Battery or Wired:** Choose built-in battery or connect to existing doorbell wires.
- **Two-Way Audio:** Talk to visitors with clear audio.
- **Quick Responses:** Pre-set voice replies like ""Leave the package"" with one tap.

**Technical Specifications:**
| Main Camera | 2K (2560×1920) |
|---|---|
| Package Camera | 160° wide angle |
| Night Vision | IR + LED Spotlight |
| AI Detection | Person + Familiar Faces |
| Storage | HomeBase 3 (16GB built-in + HDD) |
| Battery | Built-in (6,500mAh) |
| Connectivity | Wi-Fi (2.4 GHz) |
| Weather Rating | IP65 |
| Dimensions | 165 × 55 × 28 mm |
| Weight | 296 g |

**Note:** Requires HomeBase 3 (sold separately or as a bundle).",,,taxable,,1,,,0,0,,,,,1,,,899,Security & Surveillance,,,https://m.media-amazon.com/images/I/41T6+8HPKxL._AC_SL1500_.jpg,,,,,,,,,0,,,
