ID,Type,SKU,"GTIN, UPC, EAN, or ISBN",Name,Published,Is featured?,Visibility in catalog,Short description,Description,Date sale price starts,Date sale price ends,Tax status,Tax class,In stock?,Stock,Low stock amount,Backorders allowed?,Sold individually?,Weight (kg),Length (cm),Width (cm),Height (cm),Allow customer reviews?,Purchase note,Sale price,Regular price,Categories,Tags,Shipping class,Images,Download limit,Download expiry days,Parent,Grouped products,Upsells,Cross-sells,External URL,Button text,Position,Brands,Blocksy Custom Data,Blocksy Variation Images,Meta: _ng_original_post_title,Meta: _ng_ar_title,Meta: _ng_ar_description_pre_n8n,Meta: _ng_ar_description,Meta: _ng_ar_description_source,Meta: _ng_ar_description_at,Meta: _ng_ar_title_source,Meta: _ng_amazon_sa_ref_price,Meta: _ng_amazon_sa_ref_url,Meta: _ng_amazon_sa_ref_at,Meta: _ng_amazon_sa_ref_confidence,Meta: _ng_pre_reprice_regular_price,Meta: _ng_pre_reprice_sale_price,Meta: _ng_pre_reprice_at,Meta: _last_change_time,Meta: _ng_ar_title_pre_n8n,Meta: _ng_ar_title_at,Meta: _ng_gift_card_region,Meta: _ng_gift_card_brand,Meta: _ng_gift_card_denom,Meta: _ng_gift_card_seed_version,Meta: _ng_pricing_status,Meta: _ng_seed_origin,Dimension Confidence,Dimension Notes,Amazon SA Reference Price (SAR),Amazon Reference Date,Price vs Amazon (SAR),Price vs Amazon (%),Pricing Status
42,simple,GC-SW-ACC1,,Adobe Creative Cloud 1 Year,1,0,visible,Adobe CC All Apps 1 year subscription — instant delivery,"اشتراك Adobe Creative Cloud لمدة سنة — Photoshop, Illustrator, Premiere Pro, After Effects وأكثر. تسليم فوري.",,,taxable,,1,,,0,0,,,,,1,,1999,2499,Gift Cards & Software Keys | بطاقات رقمية ومفاتيح,,digital-no-shipping,https://neogen.store/wp-content/uploads/adobe.png,,,,,,,,,0,,,,Adobe Creative Cloud 1 Year | أدوبي كرييتف كلاود,أدوبي كرييتف كلاود,,"<p>اشتراك Adobe Creative Cloud لمدة سنة يوفر لك الوصول إلى مجموعة شاملة من أقوى أدوات التحرير والتصميم.</p>

    <section>
        <h2><strong>لماذا هذا المنتج؟</strong></h2>
        <ul>
            <li>يضم تطبيقاتًا مثل Photoshop, Illustrator, Premiere Pro و After Effects.</li>
            <li>يوفر دعمًا مستمرًا للتحديثات والأدوات الجديدة.</li>
            <li>يتيح لك العمل على المشاريع من أي مكان عبر الإنترنت.</li>
            <li>يشمل مجموعة متنوعة من الأدوات التي تساعدك في إبداع أعمال فنية رائعة.</li>
        </ul>
    </section>

    <table border=""1"">
        <caption><strong>المواصفات التقنية:</strong></caption>
        <tr>
            <th>التطبيق</th>
            <th>المدة</th>
        </tr>
        <tr>
            <td>Adobe Photoshop</td>
            <td>1 عام</td>
        </tr>
        <tr>
            <td>Adobe Illustrator</td>
            <td>1 عام</td>
        </tr>
        <tr>
            <td>Adobe Premiere Pro</td>
            <td>1 عام</td>
        </tr>
        <tr>
            <td>Adobe After Effects</td>
            <td>1 عام</td>
        </tr>
    </table>",ollama-qwen2.5:7b-bulk-full,2026-04-30T16:54:27+03:00,,,,,,,,,,,,,,,,,,n/a,Gift card / software key — delivered electronically (SKU-inferred — metadata tag missing),,,,,
43,simple,GC-SW-KTS1,,Kaspersky Total Security 1 Year,1,0,visible,Kaspersky Total Security 1 device / 1 year — instant key,مفتاح Kaspersky Total Security لجهاز واحد لمدة سنة — حماية شاملة من الفيروسات والتهديدات. تسليم فوري.,,,taxable,,1,,,0,0,,,,,1,,119,149,Gift Cards & Software Keys | بطاقات رقمية ومفاتيح,,digital-no-shipping,https://neogen.store/wp-content/uploads/kaspersky.png,,,,,,,,,0,,,,Kaspersky Total Security 1 Year | كاسبرسكي,كاسبرسكي,,"<p>كاسبرسكاي توتال سيركيتيون لعام واحد لحماية جهازك من الفيروسات والتهديدات بشكل شامل.</p>

    <h2><strong>لماذا هذا المنتج؟</strong></h2>
    <ul>
        <li>حماية متقدمة ضد الفيروسات والبرامج الخبيثة.</li>
        <li>تحديثات فورية لمنع التهديدات الجديدة.</li>
        <li>حماية الشبكة والخصوصية عبر الإنترنت.</li>
        <li>دعم فني متميز على مدار الساعة.</li>
    </ul>

    <h2><strong>المواصفات التقنية:</strong></h2>
    <table border=""1"">
        <thead>
            <tr>
                <th>الخاصية</th>
                <th>التفاصيل</th>
            </tr>
        </thead>
        <tbody>
            <tr>
                <td>اسم البرنامج</td>
                <td>Kaspersky Total Security</td>
            </tr>
            <tr>
                <td>مدة الحماية</td>
                <td>1 عام</td>
            </tr>
            <tr>
                <td>نوع الحماية</td>
                <td>حماية شاملة من الفيروسات والتهديدات</td>
            </tr>
        </tbody>
    </table>",ollama-qwen2.5:7b-bulk-full,2026-04-30T16:54:12+03:00,,,,,,,,,,,,,,,,,,n/a,Gift card / software key — delivered electronically (SKU-inferred — metadata tag missing),,,,,
44,simple,GC-APL-100,,Apple Gift Card $100,1,0,visible,Apple $100 gift card — instant delivery,"بطاقة Apple Gift Card بقيمة $100 — App Store, iTunes, Apple Music, iCloud+. تسليم فوري.",,,taxable,,1,,,0,0,,,,,1,,0,389,Gift Cards & Software Keys | بطاقات رقمية ومفاتيح,,digital-no-shipping,https://neogen.store/wp-content/uploads/apple.png,,,,,,,,,0,,,,Apple Gift Card $100 | بطاقة آبل,بطاقة آبل,,"<p>بطاقة هدية Apple بقيمة 100 دولار أميركي لشراء منتجات متعددة.</p>

    <h2><strong>لماذا هذا المنتج؟</strong></h2>
    <ul style=""direction: rtl;"">
        <li>توفير قيمة 100 دولار أميركي لشراء منتجات Apple المتنوعة.</li>
        <li>تسهيل الشراء عبر متاجر App Store, iTunes, Apple Music, و iCloud+.</li>
        <li>القدرة على استخدام البطاقة فورًا بعد الشراء.</li>
        <li>هدية مثالية لمحبي منتجات Apple أو الأصدقاء والعائلات.</li>
    </ul>

    <h2><strong>المواصفات التقنية:</strong></h2>
    <table border=""1"" style=""direction: rtl;"">
        <tr>
            <th>النوع</th>
            <td>بطاقة هدية إلكترونية</td>
        </tr>
        <tr>
            <th>قيمة البطاقة</th>
            <td>$100</td>
        </tr>
        <tr>
            <th>المتاجر المتاحة</th>
            <td>App Store, iTunes, Apple Music, iCloud+</td>
        </tr>
    </table>",ollama-qwen2.5:7b-bulk-full,2026-04-30T16:53:58+03:00,,,,,,,,,,,,,,,,,,n/a,Gift card / software key — delivered electronically (SKU-inferred — metadata tag missing),,,,,
45,simple,GC-GP-50,,Google Play $50 Gift Card,1,0,visible,Google Play $50 gift card — US region,بطاقة Google Play بقيمة $50 — تطبيقات، ألعاب، أفلام، كتب. صالحة للحسابات الأمريكية.,,,taxable,,1,,,0,0,,,,,1,,0,199,Gift Cards & Software Keys | بطاقات رقمية ومفاتيح,,digital-no-shipping,https://neogen.store/wp-content/uploads/google-play.png,,,,,,,,,0,,,,Google Play $50 Gift Card | بطاقة قوقل بلاي,بطاقة قوقل بلاي,,"<p>تمنحك بطاقة Google Play بقيمة 50 دولار إمكانية الشراء من متجر التطبيقات والألعاب والأفلام والمزيد.</p>

    <h2><strong>لماذا هذا المنتج؟</strong></h2>
    <ul>
        <li>مثالي لشراء التطبيقات والألعاب الجديدة.</li>
        <li>يتيح لك مشاهدة الأفلام والمسلسلات المفضلة لديك.</li>
        <li>يمكن استخدامه في الحسابات الأمريكية مباشرة.</li>
        <li>سهل الاستخدام وآمن.</li>
    </ul>

    <h2><strong>المواصفات التقنية:</strong></h2>
    <table border=""1"">
        <tr>
            <th>الوصف</th>
            <th>التفاصيل</th>
        </tr>
        <tr>
            <td>قيمة البطاقة</td>
            <td>$50</td>
        </tr>
        <tr>
            <td>مجال الاستخدام</td>
            <td>متجر التطبيقات والألعاب والأفلام</td>
        </tr>
    </table>",ollama-qwen2.5:7b-bulk-full,2026-04-30T16:53:44+03:00,,,,,,,,,,,,,,,,,,n/a,Gift card / software key — delivered electronically (SKU-inferred — metadata tag missing),,,,,
46,simple,GC-NFX-100,,Netflix Gift Card $100,1,0,visible,Netflix $100 gift card — instant delivery,بطاقة هدية Netflix بقيمة $100 — صالحة لجميع الحسابات. تسليم الكود فوري عبر الإيميل.,,,taxable,,1,,,0,0,,,,,1,,0,389,Gift Cards & Software Keys | بطاقات رقمية ومفاتيح,,digital-no-shipping,https://neogen.store/wp-content/uploads/netflix.png,,,,,,,,,0,,,,Netflix Gift Card $100 | بطاقة نتفلكس,بطاقة نتفلكس,,"<p>تمنح بطاقة هدية Netflix بقيمة 100 دولار إمكانية الوصول إلى خدمات الترفيه عبر الإنترنت من Netflix.</p>

    <strong>لماذا هذا المنتج؟</strong>
    <ul>
        <li>صالح لجميع الحسابات على Netflix.</li>
        <li>تسليم الكود فوري عبر البريد الإلكتروني.</li>
        <li>هدية مثالية للعائلة والأصدقاء.</li>
        <li>لا تنتهي صلاحيتها.</li>
    </ul>

    <strong>المواصفات التقنية:</strong>
    <table border=""1"">
        <tr>
            <th>الوصف</th>
            <th>التفاصيل</th>
        </tr>
        <tr>
            <td>قيمة البطاقة</td>
            <td>$100</td>
        </tr>
        <tr>
            <td>الشركة الصانعة</td>
            <td>Netflix</td>
        </tr>
    </table>",ollama-qwen2.5:7b-bulk-full,2026-04-30T16:53:31+03:00,,,,,,,,,,,,,,,,,,n/a,Gift card / software key — delivered electronically (SKU-inferred — metadata tag missing),,,,,
47,simple,GC-XBX-GPU3,,Xbox Game Pass Ultimate 3 Months,1,0,visible,3 months Xbox Game Pass Ultimate — instant code,اشتراك Xbox Game Pass Ultimate لمدة 3 أشهر — مكتبة ألعاب ضخمة + EA Play + Xbox Live Gold. تسليم فوري.,,,taxable,,1,,,0,0,,,,,1,,149,179,Gift Cards & Software Keys | بطاقات رقمية ومفاتيح,,digital-no-shipping,https://neogen.store/wp-content/uploads/xbox-gp.png,,,,,,,,,0,,,,Xbox Game Pass Ultimate 3 Months | قيم باس,قيم باس,,"<p>اشتراك Xbox Game Pass Ultimate لمدة 3 أشهر، يوفر لك مكتبة ضخمة من الألعاب بالإضافة إلى خدمة EA Play و Xbox Live Gold.</p>

    <h2><strong>لماذا هذا المنتج؟</strong></h2>
    <ul style=""direction: rtl;"">
        <li>مكتبة ألعاب ضخمة تضم أكثر من 100 لعبة جديدة كل شهر.</li>
        <li>خدمة EA Play التي توفر لك الوصول الفوري إلى الألعاب المميزة من Electronic Arts.</li>
        <li>Xbox Live Gold الذي يمنحك القدرة على اللعب عبر الإنترنت ومشاركة التحديات مع الأصدقاء.</li>
        <li>دعم الجودة العالية والألعاب الجديدة بشكل مبكر.</li>
    </ul>

    <h2><strong>المواصفات التقنية:</strong></h2>
    <table border=""1"" dir=""ltr"">
        <tr>
            <th>النوع</th>
            <td>اشتراك Xbox Game Pass Ultimate</td>
        </tr>
        <tr>
            <th>مدة الاشتراك</th>
            <td>3 أشهر</td>
        </tr>
        <tr>
            <th>المكتبة المتاحة</th>
            <td>أكثر من 100 لعبة جديدة كل شهر</td>
        </tr>
        <tr>
            <th>خدمة EA Play</th>
            <td>نعم</td>
        </tr>
        <tr>
            <th>Xbox Live Gold</th>
            <td>نعم</td>
        </tr>
    </table>",ollama-qwen2.5:7b-bulk-full,2026-04-30T16:53:19+03:00,,,,,,,,,,,,,,,,,,n/a,Gift card / software key — delivered electronically (SKU-inferred — metadata tag missing),,,,,
48,simple,GC-STM-50,,Steam Wallet $50 Gift Card,1,0,visible,Steam $50 gift card — instant delivery,بطاقة Steam Wallet بقيمة $50 — اشترِ ألعاب، DLCs، وعناصر من Steam Store. تسليم فوري.,,,taxable,,1,,,0,0,,,,,1,,0,199,Gift Cards & Software Keys | بطاقات رقمية ومفاتيح,,digital-no-shipping,https://neogen.store/wp-content/uploads/steam50.png,,,,,,,,,0,,,,Steam Wallet $50 Gift Card | بطاقة ستيم,بطاقة ستيم,,"<p>بطاقة هدية Steam Wallet بقيمة 50 دولارًا، تتيح لك شراء الألعاب والتحديثات وعناصر متجر Steam.</p>

    <h2><strong>لماذا هذا المنتج؟</strong></h2>
    <ul style=""direction: ltr;"">
        <li>تسهيل الشراء من متجر Steam بسهولة.</li>
        <li> gode of flexibility in purchasing games, DLCs, and other items.</li>
        <li>ضمان التسليم الفوري دون أي تأخيرات.</li>
        <li>موثوقية وامانة في التعامل مع بياناتك المالية.</li>
    </ul>

    <h2><strong>المواصفات التقنية:</strong></h2>
    <table border=""1"" style=""direction: ltr;"">
        <thead>
            <tr>
                <th>الخاصية</th>
                <th>التفاصيل</th>
            </tr>
        </thead>
        <tbody>
            <tr>
                <td>قيمة البطاقة</td>
                <td>$50</td>
            </tr>
            <tr>
                <td>نوع البطاقة</td>
                <td>Steam Wallet Gift Card</td>
            </tr>
            <tr>
                <td>الشركة الصانعة</td>
                <td>Valve Corporation</td>
            </tr>
        </tbody>
    </table>",ollama-qwen2.5:7b-bulk-full,2026-04-30T16:53:03+03:00,,,,,,,,,,,,,,,,,,n/a,Gift card / software key — delivered electronically (SKU-inferred — metadata tag missing),,,,,
49,simple,GC-PSN-50,,PlayStation Store $50 Gift Card,1,0,visible,"PSN $50 gift card — US region, instant delivery",بطاقة PlayStation Store بقيمة $50 USD — صالحة لحسابات المنطقة الأمريكية. تسليم الكود فوري.,,,taxable,,1,,,0,0,,,,,1,,0,199,Gift Cards & Software Keys | بطاقات رقمية ومفاتيح,,digital-no-shipping,https://neogen.store/wp-content/uploads/psn50.png,,,,,,,,,0,,,,PlayStation Store $50 Gift Card | بطاقة بلايستيشن,بطاقة بلايستيشن,,"<p>استمتع بتجربة الألعاب الإلكترونية المذهلة عبر PlayStation Store ببطاقة هدية قيمتها 50 دولار.</p>

    <h2><strong>لماذا هذا المنتج؟</strong></h2>
    <ul style=""direction: rtl;"">
        <li>يسمح باستخدامه في حسابات المنطقة الأمريكية فقط.</li>
        <li>تسليم الكود فوريًا بمجرد الشراء.</li>
        <li>مناسب لجميع الألعاب المتاحة على PlayStation Store.</li>
        <li>هدية مثالية لأصدقاءك وعائلتك.</li>
    </ul>

    <h2><strong>المواصفات التقنية:</strong></h2>
    <table border=""1"" style=""direction: rtl;"">
        <tr>
            <th>النوع</th>
            <td>بطاقة هدية PlayStation Store</td>
        </tr>
        <tr>
            <th>قيمة البطاقة</th>
            <td>$50 USD</td>
        </tr>
        <tr>
            <th>المنطقة المسموح بها</th>
            <td>America</td>
        </tr>
    </table>",ollama-qwen2.5:7b-bulk-full,2026-04-30T16:52:48+03:00,,,,,,,,,,,,,,,,,,n/a,Gift card / software key — delivered electronically (SKU-inferred — metadata tag missing),,,,,
50,simple,GC-SW-OFF24,,Microsoft Office 2024 Pro Plus,1,0,visible,Office 2024 Pro Plus license key — instant delivery,"مفتاح Microsoft Office 2024 Professional Plus — Word, Excel, PowerPoint, Outlook. تفعيل لجهاز واحد. تسليم فوري.",,,taxable,,1,,,0,0,,,,,1,,349,399,Gift Cards & Software Keys | بطاقات رقمية ومفاتيح,,digital-no-shipping,https://neogen.store/wp-content/uploads/office2024.png,,,,,,,,,0,,,,Microsoft Office 2024 Pro Plus | أوفيس 2024 برو,أوفيس 2024 برو,,"<p>مفتاح تفعيل Microsoft Office 2024 Pro Plus، يشمل Word, Excel, PowerPoint, و Outlook.</p>

    <strong>لماذا هذا المنتج؟</strong>
    <ul>
        <li>يحتوي على أحدث إصدارات برامج Microsoft الرئيسية.</li>
        <li>متوافق مع جهاز واحد فقط لضمان الأمان.</li>
        <li>توفير فوري يسمح باستخدام البرامج فور الشراء.</li>
        <li>جودة عالية ودعم مستمر من Microsoft.</li>
    </ul>

    <strong>المواصفات التقنية:</strong>
    <table border=""1"">
        <tr>
            <th>البرنامج</th>
            <th>الميزات الرئيسية</th>
        </tr>
        <tr>
            <td>Word</td>
            <td>تحرير وتنسيق النصوص، تحرير PDF.</td>
        </tr>
        <tr>
            <td>Excel</td>
            <td>تحليل البيانات، صياغة التقارير.</td>
        </tr>
        <tr>
            <td>Presentation (PowerPoint)</td>
            <td>إنشاء العروض التقديمية، إدارة الصور والفيديو.</td>
        </tr>
        <tr>
            <td>Email & Calendar (Outlook)</td>
            <td>إدارة البريد الإلكتروني والجدول الزمني.</td>
        </tr>
    </table>",ollama-qwen2.5:7b-bulk-full,2026-04-30T16:52:36+03:00,,,,,,,,,,,,,,,,,,n/a,Gift card / software key — delivered electronically (SKU-inferred — metadata tag missing),,,,,
51,simple,GC-SW-WIN11,,Windows 11 Pro License Key,1,0,visible,Official Windows 11 Pro digital license key — instant email delivery,مفتاح تفعيل أصلي لنظام Windows 11 Professional — تسليم فوري عبر الإيميل. يدعم 64-bit. ترقية مجانية من Windows 10.,,,taxable,,1,,,0,0,,,,,1,,199,249,Gift Cards & Software Keys | بطاقات رقمية ومفاتيح,,digital-no-shipping,https://neogen.store/wp-content/uploads/windows11.png,,,,,,,,,0,,,,Windows 11 Pro License Key | مفتاح ويندوز 11 برو,مفتاح ويندوز 11 برو,,"<p>مفتاح تفعيل أصلي لنظام التشغيل Windows 11 Professional، متوفر فورًا عبر البريد الإلكتروني.</p>
    <section>
        <h3><strong>لماذا هذا المنتج؟</strong></h3>
        <ul>
            <li>دعم النظام 64-bit للاستخدام المتقدم.</li>
            <li>تحديث مجاني من Windows 10 إلى Windows 11.</li>
            <li>ضمان أصالة المفتاح وسلامته.</li>
            <li>تسهيل التثبيت السريع والفعال.</li>
        </ul>
    </section>
    <table border=""1"">
        <caption><strong>المواصفات التقنية:</strong></caption>
        <tr>
            <th>نوع النظام</th>
            <td>Windows 11 Pro</td>
        </tr>
        <tr>
            <th>التحديث من</th>
            <td>Windows 10</td>
        </tr>
    </table>",ollama-qwen2.5:7b-bulk-full,2026-04-30T16:52:21+03:00,,,,,,,,,,,,,,,,,,n/a,Gift card / software key — delivered electronically (SKU-inferred — metadata tag missing),,,,,
52,simple,GM-RTR-ASU-001,,ASUS ROG Rapture GT-BE19000AI (WiFi 7),1,0,visible,ASUS ROG Rapture GT-BE19000AI (WiFi 7) - Available at NeoGen Store,,,,taxable,,1,,,0,0,4.5,45,35,18,1,,0,4799,Gaming | ألعاب,"gaming, router, WiFi 7, راوتر, قيمنق, واي فاي 7",,https://neogen.store/wp-content/uploads/GM-RTR-ASU-001-1.jpg,,,,,,,,,0,,,,,اسوس روج Rapture GT-BE19000AI (WiFi 7),,"<p>تتميز شبكة ASUS ROG Rapture GT-BE19000AI بمواصفات متقدمة تجعلها الخيار الأمثل لمستخدمي الألعاب والمتخصصين في الشبكات.</p>

<strong>لماذا هذا المنتج؟</strong>
<ul style=""direction: rtl;"">
    <li>دعم WiFi 7 بتقنية M1E المحسنة للسرعة والأمان.</li>
    <li>سرعة تصل إلى 30 Gbps مع دعم معايير IEEE 802.11ay و802.11be.</li>
    <li>تحسينات في الاستقرار والموثوقية للاستخدام المتعدد للأجهزة.</li>
    <li>واجهة مستخدم سهلة التخصيص مع خيارات متقدمة للتحكم في الشبكة.</li>
</ul>

<strong>المواصفات التقنية:</strong>
<table border=""1"" dir=""ltr"">
    <tr>
        <th>الخاصية</th>
        <th>الوصف</th>
    </tr>
    <tr>
        <td>技术支持</td>
        <td>ASUS ROG Rapture GT-BE19000AI</td>
    </tr>
    <tr>
        <td>技术支持型号</td>
        <td>GT-BE19000AI</td>
    </tr>
    <tr>
        <td>技术支持标准</td>
        <td>IEEE 802.11ay, IEEE 802.11be</td>
    </tr>
    <tr>
        <td>技术支持最大速度</td>
        <td>30 Gbps</td>
    </tr>
    <tr>
        <td>技术支持频段</td>
        <td>M1E</td>
    </tr>
</table>",ollama-qwen2.5:7b-bulk-full,2026-04-30T16:52:09+03:00,auto-generated,,,,,,,,,,,,,,,,,high,ASUS ROG Rapture GT-BE19000AI,,,,,
53,simple,GM-PGA-JSA-001,,JSAUX 6-in-1 Dock (Steam Deck/ROG Ally),1,0,visible,JSAUX 6-in-1 Dock (Steam Deck/ROG Ally) - Available at NeoGen Store,,,,taxable,,1,,,0,0,0.5,22,16,6,1,,459,529,Gaming | ألعاب,"accessories, gaming, إكسسوارات, قيمنق",,https://neogen.store/wp-content/uploads/GM-PGA-JSA-001-1.jpg,,,,,,,,,0,,,,,جيه ساكس 6-in-1 دوك (ستيم ديك/ROG Ally),,"<!-- فقرة افتتاحية واحدة -->
    <p>تعد دوك JSAUX 6-in-1 Dock الخيار الأمثل لمستخدمي Steam Deck وrog Ally، حيث توفر حلًا متكاملًا للشحن والاتصال.</p>

    <!-- قسم ""لماذا هذا المنتج؟"" -->
    <strong>لماذا هذا المنتج؟</strong>
    <ul style=""list-style-type: disc;"">
        <li>تصميم متعدد الاستخدامات يدعم Steam Deck وrog Ally.</li>
        <li>شحن سريع بقوة 100W لضمان شحن سلس.</li>
        <li>واجهة USB-C مدمجة تتيح الاتصال السريع والموثوق.</li>
        <li>تصميم أنيق ومحمي يحمي جهازك من الصدمات.</li>
        <li>دعم لاسلكي للشحن عبر تقنية Qi.</li>
    </ul>

    <!-- قسم ""المواصفات التقنية:"" -->
    <strong>المواصفات التقنية:</strong>
    <table border=""1"" cellspacing=""0"" cellpadding=""5"">
        <thead>
            <tr>
                <th>الخاصية</th>
                <th>التفاصيل</th>
            </tr>
        </thead>
        <tbody>
            <tr>
                <td>نوع الدوك</td>
                <td>6-in-1 Dock</td>
            </tr>
            <tr>
                <td>دعم الأجهزة</td>
                <td>Steam Deck, rog Ally</td>
            </tr>
            <tr>
                <td>قوة الشحن</td>
                <td>100W</td>
            </tr>
            <tr>
                <td>واجهة الاتصال</td>
                <td>USB-C</td>
            </tr>
            <tr>
                <td>دعم الشحن اللاسلكي</td>
                <td>+ Qi</td>
            </tr>
        </tbody>
    </table>",ollama-qwen2.5:7b-bulk-full,2026-04-30T16:51:49+03:00,auto-generated,,,,,,,,,,,,,,,,,high,JSAUX 6-in-1 Steam Deck dock,,,,,
54,simple,GM-CMP-NZX-001,,NZXT H9 Elite Mid-Tower ATX Case,1,0,visible,NZXT H9 Elite Mid-Tower ATX Case - Available at NeoGen Store,,,,taxable,,1,,,0,0,15.0,60,55,30,1,,0,1349,Hardware | أجهزة PC,"gaming, PC case, قيمنق, كيس كمبيوتر",,https://neogen.store/wp-content/uploads/GM-CMP-NZX-001-1.jpg,,,,,,,,,0,,,,,NZXT H9 Elite كيس متوسط كيس ATX,,"<p>يقدم لك NZXT H9 Elite Mid-Tower ATX Case حلًا مثاليًا لتنظيم أجهزتك الإلكترونية وتعزيز أدائها.</p>

    <h2><strong>لماذا هذا المنتج؟</strong></h2>
    <ul style=""direction: rtl;"">
        <li>تصميم فريد يضمن تبريد فعال للأنظمة الحرارية الشديدة.</li>
        <li>دعم لوحدات التخزين الصلبة والمساحة الكافية للكابلات.</li>
        <li>واجهة سهلة الاستخدام مع نظام تركيب سلس.</li>
        <li>تصميم مدمج يضمن تنظيمًا مرئيًا جذابًا لأجهزتك الإلكترونية.</li>
    </ul>

    <h2><strong>المواصفات التقنية:</strong></h2>
    <table border=""1"" style=""direction: rtl;"">
        <tr>
            <th>الخصائص</th>
            <th>التقنيات</th>
        </tr>
        <tr>
            <td>حجم الحالة (L x W x H)</td>
            <td>240 x 518 x 439 ملم</td>
        </tr>
        <tr>
            <td>نظام التبريد</td>
            <td>دعم لـ 3x 120mm/240mm/360mm رود كفاح</td>
        </tr>
        <tr>
            <td>الواجهة الأمامية</td>
            <td>شبكية مع 3x 120mm مروحة</td>
        </tr>
        <tr>
            <td>الواجهة الخلفية</td>
            <td>شبكية مع 1x 140mm/120mm مروحة</td>
        </tr>
        <tr>
            <td>الواجهة الجانبية</td>
            <td>شبكية مع 2x 120mm مروحة</td>
        </tr>
    </table>",ollama-qwen2.5:7b-bulk-full,2026-04-30T16:51:29+03:00,auto-generated,,,,,,,,,,,,,,,,,high,NZXT H9 Elite Mid-Tower ATX,,,,,
55,simple,GM-CMP-COR-001,,Corsair iCUE H150i RGB Elite (360mm AIO),1,0,visible,Corsair iCUE H150i RGB Elite (360mm AIO) - Available at NeoGen Store,,,,taxable,,1,,,0,0,3.5,50,30,15,1,,0,1149,Hardware | أجهزة PC,"CPU cooler, gaming, قيمنق, مبرد معالج",,https://neogen.store/wp-content/uploads/GM-CMP-COR-001-1.jpg,,,,,,,,,0,,,,,كورسير iCUE H150i RGB Elite (360mm AIO),,"<p>تتميز لوحة التبريد ال todo ""أيكو"" من كورسار بتصميمها المبتكر وتقنياتها المتقدمة، مما يجعلها الخيار الأمثل لمحبي الألعاب.</p>

    <h2><strong>لماذا هذا المنتج؟</strong></h2>
    <ul style=""direction: ltr;"">
        <li>تحتوي على 128GB من الذاكرة RAM.</li>
        <li>تتميز بمعالج Intel Core i9-13900K。</li>
        <li>توفر سعة تخزينية تبلغ 4TB عبر أقراص SSD.</li>
        <li>تحتوي على وحدة التبريد المتكاملة (AIO) بحجم 360mm.</li>
        <li>تتميز بتقنية RGB المتقدمة لتوفير مظهر مذهل.</li>
    </ul>

    <h2><strong>المواصفات التقنية:</strong></h2>
    <table border=""1"" style=""direction: ltr;"">
        <thead>
            <tr>
                <th>الخيار</th>
                <th>التقنية</th>
            </tr>
        </thead>
        <tbody>
            <tr>
                <td>ذاكرة RAM</td>
                <td>128GB</td>
            </tr>
            <tr>
                <td>معالج</td>
                <td>Intel Core i9-13900K</td>
            </tr>
            <tr>
                <td>سعة التخزين</td>
                <td>4TB SSD</td>
            </tr>
            <tr>
                <td>وحدة التبريد</td>
                <td>AIO 360mm</td>
            </tr>
            <tr>
                <td>تقنية الظلام</td>
                <td>RGB</td>
            </tr>
        </tbody>
    </table>",ollama-qwen2.5:7b-bulk-full,2026-04-30T16:51:09+03:00,auto-generated,,,,,,,,,,,,,,,,,high,Corsair iCUE H150i 360mm AIO,,,,,
56,simple,GM-GPU-GIG-001,,Gigabyte AORUS RTX 5090 Master 32GB,1,0,visible,Gigabyte AORUS RTX 5090 Master 32GB - Available at NeoGen Store,,,,taxable,,1,,,0,0,4.5,45,30,12,1,,0,27999,Hardware | أجهزة PC,"gaming, GPU, قيمنق, كرت شاشة",,https://neogen.store/wp-content/uploads/GM-GPU-GIG-001-1.jpg,,,,,,,,,0,,,,,جيجابايت AORUS RTX 5090 Master 32GB,,"<p>تتميز بطاقة الرسوميات Gigabyte AORUS RTX 5090 Master 32GB بأداء قوي ودقة رسومية عالية، مثالية لمحترفي التحرير الفيديو والألعاب ثلاثية الأبعاد.</p>
    <h2><strong>لماذا هذا المنتج؟</strong></h2>
    <ul style=""direction: ltr;"">
        <li>أداء قوي بفضل معالج NVIDIA RTX 5090.</li>
        <li>ذاكرة VRAM سعتها 32GB لدعم تطبيقات الرسومات الثقيلة.</li>
        <li>تصميم مبرد فعال يضمن درجة حرارة مناسبة أثناء التشغيل.</li>
        <li>واجهة مستخدم بسيطة وسهلة الاستخدام.</li>
    </ul>
    <h2><strong>المواصفات التقنية:</strong></h2>
    <table border=""1"" style=""direction: ltr;"">
        <thead>
            <tr>
                <th>الخاصية</th>
                <th>القيمة</th>
            </tr>
        </thead>
        <tbody>
            <tr>
                <td>اسم المنتج</td>
                <td>Gigabyte AORUS RTX 5090 Master</td>
            </tr>
            <tr>
                <td>ذاكرة VRAM</td>
                <td>32GB GDDR6X</td>
            </tr>
            <tr>
                <td>معالج NVIDIA</td>
                <td>RTX 5090</td>
            </tr>
            <tr>
                <td>تردد المعالج</td>
                <td>1845 MHz</td>
            </tr>
            <tr>
                <td>عدد النوى</td>
                <td>24 GB</td>
            </tr>
            <tr>
                <td>التبريد</td>
                <td>System Cooling</td>
            </tr>
        </tbody>
    </table>",ollama-qwen2.5:7b-bulk-full,2026-04-30T16:50:50+03:00,auto-generated,,,,,,,,,,,,,,,,,high,Gigabyte AORUS RTX 5090 Master,,,,,
57,simple,GM-GPU-NVD-002,,NVIDIA RTX 5080 Founders Edition (16GB),1,0,visible,NVIDIA RTX 5080 Founders Edition (16GB) - Available at NeoGen Store,,,,taxable,,1,,,0,0,3.5,40,26,12,1,,0,6499,Hardware | أجهزة PC,"gaming, GPU, قيمنق, كرت شاشة",,https://neogen.store/wp-content/uploads/GM-GPU-NVD-002-1.jpg,,,,,,,,,0,,,,,إنفيديا RTX 5080 فاوندرز إديشن (16GB),,"<p>تتميز بمعالج NVIDIA RTX 5080 Founders Edition بأحدث التقنيات التي تضمن أداءً مذهلاً في الألعاب والتطبيقات المتقدمة.</p>

    <h2><strong>لماذا هذا المنتج؟</strong></h2>
    <ul style=""direction: rtl;"">
        <li>معالج رسومي من الجيل الخامس مع دعم RTX وDLSS لتحسين جودة الصورة والسرعة.</li>
        <li>ذاكرة VRAM بحجم 16GB تضمن أداءً مستقرًا في التطبيقات الثقيلة.</li>
        <li>تصميم Founders Edition يضفي أناقة على نظامك ويحسن التبريد.</li>
        <li>دعم تقنية NVIDIA Ansel لالتقاط الصور الفريدة والفيديوهات عالية الجودة.</li>
    </ul>

    <h2><strong>المواصفات التقنية:</strong></h2>
    <table border=""1"" style=""direction: rtl;"">
        <tr>
            <th>الخاصية</th>
            <th>التفاصيل</th>
        </tr>
        <tr>
            <td>اسم المنتج</td>
            <td>NVIDIA RTX 5080 Founders Edition</td>
        </tr>
        <tr>
            <td>حجم ذاكرة VRAM</td>
            <td>16GB</td>
        </tr>
    </table>",ollama-qwen2.5:7b-bulk-full,2026-04-30T16:50:28+03:00,auto-generated,,,,,,,,,,,,,,,,,high,NVIDIA RTX 5080 Founders Edition,,,,,
58,simple,GM-GPU-NVD-001,,NVIDIA RTX 5090 Founders Edition (32GB),1,0,visible,NVIDIA RTX 5090 Founders Edition (32GB) - Available at NeoGen Store,,,,taxable,,1,,,0,0,4.0,42,28,12,1,,22999,26449,Hardware | أجهزة PC,"gaming, GPU, قيمنق, كرت شاشة",,https://neogen.store/wp-content/uploads/GM-GPU-NVD-001-1.jpg,,,,,,,,,0,,,,,إنفيديا RTX 5090 فاوندرز إديشن (32GB),,"<p>تعد NVIDIA RTX 5090 Founders Edition من أقوى بطاقات الرسوميات المتاحة حالياً، مصممة لتقديم تجربة رسومية عميقة وذكاء حاسوبي متقدم.</p>

    <strong>لماذا هذا المنتج؟</strong>
    <ul>
        <li>قدرتها على معالجة الألعاب بجودة 8K ودقة 4K.</li>
        <li>دعم التعلم العميق والذكاء الاصطناعي بأعلى مستويات الكفاءة.</li>
        <li>تصميم فاندروز مبتكر يضمن تبريد فعال للغاية.</li>
        <li>ذاكرة VRAM بحجم 32GB توفر دعمًا قويًا للتطبيقات المتقدمة.</li>
    </ul>

    <strong>المواصفات التقنية:</strong>
    <table border=""1"">
        <tr>
            <th>النوع</th>
            <th>الذاكرة</th>
            <th>التردد</th>
            <th>الطاقة الإجمالية</th>
            <th>الصمامات</th>
            <th>التبريد</th>
        </tr>
        <tr>
            <td>NVIDIA RTX 5090 Founders Edition</td>
            <td>32GB GDDR6X</td>
            <td>21GHz</td>
            <td>478W</td>
            <td>288</td>
            <td>فاندروز</td>
        </tr>
    </table>",ollama-qwen2.5:7b-bulk-full,2026-04-30T16:50:13+03:00,auto-generated,,,,,,,,,,,,,,,,,high,NVIDIA RTX 5090 Founders Edition,,,,,
59,simple,GM-STR-HPX-001,,HyperX QuadCast S USB Microphone,1,0,visible,HyperX QuadCast S USB Microphone - Available at NeoGen Store,,,,taxable,,1,,,0,0,1.2,28,22,18,1,,,580,Gaming | ألعاب,"gaming, microphone, قيمنق, مايكروفون",,https://neogen.store/wp-content/uploads/GM-STR-HPX-001-1.jpg,,,,,,,,,0,,,,,هايبر إكس QuadCast S ميكروفون USB,,"<p>يعد ميكروفون HyperX QuadCast S الخيار الأمثل للبث المباشر والتسجيلات الصوتية العالية الجودة.</p>

    <h2><strong>لماذا هذا المنتج؟</strong></h2>
    <ul>
        <li>يتميز بجودة صوت عالية ودقة تفاصيل واضحة.</li>
        <li>إمكانية التحكم في مستويات الصوت والصمت الذكي لتحسين جودة البث.</li>
        <li>تصميم مدمج مع لوحة تحكم متكاملة على الجانب الخلفي.</li>
        <li>دعم متعدد الأجهزة عبر USB.</li>
    </ul>

    <h2><strong>المواصفات التقنية:</strong></h2>
    <table border=""1"">
        <thead>
            <tr>
                <th>الخاصية</th>
                <th>التفاصيل</th>
            </tr>
        </thead>
        <tbody>
            <tr>
                <td>نوع الميكروفون</td>
                <td>ميكروفون متعدد الاتجاهات (XOR)</td>
            </tr>
            <tr>
                <td>عدد الأجهزة الداعمة</td>
                <td>Windows, macOS, Linux</td>
            </tr>
            <tr>
                <td>التردد</td>
                <td>20Hz - 20kHz</td>
            </tr>
            <tr>
                <td>عدد المics</td>
                <td>3</td>
            </tr>
        </tbody>
    </table>",ollama-qwen2.5:7b-bulk-full,2026-04-30T16:49:56+03:00,auto-generated,462,https://www.amazon.sa/-/en/HyperX-QuadCast-Microphone-Podcasting-Board/dp/B0F3K25XHL/ref=sr_1_3,2026-04-29T14:40:00+03:00,high,1099,949,1777462799,1777462799,,,,,,,,,high,HyperX QuadCast S microphone,462.0,2026-04-29T14:40:00+03:00,118.0,25.5,PRICED HIGHER THAN AMAZON
60,simple,GM-STR-ELG-001,,Elgato Stream Deck MK.2,1,0,visible,Elgato Stream Deck MK.2 - Available at NeoGen Store,,,,taxable,,1,,,0,0,0.8,25,20,10,1,,949,1099,Gaming | ألعاب,"gaming, professional, احترافي, قيمنق",,https://neogen.store/wp-content/uploads/GM-STR-ELG-001-1.jpg,,,,,,,,,0,,,,,إلجاتو ستريم ديك MK.2,,"<p>إنه منتج إلكتروني مبتكر يساعد في إدارة وتنظيم أدوات البرمجة والألعاب بشكل فعال.</p>

    <h3><strong>لماذا هذا المنتج؟</strong></h3>
    <ul style=""list-style-type: disc;"">
        <li>يتميز بواجهة مستخدم سهلة الاستخدام تتيح التحكم المباشر في التطبيقات والبرامج.</li>
        <li>يحتوي على 16 لوحة مفاتيح قابلة للبرمجة، مما يجعله أداة فعالة لتحسين الإنتاجية.</li>
        <li>يوفر دعمًا واسعًا للمؤثرات الصوتية والضوئية، مما يتيح إمكانات غير محدودة في التخصيص.</li>
        <li>يتميز بجودة Conexant للصوت الرقمي الممتاز ودعم USB 2.0.</li>
    </ul>

    <h3><strong>المواصفات التقنية:</strong></h3>
    <table border=""1"" cellspacing=""0"" cellpadding=""5"">
        <thead>
            <tr>
                <th>الخاصية</th>
                <th>التقنية</th>
            </tr>
        </thead>
        <tbody>
            <tr>
                <td>عدد لوحة المفاتيح</td>
                <td>16</td>
            </tr>
            <tr>
                <td>نظام التشغيل</td>
                <td>Windows 7, 8, 10 (32/64 بت)</td>
            </tr>
            <tr>
                <td>دعم USB</td>
                <td>USB 2.0</td>
            </tr>
            <tr>
                <td>نظام التحكم</td>
                <td>Conexant Digital Audio</td>
            </tr>
        </tbody>
    </table>",ollama-qwen2.5:7b-bulk-full,2026-04-30T16:49:40+03:00,auto-generated,,,,,,,,,,,,,,,,,high,Elgato Stream Deck MK.2,,,,,
61,simple,GM-CAP-AVR-001,,AVerMedia Live Gamer Ultra S,1,0,visible,AVerMedia Live Gamer Ultra S - Available at NeoGen Store,,,,taxable,,1,,,0,0,0.7,22,18,8,1,,0,1049,Gaming | ألعاب,"capture card, gaming, قيمنق, كرت التقاط",,https://neogen.store/wp-content/uploads/GM-CAP-AVR-001-1.jpg,,,,,,,,,0,,,,,أفرميديا Live Gamer Ultra S,,"<!-- فقرة افتتاحية واحدة -->
    <p>أقدم لكم أحدث إصدار من أجهزة البث المباشر، AVerMedia Live Gamer Ultra S، وهي الخيار الأمثل لمحترفي الألعاب والبث عبر الإنترنت.</p>

    <!-- قسم ""لماذا هذا المنتج؟"" -->
    <h2><strong>لماذا هذا المنتج؟</strong></h2>
    <ul style=""direction: rtl;"">
        <li>يتميز بجودة صوت وصورة عالية تصل إلى 1080p.</li>
        <li>يدعم اتصالات متعددة بما في ذلك USB 3.2 Gen 2.</li>
        <li>يحتوي على ميكروفون داخلي عالي الدقة لضمان جودة الصوت المثلى.</li>
        <li>يتميز بتصميم أنيق وخفيف الوزن يجعله سهل الاستخدام.</li>
    </ul>

    <!-- قسم ""المواصفات التقنية:"" -->
    <h2><strong>المواصفات التقنية:</strong></h2>
    <table border=""1"" style=""direction: rtl;"">
        <tr>
            <th>الميزة</th>
            <th>التفاصيل</th>
        </tr>
        <tr>
            <td>نوع الجهاز</td>
            <td>جهاز بث مباشر</td>
        </tr>
        <tr>
            <td>دعم الفيديو</td>
            <td>H.264, H.265, VP9</td>
        </tr>
        <tr>
            <td>دقة البث</td>
            <td>1080p</td>
        </tr>
        <tr>
            <td>سرعة الاتصال</td>
            <td>USB 3.2 Gen 2</td>
        </tr>
        <tr>
            <td>عدد المics</td>
            <td>2 ميكروفون</td>
        </tr>
        <tr>
            <td>التحكم في الصوت</td>
            <td>دعم التحكم في مستوى الصوت</td>
        </tr>
    </table>",ollama-qwen2.5:7b-bulk-full,2026-04-30T16:49:22+03:00,auto-generated,,,,,,,,,,,,,,,,,high,AVerMedia Live Gamer Ultra S,,,,,
62,simple,GM-CAP-ELG-001,,Elgato HD60 X Capture Card,1,0,visible,Elgato HD60 X Capture Card - Available at NeoGen Store,,,,taxable,,1,,,0,0,0.4,18,14,6,1,,0,1099,Gaming | ألعاب,"capture card, gaming, قيمنق, كرت التقاط",,https://neogen.store/wp-content/uploads/GM-CAP-ELG-001-1.jpg,,,,,,,,,0,,,,,إلجاتو HD60 X كرت تسجيل,,"<!-- فقرة افتتاحية واحدة -->
    <p>تتميز كارد القبض Elgato HD60 X بجودة تصوير عالية ووظائف متقدمة لتسجيل الألعاب والفيديو.</p>

    <!-- قسم ""لماذا هذا المنتج؟"" -->
    <h2><strong>لماذا هذا المنتج؟</strong></h2>
    <ul style=""list-style-type: disc;"">
        <li>دعم الفيديو 4K UHD بجودة تصل إلى 60 فرقة تصوير في الثانية.</li>
        <li>وظائف متقدمة مثل التحكم في الإضاءة والتحكم في الصوت.</li>
        <li>دعم لأساليب البث المباشر المتعددة بما في ذلك Twitch و YouTube.</li>
        <li>تصميم مدمج مع دعم للفيديو والصوت المزدوج.</li>
    </ul>

    <!-- قسم ""المواصفات التقنية:"" -->
    <h2><strong>المواصفات التقنية:</strong></h2>
    <table border=""1"" style=""width: 100%;"">
        <tr>
            <th>الخاصية</th>
            <th>التفاصيل</th>
        </tr>
        <tr>
            <td>دعم الفيديو</td>
            <td>4K UHD @ 60 FPS</td>
        </tr>
        <tr>
            <td>دعم الصوت</td>
            <td>Dolby Atmos, 7.1 Surround Sound</td>
        </tr>
        <tr>
            <td>التحكم في الإضاءة</td>
            <td>نعم</td>
        </tr>
        <tr>
            <td>وظائف البث المباشر</td>
            <td>Twitch, YouTube</td>
        </tr>
        <tr>
            <td>التوصيل</td>
            <td>USB 3.2 Gen 1</td>
        </tr>
    </table>",ollama-qwen2.5:7b-bulk-full,2026-04-30T16:49:01+03:00,auto-generated,,,,,,,,,,,,,,,,,high,Elgato HD60 X capture card,,,,,
63,simple,GM-CTR-SON-001,,Sony DualSense Edge Controller,1,0,visible,Sony DualSense Edge Controller - Available at NeoGen Store,,,,taxable,,1,,,0,0,0.9,28,22,12,1,,1349,1559,Gaming | ألعاب,"controller, gaming, wireless, قيمنق, لاسلكي, يد تحكم",,https://neogen.store/wp-content/uploads/GM-CTR-SON-001-1.jpg,,,,,,,,,0,,,,,سوني دوال سنس Edge يد تحكم,,"<p>تعد ماسح ضوئي Sony DualSense Edge Controller أداة فعالة لمحترفي الألعاب، مع تصميمها المحسّن وأدائها القوي.</p>

    <h2><strong>لماذا هذا المنتج؟</strong></h2>
    <ul>
        <li>تصميم متطور يضمن الراحة والتحكم الدقيق.</li>
        <li>技术支持，这里需要翻译为阿拉伯语，但考虑到这是注释部分不会显示在最终HTML中，我们直接用阿拉伯文描述。</li>
        <li>دعم تقنية Haptic Feedback لتجربة حسية متطورة.</li>
        <li>المicrophone في الطرف الخلفي يسمح بالاتصال الصوتي المباشر أثناء اللعب.</li>
        <li>الدعم للألعاب عبر منصات متعددة، مما يجعله خيارًا مثاليًا للعديد من المستخدمين.</li>
    </ul>

    <h2><strong>المواصفات التقنية:</strong></h2>
    <table border=""1"">
        <thead>
            <tr>
                <th>الخاصية</th>
                <th>التفاصيل</th>
            </tr>
        </thead>
        <tbody>
            <tr>
                <td>موديل المنتج</td>
                <td>DualSense Edge</td>
            </tr>
            <tr>
                <td>نظام التشغيل المدعوم</td>
                <td>Sony PlayStation 5, PlayStation 4</td>
            </tr>
            <tr>
                <td>الوزن</td>
                <td>318 جرام</td>
            </tr>
            <tr>
                <td>الحجم</td>
                <td>26.9 × 15.7 × 4.4 سم</td>
            </tr>
        </tbody>
    </table>",ollama-qwen2.5:7b-bulk-full,2026-04-30T16:48:42+03:00,auto-generated,,,,,,,,,,,,,,,,,high,Sony DualSense Edge controller,,,,,
64,simple,GM-CTR-MSF-001,,Xbox Elite Controller Series 2 Core,1,0,visible,Xbox Elite Controller Series 2 Core - Available at NeoGen Store,,,,taxable,,1,,,0,0,0.8,25,20,10,1,,0,720,Gaming | ألعاب,"controller, gaming, wireless, قيمنق, لاسلكي, يد تحكم",,https://neogen.store/wp-content/uploads/GM-CTR-MSF-001-1.jpg,,,,,,,,,0,,,,,إكس بوكس إيليت يد تحكم Series 2 Core,,"<p>تعد مفاتيح Xbox Elite Controller Series 2 Core من أفضل الخيارات للألعاب الجادة، مع تصميمها المخصص والميزات المتقدمة.</p>

    <h3><strong>لماذا هذا المنتج؟</strong></h3>
    <ul style=""direction: rtl;"">
        <li>تصميم مخصص يضمن الراحة والتحكم الدقيق.</li>
        <li>عجلة التحكم متعددة الوظائف توفر تجربة ألعاب أكثر تعقيدًا.</li>
        <li>القدرة على تخصيص المفاتيح والمراوح لتلائم احتياجاتك الشخصية.</li>
        <li>دعم USB-C لسهولة الشحن والاتصال.</li>
    </ul>

    <h3><strong>المواصفات التقنية:</strong></h3>
    <table border=""1"" style=""direction: rtl;"">
        <tr>
            <th>الخاصية</th>
            <th>التفاصيل</th>
        </tr>
        <tr>
            <td>نوع المفاتيح</td>
            <td>مخصصة</td>
        </tr>
        <tr>
            <td>عدد المراوح</td>
            <td>4</td>
        </tr>
        <tr>
            <td>التحكم في الحساسية</td>
            <td>متقدم</td>
        </tr>
        <tr>
            <td>دعم USB-C</td>
            <td>نعم</td>
        </tr>
    </table>",ollama-qwen2.5:7b-bulk-full,2026-04-30T16:48:24+03:00,auto-generated,569,https://www.amazon.sa/-/en/Xbox-Elite-Wireless-Controller-Core/dp/B0B9GJLV2D/ref=sr_1_1,2026-04-29T14:40:00+03:00,high,1149,0,1777462799,1777462799,,,,,,,,,high,Xbox Elite Controller Series 2 Core,569.0,2026-04-29T14:40:00+03:00,151.0,26.5,PRICED HIGHER THAN AMAZON
65,simple,GM-RGB-GOV-001,,Govee DreamView G1 Pro Gaming Light,1,0,visible,Govee DreamView G1 Pro Gaming Light - Available at NeoGen Store,,,,taxable,,1,,,0,0,1.2,30,22,10,1,,0,790,Gaming | ألعاب,"gaming, LED lighting, RGB, إضاءة LED, إضاءة RGB, قيمنق",,https://neogen.store/wp-content/uploads/GM-RGB-GOV-001-1.jpg,,,,,,,,,0,,,,,جوفي DreamView G1 Pro إضاءة قيمنق,,"<!-- فقرة افتتاحية واحدة -->
    <p>تستعد لتجربة ترفيهية لا مثيل لها مع جهاز الإضاءة اللامع Govee DreamView G1 Pro Gaming Light.</p>

    <!-- قسم ""لماذا هذا المنتج؟"" -->
    <section>
        <h2><strong>لماذا هذا المنتج؟</strong></h2>
        <ul>
            <li>تصميم مبتكر يضفي لمسة فريدة على جهاز الكمبيوتر الخاص بك.</li>
            <li>دعم للألعاب المتعددة الأطراف، مما يجعل اللعب أكثر إثارة.</li>
            <li>تحكم دقيق في الإضاءة عبر تطبيق الهاتف الذكي.</li>
            <li>متانة ودقة عالية في التردد الضوئي.</li>
        </ul>
    </section>

    <!-- قسم ""المواصفات التقنية:"" -->
    <table border=""1"" cellspacing=""0"" cellpadding=""5"">
        <caption><strong>المواصفات التقنية:</strong></caption>
        <tr>
            <th>النوع</th>
            <td>Gaming Light</td>
        </tr>
        <tr>
            <th>موديل المنتج</th>
            <td>G1 Pro</td>
        </tr>
        <tr>
            <th>التقنية المستخدمة</th>
            <td>RGB LED</td>
        </tr>
        <tr>
            <th>عدد الألوان المتاحة</th>
            <td>16 مليون لون</td>
        </tr>
        <tr>
            <th>التحكم في الإضاءة</th>
            <td>تطبيق الهاتف الذكي</td>
        </tr>
    </table>",ollama-qwen2.5:7b-bulk-full,2026-04-30T16:48:08+03:00,auto-generated,629,https://www.amazon.sa/-/en/Govee-DreamView-Pro-Gaming-Light/dp/B0CCLP92ZC/ref=sr_1_3,2026-04-29T14:40:00+03:00,high,749,0,1777462800,1777462800,,,,,,,,,high,Govee DreamView G1 Pro,629.0,2026-04-29T14:40:00+03:00,161.0,25.6,PRICED HIGHER THAN AMAZON
66,simple,GM-RGB-COR-001,,Corsair iCUE LC100 Lighting Panels,1,0,visible,Corsair iCUE LC100 Lighting Panels - Available at NeoGen Store,,,,taxable,,1,,,0,0,1.5,28,22,12,1,,0,549,Gaming | ألعاب,"gaming, LED lighting, RGB, إضاءة LED, إضاءة RGB, قيمنق",,https://neogen.store/wp-content/uploads/GM-RGB-COR-001-1.jpg,,,,,,,,,0,,,,,كورسير iCUE LC100 بانلات إضاءة,,"<p>تتميز لوحة التحكم الضوئية Corsair iCUE LC100 بتصميمها المبتكر وفعاليتها في تحسين جمال نظام الكمبيوتر الخاص بك.</p>

    <h2><strong>لماذا هذا المنتج؟</strong></h2>
    <ul style=""direction: rtl;"">
        <li>تصميم مدمج مع لوحة القيادة iCUE لضمان التحكم الأمثل في الأجهزة الضوئية.</li>
        <li>دعم للعديد من أنظمة التشغيل بما في ذلك Windows و macOS.</li>
        <li>واجهة مستخدم سهلة الاستخدام تسمح بسهولة إعداد وإدارة الإضاءة.</li>
        <li>تعزيز جمال نظام الكمبيوتر الخاص بك مع مجموعة متنوعة من التأثيرات الضوئية المتعددة.</li>
    </ul>

    <h2><strong>المواصفات التقنية:</strong></h2>
    <table border=""1"" style=""direction: rtl;"">
        <tr>
            <th>الخاصية</th>
            <th>التفاصيل</th>
        </tr>
        <tr>
            <td>موديل المنتج</td>
            <td>LC100</td>
        </tr>
        <tr>
            <td>دعم التوافق</td>
            <td>Corsair iCUE</td>
        </tr>
        <tr>
            <td>التحكم في الإضاءة</td>
            <td>نعم</td>
        </tr>
    </table>",ollama-qwen2.5:7b-bulk-full,2026-04-30T16:47:51+03:00,auto-generated,,,,,,,,,,,,,,,,,medium,Corsair iCUE LC100 light panels,,,,,
67,simple,GM-CHR-RAZ-001,,Razer Iskur V2 NewGen,1,0,visible,Razer Iskur V2 NewGen - Available at NeoGen Store,,,,taxable,,1,,,0,0,32.0,90,70,35,1,,0,3199,Gaming | ألعاب,"gaming, gaming chair, قيمنق, كرسي قيمنق",,https://neogen.store/wp-content/uploads/GM-CHR-RAZ-001-1.jpg,,,,,,,,,0,,,,,رايزر Iskur V2 NewGen,,"<p>رغم أن الريزير إسكور في 2 جيل جديد يحمل نفس اسم السلسلة، إلا أنه يأتي مع تحديثات تقنية ملحوظة تجعله الخيار الأمثل للألعاب.</p>

    <h3><strong>لماذا هذا المنتج؟</strong></h3>
    <ul>
        <li>أداء سلس بفضل المعالج المزدوج Core i7-12700F。</li>
        <li>ذاكرة عشوائية تبلغ 16 جيجابايت لدعم تشغيل الألعاب الثقيلة.</li>
        <li>شاشة مع دقة 1440 بكسل وسرعة تحديث 360 هرتز للحصول على تجربة ألعاب سلسة.</li>
        <li>تصميم بارد يضمن حرارة منخفضة أثناء اللعب لزيادة عمر الجهاز.</li>
    </ul>

    <h3><strong>المواصفات التقنية:</strong></h3>
    <table border=""1"">
        <thead>
            <tr>
                <th>الخاصية</th>
                <th>التفاصيل</th>
            </tr>
        </thead>
        <tbody>
            <tr>
                <td>المعالج</td>
                <td>Core i7-12700F</td>
            </tr>
            <tr>
                <td>ذاكرة الوصول العشوائي (RAM)</td>
                <td>16 جيجابايت DDR4</td>
            </tr>
            <tr>
                <td>شاشة</td>
                <td>15.6 بوصة، 1440 بكسل، 360 هرتز</td>
            </tr>
            <tr>
                <td>الذاكرة التخزينية (SSD)</td>
                <td>512 جيجابايت</td>
            </tr>
            <tr>
                <td>نظام التشغيل</td>
                <td>Windows 11</td>
            </tr>
        </tbody>
    </table>",ollama-qwen2.5:7b-bulk-full,2026-04-30T16:47:35+03:00,auto-generated,,,,,,,,,,,,,,,,,high,Razer Iskur V2 NewGen chair,,,,,
68,simple,GM-CHR-SEC-001,,Secretlab Titan Evo,1,0,visible,Secretlab Titan Evo - Available at NeoGen Store,,,,taxable,,1,,,0,0,35.0,90,70,35,1,,0,4630,Gaming | ألعاب,"gaming, gaming chair, قيمنق, كرسي قيمنق",,https://neogen.store/wp-content/uploads/GM-CHR-SEC-001-1.jpg,,,,,,,,,0,,,,,ThroneLab تيتان إيفو,,"<p>يقدم سريكتلاب تيتان إيفو مقعدًا كهربائيًا عالي الجودة يجمع بين الراحة والكفاءة في التصميم.</p>

    <h2><strong>لماذا هذا المنتج؟</strong></h2>
    <ul style=""list-style-type: disc;"">
        <li>دعم متعدد المستويات للظهر يضمن راحة مستمرة لساعات العمل الطويلة.</li>
        <li>نظام التحكم الذكي عبر الأجهزة يوفر تجربة استخدام سلسة ومرنة.</li>
        <li>مروحة بقوة 120mm مع نظام التبريد الفعال لتوفير بيئة عمل مريحة.</li>
        <li>تصميم متعدد الاستخدامات يناسب مختلف أنواع الأجهزة والبيئات العمل.</li>
    </ul>

    <h2><strong>المواصفات التقنية:</strong></h2>
    <table border=""1"" cellspacing=""0"" cellpadding=""5"">
        <tr>
            <th>الخاصية</th>
            <th>القيمة</th>
        </tr>
        <tr>
            <td>نظام الدعم</td>
            <td>دعم متعدد المستويات للظهر</td>
        </tr>
        <tr>
            <td>نظام التحكم الذكي</td>
            <td>نعم، عبر الأجهزة</td>
        </tr>
        <tr>
            <td>نوع المروحة</td>
            <td>مروحة 120mm</td>
        </tr>
        <tr>
            <td>نظام التبريد</td>
            <td>نعم، نظام فعال للتبريد</td>
        </tr>
    </table>",ollama-qwen2.5:7b-bulk-full,2026-04-30T16:47:15+03:00,ollama-qwen2.5:7b-bulk,3699,https://www.amazon.sa/-/en/Secretlab-Titan-Stealth-Gaming-Chair/dp/B0B3RDWTDD,2026-04-29T12:00:00+03:00,,3499,0,1777458616,,,2026-04-30T16:58:51+03:00,,,,,,,high,Secretlab Titan Evo chair,3699.0,2026-04-29T12:00:00+03:00,931.0,25.2,PRICED HIGHER THAN AMAZON
69,simple,GM-HST-RAZ-001,,Razer BlackShark V2 Pro 2023,1,0,visible,Razer BlackShark V2 Pro 2023 - Available at NeoGen Store,,,,taxable,,1,,,0,0,1.0,28,22,14,1,,999,1149,Gaming | ألعاب,"gaming, gaming headset, wireless, سماعة قيمنق, قيمنق, لاسلكي",,https://neogen.store/wp-content/uploads/GM-HST-RAZ-001-1.jpg,,,,,,,,,0,,,,,رايزر BlackShark V2 Pro 2023,,"<p>تستعد رازر لتقديم تجربة صوتية فريدة مع سماعات Razer BlackShark V2 Pro 2023، مصممة خصيصًا للألعاب.</p>

    <h2><strong>لماذا هذا المنتج؟</strong></h2>
    <ul>
        <li>نظام الصوت المحيطي True Wireless Stereo (TWS) يوفر تجربة صوتية غنية وواقعية.</li>
        <li> microphone بدقة 40 dBi لضمان جودة الصوت أثناء البث والدردشة.</li>
        <li>دعم للترابط مع الأجهزة الذكية عبر Bluetooth 5.2.</li>
        <li>ميكروفون مدمج يوفر صوت واضح ونقي.</li>
    </ul>

    <h2><strong>المواصفات التقنية:</strong></h2>
    <table border=""1"">
        <thead>
            <tr>
                <th>الخاصية</th>
                <th>التفاصيل</th>
            </tr>
        </thead>
        <tbody>
            <tr>
                <td>نوع السماعة</td>
                <td>سماعات True Wireless Stereo (TWS)</td>
            </tr>
            <tr>
                <td>تقنية الصوت</td>
                <td>صوت True 3D Surround Sound</td>
            </tr>
            <tr>
                <td>تردد الإدخال</td>
                <td>20Hz - 20kHz</td>
            </tr>
            <tr>
                <td>تردد الإخراج</td>
                <td>20Hz - 20kHz</td>
            </tr>
            <tr>
                <td>نوع الميكروفون</td>
                <td>Mic DTS Clear Voice</td>
            </tr>
            <tr>
                <td>تقنية الترابط</td>
                <td>Bluetooth 5.2</td>
            </tr>
        </tbody>
    </table>",ollama-qwen2.5:7b-bulk-full,2026-04-30T16:46:58+03:00,auto-generated,,,,,,,,,,,,,,,,,high,Razer BlackShark V2 Pro 2023,,,,,
70,simple,GM-HST-STS-001,,SteelSeries Arctis Nova 7 Wireless,1,0,visible,SteelSeries Arctis Nova 7 Wireless - Available at NeoGen Store,,,,taxable,,1,,,0,0,1.2,28,24,14,1,,0,860,Gaming | ألعاب,"gaming, gaming headset, wireless, سماعة قيمنق, قيمنق, لاسلكي",,https://neogen.store/wp-content/uploads/GM-HST-STS-001-1.jpg,,,,,,,,,0,,,,,ستيل سيريز Arctis Nova 7 لاسلكي,,"<p>تتميز سماعاتSteelSeries Arctis Nova 7 Wireless بأداء عالٍ وتصميم مريح، مما يجعلها الخيار الأمثل لمحترفي الألعاب.</p>

    <h2><strong>لماذا هذا المنتج؟</strong></h2>
    <ul style=""direction: rtl;"">
        <li>دعم الصوت الرقمي 7.1 surround لتجربة صوتية متكاملة.</li>
        <li> technologie قابلة للبرمجة لتخصيص الإعدادات حسب الحاجة.</li>
        <li>تصميم مريح مع أذن مخففة للضغط، مما يجعل الاستخدام لساعات طويلة ممكنًا.</li>
        <li>دعم التوصيل اللاسلكي عبر Bluetooth 5.0 وUSB، مما يوفر حرية الحركة والسهولة في الاستخدام.</li>
    </ul>

    <h2><strong>المواصفات التقنية:</strong></h2>
    <table border=""1"" style=""direction: rtl;"">
        <tr>
            <th>الخاصية</th>
            <th>التفاصيل</th>
        </tr>
        <tr>
            <td>نوع السماعات</td>
            <td>سماعات ألعاب</td>
        </tr>
        <tr>
            <td>تقنية الصوت</td>
            <td>صوت الرقمي 7.1 surround</td>
        </tr>
        <tr>
            <td>تكنولوجيا التوصيل</td>
            <td>Bluetooth 5.0 وUSB</td>
        </tr>
        <tr>
            <td>الوزن</td>
            <td>280 غرام</td>
        </tr>
    </table>",ollama-qwen2.5:7b-bulk-full,2026-04-30T16:46:38+03:00,auto-generated,684,https://www.amazon.sa/-/en/SteelSeries-Arctis-Wireless-Multi-Platform-Headset/dp/B0CCSHV2W8/ref=sr_1_2,2026-04-29T14:40:00+03:00,high,1149,0,1777462799,1777462799,,,,,,,,,high,SteelSeries Arctis Nova 7 Wireless,684.0,2026-04-29T14:40:00+03:00,176.0,25.7,PRICED HIGHER THAN AMAZON
71,simple,GM-HST-HPX-001,,HyperX Cloud Alpha Wireless (300hr),1,0,visible,HyperX Cloud Alpha Wireless (300hr) - Available at NeoGen Store,,,,taxable,,1,,,0,0,1.0,26,22,14,1,,0,1199,Gaming | ألعاب,"gaming, gaming headset, wireless, سماعة قيمنق, قيمنق, لاسلكي",,https://neogen.store/wp-content/uploads/GM-HST-HPX-001-1.jpg,,,,,,,,,0,,,,,هايبر إكس Cloud Alpha لاسلكي (300hr),,"<p>تتميز سماعات HyperX Cloud Alpha Wireless (300hr) بتصميمها المبتكر ودقة الصوت العالية، مما يجعلها الخيار الأمثل لمحبي الألعاب والصوت الممتاز.</p>

    <h2><strong>لماذا هذا المنتج؟</strong></h2>
    <ul style=""list-style-type: disc;"">
        <li>تصميم مريح يضمن الراحة أثناء اللعب لساعات طويلة.</li>
        <li>技术支持的无线连接，确保无延迟的游戏体验。</li>
        <li>高保真音频技术提供清晰、细腻的声音效果。</li>
        <li>长电池寿命，单次充电可使用长达300小时。</li>
    </ul>

    <h2><strong>المواصفات التقنية:</strong></h2>
    <table border=""1"">
        <thead>
            <tr>
                <th>الخاصية</th>
                <th>التفاصيل</th>
            </tr>
        </thead>
        <tbody>
            <tr>
                <td>نوع السماعات</td>
                <td>سماعات ألعاب بدون провода</td>
            </tr>
            <tr>
                <td>تقنية الصوت</td>
                <td>技术支持的高保真音频技术</td>
            </tr>
            <tr>
                <td>البطارية</td>
                <td>300 ساعة</td>
            </tr>
            <tr>
                <td>نوع الاتصال</td>
                <td>技术支持的无线连接</td>
            </tr>
        </tbody>
    </table>",ollama-qwen2.5:7b-bulk-full,2026-04-30T16:46:21+03:00,auto-generated,,,,,,,,,,,,,,,,,high,HyperX Cloud Alpha Wireless,,,,,
72,simple,GM-MOU-RAZ-002,,Razer Viper V3 Pro (54g Wireless),1,0,visible,Razer Viper V3 Pro (54g Wireless) - Available at NeoGen Store,,,,taxable,,1,,,0,0,0.4,18,14,8,1,,1049,1209,Gaming | ألعاب,"gaming, gaming mouse, wireless, قيمنق, لاسلكي, ماوس قيمنق",,https://neogen.store/wp-content/uploads/GM-MOU-RAZ-002-1.jpg,,,,,,,,,0,,,,,رايزر Viper V3 Pro (54g لاسلكي),,"<p>تتميز رافعة الماوس Razer Viper V3 Pro بوزنها الخفيف وتقنياتها المتقدمة، مما يجعلها الخيار الأمثل للمحترفين في مجال الألعاب.</p>

    <h2><strong>لماذا هذا المنتج؟</strong></h2>
    <ul style=""list-style-type: disc;"">
        <li>تصميم خفيف الوزن يبلغ 54 غرامًا، مما يجعله سهل الحركة أثناء اللعب.</li>
        <li>技术支持的高精度传感器，确保每一次点击都精准无误。</li>
        <li>长达160小时的电池续航能力，减少频繁充电的烦恼。</li>
        <li>自定义配置选项丰富多样，满足不同玩家的需求。</li>
    </ul>

    <h2><strong>المواصفات التقنية:</strong></h2>
    <table border=""1"">
        <thead>
            <tr>
                <th>الخاصية</th>
                <th>التفاصيل</th>
            </tr>
        </thead>
        <tbody>
            <tr>
                <td>وزن</td>
                <td>54g</td>
            </tr>
            <tr>
                <td>تقنية الاتصال اللاسلكية</td>
                <td>Razer HyperSpeed</td>
            </tr>
            <tr>
                <td>عدد التتبعات</td>
                <td>12,000 DPI</td>
            </tr>
            <tr>
                <td>دقة الحساسية</td>
                <td>±0.5% @ 1-3200 DPI</td>
            </tr>
            <tr>
                <td>وقت الاستجابة</td>
                <td>أقل من 1 مللي ثانية</td>
            </tr>
            <tr>
                <td>البطارية</td>
                <td> rechargeable lithium-ion battery, up to 160 hours of gameplay</td>
            </tr>
        </tbody>
    </table>",ollama-qwen2.5:7b-bulk-full,2026-04-30T16:46:04+03:00,auto-generated,,,,,,,,,,,,,,,,,high,Razer Viper V3 Pro,,,,,
73,simple,GM-MOU-LOG-001,,Logitech G Pro X Superlight 2 DEX,1,0,visible,Logitech G Pro X Superlight 2 DEX - Available at NeoGen Store,,,,taxable,,1,,,0,0,0.4,18,14,8,1,,0,1099,Gaming | ألعاب,"gaming, gaming mouse, wireless, قيمنق, لاسلكي, ماوس قيمنق",,https://neogen.store/wp-content/uploads/GM-MOU-LOG-001-1.jpg,,,,,,,,,0,,,,,لوجيتك G Pro X Superlight 2 DEX,,"<p>تتميز سماعات Logitech G Pro X Superlight 2 DEX بتصميمها المبتكر ووزنها الخفيف، مما يجعلها الخيار الأمثل للألعاب والعمل.</p>

    <h3><strong>لماذا هذا المنتج؟</strong></h3>
    <ul style=""direction: rtl;"">
        <li>تصميم خفيف الوزن يبلغ 140 جرامًا فقط.</li>
        <li>تقنية الصوت المحيطي بتقنية DEX لتجربة صوتية متكاملة.</li>
        <li>ميكروفون قابل للإزالة وقابل للتعديل لضمان جودة الصوت.</li>
        <li>دعم لجميع أنظمة التشغيل بما في ذلك Windows و macOS.</li>
    </ul>

    <h3><strong>المواصفات التقنية:</strong></h3>
    <table border=""1"" style=""direction: rtl;"">
        <tr>
            <th>الوصف</th>
            <th>المواصفة</th>
        </tr>
        <tr>
            <td>نوع السماعات</td>
            <td>سماعات سلكية</td>
        </tr>
        <tr>
            <td>وزن</td>
            <td>140 جرامًا</td>
        </tr>
        <tr>
            <td>تقنية الصوت</td>
            <td>Dolby Atmos</td>
        </tr>
        <tr>
            <td>التقنية المحيطية</td>
            <td>Yes (DEX)</td>
        </tr>
        <tr>
            <td>ميكروفون</td>
            <td>قابل للإزالة وقابل للتعديل</td>
        </tr>
        <tr>
            <td>دعم الأنظمة</td>
            <td>Windows, macOS</td>
        </tr>
    </table>",ollama-qwen2.5:7b-bulk-full,2026-04-30T16:45:41+03:00,auto-generated,,,,,,,,,,,,,,,,,high,Logitech G Pro X Superlight 2 DEX,,,,,
74,simple,GM-MOU-RAZ-001,,Razer DeathAdder V4 Pro (57g Wireless),1,0,visible,Razer DeathAdder V4 Pro (57g Wireless) - Available at NeoGen Store,,,,taxable,,1,,,0,0,0.4,18,14,8,1,,1149,1329,Gaming | ألعاب,"gaming, gaming mouse, wireless, قيمنق, لاسلكي, ماوس قيمنق",,https://neogen.store/wp-content/uploads/GM-MOU-RAZ-001-1.jpg,,,,,,,,,0,,,,,رايزر DeathAdder V4 Pro (57g لاسلكي),,"<p>تتميز رايزر ديث أديزر فيرجينيوس بتصميمها المبتكر وزنها الخفيف، مما يجعلها الخيار الأمثل للاعبين المحترفين.</p>

    <h2><strong>لماذا هذا المنتج؟</strong></h2>
    <ul style=""list-style-type: disc;"">
        <li>تقنية الاتصال اللاسلكية 2.4GHz بتقنية Razer HyperSpeed للتحكم الدقيق والمستقر.</li>
        <li> sensivity 16000 DPI لتوفير دقة عالية في تحركات الفأرة.</li>
        <li>تصميم متين ومريح يضمن راحة اليد طوال الوقت أثناء اللعب.</li>
        <li>ذاكرة داخلية تبلغ 57g فقط، مما يجعلها خفيفة الوزن وسهلة الحمل.</li>
    </ul>

    <h2><strong>المواصفات التقنية:</strong></h2>
    <table border=""1"" cellspacing=""0"" cellpadding=""5"">
        <tr>
            <th>الخاصية</th>
            <th>الوصف</th>
        </tr>
        <tr>
            <td>نوع الفأرة</td>
            <td>فأرة كابلية مع تقنية الاتصال اللاسلكية 2.4GHz</td>
        </tr>
        <tr>
            <td>تقنية الاتصال</td>
            <td>Razer HyperSpeed</td>
        </tr>
        <tr>
            <td> sensivity</td>
            <td>16000 DPI</td>
        </tr>
        <tr>
            <td>وزن الفأرة</td>
            <td>57g</td>
        </tr>
    </table>",ollama-qwen2.5:7b-bulk-full,2026-04-30T16:45:22+03:00,auto-generated,,,,,,,,,,,,,,,,,high,Razer DeathAdder V4 Pro,,,,,
75,simple,GM-KBD-KEY-001,,Keychron K10 HE (Arabic Layout),1,0,visible,Keychron K10 HE (Arabic Layout) - Available at NeoGen Store,,,,taxable,,1,,,0,0,1.8,42,18,8,1,,,690,Gaming | ألعاب,"keyboard, mechanical, لوحة مفاتيح, ميكانيكي",,https://neogen.store/wp-content/uploads/GM-KBD-KEY-001-1.jpg,,,,,,,,,0,,,,,كيكرون K10 HE (Arabic Layout),,"<p>إليك أفضل لوحة مفاتيح إلكترونية تتميز بمرونتها العالية وتصميمها المبتكر.</p>

    <section>
        <h2><strong>لماذا هذا المنتج؟</strong></h2>
        <ul style=""list-style-type: disc; margin-left: 30px;"">
            <li>دعم أكثر من 150 لغة بما في ذلك اللغة العربية.</li>
            <li>تصميم مدمج مع لوحة مفاتيح مخصصة للعربية.</li>
            <li>استجابة سريعة ودقة عالية.</li>
            <li>متوافق مع أنظمة التشغيل Windows و macOS.</li>
        </ul>
    </section>

    <table style=""width: 100%; text-align: center;"">
        <thead>
            <tr>
                <th>المواصفات التقنية</th>
            </tr>
        </thead>
        <tbody>
            <tr>
                <td>نوع اللوحة المفاتيح: ميكروشوت</td>
            </tr>
            <tr>
                <td>عدد المفاتيح: 104 مفتاح</td>
            </tr>
            <tr>
                <td>التحكم في الإضاءة: RGB</td>
            </tr>
            <tr>
                <td>التوصيل: USB</td>
            </tr>
        </tbody>
    </table>",ollama-qwen2.5:7b-bulk-full,2026-04-30T16:45:04+03:00,auto-generated,549,https://www.amazon.sa/-/en/Keychron-Full-Size-Hall-Effect-Double-Rail-Hot-Swappable/dp/B0FX9LKQGJ/ref=sr_1_1,2026-04-29T14:40:00+03:00,high,1149,999,1777462799,1777462799,,,,,,,,,high,Keychron K10 HE Arabic,549.0,2026-04-29T14:40:00+03:00,141.0,25.7,PRICED HIGHER THAN AMAZON
76,simple,GM-KBD-LOG-001,,Logitech G Pro X TKL LIGHTSPEED,1,0,visible,Logitech G Pro X TKL LIGHTSPEED - Available at NeoGen Store,,,,taxable,,1,,,0,0,1.2,42,18,8,1,,1199,1379,Gaming | ألعاب,"gaming, keyboard, mechanical, wireless, قيمنق, لاسلكي, لوحة مفاتيح, ميكانيكي",,https://neogen.store/wp-content/uploads/GM-KBD-LOG-001-1.jpg,,,,,,,,,0,,,,,لوجيتك G Pro X TKL LIGHTSPEED,,"<p>يتميز مفاتيح لوจيتيسك G Pro X TKL LIGHTSPEED بتصميمها المبتكر ودقة تحكم عالية.</p>

    <h2><strong>لماذا هذا المنتج؟</strong></h2>
    <ul style=""direction: rtl;"">
        <li>يتميز بأداء عالي يتناسب مع اللاعبين المحترفين.</li>
        <li>تصميم مدمج يوفر مساحة على لوحة المفاتيح الرئيسية.</li>
        <li>دعم لتقنية LIGHTSPEED اللاسلكية للتحكم السريع والموثوق.</li>
        <li>مجهز بمفاتيح قابلة للتخصيص لتوفير تجربة استخدام شخصية.</li>
    </ul>

    <h2><strong>المواصفات التقنية:</strong></h2>
    <table border=""1"" style=""direction: rtl;"">
        <tr>
            <th>النوع</th>
            <th>موديل</th>
            <th>تقنية التحكم</th>
            <th>عدد المفاتيح</th>
            <th>المقاييس</th>
        </tr>
        <tr>
            <td>مفاتيح لوحة مفاتيح</td>
            <td>G Pro X TKL</td>
            <td>LIGHTSPEED</td>
            <td>104 مفاتيح</td>
            <td>325 x 178 x 36.5 ملم</td>
        </tr>
    </table>",ollama-qwen2.5:7b-bulk-full,2026-04-30T16:44:49+03:00,auto-generated,,,,,,,,,,,,,,,,,high,Logitech G Pro X TKL Lightspeed,,,,,
77,simple,GM-KBD-COR-001,,Corsair K70 MAX RGB,1,0,visible,Corsair K70 MAX RGB - Available at NeoGen Store,,,,taxable,,1,,,0,0,2.0,50,22,8,1,,0,1299,Gaming | ألعاب,"gaming, keyboard, mechanical, RGB, إضاءة RGB, قيمنق, لوحة مفاتيح, ميكانيكي",,https://neogen.store/wp-content/uploads/GM-KBD-COR-001-1.jpg,,,,,,,,,0,,,,,كورسير K70 MAX RGB,,"<p> Corsair K70 MAX RGB هو لوحة مفاتيح عصرية تجمع بين الأداء العالي والتصميم الجذاب.</p>

    <h2><strong>لماذا هذا المنتج؟</strong></h2>
    <ul>
        <li>دعم اللون RGB المتعدد للتحكم في الإضاءة.</li>
        <li>معالج كورسارد مع 104 مفاتيح مدمجة.</li>
        <li>دعم الذاكرة USB لحفظ التخصيصات.</li>
        <li>تصميم متين وخفيف الوزن يتناسب مع جميع أنواع المستخدمين.</li>
    </ul>

    <h2><strong>المواصفات التقنية:</strong></h2>
    <table border=""1"">
        <thead>
            <tr>
                <th>الخاصية</th>
                <th>التفاصيل</th>
            </tr>
        </thead>
        <tbody>
            <tr>
                <td>موديل المنتج</td>
                <td>K70 MAX RGB</td>
            </tr>
            <tr>
                <td>عدد المفاتيح</td>
                <td>104 مفتاح</td>
            </tr>
            <tr>
                <td>تقنية التحكم</td>
                <td>التحكم باللمس (Tactile)</td>
            </tr>
            <tr>
                <td>دعم اللون RGB</td>
                <td>نعم</td>
            </tr>
        </tbody>
    </table>",ollama-qwen2.5:7b-bulk-full,2026-04-30T16:44:33+03:00,auto-generated,,,,,,,,,,,,,,,,,high,Corsair K70 MAX RGB,,,,,
78,simple,GM-KBD-RAZ-001,,Razer Huntsman V3 Pro TKL,1,0,visible,Razer Huntsman V3 Pro TKL - Available at NeoGen Store,,,,taxable,,1,,,0,0,1.4,42,18,8,1,,1349,1559,Gaming | ألعاب,"gaming, keyboard, mechanical, قيمنق, لوحة مفاتيح, ميكانيكي",,https://neogen.store/wp-content/uploads/GM-KBD-RAZ-001-1.jpg,,,,,,,,,0,,,,,رايزر Huntsman V3 Pro TKL,,"<!-- فقرة افتتاحية واحدة -->
    <p>تتميز لوحة المفاتيح Razer Huntsman V3 Pro TKL بتصميمها المبتكر وأدائها الفائق، مما يجعلها الخيار الأمثل للمحترفين في مجال الألعاب.</p>

    <!-- قسم ""لماذا هذا المنتج؟"" -->
    <h2><strong>لماذا هذا المنتج؟</strong></h2>
    <ul>
        <li>استجابة فورية بفضل تقنية Razer Mechanical Switches.</li>
        <li>تصميم مدمج يقلل من الوزن ويزيد من الراحة أثناء الاستخدام المستمر.</li>
        <li>دعم لـ 100% من الأحرف، مما يوفر مساحة أكبر للتحكم.</li>
        <li>واجهة مستخدم سهلة الاستخدام مع خيارات تخصيص متقدمة.</li>
    </ul>

    <!-- قسم ""المواصفات التقنية:"" -->
    <h2><strong>المواصفات التقنية:</strong></h2>
    <table border=""1"">
        <thead>
            <tr>
                <th>الخاصية</th>
                <th>التفاصيل</th>
            </tr>
        </thead>
        <tbody>
            <tr>
                <td>نوع لوحة المفاتيح</td>
                <td>Tenkeyless (TKL)</td>
            </tr>
            <tr>
                <td>تقنية المفاتيح</td>
                <td>Razer Mechanical Switches</td>
            </tr>
            <tr>
                <td>عدد المفاتيح</td>
                <td>83 مفتاح</td>
            </tr>
            <tr>
                <td>اللون</td>
                <td>أسود/أزرق</td>
            </tr>
            <tr>
                <td>الوزن</td>
                <td>520 جرام</td>
            </tr>
            <tr>
                <td>التوصيل</td>
                <td>USB</td>
            </tr>
        </tbody>
    </table>",ollama-qwen2.5:7b-bulk-full,2026-04-30T16:44:18+03:00,auto-generated,,,,,,,,,,,,,,,,,high,Razer Huntsman V3 Pro TKL,,,,,
79,simple,GM-MON-DEL-001,,"Dell Alienware AW2725DF (27"" QD-OLED 360Hz)",1,0,visible,"Dell Alienware AW2725DF (27"" QD-OLED 360Hz) - Available at NeoGen Store",,,,taxable,,1,,,0,0,10.0,80,50,18,1,,0,5599,Gaming | ألعاب,"gaming, gaming monitor, OLED, شاشة OLED, شاشة قيمنق, قيمنق",,https://neogen.store/wp-content/uploads/GM-MON-DEL-001-1.jpg,,,,,,,,,0,,,,,ديل أليو Way AW2725DF (27 بوصة QD-OLED 360 هيرتز),,"<p>شاشة Dell Alienware AW2725DF تجمع بين الأداء القوي والتصميم المبتكر لتعطيك تجربة إبداعية لا مثيل لها.</p>

    <h3><strong>لماذا هذا المنتج؟</strong></h3>
    <ul style=""direction: rtl;"">
        <li>شاشة QD-OLED بحجم 27 بوصة مع معدل تحديث 360 هيرتز لتجربة تصفح وألعاب سmمكثفة.</li>
        <li>معالج AMD Ryzen Threadripper Pro مع ذاكرة RAM 32 جيجابايت لتوفير أداء عالي الدقة.</li>
        <li>بطاقة رسومات NVIDIA RTX 4090 لتحسين الألعاب والتطبيقات ثلاثية الأبعاد.</li>
        <li>نظام تبريد Liquid Cooling المتطور لضمان استقرار الأداء طوال الوقت.</li>
    </ul>

    <h3><strong>المواصفات التقنية:</strong></h3>
    <table border=""1"" style=""direction: rtl;"">
        <tr>
            <th>الوصف</th>
            <th>التقنية</th>
        </tr>
        <tr>
            <td>حجم الشاشة</td>
            <td>27 بوصة</td>
        </tr>
        <tr>
            <td>نوع الشاشة</td>
            <td>QD-OLED</td>
        </tr>
        <tr>
            <td>معدل التحديث</td>
            <td>360 هيرتز</td>
        </tr>
        <tr>
            <td>معالج</td>
            <td>AMD Ryzen Threadripper Pro</td>
        </tr>
        <tr>
            <td>ذاكرة الوصول العشوائي (RAM)</td>
            <td>32 جيجابايت</td>
        </tr>
        <tr>
            <td>بطاقة الرسومات</td>
            <td>NVIDIA RTX 4090</td>
        </tr>
    </table>",ollama-qwen2.5:7b-bulk-full,2026-04-30T16:43:58+03:00,ollama-qwen2.5:7b-bulk,,,,,,,,,,2026-04-30T16:58:49+03:00,,,,,,,high,"Dell Alienware AW2725DF 27"" QD-OLED",,,,,
80,simple,GM-MON-LGE-001,,"LG UltraGear OLED 27GR95QE-B (27"" QHD 240Hz)",1,0,visible,"LG UltraGear OLED 27GR95QE-B (27"" QHD 240Hz) - Available at NeoGen Store",,,,taxable,,1,,,0,0,11.0,80,50,18,1,,4899,5639,Gaming | ألعاب,"gaming, gaming monitor, OLED, شاشة OLED, شاشة قيمنق, قيمنق",,https://neogen.store/wp-content/uploads/GM-MON-LGE-001-1.jpg,,,,,,,,,0,,,,,LG UltraGear OLED 27GR95QE-B (27 بوصة QHD 240 هيرتز),,"<!-- فقرة افتتاحية واحدة -->
    <p>تتميز شاشة LG UltraGear OLED 27GR95QE-B بجودة الصورة الفائقة والسرعة العالية، مما يجعلها الخيار الأمثل لمحترفي الألعاب وعشاق الترفيه.</p>

    <!-- قسم لماذا هذا المنتج؟ -->
    <h3><strong>لماذا هذا المنتج؟</strong></h3>
    <ul>
        <li>شاشة OLED بتقنية QHD تضمن صورة فائقة الوضوح والدقة.</li>
        <li>سرعة تحديث 240Hz تقلل من التأخير وتحافظ على سلاسة الحركة.</li>
        <li>دعم G-Sync Premium يمنع التشويش أثناء اللعب.</li>
        <li>معدل إضاءة يصل إلى 1000 dBi يضفي مزيدًا من الواقعية للألعاب والفيديوهات.</li>
    </ul>

    <!-- قسم المواصفات التقنية -->
    <h3><strong>المواصفات التقنية:</strong></h3>
    <table border=""1"">
        <tr>
            <th>الخاصية</th>
            <th>التفاصيل</th>
        </tr>
        <tr>
            <td>حجم الشاشة</td>
            <td>27""</td>
        </tr>
        <tr>
            <td>نوع الشاشة</td>
            <td>OLED</td>
        </tr>
        <tr>
            <td>التقنية</td>
            <td>QHD 240Hz</td>
        </tr>
        <tr>
            <td>دعم G-Sync Premium</td>
            <td>نعم</td>
        </tr>
        <tr>
            <td>معدل الإضاءة</td>
            <td>1000 dBi</td>
        </tr>
    </table>",ollama-qwen2.5:7b-bulk-full,2026-04-30T16:43:38+03:00,ollama-qwen2.5:7b-bulk,,,,,,,,,,2026-04-30T16:58:46+03:00,,,,,,,high,"LG UltraGear 27GR95QE-B 27"" OLED",,,,,
81,simple,GM-MON-SAM-002,,"Samsung Odyssey G7 G70D (32"" 4K 144Hz)",1,0,visible,"Samsung Odyssey G7 G70D (32"" 4K 144Hz) - Available at NeoGen Store",,,,taxable,,1,,,0,0,12.0,88,55,20,1,,0,2600,Gaming | ألعاب,"gaming, gaming monitor, شاشة قيمنق, قيمنق",,https://neogen.store/wp-content/uploads/GM-MON-SAM-002-1.jpg,,,,,,,,,0,,,,,"سامسونج Odyssey G7 G70D (32"" 4K 144Hz)",,"<div>
    <p>سوبرميجا شاشة عرض Samsung Odyssey G7 G70D تتميز بحجم 32 بوصة ودقة 4K وسرعة تحديث 144 هرتز، جعلت منها الخيار الأمثل للألعاب والمشاهدة.</p>
    <h2><strong>لماذا هذا المنتج؟</strong></h2>
    <ul>
        <li>دقة عرض 4K تضمن صورة عالية الجودة.</li>
        <li>سرعة تحديث 144 هرتز تقلل من التأخير والتشويش أثناء اللعب.</li>
        <li>تصميم مدمج مع تقنية QLED لعرض ألوان أكثر واقعية.</li>
        <li>دعم HDR لزيادة قدرة العرض على التباين والإضاءة.</li>
    </ul>
    <h2><strong>المواصفات التقنية:</strong></h2>
    <table border=""1"">
        <tr>
            <th>الخصائص</th>
            <th>التقنيات</th>
        </tr>
        <tr>
            <td>حجم الشاشة</td>
            <td>32""</td>
        </tr>
        <tr>
            <td>دقة العرض</td>
            <td>4K</td>
        </tr>
        <tr>
            <td>سرعة التحديث</td>
            <td>144Hz</td>
        </tr>
        <tr>
            <td>تقنية العرض</td>
            <td>QLED</td>
        </tr>
        <tr>
            <td>دعم HDR</td>
            <td>نعم</td>
        </tr>
    </table>
</div>",ollama-qwen2.5:7b-bulk-full,2026-04-30T16:43:20+03:00,auto-generated,2073,https://www.amazon.sa/-/en/Samsung-Freesync-Adjustable-Equalizer-LS27DG702ENXZA/dp/B0DQQCK3VS/ref=sr_1_1,2026-04-29T13:45:00+03:00,high,3499,0,1777459470,1777459470,,,,,,,,,high,"Samsung Odyssey G7 G70D 32"" 4K",2073.0,2026-04-29T13:45:00+03:00,527.0,25.4,PRICED HIGHER THAN AMAZON
82,simple,GM-MON-SAM-001,,"Samsung Odyssey OLED G8 (34"" UWQHD 175Hz)",1,0,visible,"Samsung Odyssey OLED G8 (34"" UWQHD 175Hz) - Available at NeoGen Store",,,,taxable,,1,,,0,0,15.0,95,55,22,1,,0,4870,Gaming | ألعاب,"gaming, gaming monitor, شاشة قيمنق, قيمنق",,https://neogen.store/wp-content/uploads/GM-MON-SAM-001-1.jpg,,,,,,,,,0,,,,,"سامسونج Odyssey OLED G8 (34"" UWQHD 175Hz)",,"<p>سوبرفليش الشاشة في سامسونج أوديسي G8 يوفر تجربة مشاهدة فائقة الوضوح والسرعة.</p>

    <h2><strong>لماذا هذا المنتج؟</strong></h2>
    <ul style=""list-style-type: disc; margin-left: 30px;"">
        <li>شاشة OLED بحجم 34 بوصة مع دقة UWQHD.</li>
        <li>سرعة تحديث تصل إلى 175 هيرتز لألعاب الفيديو المتسارعة.</li>
        <li>تصميم متطور يجمع بين الأناقة والكفاءة في الاستهلاك الكهربائي.</li>
        <li>دعم تقنية HDR لعرض الصور بجودة عالية وتفاصيل غنية.</li>
    </ul>

    <h2><strong>المواصفات التقنية:</strong></h2>
    <table border=""1"" style=""width: 100%; text-align: center;"">
        <tr>
            <th>الخاصية</th>
            <th>التفاصيل</th>
        </tr>
        <tr>
            <td>حجم الشاشة</td>
            <td>34""</td>
        </tr>
        <tr>
            <td>دقة الشاشة</td>
            <td>UWQHD</td>
        </tr>
        <tr>
            <td>سرعة التحديث</td>
            <td>175Hz</td>
        </tr>
        <tr>
            <td>نوع الشاشة</td>
            <td>OLED</td>
        </tr>
    </table>",ollama-qwen2.5:7b-bulk-full,2026-04-30T16:43:04+03:00,auto-generated,3893,https://www.amazon.sa/-/en/Samsung-Odyssey-G81SF-Gaming-Monitor/dp/B0DVBZS5WZ/ref=sr_1_1_mod_primary_new,2026-04-29T13:45:00+03:00,high,7799,0,1777459470,1777459470,,,,,,,,,high,"Samsung Odyssey OLED G8 34"" UWQHD",3893.0,2026-04-29T13:45:00+03:00,977.0,25.1,PRICED HIGHER THAN AMAZON
83,simple,GM-MON-ASU-001,,"ASUS ROG Swift OLED PG27AQDM (27"" QHD 240Hz)",1,0,visible,"ASUS ROG Swift OLED PG27AQDM (27"" QHD 240Hz) - Available at NeoGen Store",,,,taxable,,1,,,0,0,10.0,80,50,18,1,,,4080,Gaming | ألعاب,"gaming, gaming monitor, OLED, شاشة OLED, شاشة قيمنق, قيمنق",,https://neogen.store/wp-content/uploads/GM-MON-ASU-001-1.jpg,,,,,,,,,0,,,,,"اسوس روج Swift OLED PG27AQDM (27"" QHD 240Hz)",,"<p>تتميز شاشة ASUS ROG Swift OLED PG27AQDM بحجم 27 بوصة ودقة QHD وسرعة تحديث تصل إلى 240 هيرتز، مما يجعلها الخيار الأمثل لمحبي الألعاب والعملية الرسومية.</p>
    <strong>لماذا هذا المنتج؟</strong>
    <ul style=""text-align: right;"">
        <li>دقة QHD وسرعة تحديث تصل إلى 240 هيرتز.</li>
        <li>شاشة OLED مع دعم HDR، مما يوفر صورة عالية الجودة.</li>
        <li>تصميم رفيع المستوى مع تقنية Mini-LED لتحكم دقيق في الإضاءة.</li>
        <li>دعم USB Type-C للاتصال السريع والمباشر.</li>
    </ul>
    <strong>المواصفات التقنية:</strong>
    <table style=""text-align: center;"">
        <tr>
            <th>الحجم</th>
            <th>دقة الشاشة</th>
            <th>سرعة التحديث</th>
            <th>نوع الشاشة</th>
            <th>دعم HDR</th>
            <th>تقنية الإضاءة</th>
        </tr>
        <tr>
            <td>27""</td>
            <td>QHD</td>
            <td>240Hz</td>
            <td>OLED</td>
            <td>نعم</td>
            <td>Mini-LED</td>
        </tr>
    </table>",ollama-qwen2.5:7b-bulk-full,2026-04-30T16:42:48+03:00,auto-generated,3259,https://www.amazon.sa/-/en/ASUS-PG27AQDM-26-5-inch-response-compatible/dp/B0BXY85B9F/ref=sr_1_1,2026-04-29T13:45:00+03:00,high,6209,5399,1777459470,1777459470,,,,,,,,,high,"ASUS ROG PG27AQDM 27"" QHD OLED",3259.0,2026-04-29T13:45:00+03:00,821.0,25.2,PRICED HIGHER THAN AMAZON
84,simple,NT-MPC-DEL-001,,Dell OptiPlex 7070 Micro (Refurb),1,0,visible,Dell OptiPlex 7070 Micro (Refurb) - Available at NeoGen Store,,,,taxable,,1,,,0,0,1.5,25,20,10,1,,0,1610,Homelab | هوم لاب,"enterprise, mini PC, refurbished, حلول شركات, كمبيوتر مصغر, مجدد",,https://neogen.store/wp-content/uploads/NT-MPC-DEL-001-1.jpg,,,,,,,,,0,,,,,دell OptiPlex 7070 ميكرو (مرجع),,"<p>تتميز ديل أوبتيبلекс 7070 ميكرو (ريفورب) بتصميمها компактный وفعالية عالية في استخدام الطاقة، مما يجعلها خيارًا مثاليًا للعملاء الذين يبحثون عن كمبيوتر قوي ومحمول.</p>
    
    <h2><strong>لماذا هذا المنتج؟</strong></h2>
    <ul style=""list-style-type: disc;"">
        <li>تصميم مدمج يوفر مساحة أقل بنسبة 40٪ مقارنة بالأجهزة التقليدية.</li>
        <li>معالج Intel Core i5-10400F بسرعة 2.9 GHz وذاكرة RAM 8 GB لتشغيل التطبيقات بكفاءة عالية.</li>
        <li>شاشة دقة Full HD (1920 x 1080) تضمن جودة الصورة الواضحة والدقيقة.</li>
        <li>بطاقة رسومات NVIDIA GeForce GTX 1650 مع ذاكرة VRAM 4 GB لألعاب الفيديو وتطبيقات الرسومات.</li>
    </ul>

    <h2><strong>المواصفات التقنية:</strong></h2>
    <table border=""1"" cellspacing=""0"" cellpadding=""5"">
        <thead>
            <tr>
                <th>الخيار</th>
                <th>التقنية</th>
            </tr>
        </thead>
        <tbody>
            <tr>
                <td>نوع الجهاز</td>
                <td>كمبيوتر مدمج (All-in-one)</td>
            </tr>
            <tr>
                <td>معالج</td>
                <td>Intel Core i5-10400F @ 2.9 GHz</td>
            </tr>
            <tr>
                <td>ذاكرة الوصول العشوائي (RAM)</td>
                <td>8 GB DDR4</td>
            </tr>
            <tr>
                <td>بطاقة الرسومات</td>
                <td>NVIDIA GeForce GTX 1650 @ 4 GB VRAM</td>
            </tr>
            <tr>
                <td>شاشة</td>
                <td>Full HD (1920 x 1080)</td>
            </tr>
        </tbody>
    </table>",ollama-qwen2.5:7b-bulk-full,2026-04-30T16:42:31+03:00,ollama-qwen2.5:7b-bulk,1282,https://www.amazon.sa/-/en/Dell-OptiPlex-5060-Computer-Professional/dp/B0C31DTK9C/ref=sr_1_1,2026-04-29T14:40:00+03:00,high,1549,0,1777462799,1777462800,,2026-04-30T16:58:43+03:00,,,,,,,high,Dell OptiPlex 7070 Micro Refurb,1282.0,2026-04-29T14:40:00+03:00,328.0,25.6,PRICED HIGHER THAN AMAZON
85,simple,NT-MPC-BLK-002,,Beelink EQ12 (Intel N100),1,0,visible,Beelink EQ12 (Intel N100) - Available at NeoGen Store,,,,taxable,,1,,,0,0,1.0,20,16,8,1,,0,999,Homelab | هوم لاب,"enterprise, mini PC, حلول شركات, كمبيوتر مصغر",,https://neogen.store/wp-content/uploads/NT-MPC-BLK-002-1.jpg,,,,,,,,,0,,,,,بييلينك إيه جي 12 (إنтел ن100),,"<p>يقدم لكم متجرنا الإلكتروني Beelink EQ12، جهازًا مثاليًا للعملاء الذين يبحثون عن أداء عالٍ في الحوسبة المحمولة.</p>

    <h3><strong>لماذا هذا المنتج؟</strong></h3>
    <ul>
        <li>معالج Intel N100 بسرعة 2.4 GHz لتحسين الأداء العام.</li>
        <li>ذاكرة عشوائية DDR4 بسعة 8 GB لتلبية احتياجات العمل والترفيه.</li>
        <li>شاشة قياس 15.6 بوصة HD للعرض الواضح والمشرق.</li>
        <li>بطارية سعتها 50Wh توفر استمرارية عمل طويلة تصل إلى 8 ساعات.</li>
    </ul>

    <h3><strong>المواصفات التقنية:</strong></h3>
    <table border=""1"">
        <thead>
            <tr>
                <th>الخاصية</th>
                <th>التفاصيل</th>
            </tr>
        </thead>
        <tbody>
            <tr>
                <td>معالج</td>
                <td>Intel N100</td>
            </tr>
            <tr>
                <td>سرعة المعالج</td>
                <td>2.4 GHz</td>
            </tr>
            <tr>
                <td>ذاكرة الوصول العشوائي (RAM)</td>
                <td>8 GB DDR4</td>
            </tr>
            <tr>
                <td>شاشة</td>
                <td>15.6 بوصة HD</td>
            </tr>
            <tr>
                <td>بطارية</td>
                <td>50Wh</td>
            </tr>
        </tbody>
    </table>",ollama-qwen2.5:7b-bulk-full,2026-04-30T16:42:09+03:00,ollama-qwen2.5:7b-bulk,,,,,,,,,,2026-04-30T16:58:40+03:00,,,,,,,high,Beelink EQ12 N100 mini PC,,,,,
86,simple,NT-MPC-BLK-001,,Beelink SER7 (Ryzen 7 7735HS),1,0,visible,Beelink SER7 (Ryzen 7 7735HS) - Available at NeoGen Store,,,,taxable,,1,,,0,0,1.2,22,18,10,1,,,2399,Homelab | هوم لاب,"enterprise, mini PC, حلول شركات, كمبيوتر مصغر",,https://neogen.store/wp-content/uploads/NT-MPC-BLK-001-1.jpg,,,,,,,,,0,,,,,بييلينك سير7 (ريزين 7 7735HS),,"<p>تتميز جهاز Beelink SER7 بمعالج Ryzen 7 7735HS القوي والمتطور، مما يجعله الخيار الأمثل للعمل والترفيه.</p>

    <h2><strong>لماذا هذا المنتج؟</strong></h2>
    <ul style=""direction: rtl;"">
        <li>معالج Ryzen 7 7735HS بتردد يصل إلى 4.5 GHz.</li>
        <li>ذاكرة وصول عشوائي (RAM) سعة 16 GB.</li>
        <li>بطاقة رسومات Radeon Graphics.</li>
        <li>شاشة بدقة 1600x900 بكسل.</li>
    </ul>

    <h2><strong>المواصفات التقنية:</strong></h2>
    <table border=""1"" style=""direction: rtl;"">
        <tr>
            <th>الوصف</th>
            <th>التقنية</th>
        </tr>
        <tr>
            <td>معالج</td>
            <td>Ryzen 7 7735HS</td>
        </tr>
        <tr>
            <td>تردد المعالج</td>
            <td>4.5 GHz</td>
        </tr>
        <tr>
            <td>ذاكرة الوصول العشوائي (RAM)</td>
            <td>16 GB</td>
        </tr>
        <tr>
            <td>بطاقة الرسومات</td>
            <td>Radeon Graphics</td>
        </tr>
        <tr>
            <td>شاشة</td>
            <td>1600x900 بكسل</td>
        </tr>
    </table>",ollama-qwen2.5:7b-bulk-full,2026-04-30T16:41:51+03:00,ollama-qwen2.5:7b-bulk,,,,,,,,,,2026-04-30T16:58:37+03:00,,,,,,,high,Beelink SER7 Ryzen 7 mini PC,,,,,
87,simple,NT-MPC-MNF-001,,MinisForum MS-01 (Homelab Server),1,0,visible,MinisForum MS-01 (Homelab Server) - Available at NeoGen Store,,,,taxable,,1,,,0,0,2.5,30,22,12,1,,3999,4599,Homelab | هوم لاب,"enterprise, mini PC, حلول شركات, كمبيوتر مصغر",,https://neogen.store/wp-content/uploads/NT-MPC-MNF-001-1.jpg,,,,,,,,,0,,,,,مินيسفورم MS-01 (خادم المنزلية),,"<p>مُعد للعمل في المنزل، يوفر MinisForum MS-01 أداءً قويًا مع تصميم مدمج.</p>
    
    <h2><strong>لماذا هذا المنتج؟</strong></h2>
    <ul style=""direction: rtl;"">
        <li>معالج Intel® Core™ i3-10105F بسرعة 4.1 GHz.</li>
        <li>ذاكرة عشوائية DDR4 سعة 8 GB.</li>
        <li>بطاقة رسومات NVIDIA GeForce RTX 2060 مع دقة 6GB GDDR6.</li>
        <li>تخزين قابل للتوسع بحجم 1 TB SSD.</li>
    </ul>
    
    <h2><strong>المواصفات التقنية:</strong></h2>
    <table border=""1"" dir=""ltr"">
        <tr>
            <th>الخاصية</th>
            <th>التفاصيل</th>
        </tr>
        <tr>
            <td>معالج</td>
            <td>Intel® Core™ i3-10105F</td>
        </tr>
        <tr>
            <td>سرعة المعالج</td>
            <td>4.1 GHz</td>
        </tr>
        <tr>
            <td>ذاكرة الوصول العشوائي (RAM)</td>
            <td>8 GB DDR4</td>
        </tr>
        <tr>
            <td>بطاقة الرسومات</td>
            <td>NVIDIA GeForce RTX 2060</td>
        </tr>
        <tr>
            <td>ذاكرة الرسومات (VRAM)</td>
            <td>6 GB GDDR6</td>
        </tr>
        <tr>
            <td>التخزين الداخلي</td>
            <td>1 TB SSD</td>
        </tr>
    </table>",ollama-qwen2.5:7b-bulk-full,2026-04-30T16:41:33+03:00,ollama-qwen2.5:7b-bulk,,,,,,,,,,2026-04-30T16:58:35+03:00,,,,,,,high,MinisForum MS-01 homelab,,,,,
88,simple,NT-POE-TPL-001,,TP-Link TL-SG1005P 5-Port PoE,1,0,visible,TP-Link TL-SG1005P 5-Port PoE - Available at NeoGen Store,,,,taxable,,1,,,0,0,0.8,22,16,8,1,,0,299,Networking | شبكات واتصالات,"networking, PoE, switch, تغذية عبر الشبكة, سويتش, شبكات",,https://neogen.store/wp-content/uploads/NT-POE-TPL-001-1.jpg,,,,,,,,,0,,,,,تي بي لينك TL-SG1005P 5-Port PoE,,"<p>تتميز شبكة تبادل البيانات اللاسلكية TP-Link TL-SG1005P بخمس منافذ PoE، مما يجعلها الخيار الأمثل لشبكات الشركات الصغيرة والمتوسطة.</p>

    <h2><strong>لماذا هذا المنتج؟</strong></h2>
    <ul style=""list-style-type: disc;"">
        <li>توفير الطاقة مع دعم PoE لتوصيل الكهرباء والبيانات في وقت واحد.</li>
        <li>سهولة الاستخدام وتركيب بفضل تصميمها البسيط.</li>
        <li>موثوقية عالية مع سرعة نقل بيانات تصل إلى 1 Gbps.</li>
        <li>دعم متعدد الأجهزة، مما يتيح استخدام العديد من الأجهزة في الوقت نفسه.</li>
    </ul>

    <h2><strong>المواصفات التقنية:</strong></h2>
    <table border=""1"" style=""width: 100%;"">
        <tr>
            <th>النوع</th>
            <th>عدد المنافذ</th>
            <th>سرعة النقل</th>
            <th>دعم PoE</th>
        </tr>
        <tr>
            <td>شبكة تبادل البيانات</td>
            <td>5-Port</td>
            <td>1 Gbps</td>
            <td>نعم</td>
        </tr>
    </table>",ollama-qwen2.5:7b-bulk-full,2026-04-30T16:41:15+03:00,auto-generated,,,,,,,,,,,,,,,,,high,TP-Link TL-SG1005P 5-port PoE,,,,,
89,simple,NT-POE-UBQ-001,,Ubiquiti USW-Lite-8-PoE,1,0,visible,Ubiquiti USW-Lite-8-PoE - Available at NeoGen Store,,,,taxable,,1,,,0,0,0.9,25,18,8,1,,0,849,Networking | شبكات واتصالات,"3d printing, networking, PoE, switch, تغذية عبر الشبكة, سويتش, شبكات, طباعة ثلاثية الأبعاد",,https://neogen.store/wp-content/uploads/NT-POE-UBQ-001-1.jpg,,,,,,,,,0,,,,,يوبيكويتي USW-Lite-8-PoE,,"<p>يعد جهاز الـ <strong>USW-Lite-8-PoE</strong> من عبiquiti حلًا مثاليًا لشبكات الشركات الصغيرة والمتوسطة، حيث يجمع بين الأداء العالي والتكلفة المنخفضة.</p>
    
    <h2><strong>لماذا هذا المنتج؟</strong></h2>
    <ul style=""list-style-type: disc;"">
        <li>يوفر دعم 8 منافذ PoE لتوسيع شبكتك بسهولة.</li>
        <li>يتميز بأداء اتصال قوي يصل إلى 10/100/1000 ميجابت في الثانية.</li>
        <li>متاح بتصميم صغير وخفيف يتناسب مع مختلف البيئات.</li>
        <li>يوفر حلًا فعالًا لشبكات البيانات الصغيرة والمتوسطة بأقل التكاليف.</li>
    </ul>

    <h2><strong>المواصفات التقنية:</strong></h2>
    <table border=""1"">
        <thead>
            <tr>
                <th>الميزة</th>
                <th>التفاصيل</th>
            </tr>
        </thead>
        <tbody>
            <tr>
                <td>عدد المنافذ</td>
                <td>8 منافذ PoE</td>
            </tr>
            <tr>
                <td>سرعة الاتصال</td>
                <td>10/100/1000 ميجابت في الثانية</td>
            </tr>
            <tr>
                <td>متوافق مع</td>
                <td>IEEE 802.3af/at</td>
            </tr>
            <tr>
                <td>الحجم والوزن</td>
                <td>175x94x42 ملم / 60 غرام</td>
            </tr>
        </tbody>
    </table>",ollama-qwen2.5:7b-bulk-full,2026-04-30T16:40:59+03:00,auto-generated,,,,,,,,,,,,,,,,,high,Ubiquiti USW-Lite-8-PoE,,,,,
90,simple,NT-KVM-ATN-001,,ATEN CS1924M 4-Port DP KVM,1,0,visible,ATEN CS1924M 4-Port DP KVM - Available at NeoGen Store,,,,taxable,,1,,,0,0,3.5,50,30,12,1,,0,2399,Homelab | هوم لاب,"enterprise, KVM switch, حلول شركات, سويتش KVM",,https://neogen.store/wp-content/uploads/NT-KVM-ATN-001-1.jpg,,,,,,,,,0,,,,,unità كيام فيم أرتبت 4 من دببلير,,"<!-- فقرة افتتاحية واحدة -->
    <p>ATEN CS1924M هو كمبيوتر مركزي متعدد الأجهزة يوفر حلًا فعالاً لتحكم وإدارة أجهزة الكمبيوتر.</p>

    <!-- قسم ""لماذا هذا المنتج؟"" -->
    <h3><strong>لماذا هذا المنتج؟</strong></h3>
    <ul style=""list-style-type: disc;"">
        <li>يتيح دعم 4 منافذ DP للمزيد من الأجهزة.</li>
        <li>يوفر تبديل سلس بين أجهزة الكمبيوتر بضغطة واحدة.</li>
        <li>تصميم مدمج يضمن فعالية استخدام المساحة.</li>
        <li>يتميز بمرونة عالية في تنفيذ مجموعة متنوعة من التطبيقات.</li>
    </ul>

    <!-- قسم ""المواصفات التقنية:"" -->
    <h3><strong>المواصفات التقنية:</strong></h3>
    <table border=""1"" cellspacing=""0"" cellpadding=""5"">
        <thead>
            <tr>
                <th>الخاصية</th>
                <th>التفاصيل</th>
            </tr>
        </thead>
        <tbody>
            <tr>
                <td>عدد المنافذ</td>
                <td>4-Port DP KVM</td>
            </tr>
            <tr>
                <td>دعم الأجهزة</td>
                <td>PCs, Macs و أجهزة Linux</td>
            </tr>
            <tr>
                <td>التحكم السريع</td>
                <td>تبديل سلس بين الأجهزة بضغطة واحدة</td>
            </tr>
            <tr>
                <td>تصميم المنتج</td>
                <td>مدمج وفعال في استخدام المساحة</td>
            </tr>
        </tbody>
    </table>",ollama-qwen2.5:7b-bulk-full,2026-04-30T16:40:40+03:00,ollama-qwen2.5:7b-bulk,,,,,,,,,,2026-04-30T16:58:32+03:00,,,,,,,high,ATEN CS1924M 4-port DP KVM,,,,,
91,simple,NT-KVM-TES-001,,TESmart HKS0401A1U 4-Port HDMI KVM,1,0,visible,TESmart HKS0401A1U 4-Port HDMI KVM - Available at NeoGen Store,,,,taxable,,1,,,0,0,2.5,45,28,10,1,,599,689,Homelab | هوم لاب,"enterprise, KVM switch, حلول شركات, سويتش KVM",,https://neogen.store/wp-content/uploads/NT-KVM-TES-001-1.jpg,,,,,,,,,0,,,,,TESmart HKS0401A1U 4-قناة كييهأمفي إتشديمي,,"<p>تتميز لوحة التحكم HDMI KVM TESmart HKS0401A1U بتصميمها المبتكر وسهولة استخدامها، مما يجعلها الخيار الأمثل لمن يرغب في إدارة عدة أجهزة إلكترونية من خلال جهاز واحد.</p>
    <h2><strong>لماذا هذا المنتج؟</strong></h2>
    <ul style=""list-style-type: disc;"">
        <li>توفير الوقت والطاقة عبر إدارة أربعة أجهزة في وقت واحد.</li>
        <li>تصميم مدمج وخفيف الوزن يجعلها سهلة الاستخدام والاستعراض.</li>
        <li>دعم للكمبيوترات ذات الأنظمة الأساسية المختلفة مثل Windows وLinux.</li>
        <li>ضمان استقرار الأداء عبر تكنولوجيا KVM المتقدمة.</li>
    </ul>
    <h2><strong>المواصفات التقنية:</strong></h2>
    <table border=""1"" cellspacing=""0"" cellpadding=""5"">
        <thead>
            <tr>
                <th>الخاصية</th>
                <th>التفاصيل</th>
            </tr>
        </thead>
        <tbody>
            <tr>
                <td>عدد المنافذ HDMI</td>
                <td>4</td>
            </tr>
            <tr>
                <td>دعم الأنظمة الأساسية</td>
                <td>Windows, Linux</td>
            </tr>
            <tr>
                <td>نوع التحكم</td>
                <td>KVM Switch</td>
            </tr>
            <tr>
                <td>الحجم</td>
                <td>12.5 x 8.3 x 4 cm</td>
            </tr>
        </tbody>
    </table>",ollama-qwen2.5:7b-bulk-full,2026-04-30T16:40:21+03:00,ollama-qwen2.5:7b-bulk,,,,,,,,,,2026-04-30T16:58:30+03:00,,,,,,,medium,TESmart 4-port HDMI KVM,,,,,
92,simple,NT-FWL-FTN-001,,Fortinet FortiGate 60F,1,0,visible,Fortinet FortiGate 60F - Available at NeoGen Store,,,,taxable,,1,,,0,0,1.5,30,22,8,1,,5499,6329,Homelab | هوم لاب,"enterprise, firewall, جدار ناري, حلول شركات",,https://neogen.store/wp-content/uploads/NT-FWL-FTN-001-1.jpg,,,,,,,,,0,,,,,فورتي نت FortiGate 60F,,"<p>هذا الصرح التقني المتميز، Fortinet FortiGate 60F، هو الحل الأمثل للحماية الرقمية في منازل وشركات صغيرة.</p>

    <h2><strong>لماذا هذا المنتج؟</strong></h2>
    <ul style=""direction: rtl;"">
        <li>يتميز بقوة حماية متقدمة ضد الهجمات الإلكترونية.</li>
        <li>يوفر سرعة إنترنت فائقة تصل إلى 1.75 جيجابت في الثانية.</li>
        <li>يتضمن نظام إدارة شبكة متكامل يسهل التحكم والتحكم في الشبكة.</li>
        <li>يتميز بواجهة مستخدم سهلة الاستخدام وقابلية التخصيص العالية.</li>
    </ul>

    <h2><strong>المواصفات التقنية:</strong></h2>
    <table border=""1"" style=""direction: rtl;"">
        <tr>
            <th>الخاصية</th>
            <th>التفاصيل</th>
        </tr>
        <tr>
            <td>نوع المنتج</td>
            <td>Router و Firewall</td>
        </tr>
        <tr>
            <td>سرعة الإنترنت</td>
            <td>1.75 جيجابت في الثانية</td>
        </tr>
        <tr>
            <td>عدد المنافذ</td>
            <td>4x Gigabit Ethernet</td>
        </tr>
        <tr>
            <td>الذاكرة العشوائية</td>
            <td>1 غيغابايت DDR3</td>
        </tr>
        <tr>
            <td>عدد الرouters الافتراضية</td>
            <td>4</td>
        </tr>
    </table>",ollama-qwen2.5:7b-bulk-full,2026-04-30T16:40:04+03:00,auto-generated,,,,,,,,,,,,,,,,,high,Fortinet FortiGate 60F,,,,,
93,simple,NT-FWL-NGT-002,,Netgate 2100 MAX pfSense+ Gateway,1,0,visible,Netgate 2100 MAX pfSense+ Gateway - Available at NeoGen Store,,,,taxable,,1,,,0,0,1.2,28,20,8,1,,0,2740,Homelab | هوم لاب,"enterprise, firewall, networking, جدار ناري, حلول شركات, شبكات",,https://neogen.store/wp-content/uploads/NT-FWL-NGT-002-1.jpg,,,,,,,,,0,,,,,نتجيت 2100 MAX pfSense+ Gateway,,"<p>يعد جهاز Netgate 2100 MAX pfSense+ Gateway الحل الأمثل للشبكات المتوسطة الحجم والكبيرة، حيث يجمع بين أمان متقدم وسرعة اتصال عالية.</p>

    <h3><strong>لماذا هذا المنتج؟</strong></h3>
    <ul style=""direction: rtl;"">
        <li>يتميز بمعالج قوي يعمل عند سرعة 1.8 GHz.</li>
        <li>يوفر ذاكرة عشوائية تبلغ 2 GB لضمان أداء فائق.</li>
        <li>يدعم شبكات Wi-Fi 5 و Wi-Fi 6 للاتصال السريع والموثوق.</li>
        <li>يحتوي على مدخلين USB 3.0 لسهولة الاتصال بالأجهزة الخارجية.</li>
        <li>يوفر دعمًا متعددًا للمودم عبر Ethernet و Wi-Fi.</li>
    </ul>

    <h3><strong>المواصفات التقنية:</strong></h3>
    <table border=""1"" style=""direction: rtl;"">
        <tr>
            <th>الخاصية</th>
            <th>التفاصيل</th>
        </tr>
        <tr>
            <td>معالج</td>
            <td>CPU 1.8 GHz</td>
        </tr>
        <tr>
            <td>ذاكرة عشوائية</td>
            <td>2 GB RAM</td>
        </tr>
        <tr>
            <td>ذاكرة تخزين</td>
            <td>4 GB flash memory</td>
        </tr>
        <tr>
            <td>شبكات Wi-Fi</td>
            <td>Wi-Fi 5, Wi-Fi 6</td>
        </tr>
        <tr>
            <td>مدخلات USB</td>
            <td>2 x USB 3.0</td>
        </tr>
    </table>",ollama-qwen2.5:7b-bulk-full,2026-04-30T16:39:43+03:00,auto-generated,2191,https://www.amazon.sa/-/en/PfSense-Netgate-2100-Firewall-Router/dp/B0D35Y6RLG/ref=sr_1_1,2026-04-29T13:45:00+03:00,high,2499,0,1777459470,1777459470,,,,,,,,,medium,Netgate 2100 MAX pfSense+,2191.0,2026-04-29T13:45:00+03:00,549.0,25.1,PRICED HIGHER THAN AMAZON
94,simple,NT-FWL-NGT-001,,Netgate 4200 MAX pfSense+ Gateway,1,0,visible,Netgate 4200 MAX pfSense+ Gateway - Available at NeoGen Store,,,,taxable,,1,,,0,0,2.5,35,25,10,1,,0,3399,Homelab | هوم لاب,"enterprise, firewall, networking, جدار ناري, حلول شركات, شبكات",,https://neogen.store/wp-content/uploads/NT-FWL-NGT-001-1.jpg,,,,,,,,,0,,,,,نتجيت 4200 MAX pfSense+ Gateway,,"<p>يقدم لك Netgate 4200 MAX pfSense+ Gateway أداءً عالي الجودة وموثوقية في حلول الشبكات.</p>

    <section>
        <h3><strong>لماذا هذا المنتج؟</strong></h3>
        <ul style=""list-style-type: disc;"">
            <li>معالج قوي بسرعة 1.8 GHz.</li>
            <li>ذاكرة عشوائية سعتها 2 GB.</li>
            <li>دعم لشبكات Gigabit Ethernet.</li>
            <li>واجهة مستخدم سهلة الاستخدام وقابلية التخصيص.</li>
        </ul>
    </section>

    <table border=""1"" style=""width:100%; text-align:center;"">
        <thead>
            <tr>
                <th>المواصفات التقنية</th>
                <th>التفاصيل</th>
            </tr>
        </thead>
        <tbody>
            <tr>
                <td>معالج</td>
                <td>CPU: 1.8 GHz</td>
            </tr>
            <tr>
                <td>ذاكرة الوصول العشوائي</td>
                <td>RAM: 2 GB</td>
            </tr>
            <tr>
                <td>بطاقات الشبكة</td>
                <td>Ethernet Ports: 4 x Gigabit Ethernet</td>
            </tr>
            <tr>
                <td>واجهة المستخدم</td>
                <td>User Interface: pfSense+</td>
            </tr>
        </tbody>
    </table>",ollama-qwen2.5:7b-bulk-full,2026-04-30T16:39:24+03:00,auto-generated,,,,,,,,,,,,,,,,,medium,Netgate 4200 MAX pfSense+,,,,,
95,simple,NT-CBL-GEN-001,,Cat6a Shielded Bulk Cable (305m),1,0,visible,Cat6a Shielded Bulk Cable (305m) - Available at NeoGen Store,,,,taxable,,1,,,0,0,12.0,35,35,35,1,,0,740,Networking | شبكات واتصالات,"ethernet cable, networking, شبكات, كابل شبكة",,https://neogen.store/wp-content/uploads/NT-CBL-GEN-001-1.jpg,,,,,,,,,0,,,,,كابل كاثي 6ا مغطى بالحشوات (305م),,"<p>هذا الحبل الكاث 6 آيه مغطى مناسب لنقل البيانات بسرعة عالية ودقة.</p>

    <h2><strong>لماذا هذا المنتج؟</strong></h2>
    <ul>
        <li>سرعة نقل البيانات تصل إلى 10 جيجابايت في الثانية.</li>
        <li>حماية فعالة ضد التداخل الكهرومغناطيسي.</li>
        <li>تصميم مرن يسمح بسهولة التركيب والترقيم.</li>
        <li>متانة عالية تضمن استقرار الأداء لفترة طويلة.</li>
    </ul>

    <h2><strong>المواصفات التقنية:</strong></h2>
    <table border=""1"">
        <thead>
            <tr>
                <th>الخاصية</th>
                <th>القيمة</th>
            </tr>
        </thead>
        <tbody>
            <tr>
                <td>موديل</td>
                <td>CAT6A</td>
            </tr>
            <tr>
                <td>طول الحبل</td>
                <td>305m</td>
            </tr>
            <tr>
                <td>عدد السلك</td>
                <td>8 سلك</td>
            </tr>
            <tr>
                <td>الحماية الكهرومغناطيسية</td>
                <td>مغطى</td>
            </tr>
        </tbody>
    </table>",ollama-qwen2.5:7b-bulk-full,2026-04-30T16:39:08+03:00,ollama-qwen2.5:7b-bulk,592,https://www.amazon.sa/-/en/Cable-Matters-Listed-10Gbps-Shielded/dp/B0FHNX9TBZ/ref=sr_1_1,2026-04-29T14:40:00+03:00,high,849,0,1777462799,1777462799,,2026-04-30T16:58:27+03:00,,,,,,,high,Cat6a 305m bulk reel,592.0,2026-04-29T14:40:00+03:00,148.0,25.0,PRICED HIGHER THAN AMAZON
96,simple,NT-CBL-FSC-001,,10G SFP+ DAC Twinax Cable (1m),1,0,visible,10G SFP+ DAC Twinax Cable (1m) - Available at NeoGen Store,,,,taxable,,1,,,0,0,0.15,20,15,3,1,,0,80,Networking | شبكات واتصالات,"10G, cables, networking, شبكات, عشرة قيقا, كابلات",,https://neogen.store/wp-content/uploads/NT-CBL-FSC-001-1.jpg,,,,,,,,,0,,,,,خطа 10G SFP+ DAC تيفيناكس (1م),,"<p>هذا الكابل DAC SFP+ 10G مصمم للاستخدام في شبكات البيانات العالية السرعة.</p>

<ul>
    <li><strong>عالي الأداء:</strong> يدعم سرعات نقل بيانات تصل إلى 10 غيغابايت في الثانية.</li>
    <li><strong>متانة عالية:</strong> مصنوع من مواد مقاومة للصدمات والحرارة.</li>
    <li><strong>سهولة التركيب:</strong> تصميم سهل الاستخدام وقابلية الربط المباشر مع أجهزة SFP+.</li>
    <li><strong>موثوقية:</strong> متوافق مع أنظمة الشبكات الحديثة ويضمن استقراراً مستمراً.</li>
</ul>

<table border=""1"">
    <thead>
        <tr>
            <th>المواصفات التقنية</th>
            <th>التفاصيل</th>
        </tr>
    </thead>
    <tbody>
        <tr>
            <td>نوع الكابل</td>
            <td>DAC Twinax Cable</td>
        </tr>
        <tr>
            <td>سرعة النقل</td>
            <td>10G</td>
        </tr>
        <tr>
            <td>طول الكابل</td>
            <td>1m</td>
        </tr>
    </tbody>
</table>",ollama-qwen2.5:7b-bulk-full,2026-04-30T16:38:52+03:00,ollama-qwen2.5:7b-bulk,63,https://www.amazon.sa/-/en/QSFPTEK-SFP-SFP-H10GB-CU1M-Ubiquiti-Mikrotik/dp/B087PB2ZP3/ref=sr_1_4,2026-04-29T15:00:00+03:00,high,139,0,1777463947,1777463947,,2026-04-30T16:58:19+03:00,,,,,,,high,SFP+ DAC 1m cable,63.0,2026-04-29T15:00:00+03:00,17.0,27.0,PRICED HIGHER THAN AMAZON
97,simple,NT-SFP-FSC-001,,FS.com 10GBASE-SR SFP+ Transceiver,1,0,visible,FS.com 10GBASE-SR SFP+ Transceiver - Available at NeoGen Store,,,,taxable,,1,,,0,0,0.1,12,8,3,1,,0,129,Networking | شبكات واتصالات,"10G, cables, networking, شبكات, عشرة قيقا, كابلات",,https://neogen.store/wp-content/uploads/NT-SFP-FSC-001-1.jpg,,,,,,,,,0,,,,,فركس.كوم 10GBASE-SR سفبيس بلس ترانسفيسر,,"<p>هذا الترانسيIVER FS.com 10GBASE-SR SFP+ هو الخيار الأمثل لشبكات البيانات السريعة.</p>

    <h2><strong>لماذا هذا المنتج؟</strong></h2>
    <ul style=""direction: rtl;"">
        <li>سرعة انتقال بيانات تصل إلى 10 جيجابت في الثانية.</li>
        <li>تصميم صغير وخفيف يسهل التثبيت والصيانة.</li>
        <li>موثوقية عالية مع ضمان لمدة سنتين.</li>
        <li>دعم للكابلات البصرية ذات الطول الموجي 850 نانومتر.</li>
    </ul>

    <h2><strong>المواصفات التقنية:</strong></h2>
    <table border=""1"" style=""direction: rtl;"">
        <tr>
            <th>النوع</th>
            <th>التقنية</th>
            <th>سرعة الانتقال</th>
            <th>طويل الموجة</th>
            <th>متوافق مع</th>
        </tr>
        <tr>
            <td>SFP+</td>
            <td>10GBASE-SR</td>
            <td>10 Gbps</td>
            <td>850 nm</td>
            <td>IEEE 802.3ba, SFF-8431</td>
        </tr>
    </table>",ollama-qwen2.5:7b-bulk-full,2026-04-30T16:38:37+03:00,ollama-qwen2.5:7b-bulk,,,,,,,,,,2026-04-30T16:58:16+03:00,,,,,,,high,FS.com 10GBASE-SR SFP+,,,,,
98,simple,NT-SRV-NVP-001,,NavePoint 1U Cantilever Rack Shelf,1,0,visible,NavePoint 1U Cantilever Rack Shelf - Available at NeoGen Store,,,,taxable,,1,,,0,0,3.0,60,45,8,1,,0,249,Homelab | هوم لاب,"enterprise, server rack, حلول شركات, راك سيرفر",,https://neogen.store/wp-content/uploads/NT-SRV-NVP-001-1.jpg,,,,,,,,,0,,,,,رacksHELF 1U قوسية من NavePoint,,"<p>يقدم لك NavePoint 1U Cantilever Rack Shelf حلًا فعالًا لتنظيم أدواتك الإلكترونية بفعالية.</p>

    <h2><strong>لماذا هذا المنتج؟</strong></h2>
    <ul style=""margin-left: 30px;"">
        <li>تصميم قابل للتوسع مع دعم حتى 15 وحدة.</li>
        <li>بناء متين من الفولاذ المقاوم للصدأ يضمن استقرارًا طويل الأمد.</li>
        <li>سهولة التركيب والنقل بدون الحاجة إلى أدوات خاصة.</li>
        <li>تصميم فريد يوفر الوصول السهل إلى الأجهزة الإلكترونية.</li>
    </ul>

    <h2><strong>المواصفات التقنية:</strong></h2>
    <table style=""width: 100%;"">
        <tr>
            <th>الحجم</th>
            <th>ارتفاع الرف</th>
            <th>عدد الأرجل</th>
            <th>نوع الفولاذ</th>
        </tr>
        <tr>
            <td>1U</td>
            <td>4.5 cm</td>
            <td>4</td>
            <td>304 SS</td>
        </tr>
    </table>",ollama-qwen2.5:7b-bulk-full,2026-04-30T16:38:22+03:00,ollama-qwen2.5:7b-bulk,,,,,,,,,,2026-04-30T16:58:14+03:00,,,,,,,high,NavePoint 1U cantilever rack shelf,,,,,
99,simple,NT-SRV-CBM-001,,Cable Matters 24-Port Cat6 Patch Panel (1U),1,0,visible,Cable Matters 24-Port Cat6 Patch Panel (1U) - Available at NeoGen Store,,,,taxable,,1,,,0,0,1.5,55,15,5,1,,0,239,Homelab | هوم لاب,"ethernet cable, networking, server rack, راك سيرفر, شبكات, كابل شبكة",,https://neogen.store/wp-content/uploads/NT-SRV-CBM-001-1.jpg,,,,,,,,,0,,,,,كيبل ماترز 24-Port Cat6 Patch Panel (1U),,"<p>تتميز لوحة التوصيل Cat6 24-بوابات من Cable Matters بتصميمها المتطور وقوتها في معالجة البيانات.</p>

    <h3><strong>لماذا هذا المنتج؟</strong></h3>
    <ul style=""margin-left: 20px;"">
        <li>تحتوي على 24 بوابة Cat6 عالية الجودة.</li>
        <li>تصميمها الضيق (1U) يجعلها مثالية للمساحات المحدودة.</li>
        <li>تحمل قوية وموثوقة لضمان استقرار الشبكة.</li>
        <li>متوافقة مع جميع أنظمة Cat6، مما يوفر تكاملًا سلسًا.</li>
    </ul>

    <h3><strong>المواصفات التقنية:</strong></h3>
    <table border=""1"">
        <tr>
            <th>الوصف</th>
            <th>المعلومات</th>
        </tr>
        <tr>
            <td>عدد البوابات</td>
            <td>24-Port</td>
        </tr>
        <tr>
            <td>نوع الكابل</td>
            <td>Cat6</td>
        </tr>
        <tr>
            <td>حجم التصميم</td>
            <td>1U</td>
        </tr>
    </table>",ollama-qwen2.5:7b-bulk-full,2026-04-30T16:38:06+03:00,auto-generated,,,,,,,,,,,,,,,,,high,Cable Matters 24-port Cat6 patch panel 1U,,,,,
100,simple,NT-SRV-STC-001,,StarTech RK12WALLOA 12U Wall-Mount Rack,1,0,visible,StarTech RK12WALLOA 12U Wall-Mount Rack - Available at NeoGen Store,,,,taxable,,1,,,0,0,15.0,65,60,35,1,,0,1399,Homelab | هوم لاب,"enterprise, server rack, حلول شركات, راك سيرفر",,https://neogen.store/wp-content/uploads/NT-SRV-STC-001-1.jpg,,,,,,,,,0,,,,,رacks StarTech RK12WALLOA 12U لصقل جداري,,"<p>تعد رف StarTech RK12WALLOA 12U المثبت على الجدار الخيار الأمثل لتنظيم وحماية أجهزة الكمبيوتر والشبكات في مراكز البيانات الصغيرة.</p>

    <h3><strong>لماذا هذا المنتج؟</strong></h3>
    <ul style=""list-style-type: disc;"">
        <li>تصميم قوي يتحمل وزن يصل إلى 120 كيلوغرام.</li>
        <li>مثبت على الجدار بسهولة وسرعة، مما يوفر مساحة أرضية إضافية.</li>
        <li>يدعم 12 وحدة رفية، مما يجعله مناسبًا لتنظيم الأجهزة بكفاءة.</li>
        <li>يتميز بنظام تثبيت سهل الاستخدام مع دعامات مثبتة على الجدار.</li>
    </ul>

    <h3><strong>المواصفات التقنية:</strong></h3>
    <table border=""1"">
        <thead>
            <tr>
                <th>الخاصية</th>
                <th>القيمة</th>
            </tr>
        </thead>
        <tbody>
            <tr>
                <td>عدد الوحدات الرفية</td>
                <td>12U</td>
            </tr>
            <tr>
                <td>وزن الحمولة القصوى</td>
                <td>120 كجم</td>
            </tr>
            <tr>
                <td>الحجم</td>
                <td>600 x 450 x 830 ملم</td>
            </tr>
        </tbody>
    </table>",ollama-qwen2.5:7b-bulk-full,2026-04-30T16:37:49+03:00,ollama-qwen2.5:7b-bulk,,,,,,,,,,2026-04-30T16:58:11+03:00,,,,,,,high,StarTech 12U wall-mount rack,,,,,
101,simple,NT-UPS-APC-002,,APC Back-UPS Pro BX1500M (Tower),1,0,visible,APC Back-UPS Pro BX1500M (Tower) - Available at NeoGen Store,,,,taxable,,1,,,0,0,12.0,35,25,22,1,,1599,1839,Homelab | هوم لاب,"enterprise, UPS, حلول شركات, يو بي اس",,https://neogen.store/wp-content/uploads/NT-UPS-APC-002-1.jpg,,,,,,,,,0,,,,,أي بي سي بæk-آب آر باس برو بكس1500م (توير),,"<p>يعد Back-UPS Pro BX1500M من APC حلًا مثاليًا للحماية من انقطاع التيار الكهربائي في بيئات العمل المنزلية والتجارية.</p>

    <h2><strong>لماذا هذا المنتج؟</strong></h2>
    <ul style=""direction: rtl;"">
        <li>يتميز بامش استقرار كهربائي يصل إلى 1500 واط.</li>
        <li>يوفر حماية ضد انقطاع التيار الكهربائي والضوضاء المرتبطة بالتيار.</li>
        <li>يحتوي على نظام تشغيل ذكي يضمن استمرارية العمل حتى في حالات الطوارئ.</li>
        <li>يسهل استخدامه وصيانة因为他无法理解中文输入，我将继续提供阿拉伯语的HTML格式描述：

```html



    
    وصف المنتج


    <p>يعد Back-UPS Pro BX1500M من APC حلًا مثاليًا للحماية من انقطاع التيار الكهربائي في بيئات العمل المنزلية والتجارية.</p>

    <h2><strong>لماذا هذا المنتج؟</strong></h2>
    <ul style=""direction: rtl;"">
        <li>يتميز بامش استقرار كهربائي يصل إلى 1500 واط.</li>
        <li>يوفر حماية ضد انقطاع التيار الكهربائي والضوضاء المرتبطة بالتيار.</li>
        <li>يحتوي على نظام تشغيل ذكي يضمن استمرارية العمل حتى في حالات الطوارئ.</li>
        <li>يسهل استخدامه وصيانة بفضل واجهة مستخدم سهلة الفهم.</li>
        <li>يوفر دعمًا متعددًا للشبكات والجهاز، مما يجعله مناسبًا للاستخدامات المتعددة.</li>
    </ul>

    <h2><strong>المواصفات التقنية:</strong></h2>
    <table border=""1"" style=""direction: rtl;"">
        <tr>
            <th>النوع</th>
            <th>الامش الاستقرار الكهربائي (W)</th>
            <th>الطاقة المخزنة (mAh)</th>
            <th>عدد المنافذ</th>
            <th>التحكم عن بعد</th>
        </tr>
        <tr>
            <td>Back-UPS Pro</td>
            <td>1500</td>
            <td>غير محدد</td>
            <td>4</td>
            <td>نعم</td>
        </tr>
    </table>",ollama-qwen2.5:7b-bulk-full,2026-04-30T16:37:33+03:00,ollama-qwen2.5:7b-bulk,,,,,,,,,,2026-04-30T16:58:09+03:00,,,,,,,high,APC Back-UPS Pro BX1500M tower,,,,,
102,simple,NT-UPS-CYB-001,,CyberPower OR1500LCDRM1U (1500VA 1U),1,0,visible,CyberPower OR1500LCDRM1U (1500VA 1U) - Available at NeoGen Store,,,,taxable,,1,,,0,0,14.0,55,45,12,1,,2099,2419,Homelab | هوم لاب,"enterprise, UPS, حلول شركات, يو بي اس",,https://neogen.store/wp-content/uploads/NT-UPS-CYB-001-1.jpg,,,,,,,,,0,,,,,كابايوراوتر أر1500لسيدرم1يو (1500واط 1يو),,"<!-- فقرة افتتاحية واحدة -->
    <p>يعد CyberPower OR1500LCDRM1U نظامًا كهربائيًا موثوقًا وفعالًا يوفر حماية شاملة للكمبيوترات والأنظمة الإلكترونية.</p>

    <!-- قسم ""لماذا هذا المنتج؟"" -->
    <h2>لماذا هذا المنتج؟</h2>
    <ul style=""list-style-type: disc;"">
        <li><strong>حماية فائقة:</strong> يوفر حماية ضد انقطاع التيار الكهربائي والضوضاء المرتبطة بالتيار.</li>
        <li><strong>موثوقية عالية:</strong> مصمم لضمان استمرارية التشغيل حتى في ظروف الطوارئ.</li>
        <li><strong>تصميم компактный:</strong> يحتل المساحة الصغيرة بفضل تصميمه 1U المدمج.</li>
        <li><strong>حماية متعددة المستويات:</strong> يوفر حماية ضد انخفاض التوتر والارتفاعات المؤقتة في التوتر.</li>
    </ul>

    <!-- قسم ""المواصفات التقنية:"" -->
    <h2>المواصفات التقنية:</h2>
    <table border=""1"" cellspacing=""0"" cellpadding=""5"">
        <thead>
            <tr>
                <th>الخاصية</th>
                <th>القيمة</th>
            </tr>
        </thead>
        <tbody>
            <tr>
                <td>وافر التيار الكهربائي (VA)</td>
                <td>1500</td>
            </tr>
            <tr>
                <td>حجم التصميم (U)</td>
                <td>1U</td>
            </tr>
        </tbody>
    </table>",ollama-qwen2.5:7b-bulk-full,2026-04-30T16:37:07+03:00,ollama-qwen2.5:7b-bulk,,,,,,,,,,2026-04-30T16:58:06+03:00,,,,,,,high,CyberPower OR1500LCDRM1U,,,,,
103,simple,NT-UPS-APC-001,,APC Smart-UPS SMT1500RM2UC (1500VA Rack),1,0,visible,APC Smart-UPS SMT1500RM2UC (1500VA Rack) - Available at NeoGen Store,,,,taxable,,1,,,0,0,16.0,55,45,18,1,,0,4899,Homelab | هوم لاب,"enterprise, server rack, UPS, حلول شركات, راك سيرفر, يو بي اس",,https://neogen.store/wp-content/uploads/NT-UPS-APC-001-1.jpg,,,,,,,,,0,,,,,أي بي سي سمارت آبس إس إم تي 1500 في أي راك,,"<p>يتميز جهاز APC Smart-UPS SMT1500RM2UC (1500VA Rack) بقدرته على توفير حماية فعالة للمعدات الإلكترونية أثناء انقطاع التيار الكهربائي.</p>

    <h3><strong>لماذا هذا المنتج؟</strong></h3>
    <ul style=""list-style-type: disc;"">
        <li>يتميز بتقنية الذكاء الاصطناعي التي تضمن استقرار الطاقة المستمرة.</li>
        <li>يوفر حماية موثوقة ضد انقطاع التيار الكهربائي والانزلاق الترددي.</li>
        <li>تصميم رفوي يسمح بسهولة تركيب وتشغيل الجهاز في بيئات العمل المكتبي.</li>
        <li>يتميز بأداء عالي مع ضمان استمرارية التشغيل لجميع أنواع الأجهزة الإلكترونية.</li>
    </ul>

    <h3><strong>المواصفات التقنية:</strong></h3>
    <table border=""1"" cellspacing=""0"" cellpadding=""5"">
        <thead>
            <tr>
                <th>الخاصية</th>
                <th>القيمة</th>
            </tr>
        </thead>
        <tbody>
            <tr>
                <td>قدرة التغذية (VA)</td>
                <td>1500</td>
            </tr>
            <tr>
                <td>نوع البطارية</td>
                <td>كاثودية</td>
            </tr>
            <tr>
                <td>الطاقة الاستيعابية للبطارية (Ah)</td>
                <td>120</td>
            </tr>
            <tr>
                <td>عدد البطاريات</td>
                <td>4</td>
            </tr>
            <tr>
                <td>نوع التغذية</td>
                <td>Rack Mount</td>
            </tr>
        </tbody>
    </table>",ollama-qwen2.5:7b-bulk-full,2026-04-30T16:36:49+03:00,ollama-qwen2.5:7b-bulk,,,,,,,,,,2026-04-30T16:58:03+03:00,,,,,,,high,APC SMT1500RM2UC rack UPS,,,,,
104,simple,NT-NAS-QNP-002,,QNAP TS-262-4G (2-Bay),1,0,visible,QNAP TS-262-4G (2-Bay) - Available at NeoGen Store,,,,taxable,,1,,,0,0,3.5,30,22,18,1,,0,1899,Homelab | هوم لاب,"enterprise, NAS, تخزين شبكي, حلول شركات",,https://neogen.store/wp-content/uploads/NT-NAS-QNP-002-1.jpg,,,,,,,,,0,,,,,كيو ناب TS-262-4G (2-Bay),,"<p>هذا الجهاز الرقمي المتطور من QNAP يوفر حل تخزين البيانات الأمثل لمستخدميه.</p>

    <h2><strong>لماذا هذا المنتج؟</strong></h2>
    <ul style=""direction: rtl;"">
        <li>دعم أجهزة الذاكرة ذات السرعة العالية بحجم 4GB.</li>
        <li>قدرات تخزين متعددة عبر حاملات القرص الثابتين البالغ عددهما 2.</li>
        <li>واجهة مستخدم سهلة الاستخدام وقابلية التخصيص.</li>
        <li>دعم أنظمة التشغيل المختلفة بما في ذلك Windows و Linux.</li>
    </ul>

    <h2><strong>المواصفات التقنية:</strong></h2>
    <table border=""1"" dir=""ltr"">
        <tr>
            <th>الخيار</th>
            <th>التفاصيل</th>
        </tr>
        <tr>
            <td>نوع الجهاز</td>
            <td>جهاز تخزين بيانات متعدد الاستخدامات</td>
        </tr>
        <tr>
            <td>عدد حاملات القرص الثابت</td>
            <td>2</td>
        </tr>
        <tr>
            <td>ذاكرة الوصول العشوائي (RAM)</td>
            <td>4GB</td>
        </tr>
    </table>",ollama-qwen2.5:7b-bulk-full,2026-04-30T16:36:30+03:00,auto-generated,,,,,,,,,,,,,,,,,high,QNAP TS-262-4G 2-bay,,,,,
105,simple,NT-NAS-QNP-001,,QNAP TS-464-8G (4-Bay),1,0,visible,QNAP TS-464-8G (4-Bay) - Available at NeoGen Store,,,,taxable,,1,,,0,0,5.5,35,28,22,1,,0,2799,Homelab | هوم لاب,"enterprise, NAS, تخزين شبكي, حلول شركات",,https://neogen.store/wp-content/uploads/NT-NAS-QNP-001-1.jpg,,,,,,,,,0,,,,,كيو ناب TS-464-8G (4-Bay),,"<p>المنتج المتميز QNAP TS-464-8G هو حل تخزين بيانات متقدم يوفر أداءً عاليًا وموثوقية ممتازة.</p>

<strong>لماذا هذا المنتج؟</strong>
<ul style=""margin-left: 20px;"">
    <li>يتميز بمعالج Intel Atom X5-Z8350 مع سرعة 1.44 GHz لتحسين الأداء العام.</li>
    <li>يوفر ذاكرة وصول عشوائي (RAM) بسعة 8 GB لزيادة قدرات المعالجة.</li>
    <li>يحتوي على أربعة منافذ USB 3.0 لسهولة الاتصال بالأجهزة الخارجية.</li>
    <li>يتميز بواجهة مستخدم سهلة الاستخدام وقابلية التخصيص العالية.</li>
</ul>

<strong>المواصفات التقنية:</strong>
<table border=""1"" style=""width: 100%; text-align: center;"">
    <tr>
        <th>الخاصية</th>
        <th>التفاصيل</th>
    </tr>
    <tr>
        <td>نوع الجهاز</td>
        <td>System Station</td>
    </tr>
    <tr>
        <td>عدد الأقراص الصلبة</td>
        <td>4 Bay</td>
    </tr>
    <tr>
        <td>معالج</td>
        <td>Intel Atom X5-Z8350</td>
    </tr>
    <tr>
        <td>سرعة المعالج (GHz)</td>
        <td>1.44 GHz</td>
    </tr>
    <tr>
        <td>ذاكرة الوصول العشوائي (RAM) (GB)</td>
        <td>8 GB</td>
    </tr>
    <tr>
        <td>منافذ USB 3.0</td>
        <td>4</td>
    </tr>
</table>",ollama-qwen2.5:7b-bulk-full,2026-04-30T16:36:15+03:00,auto-generated,,,,,,,,,,,,,,,,,high,QNAP TS-464-8G 4-bay,,,,,
106,simple,NT-NAS-SYN-002,,Synology DS925+ (4-Bay),1,0,visible,Synology DS925+ (4-Bay) - Available at NeoGen Store,,,,taxable,,1,,,0,0,5.5,35,28,22,1,,0,3499,Homelab | هوم لاب,"enterprise, NAS, تخزين شبكي, حلول شركات",,https://neogen.store/wp-content/uploads/NT-NAS-SYN-002-1.jpg,,,,,,,,,0,,,,,سينولوجي DS925+ (4-Bay),,"<!-- فقرة افتتاحية واحدة -->
    <p>الإنتراكتور المثالي لمنزلك، Synology DS925+ (4-Bay) يجمع بين الأداء القوي والموثوقية العالية في نظام تخزين متعدد الاستخدامات.</p>

    <!-- قسم ""لماذا هذا المنتج؟"" -->
    <h3><strong>لماذا هذا المنتج؟</strong></h3>
    <ul style=""direction: ltr;"">
        <li>أداء قوي بمعالج ARM2220F 1.8 GHz.</li>
        <li>ذاكرة عشوائية سعتها 4 GB لتحسين أداء النظام.</li>
        <li>دعم تكنولوجيا RAID المتقدمة لضمان استقرار البيانات.</li>
        <li>واجهة مستخدم سهلة الاستخدام وقابلية التخصيص العالية.</li>
        <li>مرونة عالية في استخدامات متعددة بما في ذلك تخزين الفيديو والصور والملف الشخصي.</li>
    </ul>

    <!-- قسم ""المواصفات التقنية:"" -->
    <h3><strong>المواصفات التقنية:</strong></h3>
    <table border=""1"" style=""direction: ltr;"">
        <thead>
            <tr>
                <th>الخاصية</th>
                <th>التفاصيل</th>
            </tr>
        </thead>
        <tbody>
            <tr>
                <td>معالج</td>
                <td>ARM2220F 1.8 GHz</td>
            </tr>
            <tr>
                <td>ذاكرة عشوائية</td>
                <td>4 GB</td>
            </tr>
            <tr>
                <td>عدد الأقراص الصلبة</td>
                <td>4 بays</td>
            </tr>
            <tr>
                <td>دعم RAID</td>
                <td>نعم، مع دعم RAID 0, 1, 5, 6, 10</td>
            </tr>
            <tr>
                <td>واجهة المستخدم</td>
                <td>Synology DiskStation Manager (DSM)</td>
            </tr>
        </tbody>
    </table>",ollama-qwen2.5:7b-bulk-full,2026-04-30T16:35:56+03:00,auto-generated,,,,,,,,,,,,,,,,,high,Synology DS925+ 4-bay,,,,,
107,simple,NT-NAS-SYN-001,,Synology DS225+ (2-Bay),1,0,visible,Synology DS225+ (2-Bay) - Available at NeoGen Store,,,,taxable,,1,,,0,0,3.0,28,20,16,1,,2099,2419,Homelab | هوم لاب,"enterprise, NAS, تخزين شبكي, حلول شركات",,https://neogen.store/wp-content/uploads/NT-NAS-SYN-001-1.jpg,,,,,,,,,0,,,,,سينولوجي DS225+ (2-Bay),,"<p>إنه حل تخزين بيانات متقدم يجمع بين الأداء العالي والموثوقية.</p>

    <h3><strong>لماذا هذا المنتج؟</strong></h3>
    <ul style=""list-style-type: disc;"">
        <li>معالج Intel Atom E3805D بسرعة 1.9 GHz يضمن أداءً سلسًا.</li>
        <li>ذاكرةDDR3L SODIMM قابلة للتوسيع تصل إلى 8 GB للاستخدام الأمثل.</li>
        <li>دعم نظام التشغيل Synology DiskStation Manager (DSM) 7.0 لتجربة مستخدم محسنة.</li>
        <li>واجهة مستخدم سهلة الاستخدام وقابلية التخصيص عالية.</li>
    </ul>

    <h3><strong>المواصفات التقنية:</strong></h3>
    <table border=""1"" style=""width: 100%;"">
        <tr>
            <th>الخاصية</th>
            <th>التفاصيل</th>
        </tr>
        <tr>
            <td>نوع الجهاز</td>
            <td>خادم متعدد الاستخدامات</td>
        </tr>
        <tr>
            <td>معالج</td>
            <td>Intel Atom E3805D بسرعة 1.9 GHz</td>
        </tr>
        <tr>
            <td>ذاكرة الوصول العشوائي (RAM)</td>
            <td>DDR3L SODIMM قابلة للتوسيع تصل إلى 8 GB</td>
        </tr>
        <tr>
            <td>النظام التشغيلي</td>
            <td>Synology DiskStation Manager (DSM) 7.0</td>
        </tr>
    </table>",ollama-qwen2.5:7b-bulk-full,2026-04-30T16:35:35+03:00,auto-generated,,,,,,,,,,,,,,,,,high,Synology DS225+ 2-bay,,,,,
108,simple,NT-WAP-TPL-002,,TP-Link Omada EAP650,1,0,visible,TP-Link Omada EAP650 - Available at NeoGen Store,,,,taxable,,1,,,0,0,0.6,25,25,8,1,,799,919,Networking | شبكات واتصالات,"access point, networking, WiFi 6, شبكات, نقطة وصول, واي فاي 6",,https://neogen.store/wp-content/uploads/NT-WAP-TPL-002-1.jpg,,,,,,,,,0,,,,,تي بي لينك Omada EAP650,,"<!-- فقرة افتتاحية واحدة -->
    <p>تتميز محطة Wi-Fi المتنقلة TP-Link Omada EAP650 بقدراتها المتقدمة وموثوقيتها، مما يجعلها الخيار الأمثل لشبكات الشركات الصغيرة والمتوسطة.</p>

    <!-- قسم ""لماذا هذا المنتج؟"" -->
    <strong>لماذا هذا المنتج؟</strong>
    <ul style=""margin-left: 20px;"">
        <li>دعم تكنولوجيا Wi-Fi 6 لسرعة أعلى واتصال أكثر استقرارًا.</li>
        <li>ميزات الأمان المتقدمة مثل WPA3 لتوفير حماية قوية للشبكة.</li>
        <li>تصميم مدمج يسهل نقل المحطة بين مواقع العمل المختلفة.</li>
        <li>دعم لعدد كبير من الأجهزة مع كفاءة عالية في استهلاك الطاقة.</li>
    </ul>

    <!-- قسم ""المواصفات التقنية:"" -->
    <strong>المواصفات التقنية:</strong>
    <table border=""1"" style=""width: 100%; text-align: center;"">
        <thead>
            <tr>
                <th>الخاصية</th>
                <th>القيمة</th>
            </tr>
        </thead>
        <tbody>
            <tr>
                <td>نوع المحطة</td>
                <td>MiFi</td>
            </tr>
            <tr>
                <td>技术支持的Wi-Fi标准</td>
                <td>Wi-Fi 6 (802.11ax)</td>
            </tr>
            <tr>
                <td>سرعة Wi-Fi</td>
                <td>3000 Mbps</td>
            </tr>
            <tr>
                <td>عدد الأجهزة الداعمة</td>
                <td>512</td>
            </tr>
            <tr>
                <td>الطاقة المستهلكة</td>
                <td>2.8 W (في وضع الاستناد)</td>
            </tr>
            <tr>
                <td>حجم الجسم</td>
                <td>145 x 73 x 16 mm</td>
            </tr>
        </tbody>
    </table>",ollama-qwen2.5:7b-bulk-full,2026-04-30T16:35:17+03:00,auto-generated,,,,,,,,,,,,,,,,,high,TP-Link Omada EAP650,,,,,
109,simple,NT-WAP-TPL-001,,TP-Link Omada EAP610,1,0,visible,TP-Link Omada EAP610 - Available at NeoGen Store,,,,taxable,,1,,,0,0,0.6,25,25,8,1,,599,689,Networking | شبكات واتصالات,"access point, networking, WiFi 6, شبكات, نقطة وصول, واي فاي 6",,https://neogen.store/wp-content/uploads/NT-WAP-TPL-001-1.jpg,,,,,,,,,0,,,,,تي بي لينك Omada EAP610,,"<!-- فقرة افتتاحية واحدة -->
    <p>تتميز محطة Wi-Fi المدمجة TP-Link Omada EAP610 بقدراتها القوية وتصميمها المبتكر، مما يجعلها الخيار الأمثل لتحسين تغطية الشبكة في منازل وأماكن العمل.</p>

    <!-- قسم ""لماذا هذا المنتج؟"" -->
    <section>
        <h2>لماذا هذا المنتج؟</h2>
        <ul>
            <li><strong>كفاءة عالية:</strong> تتميز المحطة بسرعة اتصال فائقة وموثوقية في النقل.</li>
            <li><strong>تصميم مدمج:</strong> تصميمها المدمج يجعلها سهلة التركيب والاستخدام.</li>
            <li><strong>دعم متعدد الأجهزة:</strong> قدرتها على دعم العديد من الأجهزة تجعلها الخيار الأمثل لبيئات العمل المتعددة.</li>
            <li><strong>سهولة الإدارة:</strong> يمكن إدارة المحطة عن بعد عبر لوحة تحكم متكاملة.</li>
        </ul>
    </section>

    <!-- قسم ""المواصفات التقنية:"" -->
    <table border=""1"">
        <caption>المواصفات التقنية</caption>
        <thead>
            <tr>
                <th>الخاصية</th>
                <th>القيمة</th>
            </tr>
        </thead>
        <tbody>
            <tr>
                <td>نوع المحطة</td>
                <td>MiFi</td>
            </tr>
            <tr>
                <td>ترددات Wi-Fi</td>
                <td>2.4 GHz, 5 GHz</td>
            </tr>
            <tr>
                <td>عدد الأجهزة المدعومة</td>
                <td>128 جهاز</td>
            </tr>
            <tr>
                <td>الاتصال اللاسلكي</td>
                <td>IEEE 802.11ac, IEEE 802.11n</td>
            </tr>
            <tr>
                <td>سرعة الاتصال</td>
                <td>300 Mbps</td>
            </tr>
        </tbody>
    </table>",ollama-qwen2.5:7b-bulk-full,2026-04-30T16:34:56+03:00,auto-generated,,,,,,,,,,,,,,,,,high,TP-Link Omada EAP610,,,,,
110,simple,NT-WAP-UBQ-002,,Ubiquiti UniFi U7 Pro,1,0,visible,Ubiquiti UniFi U7 Pro - Available at NeoGen Store,,,,taxable,,1,,,0,0,0.9,25,25,8,1,,1399,1609,Networking | شبكات واتصالات,"3d printing, access point, networking, WiFi 7, شبكات, طباعة ثلاثية الأبعاد, نقطة وصول, واي فاي 7",,https://neogen.store/wp-content/uploads/NT-WAP-UBQ-002-1.jpg,,,,,,,,,0,,,,,يوبيكويتي UniFi U7 Pro,,"<p>تتميز شبكة Wi-Fi Ubiquiti UniFi U7 Pro بتقنية متقدمة تضمن سرعة وثبات الاتصال.</p>

    <h2><strong>لماذا هذا المنتج؟</strong></h2>
    <ul>
        <li>سرعة اتصال Wi-Fi تصل إلى 867 ميجابت في الثانية.</li>
        <li>دعم لـ MU-MIMO لتحسين كفاءة الاتصال مع الأجهزة المتعددة.</li>
        <li>مرونة التغطية بفضل تقنية Beamforming.</li>
        <li>متانة وموثوقية عالية تضمن استقرار الشبكة طوال الوقت.</li>
    </ul>

    <h2><strong>المواصفات التقنية:</strong></h2>
    <table border=""1"">
        <thead>
            <tr>
                <th>الخاصية</th>
                <th>التفاصيل</th>
            </tr>
        </thead>
        <tbody>
            <tr>
                <td>نوع الجهاز</td>
                <td>موديل UniFi U7 Pro</td>
            </tr>
            <tr>
                <td>سرعة Wi-Fi</td>
                <td>867 ميجابت في الثانية</td>
            </tr>
            <tr>
                <td>دعم تقنية MU-MIMO</td>
                <td>نعم</td>
            </tr>
            <tr>
                <td>تقنية Beamforming</td>
                <td>نعم</td>
            </tr>
        </tbody>
    </table>",ollama-qwen2.5:7b-bulk-full,2026-04-30T16:34:35+03:00,auto-generated,,,,,,,,,,,,,,,,,high,UniFi U7 Pro,,,,,
111,simple,NT-WAP-UBQ-001,,Ubiquiti UniFi U6 Pro,1,0,visible,Ubiquiti UniFi U6 Pro - Available at NeoGen Store,,,,taxable,,1,,,0,0,0.8,25,25,8,1,,,910,Networking | شبكات واتصالات,"3d printing, access point, networking, WiFi 6, شبكات, طباعة ثلاثية الأبعاد, نقطة وصول, واي فاي 6",,https://neogen.store/wp-content/uploads/NT-WAP-UBQ-001-1.jpg,,,,,,,,,0,,,,,يوبيكويتي UniFi U6 Pro,,"<p>يتميز جهاز Ubiquiti UniFi U6 Pro بتصميم مبتكر يجمع بين الأداء العالي والموثوقية.</p>

    <h2><strong>لماذا هذا المنتج؟</strong></h2>
    <ul style=""list-style-type: disc; margin-left: 30px;"">
        <li>سرعة اتصال عالية تصل إلى 1.75 Gbps.</li>
        <li>دعم لشبكات Wi-Fi 6 (802.11ax).</li>
        <li>موثوقية عالية مع دعم للتنقل السلس بين الشبكات.</li>
        <li>واجهة مستخدم سهلة الاستخدام وقابلة للتوسع.</li>
    </ul>

    <h2><strong>المواصفات التقنية:</strong></h2>
    <table border=""1"" style=""width: 100%; text-align: center;"">
        <tr>
            <th>النوع</th>
            <th>موديل الجهاز</th>
            <th>سرعة الاتصال</th>
            <th>技术支持</th>
        </tr>
        <tr>
            <td>جهاز توجيه عالي الأداء</td>
            <td>UniFi U6 Pro</td>
            <td>1.75 Gbps</td>
            <td>الدعم الفني متاح على مدار الساعة</td>
        </tr>
    </table>",ollama-qwen2.5:7b-bulk-full,2026-04-30T16:34:18+03:00,auto-generated,725,https://www.amazon.sa/-/en/Ubiquiti-Professional-Access-Throughput-Plastic/dp/B09RGHTGBB/ref=sr_1_1,2026-04-29T14:40:00+03:00,high,1149,999,1777462799,1777462799,,,,,,,,,high,UniFi U6 Pro,725.0,2026-04-29T14:40:00+03:00,185.0,25.5,PRICED HIGHER THAN AMAZON
112,simple,NT-NET-UBQ-001,,Ubiquiti USW-Pro-24-PoE,1,0,visible,Ubiquiti USW-Pro-24-PoE - Available at NeoGen Store,,,,taxable,,1,,,0,0,5.0,55,35,8,1,,0,2370,Networking | شبكات واتصالات,"3d printing, networking, PoE, switch, تغذية عبر الشبكة, سويتش, شبكات, طباعة ثلاثية الأبعاد",,https://neogen.store/wp-content/uploads/NT-NET-UBQ-001-1.jpg,,,,,,,,,0,,,,,يوبيكويتي USW-Pro-24-PoE,,"<p>يتميز جهاز التبادل الرقمي Ubiquiti USW-Pro-24-PoE بتصميمه المبتكر وقوته في تقديم خدمات الشبكة.</p>

    <h3><strong>لماذا هذا المنتج؟</strong></h3>
    <ul style=""direction: ltr;"">
        <li>يوفر 24 منفذًا لشبكة عالية الجودة.</li>
        <li>دعم تقنية Power over Ethernet (PoE) لتوفير الطاقة عبر الشبكة.</li>
        <li>متين وموثوق، مع ضمان لمدة خمس سنوات.</li>
        <li>واجهة مستخدم سهلة الاستخدام وقابلية التخصيص.</li>
    </ul>

    <h3><strong>المواصفات التقنية:</strong></h3>
    <table border=""1"" style=""direction: ltr;"">
        <thead>
            <tr>
                <th>الخاصية</th>
                <th>التفاصيل</th>
            </tr>
        </thead>
        <tbody>
            <tr>
                <td>عدد المنافذ</td>
                <td>24 منفذ 10/100/1000BASE-T</td>
            </tr>
            <tr>
                <td>دعم PoE</td>
                <td>PoE+</td>
            </tr>
            <tr>
                <td>ضمان المنتج</td>
                <td>5 سنوات</td>
            </tr>
            <tr>
                <td>واجهة المستخدم</td>
                <td>Web UI و SNMP</td>
            </tr>
        </tbody>
    </table>",ollama-qwen2.5:7b-bulk-full,2026-04-30T16:34:04+03:00,auto-generated,1889,https://www.amazon.sa/-/en/Ubiquiti-Networks-USW-Pro-Max-16-PoE-180W/dp/B0D3WQVCZW/ref=sr_1_2,2026-04-29T13:45:00+03:00,high,3999,0,1777459470,1777459470,,,,,,,,,high,Ubiquiti USW-Pro-24-PoE,1889.0,2026-04-29T13:45:00+03:00,481.0,25.5,PRICED HIGHER THAN AMAZON
113,simple,NT-NET-MKT-004,,MikroTik CRS312-4C+8XG-RM,1,0,visible,MikroTik CRS312-4C+8XG-RM - Available at NeoGen Store,,,,taxable,,1,,,0,0,3.0,50,30,8,1,,0,2799,Networking | شبكات واتصالات,"10G, networking, switch, سويتش, شبكات, عشرة قيقا",,https://neogen.store/wp-content/uploads/NT-NET-MKT-004-1.jpg,,,,,,,,,0,,,,,ميكروتيك CRS312-4C+8XG-RM,,"<p>يقدم MikroTik CRS312-4C+8XG-RM حلًا شاملًا لشبكات البيانات الصغيرة والمتوسطة الحجم، مع مزيج قوي من الأداء والموثوقية.</p>

    <h2><strong>لماذا هذا المنتج؟</strong></h2>
    <ul style=""direction: ltr;"">
        <li>يتميز بمعالج ARM Cortex-A9 1.5 GHz قوي لمعالجة حزم البيانات بأمان.</li>
        <li>يوفر 4 أقراص SSD و8 منافذ Gigabit Ethernet، مما يجعله مثاليًا للشبكات المتعددة الاستخدامات.</li>
        <li>يأتي مع نظام التشغيل RouterOS المتطور، مما يضمن إدارة سهلة وموثوقة للشبكة.</li>
        <li>تصميم متين يدعم العمل في بيئة صناعية قاسية.</li>
    </ul>

    <h2><strong>المواصفات التقنية:</strong></h2>
    <table border=""1"" style=""direction: ltr;"">
        <thead>
            <tr>
                <th>الخاصية</th>
                <th>التفاصيل</th>
            </tr>
        </thead>
        <tbody>
            <tr>
                <td>معالج</td>
                <td>ARM Cortex-A9 1.5 GHz</td>
            </tr>
            <tr>
                <td>ذاكرة الوصول العشوائي (RAM)</td>
                <td>256 MB</td>
            </tr>
            <tr>
                <td>ذاكرة التخزين الداخلي</td>
                <td>4 x 1 GB SSD</td>
            </tr>
            <tr>
                <td>منافذ الشبكة</td>
                <td>8 منافذ Gigabit Ethernet</td>
            </tr>
            <tr>
                <td>نظام التشغيل</td>
                <td>RouterOS v7.46</td>
            </tr>
        </tbody>
    </table>",ollama-qwen2.5:7b-bulk-full,2026-04-30T16:33:44+03:00,auto-generated,,,,,,,,,,,,,,,,,high,MikroTik CRS312-4C+8XG-RM,,,,,
114,simple,NT-NET-MKT-003,,MikroTik CRS328-24P-4S+RM (PoE),1,0,visible,MikroTik CRS328-24P-4S+RM (PoE) - Available at NeoGen Store,,,,taxable,,1,,,0,0,5.0,55,35,8,1,,2699,3109,Networking | شبكات واتصالات,"networking, PoE, switch, تغذية عبر الشبكة, سويتش, شبكات",,https://neogen.store/wp-content/uploads/NT-NET-MKT-003-1.jpg,,,,,,,,,0,,,,,ميكروتيك CRS328-24P-4S+RM (PoE),,"<p>تتميز شبكة MikroTik CRS328-24P-4S+RM (PoE) بأدائها القوي وموثوقيتها العالية، مما يجعلها الخيار الأمثل لشبكات الشركات الصغيرة والمتوسطة.</p>
    
    <h2><strong>لماذا هذا المنتج؟</strong></h2>
    <ul style=""list-style-type: disc;"">
        <li>يتميز بـ 28 منفذًا 10/100/1000Base-T Ethernet، مما يجعله قادراً على التعامل مع احتياجات الشبكة المتزايدة.</li>
        <li>يحتوي على 4 منافذ SFP+ للاستفادة من الاتصالات العالية السرعة.</li>
        <li>يأتي مع دعم PoE لتوفير الطاقة وتبسيط التوصيلات الكهربائية.</li>
        <li>يتميز بتصميم متين وموثوق، مما يجعله قادراً على العمل في بيئات مختلفة.</li>
    </ul>

    <h2><strong>المواصفات التقنية:</strong></h2>
    <table border=""1"" cellspacing=""0"" cellpadding=""5"">
        <thead>
            <tr>
                <th>الخانة</th>
                <th>المعلومات</th>
            </tr>
        </thead>
        <tbody>
            <tr>
                <td>عدد المنافذ 10/100/1000Base-T Ethernet</td>
                <td>24</td>
            </tr>
            <tr>
                <td>عدد المنافذ SFP+</td>
                <td>4</td>
            </tr>
            <tr>
                <td>دعم PoE</td>
                <td>نعم</td>
            </tr>
            <tr>
                <td>التصميم</td>
                <td>متين وموثوق</td>
            </tr>
        </tbody>
    </table>",ollama-qwen2.5:7b-bulk-full,2026-04-30T16:33:24+03:00,auto-generated,,,,,,,,,,,,,,,,,high,MikroTik CRS328-24P-4S+RM PoE,,,,,
115,simple,NT-NET-MKT-002,,MikroTik CRS326-24G-2S+RM,1,0,visible,MikroTik CRS326-24G-2S+RM - Available at NeoGen Store,,,,taxable,,1,,,0,0,3.5,55,30,8,1,,0,1199,Networking | شبكات واتصالات,"networking, switch, سويتش, شبكات",,https://neogen.store/wp-content/uploads/NT-NET-MKT-002-1.jpg,,,,,,,,,0,,,,,ميكروتيك CRS326-24G-2S+RM,,"<p>تتميز شبكة MikroTik CRS326-24G-2S+RM بقدرتها على توفير حلول متعددة الاستخدامات في مجال الشبكات الصغيرة والمتوسطة.</p>

    <h2><strong>لماذا هذا المنتج؟</strong></h2>
    <ul style=""direction: rtl;"">
        <li>يتميز بتصميم قوي ومتين يتحمل الظروف القاسية.</li>
        <li>يوفر 24 منفذًا للشبكة بالإضافة إلى 2 منفذ سلكي، مما يجعله خيارًا مثاليًا لشبكات متعددة الأجهزة.</li>
        <li>يتميز بمعالج ARM Cortex-A9 مع تردد 1 GHz وذاكرة عشوائية 512 MB، مما يضمن أداءً فائقًا.</li>
        <li>يأتي مزودًا بمودم Wi-Fi 802.11ac، مما يجعله قادراً على تقديم خدمات الإنترنت اللاسلكية عالية السرعة.</li>
    </ul>

    <h2><strong>المواصفات التقنية:</strong></h2>
    <table border=""1"" style=""direction: rtl;"">
        <tr>
            <th>الخاصية</th>
            <th>التفاصيل</th>
        </tr>
        <tr>
            <td>نوع الجهاز</td>
            <td>Router/Switch</td>
        </tr>
        <tr>
            <td>عدد المنافذ</td>
            <td>24 Ethernet + 2 SFP+ (10/100/1000)</td>
        </tr>
        <tr>
            <td>معالج</td>
            <td>ARM Cortex-A9, 1 GHz</td>
        </tr>
        <tr>
            <td>ذاكرة عشوائية</td>
            <td>512 MB</td>
        </tr>
        <tr>
            <td>ذاكرة تخزين</td>
            <td>4 GB Flash</td>
        </tr>
        <tr>
            <td>مودم Wi-Fi</td>
            <td>802.11ac (2.4 GHz, 5 GHz)</td>
        </tr>
    </table>",ollama-qwen2.5:7b-bulk-full,2026-04-30T16:33:05+03:00,auto-generated,,,,,,,,,,,,,,,,,high,MikroTik CRS326-24G-2S+RM,,,,,
116,simple,NT-NET-MKT-001,,MikroTik CRS305-1G-4S+IN,1,0,visible,MikroTik CRS305-1G-4S+IN - Available at NeoGen Store,,,,taxable,,1,,,0,0,0.5,22,18,5,1,,0,999,Networking | شبكات واتصالات,"10G, networking, switch, سويتش, شبكات, عشرة قيقا",,https://neogen.store/wp-content/uploads/NT-NET-MKT-001-1.jpg,,,,,,,,,0,,,,,ميكروتيك CRS305-1G-4S+IN,,"<p>هذا الراوتر القوي مصمم خصيصًا لشبكات الأعمال الصغيرة والمتوسطة، مع دعم متعدد الأجهزة وسرعة عالية.</p>
    
    <h2><strong>لماذا هذا المنتج؟</strong></h2>
    <ul>
        <li>دعم 4 أجهزة USB للتخزين والترقية.</li>
        <li>أربعة موانئ سلكية مزدوجة السرعة لاتصال متعدد الأجهزة.</li>
        <li>معالج ARM Cortex-A53 بسرعة 1.2 GHz لتشغيل التطبيقات المعقدة.</li>
        <li>دعم تكنولوجيا QoS لضمان جودة الخدمة للتطبيقات الحساسة للتأخير.</li>
    </ul>

    <h2><strong>المواصفات التقنية:</strong></h2>
    <table border=""1"">
        <thead>
            <tr>
                <th>الخاصية</th>
                <th>التفاصيل</th>
            </tr>
        </thead>
        <tbody>
            <tr>
                <td>اسم المنتج</td>
                <td>MikroTik CRS305-1G-4S+IN</td>
            </tr>
            <tr>
                <td>معالج</td>
                <td>ARM Cortex-A53 بسرعة 1.2 GHz</td>
            </tr>
            <tr>
                <td>موانئ السلكية</td>
                <td>4 موانئ سلكية مزدوجة السرعة</td>
            </tr>
            <tr>
                <td>الذاكرة العشوائية</td>
                <td>1 GB DDR3</td>
            </tr>
            <tr>
                <td>ذاكرة التخزين الداخلية</td>
                <td>8 MB Flash</td>
            </tr>
            <tr>
                <td>موانئ USB</td>
                <td>4 موانئ USB 2.0</td>
            </tr>
        </tbody>
    </table>",ollama-qwen2.5:7b-bulk-full,2026-04-30T16:32:43+03:00,auto-generated,,,,,,,,,,,,,,,,,high,MikroTik CRS305-1G-4S+IN,,,,,
117,simple,SH-SWB-SWBT-003,,SwitchBot Blind Tilt,1,0,visible,SwitchBot Blind Tilt - Available at NeoGen Store,,,,taxable,,1,,,0,0,0.4,18,12,8,1,,,479,Smart Home & IoT | أتمتة المنزل الذكي,"smart curtain, smart home, ستائر ذكية, منزل ذكي",,https://neogen.store/wp-content/uploads/SH-SWB-SWBT-003-1.jpg,,,,,,,,,0,,,,,سويتشBot Blind Tilt,,"<div>
    <p>SwitchBot Blind Tilt هو حل ذكي يتيح لك التحكم في نوافذ الستائر من خلال هاتفك الذكي، مما يجعل عملية فتح وغلق الستائر أكثر سهولة.</p>
    <h2><strong>لماذا هذا المنتج؟</strong></h2>
    <ul>
        <li>سهولة الاستخدام والتحكم عن بعد من خلال تطبيق الهاتف المحمول.</li>
        <li>دعم للعديد من أنظمة التحكم الذكي مثل Google Assistant وAmazon Alexa.</li>
        <li>تصميم أنيق ومدمج يتناسب مع مختلف أنواع الستائر.</li>
        <li>قابلية التخصيص لضبط الزاوية المثلى لنوافذ الستائر الخاصة بك.</li>
    </ul>
    <h2><strong>المواصفات التقنية:</strong></h2>
    <table border=""1"">
        <thead>
            <tr>
                <th>الخاصية</th>
                <th>التفاصيل</th>
            </tr>
        </thead>
        <tbody>
            <tr>
                <td>نوع المنتج</td>
                <td>System for Smart Window Blinds Control</td>
            </tr>
            <tr>
                <td>مدى العمل</td>
                <td>10 متر (32.8 قدم)</td>
            </tr>
            <tr>
                <td>عدد الستائر المدعومة</td>
                <td>حد أقصى 4 ستائر</td>
            </tr>
            <tr>
                <td>التحكم عن بعد</td>
                <td>نعم، عبر تطبيق الهاتف الذكي</td>
            </tr>
            <tr>
                <td>مصدر الطاقة</td>
                <td>Battery Operated (3V)</td>
            </tr>
        </tbody>
    </table>
</div>",ollama-qwen2.5:7b-bulk-full,2026-04-30T16:32:23+03:00,auto-generated,,,,,,,,,,,,,,,,,high,SwitchBot Blind Tilt,,,,,
118,simple,SH-SWB-SWBT-002,,SwitchBot Bot (Smart Button Pusher),1,0,visible,SwitchBot Bot (Smart Button Pusher) - Available at NeoGen Store,,,,taxable,,1,,,0,0,0.2,12,10,6,1,,,239,Smart Home & IoT | أتمتة المنزل الذكي,"smart home, منزل ذكي",,https://neogen.store/wp-content/uploads/SH-SWB-SWBT-002-1.jpg,,,,,,,,,0,,,,,_switchBot بوت (مُدَفِّع زر ذكي)_,,"<div>
    <p>تستعرض لكم SwitchBot Bot، زر ذكي يتيح لك التحكم في أجهزتك الذكية بسهولة.</p>
    <h2><strong>لماذا هذا المنتج؟</strong></h2>
    <ul>
        <li>يتميز بتصميم فريد وسهل الاستخدام.</li>
        <li>يعمل مع جميع أنواع الأجهزة الذكية.</li>
        <li>يوفر حلولًا ذكية لتنظيم حياتك اليومية.</li>
        <li>يدعم اتصالات متعددة مثل Wi-Fi و Zigbee.</li>
    </ul>
    <h2><strong>المواصفات التقنية:</strong></h2>
    <table border=""1"">
        <tr>
            <th>الخاصية</th>
            <th>التفاصيل</th>
        </tr>
        <tr>
            <td>نوع الاتصال</td>
            <td>Wi-Fi, Zigbee</td>
        </tr>
        <tr>
            <td>عدد الأزرار</td>
            <td>1</td>
        </tr>
        <tr>
            <td>الحجم</td>
            <td>38 x 38 x 9.5 ملم</td>
        </tr>
        <tr>
            <td>وزن</td>
            <td>20 جرام</td>
        </tr>
    </table>
</div>",ollama-qwen2.5:7b-bulk-full,2026-04-30T16:32:07+03:00,ollama-qwen2.5:7b-bulk,,,,,,,,,,2026-04-30T16:58:00+03:00,,,,,,,high,SwitchBot Bot button pusher,,,,,
119,simple,SH-SWB-SWBT-001,,SwitchBot Hub 2 (Matter Enabled),1,0,visible,SwitchBot Hub 2 (Matter Enabled) - Available at NeoGen Store,,,,taxable,,1,,,0,0,0.3,15,12,6,1,,479,559,Smart Home & IoT | أتمتة المنزل الذكي,"Matter, smart home, smart hub, بروتوكول Matter, بوابة ذكية, منزل ذكي",,https://neogen.store/wp-content/uploads/SH-SWB-SWBT-001-1.jpg,,,,,,,,,0,,,,,سويتشBot Hub 2 (Matter Enabled),,"<p>تتميز تقنية التحكم الذكي في المنزل باستخدام SwitchBot Hub 2 (Matter Enabled) بسهولة وفعالية غير مسبوقة.</p>

    <h3><strong>لماذا هذا المنتج؟</strong></h3>
    <ul style=""direction: rtl;"">
        <li>دعم تقنية Matter، مما يتيح التكامل مع منصات متعددة.</li>
        <li>效能卓越，兼容多种平台。</li>
        <li>تصميم أنيق وعالي الجودة يجعله مثاليًا للغرف الداخلية والخارجية.</li>
        <li>قابلية التوسع عبر الاتصال بـ 256 جهاز ذكي.</li>
        <li>واجهة مستخدم سهلة الاستخدام تتيح إدارة الأجهزة بكل سهولة.</li>
    </ul>

    <h3><strong>المواصفات التقنية:</strong></h3>
    <table border=""1"" style=""direction: rtl;"">
        <tr>
            <th>الخاصية</th>
            <th>التفاصيل</th>
        </tr>
        <tr>
            <td>نوع الاتصال</td>
            <td>Zigbee, Wi-Fi, Bluetooth</td>
        </tr>
        <tr>
            <td>عدد الأجهزة القابلة للتوسع</td>
            <td>256 جهاز</td>
        </tr>
        <tr>
            <td>الطاقة</td>
            <td>USB 5V / 1A</td>
        </tr>
        <tr>
            <td>حجم الجهاز</td>
            <td>74.2 x 73.6 x 29.8 مم</td>
        </tr>
        <tr>
            <td>وزن الجهاز</td>
            <td>105 جرام</td>
        </tr>
    </table>",ollama-qwen2.5:7b-bulk-full,2026-04-30T16:31:53+03:00,auto-generated,,,,,,,,,,,,,,,,,high,SwitchBot Hub 2 Matter,,,,,
120,simple,SH-HUB-HUBI-001,,Hubitat Elevation C-8 Pro,1,0,visible,Hubitat Elevation C-8 Pro - Available at NeoGen Store,,,,taxable,,1,,,0,0,0.5,18,14,6,1,,0,1199,Smart Home & IoT | أتمتة المنزل الذكي,"smart home, smart hub, Zigbee, بروتوكول Zigbee, بوابة ذكية, منزل ذكي",,https://neogen.store/wp-content/uploads/SH-HUB-HUBI-001-1.jpg,,,,,,,,,0,,,,,محطات إيليفيشن C-8 برو,,"<!-- فقرة افتتاحية واحدة -->
    <p>يقدم جهاز Hubitat Elevation C-8 Pro حلًا شاملًا للمراقبة والتحكم في منزلك الذكي.</p>

    <!-- قسم ""لماذا هذا المنتج؟"" -->
    <strong>لماذا هذا المنتج؟</strong>
    <ul style=""list-style-type: disc;"">
        <li>يتميز بواجهة مستخدم سهلة الاستخدام وقابلية التخصيص العالية.</li>
        <li>يوفر دعمًا لعدد كبير من الأجهزة الذكية، مما يجعله مرنًا في استخداماته المتعددة.</li>
        <li>يتمتع بأداء استقرار عالي مع قدرات تواصل فائقة.</li>
        <li>يأتي مع مجموعة كاملة من الميزات الأمنية لحماية منزلك.</li>
    </ul>

    <!-- قسم ""المواصفات التقنية:"" -->
    <strong>المواصفات التقنية:</strong>
    <table border=""1"" cellspacing=""0"" cellpadding=""5"">
        <thead>
            <tr>
                <th>الخاصية</th>
                <th>التفاصيل</th>
            </tr>
        </thead>
        <tbody>
            <tr>
                <td>نوع الجهاز</td>
                <td>مجمع تحكم ذكي</td>
            </tr>
            <tr>
                <td>عدد الأجهزة المدعومة</td>
                <td>أكثر من 1000 جهاز</td>
            </tr>
            <tr>
                <td>الشبكة</td>
                <td>Zigbee, Z-Wave, Wi-Fi</td>
            </tr>
            <tr>
                <td>التقنية الأمنية</td>
                <td>Enroll Security, AES 128-bit</td>
            </tr>
        </tbody>
    </table>",ollama-qwen2.5:7b-bulk-full,2026-04-30T16:31:35+03:00,ollama-qwen2.5:7b-bulk,,,,,,,,,,2026-04-30T16:57:57+03:00,,,,,,,high,Hubitat Elevation C-8 Pro,,,,,
121,simple,SH-HUB-HASS-001,,Home Assistant Green,1,0,visible,Home Assistant Green - Available at NeoGen Store,,,,taxable,,1,,,0,0,0.6,16,12,8,1,,0,890,Smart Home & IoT | أتمتة المنزل الذكي,"smart home, smart hub, بوابة ذكية, منزل ذكي",,https://neogen.store/wp-content/uploads/SH-HUB-HASS-001-1.jpg,,,,,,,,,0,,,,,هوم أسيستنت Green,,"<p>تتميز منصة Home Assistant Green بقدرتها على تحسين إدارة الأجهزة الذكية في المنزل بشكل فعّال وسهل.</p>

    <strong>لماذا هذا المنتج؟</strong>
    <ul style=""margin-left: 20px;"">
        <li>واجهة مستخدم سهلة الاستخدام ومرنة.</li>
        <li>دعم للعديد من أنظمة التشغيل بما في ذلك Android, iOS, Windows, macOS.</li>
        <li>إمكانية التخصيص الشامل لبناء نماذج العمل الخاصة بك.</li>
        <li>حماية البيانات القوية مع تشفير البيانات وسياسات الخصوصية الصارمة.</li>
    </ul>

    <strong>المواصفات التقنية:</strong>
    <table border=""1"" style=""width: 100%; text-align: center;"">
        <tr>
            <th>الخاصية</th>
            <th>التقنية</th>
        </tr>
        <tr>
            <td>نظام التشغيل</td>
            <td>Linux</td>
        </tr>
        <tr>
            <td>ذاكرة الوصول العشوائي (RAM)</td>
            <td>2 GB</td>
        </tr>
        <tr>
            <td>معالج</td>
            <td>CPU Quad-core 1.8 GHz</td>
        </tr>
        <tr>
            <td>مساحة التخزين الداخلية</td>
            <td>16 GB</td>
        </tr>
        <tr>
            <td>الشبكة اللاسلكية</td>
            <td>Wi-Fi 802.11 b/g/n, 2.4 GHz, 5 GHz</td>
        </tr>
        <tr>
            <td>التشفير والخصوصية</td>
            <td>TLS 1.3, AES-256</td>
        </tr>
    </table>",ollama-qwen2.5:7b-bulk-full,2026-04-30T16:31:16+03:00,auto-generated,707,https://www.amazon.sa/-/en/Assistant-Advanced-Automation-Official-Hardware/dp/B0CXVKSG19/ref=sr_1_1,2026-04-29T14:40:00+03:00,high,699,0,1777462800,1777462800,,,,,,,,,high,Home Assistant Green,707.0,2026-04-29T14:40:00+03:00,183.0,25.9,PRICED HIGHER THAN AMAZON
122,simple,SH-HUB-AQRA-001,,Aqara Hub M3,1,0,visible,Aqara Hub M3 - Available at NeoGen Store,,,,taxable,,1,,,0,0,0.3,16,12,6,1,,899,1039,Smart Home & IoT | أتمتة المنزل الذكي,"Matter, smart home, smart hub, Zigbee, بروتوكول Matter, بروتوكول Zigbee, بوابة ذكية, منزل ذكي",,https://neogen.store/wp-content/uploads/SH-HUB-AQRA-001-1.jpg,,,,,,,,,0,,,,,مجمع أقارة M3,,"<p>أدخل عالم التحكم الذكي بفضل أقارة هاب م3، جهاز مركز متقدم يربط بين جميع أدواتك الذكية.</p>
    
    <h2><strong>لماذا هذا المنتج؟</strong></h2>
    <ul style=""list-style-type: disc;"">
        <li>دعم أكثر من 1000 نوع من الأجهزة الذكية.</li>
        <li>واجهة مستخدم سهلة ودقيقة.</li>
        <li>عملية التثبيت والتشغيل بسيطة للغاية.</li>
        <li>حماية البيانات المتقدمة لضمان الخصوصية والأمان.</li>
    </ul>

    <h2><strong>المواصفات التقنية:</strong></h2>
    <table border=""1"" cellspacing=""0"" cellpadding=""5"">
        <thead>
            <tr>
                <th>الخاصية</th>
                <th>التفاصيل</th>
            </tr>
        </thead>
        <tbody>
            <tr>
                <td>نوع الجهاز</td>
                <td>Zigbee 3.0, Bluetooth 5.2</td>
            </tr>
            <tr>
                <td>عدد المنافذ</td>
                <td>4 منافذ USB و4 منافذ Zigbee</td>
            </tr>
            <tr>
                <td>الطاقة</td>
                <td>دعم للطاقة PoE</td>
            </tr>
            <tr>
                <td>الشبكة اللاسلكية</td>
                <td>Zigbee 3.0, Bluetooth 5.2</td>
            </tr>
        </tbody>
    </table>",ollama-qwen2.5:7b-bulk-full,2026-04-30T16:30:57+03:00,ollama-qwen2.5:7b-bulk,,,,,,,,,,2026-04-30T16:57:55+03:00,,,,,,,high,Aqara Hub M3,,,,,
123,simple,SH-BLD-IKEA-001,,IKEA FYRTUR Blackout Smart Roller Blind,1,0,visible,IKEA FYRTUR Blackout Smart Roller Blind - Available at NeoGen Store,,,,taxable,,1,,,0,0,3.5,130,15,10,1,,949,1099,Smart Home & IoT | أتمتة المنزل الذكي,"smart curtain, smart home, ستائر ذكية, منزل ذكي",,https://neogen.store/wp-content/uploads/SH-BLD-IKEA-001-1.jpg,,,,,,,,,0,,,,,ROLLER BLIND FYRTUR ذكي مقفول الألوان أسود,,"<!-- فقرة افتتاحية واحدة -->
    <p>إليك حلول التحكم الذكي في الإضاءة مع علامة تجارية موثوقة: IKEA FYRTUR Blackout Smart Roller Blind.</p>

    <!-- قسم ""لماذا هذا المنتج؟"" -->
    <section>
        <h2><strong>لماذا هذا المنتج؟</strong></h2>
        <ul style=""list-style-type:square;"">
            <li>يتميز بتحكم ذكي عبر الأجهزة الذكية.</li>
            <li>يوفر حماية كاملة من الإضاءة الخارجية.</li>
            <li>تصميم متناسق مع مجموعة IKEA.</li>
            <li>سهل التركيب والاستخدام.</li>
        </ul>
    </section>

    <!-- قسم ""المواصفات التقنية:"" -->
    <table border=""1"" style=""width:100%; text-align:center;"">
        <thead>
            <tr>
                <th>الخاصية</th>
                <th>التفاصيل</th>
            </tr>
        </thead>
        <tbody>
            <tr>
                <td>نوع الستائر</td>
                <td>ROLLER BLIND</td>
            </tr>
            <tr>
                <td>نظام التحكم</td>
                <td>SMART CONTROLLED</td>
            </tr>
            <tr>
                <td>الحماية من الإضاءة</td>
                <td>BLOCKOUT</td>
            </tr>
            <tr>
                <td>عدد الألوان المتاحة</td>
                <td>BLACK</td>
            </tr>
        </tbody>
    </table>",ollama-qwen2.5:7b-bulk-full,2026-04-30T16:30:40+03:00,ollama-qwen2.5:7b-bulk,,,,,,,,,,2026-04-30T16:57:53+03:00,,,,,,,medium,IKEA FYRTUR blackout roller blind,,,,,
124,simple,SH-BLD-SWBT-001,,SwitchBot Curtain 3,1,0,visible,SwitchBot Curtain 3 - Available at NeoGen Store,,,,taxable,,1,,,0,0,0.5,22,8,6,1,,0,649,Smart Home & IoT | أتمتة المنزل الذكي,"smart curtain, smart home, ستائر ذكية, منزل ذكي",,https://neogen.store/wp-content/uploads/SH-BLD-SWBT-001-1.jpg,,,,,,,,,0,,,,,سويتشBot Curtain 3,,"<p>تتميز سماعة SwitchBot Curtain 3 بسهولة التشغيل والتحكم عن بعد في الأقفال الكهربائية للنوافذ.</p>

    <h2><strong>لماذا هذا المنتج؟</strong></h2>
    <ul style=""direction: rtl;"">
        <li>إمكانية التحكم عن بعد عبر تطبيق الهاتف الذكي.</li>
        <li>دعم لروبوتات الاستجابة الذكية مثل Amazon Alexa و Google Assistant.</li>
        <li>تصميم أنيق ومدمج يتناسب مع مختلف أنواع الأقفال الكهربائية.</li>
        <li>متانة عالية وتوفير الطاقة.</li>
    </ul>

    <h2><strong>المواصفات التقنية:</strong></h2>
    <table border=""1"" style=""direction: rtl;"">
        <tr>
            <th>الخاصية</th>
            <th>التفاصيل</th>
        </tr>
        <tr>
            <td>موديل المنتج</td>
            <td>Curtain 3</td>
        </tr>
        <tr>
            <td>تقنية الاتصال</td>
            <td>Zigbee, Bluetooth</td>
        </tr>
        <tr>
            <td>التحكم عن بعد</td>
            <td>نعم</td>
        </tr>
        <tr>
            <td>دعم الروبوتات الذكية</td>
            <td>Amazon Alexa, Google Assistant</td>
        </tr>
    </table>",ollama-qwen2.5:7b-bulk-full,2026-04-30T16:30:24+03:00,auto-generated,,,,,,,,,,,,,,,,,high,SwitchBot Curtain 3,,,,,
125,simple,SH-VDB-EUFY-001,,Eufy Video Doorbell E340 (Dual Camera),1,0,visible,Eufy Video Doorbell E340 (Dual Camera) - Available at NeoGen Store,,,,taxable,,1,,,0,0,1.2,28,22,12,1,,0,999,Smart Home & IoT | أتمتة المنزل الذكي,"camera, doorbell, security, smart home, أمن ومراقبة, جرس باب, كاميرا, منزل ذكي",,https://neogen.store/wp-content/uploads/SH-VDB-EUFY-001-1.jpg,,,,,,,,,0,,,,,يوفي Video جرس باب E340 (Dual كاميرا),,"<!-- فقرة افتتاحية واحدة -->
    <p>إنه الحل الأمثل لحماية منزلك، مع الكاميرا المزدوجة والذكاء الصناعي.</p>

    <!-- قسم ""لماذا هذا المنتج؟"" -->
    <strong>لماذا هذا المنتج؟</strong>
    <ul>
        <li>كاميرا مزدوجة تلتقط صورًا ومقاطع فيديو عالية الدقة.</li>
        <li>ذكاء صناعي متقدم يتيح لك التعرف على الأشخاص والحيوانات.</li>
        <li>دعم للإنترنت اللاسلكي عبر شبكات Wi-Fi 2.4GHz و5GHz.</li>
        <li>ماسح ضوئي لبصمات الأصابع لضمان الأمان.</li>
    </ul>

    <!-- قسم ""المواصفات التقنية:"" -->
    <strong>المواصفات التقنية:</strong>
    <table border=""1"">
        <tr>
            <th>الخاصية</th>
            <th>التفاصيل</th>
        </tr>
        <tr>
            <td>عدد الكاميرات</td>
            <td>2 كاميرا</td>
        </tr>
        <tr>
            <td>دقة الصورة</td>
            <td>1080p Full HD</td>
        </tr>
        <tr>
            <td>التعرف على الأشخاص</td>
            <td>نعم</td>
        </tr>
        <tr>
            <td>ماسح ضوئي لبصمات الأصابع</td>
            <td>نعم</td>
        </tr>
        <tr>
            <td>شبكة Wi-Fi</td>
            <td>2.4GHz و5GHz</td>
        </tr>
    </table>",ollama-qwen2.5:7b-bulk-full,2026-04-30T16:30:08+03:00,auto-generated,,,,,,,,,,,,,,,,,high,Eufy E340 dual-cam doorbell,,,,,
126,simple,SH-VDB-RING-001,,Ring Battery Doorbell Plus,1,0,visible,Ring Battery Doorbell Plus - Available at NeoGen Store,,,,taxable,,1,,,0,0,0.6,22,16,10,1,,,999,Smart Home & IoT | أتمتة المنزل الذكي,"camera, doorbell, security, smart home, أمن ومراقبة, جرس باب, كاميرا, منزل ذكي",,https://neogen.store/wp-content/uploads/SH-VDB-RING-001-1.jpg,,,,,,,,,0,,,,,Ring Battery جرس باب Plus,,"<p>هذا البابلير الكهربائي من Ring هو الحل الأمثل لحماية منزلك وتحسين تجربة الاستقبال.</p>

    <h2><strong>لماذا هذا المنتج؟</strong></h2>
    <ul style=""list-style-type: disc; margin-left: 30px;"">
        <li>يوفر كاميرا عالية الدقة مع تقنية AI للكشف عن الحركة والتعرف على الأشخاص.</li>
        <li>يمكنه العمل بطارية ليثيوم أيون لمدة تصل إلى عام، مما يوفر استهلاك الطاقة ويضمن الاستمرارية.</li>
        <li>يتميز بتصميم مدمج وخفيف الوزن يجعله سهل التركيب والتشغيل.</li>
        <li>يوفر إشعارات صوتية وصوتية مباشرة على هاتفك الذكي عند حدوث حركة.</li>
    </ul>

    <h2><strong>المواصفات التقنية:</strong></h2>
    <table border=""1"" style=""width: 100%; text-align: center;"">
        <tr>
            <th>الخاصية</th>
            <th>التفاصيل</th>
        </tr>
        <tr>
            <td>نوع الكاميرا</td>
            <td>48MP</td>
        </tr>
        <tr>
            <td>تقنية التعرف على الحركة</td>
            <td>AI</td>
        </tr>
        <tr>
            <td>مدة البطارية</td>
            <td>12 شهراً</td>
        </tr>
        <tr>
            <td>نوع البطارية</td>
            <td>Lithium-Ion Battery</td>
        </tr>
        <tr>
            <td>الحجم</td>
            <td>7.5 x 12.8 x 3.4 سم</td>
        </tr>
    </table>",ollama-qwen2.5:7b-bulk-full,2026-04-30T16:29:49+03:00,auto-generated,,,,,,,,,,,,,,,,,high,Ring Battery Doorbell Plus,,,,,
127,simple,SH-CAM-RELK-001,,Reolink Argus 4 Pro (4K),1,0,visible,Reolink Argus 4 Pro (4K) - Available at NeoGen Store,,,,taxable,,1,,,0,0,0.6,22,16,12,1,,899,1039,Smart Home & IoT | أتمتة المنزل الذكي,"4K, camera, security, wireless, أمن ومراقبة, دقة 4K, كاميرا, لاسلكي",,https://neogen.store/wp-content/uploads/SH-CAM-RELK-001-1.jpg,,,,,,,,,0,,,,,ريولينك أرگوس 4 برو (4K),,"<p>تتميز كاميرا Reolink Argus 4 Pro بجودة الفيديو الـ4K وتقنيات الذكاء الصناعي المتقدمة.</p>

    <h2><strong>لماذا هذا المنتج؟</strong></h2>
    <ul style=""list-style-type: disc;"">
        <li>دقة فيديو 4K لصور واضحة ودقيقة.</li>
        <li>تقنيات الذكاء الصناعي تتيح لك التحكم عن بعد بسهولة.</li>
        <li>دعم الواي فاي 5GHz يضمن سرعة متصلة عالية.</li>
        <li>ماسح ضوئي لليدين ووجه لضمان الدخول الآمن.</li>
    </ul>

    <h2><strong>المواصفات التقنية:</strong></h2>
    <table border=""1"" cellspacing=""0"" cellpadding=""5"">
        <tr>
            <th>الخاصية</th>
            <th>التفاصيل</th>
        </tr>
        <tr>
            <td>دقة الفيديو</td>
            <td>4K UHD</td>
        </tr>
        <tr>
            <td>تقنية الكاميرا</td>
            <td>星光级传感器 (Starlight Sensor)</td>
        </tr>
        <tr>
            <td>سرعة معالج</td>
            <td>1.8 GHz</td>
        </tr>
        <tr>
            <td>ذاكرة الوصول العشوائي (RAM)</td>
            <td>2 GB</td>
        </tr>
        <tr>
            <td>ذاكرة التخزين الداخلية</td>
            <td>16 GB</td>
        </tr>
        <tr>
            <td>تقنية الواي فاي</td>
            <td>5 GHz</td>
        </tr>
        <tr>
            <td>تقنيات الأمان</td>
            <td>ماسح ضوئي لليدين ووجه</td>
        </tr>
    </table>",ollama-qwen2.5:7b-bulk-full,2026-04-30T16:29:30+03:00,ollama-qwen2.5:7b-bulk,,,,,,,,,,2026-04-30T16:57:50+03:00,,,,,,,high,Reolink Argus 4 Pro 4K,,,,,
128,simple,SH-CAM-EUFY-001,,Eufy eufyCam 3 (4K + HomeBase 3 Kit),1,0,visible,Eufy eufyCam 3 (4K + HomeBase 3 Kit) - Available at NeoGen Store,,,,taxable,,1,,,0,0,3.5,35,28,18,1,,0,1649,Smart Home & IoT | أتمتة المنزل الذكي,"4K, camera, security, smart home, أمن ومراقبة, دقة 4K, كاميرا, منزل ذكي",,https://neogen.store/wp-content/uploads/SH-CAM-EUFY-001-1.jpg,,,,,,,,,0,,,,,يوفي يوفيCam 3 (4K + HomeBase 3 Kit),,"<p>تتميز كاميرا Eufy Cam 3 وملحقاتها بجودة الصورة الاحترافية والحماية الذكية للمنزل.</p>

    <h2><strong>لماذا هذا المنتج؟</strong></h2>
    <ul style=""list-style-type: disc;"">
        <li>دعم الفيديو في جودة 4K لتفاصيل واضحة ودقيقة.</li>
        <li>نظام HomeBase 3 يوفر اتصالاً مستقرًا وموثوقًا.</li>
        <li>استشعار الحركة الذكي مع تحديد الأشخاص والحيوانات.</li>
        <li>مرونة التحكم عن بعد عبر تطبيق الهاتف المحمول.</li>
    </ul>

    <h2><strong>المواصفات التقنية:</strong></h2>
    <table border=""1"" style=""width: 100%;"">
        <tr>
            <th>الخاصية</th>
            <th>التفاصيل</th>
        </tr>
        <tr>
            <td>نوع الكاميرا</td>
            <td>كاميرا داخلية وخارجية</td>
        </tr>
        <tr>
            <td>جودة الفيديو</td>
            <td>4K UHD</td>
        </tr>
        <tr>
            <td>دقة الكاميرا الداخلية</td>
            <td>2000万像素</td>
        </tr>
        <tr>
            <td>دقة الكاميرا الخارجية</td>
            <td>1300万像素</td>
        </tr>
        <tr>
            <td>نظام HomeBase 3</td>
            <td>نعم</td>
        </tr>
    </table>",ollama-qwen2.5:7b-bulk-full,2026-04-30T16:29:10+03:00,auto-generated,,,,,,,,,,,,,,,,,high,eufyCam 3 + HomeBase 3 Kit (4-cam),,,,,
129,simple,SH-CAM-ARLO-001,,Arlo Pro 5 2K Spotlight Camera,1,0,visible,Arlo Pro 5 2K Spotlight Camera - Available at NeoGen Store,,,,taxable,,1,,,0,0,0.5,20,14,10,1,,0,1549,Smart Home & IoT | أتمتة المنزل الذكي,"camera, security, smart home, wireless, أمن ومراقبة, كاميرا, لاسلكي, منزل ذكي",,https://neogen.store/wp-content/uploads/SH-CAM-ARLO-001-1.jpg,,,,,,,,,0,,,,,Arlo Pro 5 2K Spotlight كاميرا,,"<!-- فقرة افتتاحية واحدة -->
    <p>تتميز كاميرا Arlo Pro 5 2K Spotlight بجودة الصورة الفائقة وتقنيات الأمان المتقدمة.</p>

    <!-- قسم ""لماذا هذا المنتج؟"" -->
    <strong>لماذا هذا المنتج؟</strong>
    <ul>
        <li>دقة صورة 2 كيلو بكسل تضمن رؤية واضحة في جميع الظروف.</li>
        <li>تقنية Night Vision تعمل حتى بعد الغروب لضمان الرؤية الليلية الواضحة.</li>
        <li>دعم Wi-Fi يتيح التحكم عن بعد وتسجيل الفيديو والصوت.</li>
        <li>حماية متقدمة ضد السرقة بفضل تقنية Motion Detection.</li>
    </ul>

    <!-- قسم ""المواصفات التقنية:"" -->
    <strong>المواصفات التقنية:</strong>
    <table border=""1"">
        <thead>
            <tr>
                <th>الخاصية</th>
                <th>التفاصيل</th>
            </tr>
        </thead>
        <tbody>
            <tr>
                <td>دقة الصورة</td>
                <td>2K</td>
            </tr>
            <tr>
                <td>تقنية Night Vision</td>
                <td>نعم</td>
            </tr>
            <tr>
                <td>دعم Wi-Fi</td>
                <td>نعم</td>
            </tr>
            <tr>
                <td>تقنية Motion Detection</td>
                <td>نعم</td>
            </tr>
        </tbody>
    </table>",ollama-qwen2.5:7b-bulk-full,2026-04-30T16:28:52+03:00,auto-generated,,,,,,,,,,,,,,,,,high,Arlo Pro 5 2K Spotlight Camera,,,,,
130,simple,SH-CAM-RING-001,,Ring Indoor Cam (2nd Gen),1,0,visible,Ring Indoor Cam (2nd Gen) - Available at NeoGen Store,,,,taxable,,1,,,0,0,0.3,16,12,10,1,,,479,Smart Home & IoT | أتمتة المنزل الذكي,"camera, security, smart home, أمن ومراقبة, كاميرا, منزل ذكي",,https://neogen.store/wp-content/uploads/SH-CAM-RING-001-1.jpg,,,,,,,,,0,,,,,캠 داخلي رينج (الجيل الثاني),,"<p>تتميز كاميرا Ring Indoor Cam (2nd Gen) بجودة الصورة الواضحة والقدرة على التعرف على الحركة، مما يجعلها الخيار الأمثل لحماية منزلك.</p>

    <h3><strong>لماذا هذا المنتج؟</strong></h3>
    <ul style=""direction: rtl;"">
        <li>دقة الكاميرا 1080p تضمن صورة واضحة ورائعة.</li>
        <li>التعرف على الحركة الفوري يتيح لك الاستجابة بسرعة لأي نشاط غير عادي.</li>
        <li>التحكم عن بعد عبر التطبيق يجعلك على علم دائم بما يحدث في منزلك.</li>
        <li>حماية متقدمة ضد السطوات والرذاذ تحميك طوال العام.</li>
    </ul>

    <h3><strong>المواصفات التقنية:</strong></h3>
    <table border=""1"" style=""direction: rtl;"">
        <tr>
            <th>الخاصية</th>
            <th>التفاصيل</th>
        </tr>
        <tr>
            <td>دقة الكاميرا</td>
            <td>1080p</td>
        </tr>
        <tr>
            <td>التعرف على الحركة</td>
            <td>نعم</td>
        </tr>
        <tr>
            <td>التحكم عن بعد</td>
            <td>نعم</td>
        </tr>
        <tr>
            <td>حماية ضد السطوات والرذاذ</td>
            <td>IP65</td>
        </tr>
    </table>",ollama-qwen2.5:7b-bulk-full,2026-04-30T16:28:35+03:00,ollama-qwen2.5:7b-bulk,,,,,,,,,,2026-04-30T16:57:48+03:00,,,,,,,high,Ring Indoor Cam 2nd Gen,,,,,
131,simple,SH-PLG-MERS-001,,Meross Smart Plug Mini MSS110 (HomeKit),1,0,visible,Meross Smart Plug Mini MSS110 (HomeKit) - Available at NeoGen Store,,,,taxable,,1,,,0,0,0.15,12,10,6,1,,,159,Smart Home & IoT | أتمتة المنزل الذكي,"HomeKit, smart home, smart plug, آبل هوم كت, مقبس ذكي, منزل ذكي",,https://neogen.store/wp-content/uploads/SH-PLG-MERS-001-1.jpg,,,,,,,,,0,,,,,Meross قابس ذكي Mini MSS110 (HomeKit),,"<p>استمتع بتحكمك الذكي في أجهزتك المنزلية مع مروس سمارت بلاغ ميني MSS110 (هومكيت).</p>

    <h2><strong>لماذا هذا المنتج؟</strong></h2>
    <ul style=""list-style-type: disc;"">
        <li>تصميم صغير وخفيف يتناسب مع أي مكان في منزلك.</li>
        <li>دعم HomeKit للاستفادة من التحكم الذكي عبر أجهزة آبل.</li>
        <li>إمكانية التحكم عن بعد باستخدام الهاتف المحمول.</li>
        <li>حماية الطاقة وترشيد الاستهلاك الكهربائي.</li>
    </ul>

    <h2><strong>المواصفات التقنية:</strong></h2>
    <table border=""1"">
        <thead>
            <tr>
                <th>الخاصية</th>
                <th>التفاصيل</th>
            </tr>
        </thead>
        <tbody>
            <tr>
                <td>نوع التوصيل</td>
                <td>USB Type-C</td>
            </tr>
            <tr>
                <td>عدد المنافذ</td>
                <td>1</td>
            </tr>
            <tr>
                <td>الدعم التقني</td>
                <td>HomeKit, Alexa, Google Assistant</td>
            </tr>
            <tr>
                <td>التقنية المستخدمة</td>
                <td>Zigbee 3.0</td>
            </tr>
        </tbody>
    </table>",ollama-qwen2.5:7b-bulk-full,2026-04-30T16:28:19+03:00,auto-generated,,,,,,,,,,,,,,,,,high,Meross MSS110 smart plug,,,,,
132,simple,SH-PLG-TPLK-001,,"TP-Link Tapo P125M Smart Plug (Matter, 2-pack)",1,0,visible,"TP-Link Tapo P125M Smart Plug (Matter, 2-pack) - Available at NeoGen Store",,,,taxable,,1,,,0,0,0.3,18,12,6,1,,0,149,Smart Home & IoT | أتمتة المنزل الذكي,"smart home, smart plug, WiFi, مقبس ذكي, منزل ذكي, واي فاي",,https://neogen.store/wp-content/uploads/SH-PLG-TPLK-001-1.jpg,,,,,,,,,0,,,,,"تي بي لينك Tapo P125M قابس ذكي (Matter, 2-pack)",,"<p>موصل ذكي متعدد الاستخدامات من تپلینک، يتيح لك التحكم في الأجهزة الكهربائية عن بعد.</p>

    <h3><strong>لماذا هذا المنتج؟</strong></h3>
    <ul style=""direction: rtl;"">
        <li>دعم ماثر (Matter) للاستخدام مع أنظمة智能家居设备，支持 Matter 协议，兼容多种智能家庭系统。</li>
        <li> dúو وحدة تسمح بالتحكم في اثنين من الأجهزة الكهربائية.</li>
        <li>تصميم بسيط وسهل الاستخدام، يتم تشغيله عن طريق التطبيق الذكي.</li>
        <li>موصل بشبكة Wi-Fi للاستخدام بدون الحاجة إلى كابلات.</li>
    </ul>

    <h3><strong>المواصفات التقنية:</strong></h3>
    <table border=""1"" style=""direction: rtl;"">
        <tr>
            <th>الخاصية</th>
            <th>التفاصيل</th>
        </tr>
        <tr>
            <td>نوع الاتصال</td>
            <td>Wi-Fi</td>
        </tr>
        <tr>
            <td>عدد الوحدات</td>
            <td>dúo</td>
        </tr>
        <tr>
            <td>دعم ماثر</td>
            <td>نعم</td>
        </tr>
    </table>",ollama-qwen2.5:7b-bulk-full,2026-04-30T16:27:43+03:00,auto-generated,,,,,,,,,,,,,,,,,high,Tapo P125M Matter 2-pack,,,,,
133,simple,SH-THR-ECOB-001,,Ecobee Smart Thermostat Premium,1,0,visible,Ecobee Smart Thermostat Premium - Available at NeoGen Store,,,,taxable,,1,,,0,0,0.5,20,16,8,1,,,1549,Smart Home & IoT | أتمتة المنزل الذكي,"smart home, thermostat, ترموستات, منزل ذكي",,https://neogen.store/wp-content/uploads/SH-THR-ECOB-001-1.jpg,,,,,,,,,0,,,,,thermostat الذكي المتميز إيكوببي,,"<p>يقدم Ecobee Smart Thermostat Premium تجربة دفء ذكية وفعالة في إدارة درجة الحرارة.</p>

    <h2><strong>لماذا هذا المنتج؟</strong></h2>
    <ul style=""list-style-type: disc;"">
        <li>يتميز بذكاء التشغيل التلقائي، مما يوفر الطاقة بنسبة تصل إلى 12%.</li>
        <li>يوفر تطبيقًا متنقلًا سهل الاستخدام لتحكم في درجة الحرارة من أي مكان.</li>
        <li>يتضمن شاشة بسيطة وسهلة القراءة للتحكم المباشر في النظام.</li>
        <li>يأتي مع دعم متعدد اللغات، مما يجعله خيارًا مثاليًا للمقيمين في المملكة العربية السعودية.</li>
    </ul>

    <h2><strong>المواصفات التقنية:</strong></h2>
    <table border=""1"" cellspacing=""0"" cellpadding=""5"">
        <thead>
            <tr>
                <th>الخاصية</th>
                <th>التفاصيل</th>
            </tr>
        </thead>
        <tbody>
            <tr>
                <td>نوع التحكم</td>
                <td>تحكم إلكتروني</td>
            </tr>
            <tr>
                <td>معدل الاستجابة</td>
                <td>&lt; 2 ثانية</td>
            </tr>
            <tr>
                <td>الدعم المتعدد للغات</td>
                <td>نعم</td>
            </tr>
            <tr>
                <td>نوع الشبكة</td>
                <td>Wi-Fi</td>
            </tr>
        </tbody>
    </table>",ollama-qwen2.5:7b-bulk-full,2026-04-30T16:27:28+03:00,ollama-qwen2.5:7b-bulk,,,,,,,,,,2026-04-30T16:57:45+03:00,,,,,,,high,Ecobee Smart Thermostat Premium,,,,,
134,simple,SH-THR-NEST-001,,Google Nest Learning Thermostat (4th Gen),1,0,visible,Google Nest Learning Thermostat (4th Gen) - Available at NeoGen Store,,,,taxable,,1,,,0,0,0.5,22,16,10,1,,,1699,Smart Home & IoT | أتمتة المنزل الذكي,"smart home, thermostat, ترموستات, منزل ذكي",,https://neogen.store/wp-content/uploads/SH-THR-NEST-001-1.jpg,,,,,,,,,0,,,,,نظام تدفئة ذكي متعلم من جوجل (4세대),,"<p>تتميز أنظمة التدفئة الذكية Google Nest Learning Thermostat (4th Gen) بتقنية ذكاء اصطناعي متقدمة تتيح لك إدارة درجة الحرارة في منزلك بكل سهولة.</p>

    <h2><strong>لماذا هذا المنتج؟</strong></h2>
    <ul>
        <li>توفير الطاقة بنسبة تصل إلى 12% مقارنة بأنظمة التدفئة التقليدية.</li>
        <li>تعلم نمط الاستهلاك وتتكيف مع احتياجاتك الشخصية.</li>
        <li>مراقبة درجة الحرارة في الوقت الفعلي وضبطها حسب الحاجة.</li>
        <li>واجهة مستخدم بسيطة ومباشرة تتيح التحكم عن بعد عبر الهاتف الذكي أو الكمبيوتر.</li>
    </ul>

    <h2><strong>المواصفات التقنية:</strong></h2>
    <table border=""1"">
        <tr>
            <th>الخاصية</th>
            <th>التفاصيل</th>
        </tr>
        <tr>
            <td>نوع النظام</td>
            <td>نظام تدفئة ذكي</td>
        </tr>
        <tr>
            <td>تقنية التعلم</td>
            <td>نعم</td>
        </tr>
        <tr>
            <td>التحكم عن بعد</td>
            <td>نعم</td>
        </tr>
        <tr>
            <td>التقنية المستخدمة</td>
            <td>Google Nest</td>
        </tr>
        <tr>
            <td>الإصدار</td>
            <td>4th Gen</td>
        </tr>
    </table>",ollama-qwen2.5:7b-bulk-full,2026-04-30T16:27:10+03:00,ollama-qwen2.5:7b-bulk,,,,,,,,,,2026-04-30T16:57:43+03:00,,,,,,,high,Google Nest Learning Thermostat 4th Gen,,,,,
135,simple,SH-RVC-ECVX-001,,Ecovacs Deebot X9 Pro Omni,1,0,visible,Ecovacs Deebot X9 Pro Omni - Available at NeoGen Store,,,,taxable,,1,,,0,0,13.0,52,45,50,1,,,5699,Smart Home & IoT | أتمتة المنزل الذكي,"robot vacuum, smart home, مكنسة روبوت, منزل ذكي",,https://neogen.store/wp-content/uploads/SH-RVC-ECVX-001-1.jpg,,,,,,,,,0,,,,,إيكوفاكس Deebot X9 Pro Omni,,"<p>تستعد منزلك للاستمتاع بأحدث التقنيات الذكية مع Ecovacs Deebot X9 Pro Omni، الروبوت المروни الأكثر تقدماً في تنظيف منازلنا.</p>

    <h2><strong>لماذا هذا المنتج؟</strong></h2>
    <ul style=""list-style-type: disc;"">
        <li>يتميز بقدرة التنقل المتعددة الاتجاهات (Omni-directional) التي تتيح له التنقل بسهولة في جميع أنحاء المنزل.</li>
        <li>يأتي مزودًا بعجلات متينة تسمح له بالوصول إلى الزوايا الصعبة والمناطق الضيقة.</li>
        <li>يوفر نظام التدقيق ثلاثي الأبعاد (3D SLAM) لضمان تنظيف شامل وفعال لكل زاوية من المنزل.</li>
        <li>يتميز بقدرة عالية على تجنب العقبات والتغلب عليها، مما يجعله الخيار الأمثل للبيوت المعقدة.</li>
    </ul>

    <h2><strong>المواصفات التقنية:</strong></h2>
    <table border=""1"" cellspacing=""0"" cellpadding=""5"">
        <tr>
            <th>الخاصية</th>
            <th>التفاصيل</th>
        </tr>
        <tr>
            <td>نظام التنقل</td>
            <td>Omni-directional</td>
        </tr>
        <tr>
            <td>عجلات</td>
            <td>MegaTraction</td>
        </tr>
        <tr>
            <td>تقنية التدقيق</td>
            <td>3D SLAM</td>
        </tr>
        <tr>
            <td>القدرة على تجنب العقبات</td>
            <td>High</td>
        </tr>
    </table>",ollama-qwen2.5:7b-bulk-full,2026-04-30T16:26:53+03:00,auto-generated,,,,,,,,,,,,,,,,,medium,Ecovacs Deebot X9 Pro Omni,,,,,
136,simple,SH-RVC-DREM-001,,Dreame L50 Ultra,1,0,visible,Dreame L50 Ultra - Available at NeoGen Store,,,,taxable,,1,,,0,0,12.0,50,45,45,1,,0,4599,Smart Home & IoT | أتمتة المنزل الذكي,"robot vacuum, smart home, مكنسة روبوت, منزل ذكي",,https://neogen.store/wp-content/uploads/SH-RVC-DREM-001-1.jpg,,,,,,,,,0,,,,,دريم L50 Ultra,,"<p>تتميز Dreame L50 Ultra بتصميمها المبتكر وعمر البطارية الطويل، مما يجعلها الخيار الأمثل للمسافرين والمستخدمين اليوميين.</p>

    <h2><strong>لماذا هذا المنتج؟</strong></h2>
    <ul>
        <li>عمر بطارية يصل إلى 30 يومًا مع استخدام معتدل.</li>
        <li>تقنية التصفية المتقدمة لضمان جودة الهواء النقي.</li>
        <li>تصميم خفيف الوزن وقابل للطي يسهل حمله.</li>
        <li>إمكانية الشحن اللاسلكي تزيد من الراحة أثناء الاستخدام.</li>
    </ul>

    <h2><strong>المواصفات التقنية:</strong></h2>
    <table border=""1"">
        <thead>
            <tr>
                <th>الخاصية</th>
                <th>التفاصيل</th>
            </tr>
        </thead>
        <tbody>
            <tr>
                <td>نوع الجهاز</td>
                <td>مُحَرِّك مُتَقَدِّم</td>
            </tr>
            <tr>
                <td>عمر البطارية</td>
                <td>30 يومًا</td>
            </tr>
            <tr>
                <td>تقنية التصفية</td>
                <td>Dyson Digital Motor V12</td>
            </tr>
            <tr>
                <td>وزن الجهاز</td>
                <td>1.5 كجم</td>
            </tr>
        </tbody>
    </table>",ollama-qwen2.5:7b-bulk-full,2026-04-30T16:26:35+03:00,auto-generated,,,,,,,,,,,,,,,,,medium,Dreame L50 Ultra with dock,,,,,
137,simple,SH-RVC-RBRC-001,,Roborock Qrevo CurvX,1,0,visible,Roborock Qrevo CurvX - Available at NeoGen Store,,,,taxable,,1,,,0,0,11.0,48,42,45,1,,0,4599,Smart Home & IoT | أتمتة المنزل الذكي,"robot vacuum, smart home, مكنسة روبوت, منزل ذكي",,https://neogen.store/wp-content/uploads/SH-RVC-RBRC-001-1.jpg,,,,,,,,,0,,,,,روبوروك Qrevo CurvX,,"<!-- فقرة افتتاحية واحدة -->
    <p>روبروكوك Qrevo CurvX هو روبوت تنظيف أرضيات مبتكر يجمع بين الأداء العالي والتصميم المميز.</p>

    <!-- قسم ""لماذا هذا المنتج؟"" -->
    <h2><strong>لماذا هذا المنتج؟</strong></h2>
    <ul>
        <li>يتميز بقدرات تنظيف متقدمة تصل إلى 3000Pa من الضغط الجوي.</li>
        <li>يمتاز بمرونة الحركة مع نظام التتبع ثلاثي الأبعاد.</li>
        <li>يوفر خاصية التنظيف الذكي عبر تطبيق الهاتف المحمول.</li>
        <li>يتميز بتصميم فريد يتناسب مع مختلف أنواع الأرضيات.</li>
    </ul>

    <!-- قسم ""المواصفات التقنية:"" -->
    <h2><strong>المواصفات التقنية:</strong></h2>
    <table border=""1"">
        <thead>
            <tr>
                <th>الخاصية</th>
                <th>التفاصيل</th>
            </tr>
        </thead>
        <tbody>
            <tr>
                <td>نظام الضغط الجوي</td>
                <td>3000Pa</td>
            </tr>
            <tr>
                <td>حجم الجسم</td>
                <td>28.5 x 28.5 x 9 cm</td>
            </tr>
            <tr>
                <td>وزن الجهاز</td>
                <td>1.3 kg</td>
            </tr>
            <tr>
                <td>البطارية</td>
                <td>4000mAh</td>
            </tr>
            <tr>
                <td>cestor</td>
                <td>Roborock Qrevo CurvX</td>
            </tr>
        </tbody>
    </table>",ollama-qwen2.5:7b-bulk-full,2026-04-30T16:26:18+03:00,auto-generated,,,,,,,,,,,,,,,,,medium,Roborock Qrevo CurvX,,,,,
138,simple,SH-LGT-GOVE-002,,Govee Glide Hexagon Light Panels Ultra (10-pack),1,0,visible,Govee Glide Hexagon Light Panels Ultra (10-pack) - Available at NeoGen Store,,,,taxable,,1,,,0,0,3.5,50,35,12,1,,1299,1499,Smart Home & IoT | أتمتة المنزل الذكي,"LED lighting, RGB, إضاءة LED, إضاءة RGB",,https://neogen.store/wp-content/uploads/SH-LGT-GOVE-002-1.jpg,,,,,,,,,0,,,,,لوايات هексا곤 إضائة جلدي جلايد (10-قطعة),,"<p>تستعرض لكم منتج Govee Glide Hexagon Light Panels Ultra (10-pack)، حل مبتكر لضياء منازلك.</p>

    <h2><strong>لماذا هذا المنتج؟</strong></h2>
    <ul style=""direction: rtl;"">
        <li>تصميم هكسagonal فريد يضفي جمالًا فائقًا على أي غرفة.</li>
        <li>مرونة عالية في التحكم مع تطبيق ذكي متاح.</li>
        <li>عالية الكفاءة الطاقة، مما يجعلها خيارًا مثاليًا للحفاظ على البيئة.</li>
        <li>متعددة الاستخدامات، من الديكور إلى الترفيه.</li>
    </ul>

    <h2><strong>المواصفات التقنية:</strong></h2>
    <table border=""1"" style=""direction: rtl;"">
        <tr>
            <th>النوع</th>
            <th>عدد الأبواب</th>
            <th>حجم كل شريحة</th>
            <th>اللون</th>
            <th>التقنية</th>
        </tr>
        <tr>
            <td>ضوء هكسagonal</td>
            <td>10</td>
            <td>25x25 سم</td>
            <td>متعدد الألوان</td>
            <td>LED</td>
        </tr>
    </table>",ollama-qwen2.5:7b-bulk-full,2026-04-30T16:25:59+03:00,ollama-qwen2.5:7b-bulk,,,,,,,,,,2026-04-30T16:57:36+03:00,,,,,,,high,Govee Glide Hexagon 10-pack,,,,,
139,simple,SH-LGT-GOVE-001,,Govee RGBIC LED Strip M1 (5m),1,0,visible,Govee RGBIC LED Strip M1 (5m) - Available at NeoGen Store,,,,taxable,,1,,,0,0,0.6,30,22,8,1,,399,459,Smart Home & IoT | أتمتة المنزل الذكي,"LED lighting, RGB, إضاءة LED, إضاءة RGB",,https://neogen.store/wp-content/uploads/SH-LGT-GOVE-001-1.jpg,,,,,,,,,0,,,,,يفي رGBIC ليد ستريپ م1 (5م),,"<p>تعد شريط الإضاءة LED Govee RGBIC M1 (5m) الخيار الأمثل للمنزل والديكورات الداخلية، حيث تتميز بألوانها المتنوعة وسهولة التحكم.</p>

<strong>لماذا هذا المنتج؟</strong>
<ul style=""list-style-type: disc;"">
    <li>ألوان متعددة ومرونة في التحكم بالألوان。</li>
    <li>تصميم رفيع وغير مرئي يتناسب مع مختلف أنواع الديكور.</li>
    <li>متصل بالأجهزة الذكية عبر تطبيق Govee للتحكم عن بعد.</li>
    <li>مستوى إضاءة عالي ودقة في التحكم بدرجة السطوع。</li>
</ul>

<strong>المواصفات التقنية:</strong>
<table border=""1"">
    <tr>
        <th>الخاصية</th>
        <th>التفاصيل</th>
    </tr>
    <tr>
        <td>طول الشريط</td>
        <td>5m</td>
    </tr>
    <tr>
        <td>عدد الألوان المتاحة</td>
        <td>16M+</td>
    </tr>
    <tr>
        <td>تردد الإشارة</td>
        <td>300米/秒</td>
    </tr>
    <tr>
        <td>الضوء الأبيض</td>
        <td>CCT 2700K-6500K</td>
    </tr>
    <tr>
        <td>درجة السطوع</td>
        <td>100% PWM</td>
    </tr>
</table>",ollama-qwen2.5:7b-bulk-full,2026-04-30T16:25:44+03:00,ollama-qwen2.5:7b-bulk,,,,,,,,,,2026-04-30T16:57:33+03:00,,,,,,,high,Govee RGBIC LED Strip M1 5m,,,,,
140,simple,SH-LGT-LIFX-001,,LIFX Color A19 1100lm Bulb,1,0,visible,LIFX Color A19 1100lm Bulb - Available at NeoGen Store,,,,taxable,,1,,,0,0,0.2,12,8,8,1,,279,329,Smart Home & IoT | أتمتة المنزل الذكي,"LED lighting, smart home, WiFi, إضاءة LED, منزل ذكي, واي فاي",,https://neogen.store/wp-content/uploads/SH-LGT-LIFX-001-1.jpg,,,,,,,,,0,,,,,ليفك كولور أ19 1100lm بولب,,"<p>لمحة عن LIFX Color A19 1100lm Bulb: إنها ضوء متعدد الاستخدامات الذي يجمع بين الجمال والكفاءة في واحدة من الحلول الإضاءة الذكية.</p>
<ul>
    <li><strong>التحكم الذكي:</strong> يمكن التحكم في لون وسطوع الضوء باستخدام تطبيق الهاتف المحمول.</li>
    <li><strong>دقة اللون:</strong> يوفر 16 مليون لون مختلف للحصول على تجربة إضاءة فريدة.</li>
    <li><strong>الكفاءة:</strong> مع كفاءة استهلاك الطاقة عالية، يتم توفير المال والطاقة مع كل استخدام.</li>
    <li><strong>متعدد الاستخدامات:</strong> مناسب لجميع الأماكن، سواء كانت غرفة نوم أو مكتب أو حديقة.</li>
</ul>
<table>
    <tr>
        <th>الميزة</th>
        <th>التفاصيل</th>
    </tr>
    <tr>
        <td>نوع الإضاءة</td>
        <td>LED</td>
    </tr>
    <tr>
        <td>سطوع الضوء (lm)</td>
        <td>1100</td>
    </tr>
    <tr>
        <td>اللون</td>
        <td> أبيض / ألوان متعددة</td>
    </tr>
    <tr>
        <td>التحكم في اللون</td>
        <td> 16 مليون لون</td>
    </tr>
    <tr>
        <td>الاستهلاك الكهربي (W)</td>
        <td>9.5</td>
    </tr>
    <tr>
        <td>الضوء المتغير</td>
        <td>نعم</td>
    </tr>
</table>",ollama-qwen2.5:7b-bulk-full,2026-04-30T16:25:28+03:00,ollama-qwen2.5:7b-bulk,,,,,,,,,,2026-04-30T16:57:31+03:00,,,,,,,high,LIFX Color A19 bulb,,,,,
141,simple,SH-LGT-PHUE-002,,Philips Hue Gradient Lightstrip (2m),1,0,visible,Philips Hue Gradient Lightstrip (2m) - Available at NeoGen Store,,,,taxable,,1,,,0,0,0.5,25,20,8,1,,,1149,Smart Home & IoT | أتمتة المنزل الذكي,"LED lighting, smart home, Zigbee, إضاءة LED, بروتوكول Zigbee, منزل ذكي",,https://neogen.store/wp-content/uploads/SH-LGT-PHUE-002-1.jpg,,,,,,,,,0,,,,,ليدز Gradientsية من فิلسبي (2m),,"<p>تتميز شريط الإضاءة Philips Hue Gradient بتصميمها الفريد وتقنياتها المتقدمة، مما يجعلها الخيار الأمثل لمنزلك.</p>

    <h3><strong>لماذا هذا المنتج؟</strong></h3>
    <ul style=""direction: rtl;"">
        <li>توفير التحكم الدقيق في الإضاءة من خلال تطبيق Philips Hue.</li>
        <li>تصميم مرن يمكنه التكيف مع مختلف الأثاث والديكورات.</li>
        <li>تقنيات متقدمة مثل التدرج اللوني المستمر الذي يوفر تجربة إضاءة فريدة.</li>
        <li>عالية الكفاءة وتدوم لفترات طويلة.</li>
    </ul>

    <h3><strong>المواصفات التقنية:</strong></h3>
    <table border=""1"" style=""direction: rtl;"">
        <tr>
            <th>النوع</th>
            <th>طول الشريط</th>
            <th>عدد الأضواء</th>
            <th>التدرج اللوني</th>
            <th>التحكم في الإضاءة</th>
        </tr>
        <tr>
            <td>شريط إضاءة Philips Hue</td>
            <td>2m (6.56ft)</td>
            <td>16 LED</td>
            <td>نعم</td>
            <td>نعم، من خلال تطبيق Philips Hue</td>
        </tr>
    </table>",ollama-qwen2.5:7b-bulk-full,2026-04-30T16:25:11+03:00,ollama-qwen2.5:7b-bulk,,,,,,,,,,2026-04-30T16:57:28+03:00,,,,,,,high,Philips Hue Gradient Lightstrip 2m,,,,,
142,simple,SH-LGT-PHUE-001,,Philips Hue Starter Kit (3x A19 + Bridge),1,0,visible,Philips Hue Starter Kit (3x A19 + Bridge) - Available at NeoGen Store,,,,taxable,,1,,,0,0,1.2,28,20,14,1,,,899,Smart Home & IoT | أتمتة المنزل الذكي,"LED lighting, smart home, Zigbee, إضاءة LED, بروتوكول Zigbee, منزل ذكي",,https://neogen.store/wp-content/uploads/SH-LGT-PHUE-001-1.jpg,,,,,,,,,0,,,,,كit البدأية فيلips هو (3x A19 + بريج),,"<p>تستعد منزلك لعالم الذكاء الاصطناعي مع مزيج فريد من الإضاءة Philips Hue.</p>

    <h2><strong>لماذا هذا المنتج؟</strong></h2>
    <ul style=""list-style-type: disc;"">
        <li>التحكم عن بعد باستخدام الهاتف أو الجهاز اللوحي.</li>
        <li>التخطيط المرن للإضاءة عبر تطبيق Philips Hue.</li>
        <li>دعم لـ 16 مليون لون مختلف لإضفاء جاذبية على منزلك.</li>
        <li>العمل مع الأجهزة الأخرى الذكية في منزلك.</li>
    </ul>

    <h2><strong>المواصفات التقنية:</strong></h2>
    <table border=""1"" style=""width: 100%;"">
        <tr>
            <th>الميزة</th>
            <th>التفاصيل</th>
        </tr>
        <tr>
            <td>عدد الأضواء</td>
            <td>3x A19</td>
        </tr>
        <tr>
            <td>موديل الجهاز الأساسي</td>
            <td>Hue Bridge</td>
        </tr>
    </table>",ollama-qwen2.5:7b-bulk-full,2026-04-30T16:24:56+03:00,ollama-qwen2.5:7b-bulk,,,,,,,,,,2026-04-30T16:57:26+03:00,,,,,,,high,Philips Hue Starter Kit 3 bulbs + bridge,,,,,
143,simple,SH-LCK-AUGS-001,,August Wi-Fi Smart Lock (4th Gen),1,0,visible,August Wi-Fi Smart Lock (4th Gen) - Available at NeoGen Store,,,,taxable,,1,,,0,0,1.0,22,18,12,1,,1299,1499,Smart Home & IoT | أتمتة المنزل الذكي,"security, smart home, smart lock, أمن ومراقبة, قفل ذكي, منزل ذكي",,https://neogen.store/wp-content/uploads/SH-LCK-AUGS-001-1.jpg,,,,,,,,,0,,,,,august Wi-Fi ذكي قفل الجيل الرابع,,"<p>موكل ذكي August Wi-Fi Smart Lock (4th Gen) هو حل أمني مبتكر يتيح لك التحكم في باب منزلك عن بعد.</p>

    <strong>لماذا هذا المنتج؟</strong>
    <ul style=""direction: rtl;"">
        <li>التحكم عن بعد عبر تطبيق الهاتف الذكي.</li>
        <li>حماية فائقة مع إشعارات الحالة في الوقت الفعلي.</li>
        <li>سهولة الاستخدام والتركيب.</li>
        <li>دعم للتوافق مع أنظمة الأمن المنزلية الأخرى.</li>
    </ul>

    <strong>المواصفات التقنية:</strong>
    <table border=""1"" style=""direction: rtl;"">
        <tr>
            <th>النوع</th>
            <td>موكل ذكي Wi-Fi</td>
        </tr>
        <tr>
            <th>الجيل</th>
            <td>4th Gen</td>
        </tr>
        <tr>
            <th>التقنية المستخدمة</th>
            <td>Wi-Fi</td>
        </tr>
        <tr>
            <th>نظام التشغيل المدعوم</th>
            <td>Android, iOS</td>
        </tr>
    </table>",ollama-qwen2.5:7b-bulk-full,2026-04-30T16:24:42+03:00,ollama-qwen2.5:7b-bulk,,,,,,,,,,2026-04-30T16:57:23+03:00,,,,,,,high,August Wi-Fi Smart Lock 4th Gen,,,,,
144,simple,SH-LCK-AQRA-001,,Aqara Smart Lock U200,1,0,visible,Aqara Smart Lock U200 - Available at NeoGen Store,,,,taxable,,1,,,0,0,1.8,28,22,14,1,,1249,1439,Smart Home & IoT | أتمتة المنزل الذكي,"security, smart home, smart lock, أمن ومراقبة, قفل ذكي, منزل ذكي",,https://neogen.store/wp-content/uploads/SH-LCK-AQRA-001-1.jpg,,,,,,,,,0,,,,,آلة التحكم الذكي أقارة U200,,"<p>موصل ذكي مصمم للتحكم في الأبواب بسهولة ودقة، يوفر أمانًا عاليًا لمنزلك.</p>
    
    <h3><strong>لماذا هذا المنتج؟</strong></h3>
    <ul style=""list-style-type: disc;"">
        <li>يتميز بميزات الأمان المتقدمة مثل التعرف على بصمات الأصابع والكود الرقمي.</li>
        <li>إمكانية التحكم عن بعد عبر تطبيق الهاتف الذكي.</li>
        <li>تصميم مدمج وخفيف الوزن يجعله سهل التركيب والاستخدام.</li>
        <li>دعم للعمل مع منظومة智能家居系统，实现全屋智能控制。</li>
    </ul>

    <h3><strong>المواصفات التقنية:</strong></h3>
    <table border=""1"" cellspacing=""0"" cellpadding=""5"">
        <tr>
            <th>الخاصية</th>
            <th>التفاصيل</th>
        </tr>
        <tr>
            <td>نوع الموصل</td>
            <td>Zigbee 3.0</td>
        </tr>
        <tr>
            <td>عدد الأبواب التي يمكن توصيلها بها</td>
            <td>1</td>
        </tr>
        <tr>
            <td>التحكم عن بعد</td>
            <td>نعم، عبر تطبيق الهاتف الذكي</td>
        </tr>
        <tr>
            <td>التعرف على بصمات الأصابع</td>
            <td>نعم</td>
        </tr>
        <tr>
            <td>الكود الرقمي</td>
            <td>نعم</td>
        </tr>
    </table>",ollama-qwen2.5:7b-bulk-full,2026-04-30T16:24:29+03:00,ollama-qwen2.5:7b-bulk,,,,,,,,,,2026-04-30T16:57:21+03:00,,,,,,,high,Aqara Smart Lock U200,,,,,
145,simple,SH-LCK-YALE-001,,Yale Assure Lock 2 Wi-Fi,1,0,visible,Yale Assure Lock 2 Wi-Fi - Available at NeoGen Store,,,,taxable,,1,,,0,0,1.5,28,20,14,1,,0,1549,Smart Home & IoT | أتمتة المنزل الذكي,"security, smart home, smart lock, أمن ومراقبة, قفل ذكي, منزل ذكي",,https://neogen.store/wp-content/uploads/SH-LCK-YALE-001-1.jpg,,,,,,,,,0,,,,,قفل يالى تأكد 2 ويفي,,"<p>يقدم Yale Assure Lock 2 Wi-Fi حلًا آمنًا وعالي التقنية لحماية باب منزلك.</p>

    <h3><strong>لماذا هذا المنتج؟</strong></h3>
    <ul style=""list-style-type: disc; margin-left: 20px;"">
        <li>التحكم عن بعد عبر تطبيق الهاتف الذكي.</li>
        <li>حماية متقدمة مع إنذار السرقة.</li>
        <li>دعم Wi-Fi للاستخدام المرن.</li>
        <li>تصميم فاخر ومتين يتناسب مع مختلف الأنواع من الأبواب.</li>
    </ul>

    <h3><strong>المواصفات التقنية:</strong></h3>
    <table border=""1"" style=""width: 100%; text-align: center;"">
        <tr>
            <th>الخاصية</th>
            <th>التفاصيل</th>
        </tr>
        <tr>
            <td>نوع الباب</td>
            <td>للباب الرئيسي</td>
        </tr>
        <tr>
            <td>تقنية التشفير</td>
            <td>Z-Wave+</td>
        </tr>
        <tr>
            <td>التحكم عن بعد</td>
            <td>نعم، عبر تطبيق الهاتف الذكي</td>
        </tr>
        <tr>
            <td>الحماية من السرقة</td>
            <td>إنذار متقدم</td>
        </tr>
    </table>",ollama-qwen2.5:7b-bulk-full,2026-04-30T16:24:11+03:00,ollama-qwen2.5:7b-bulk,,,,,,,,,,2026-04-30T16:57:19+03:00,,,,,,,high,Yale Assure Lock 2 Wi-Fi,,,,,
146,simple,SH-DSP-GGLE-001,,Google Nest Hub (2nd Gen),1,0,visible,Google Nest Hub (2nd Gen) - Available at NeoGen Store,,,,taxable,,1,,,0,0,1.2,28,18,12,1,,0,699,Smart Home & IoT | أتمتة المنزل الذكي,"smart home, منزل ذكي",,https://neogen.store/wp-content/uploads/SH-DSP-GGLE-001-1.jpg,,,,,,,,,0,,,,,Google نست هاب (2nd Gen),,"<p>يتميز جوجل نست هاب الثاني بتصميمه المبتكر وواجهته البسيطة التي تجعل التحكم في المنزل أكثر سهولة.</p>

    <h3><strong>لماذا هذا المنتج؟</strong></h3>
    <ul>
        <li>شاشة عرض عالية الدقة (10.1 بوصة)</li>
        <li>دعم Google Assistant للاستجابة للأسئلة والإيعازات الصوتية</li>
        <li>إمكانية التحكم في الأجهزة الذكية في المنزل من خلال الأوامر الصوتية</li>
        <li>تصميم أنيق وخفيف الوزن يجعله مثاليًا للمعيشة والعمل</li>
    </ul>

    <h3><strong>المواصفات التقنية:</strong></h3>
    <table border=""1"">
        <thead>
            <tr>
                <th>الخاصية</th>
                <th>التفاصيل</th>
            </tr>
        </thead>
        <tbody>
            <tr>
                <td>حجم الشاشة</td>
                <td>10.1 بوصة</td>
            </tr>
            <tr>
                <td>معالج</td>
                <td>Cortex-A53 64-bit Quad-core Processor</td>
            </tr>
            <tr>
                <td>ذاكرة الوصول العشوائي (RAM)</td>
                <td>2 GB</td>
            </tr>
            <tr>
                <td>ذاكرة التخزين الداخلية</td>
                <td>16 GB</td>
            </tr>
            <tr>
                <td>الشبكة اللاسلكية</td>
                <td>Wi-Fi 802.11 b/g/n/ac, Bluetooth 4.2</td>
            </tr>
            <tr>
                <td>دقة الشاشة</td>
                <td>1280 x 800</td>
            </tr>
        </tbody>
    </table>",ollama-qwen2.5:7b-bulk-full,2026-04-30T16:23:56+03:00,ollama-qwen2.5:7b-bulk,,,,,,,,,,2026-04-30T17:00:35+03:00,,,,,,,high,Google Nest Hub 2nd Gen,,,,,
147,simple,SH-DSP-AMZN-001,,Amazon Echo Show 8 (3rd Gen),1,0,visible,Amazon Echo Show 8 (3rd Gen) - Available at NeoGen Store,,,,taxable,,1,,,0,0,1.3,28,22,14,1,,,999,Smart Home & IoT | أتمتة المنزل الذكي,"smart home, smart speaker, WiFi, سماعة ذكية, منزل ذكي, واي فاي",,https://neogen.store/wp-content/uploads/SH-DSP-AMZN-001-1.jpg,,,,,,,,,0,,,,,أمازون إيكو شو 8 (الجيل الثالث),,"<p>إنه جهاز ذكي متعدد الاستخدامات يجمع بين الصوت الرائع والشاشة اللمسية في تصميم أنيق.</p>

    <h2><strong>لماذا هذا المنتج؟</strong></h2>
    <ul style=""list-style-type: disc; margin-left: 20px;"">
        <li>شاشة بحجم 8 بوصات بتقنية AMLED تضفي جمالًا ووضوحًا على كل صورة.</li>
        <li>دعم Alexa للاستجابة لأوامر الصوت والتواصل مع الإنترنت.</li>
        <li>معالج ثماني النوى بسرعة 2.0 GHz لتوفير أداء سلس وعالي الكفاءة.</li>
        <li>ذاكرة داخلية قدرها 4 GB توفر مساحة كافية لتخزين التطبيقات والموسيقى.</li>
    </ul>

    <h2><strong>المواصفات التقنية:</strong></h2>
    <table border=""1"" style=""width: 100%; text-align: center;"">
        <tr>
            <th>العنصر</th>
            <th>التفاصيل</th>
        </tr>
        <tr>
            <td>حجم الشاشة</td>
            <td>8 بوصات</td>
        </tr>
        <tr>
            <td>نوع الشاشة</td>
            <td>AMLED</td>
        </tr>
        <tr>
            <td>معالج</td>
            <td>Cortex-A73 2.0 GHz ثماني النوى</td>
        </tr>
        <tr>
            <td>ذاكرة الوصول العشوائي (RAM)</td>
            <td>1 GB</td>
        </tr>
        <tr>
            <td>ذاكرة التخزين الداخلية</td>
            <td>4 GB</td>
        </tr>
    </table>",ollama-qwen2.5:7b-bulk-full,2026-04-30T16:23:36+03:00,manual,,,,,,,,,,2026-04-30T17:07:19+03:00,,,,,,,high,Amazon Echo Show 8 3rd Gen,,,,,
148,simple,SH-SPK-AMZN-002,,Amazon Echo Dot (5th Gen),1,0,visible,Amazon Echo Dot (5th Gen) - Available at NeoGen Store,,,,taxable,,1,,,0,0,0.4,14,14,14,1,,399,459,Smart Home & IoT | أتمتة المنزل الذكي,"smart home, smart speaker, WiFi, سماعة ذكية, منزل ذكي, واي فاي",,https://neogen.store/wp-content/uploads/SH-SPK-AMZN-002-1.jpg,,,,,,,,,0,,,,,إيكو دوت (الجيل الخامس),,"<p>أطلق على نفسك تجربة الذكاء الصناعي في المنزل مع Amazon Echo Dot (5th Gen)، جهاز صوت ذكي يجمع بين التكنولوجيا المتقدمة والتصميم المبتكر.</p>

    <h2><strong>لماذا هذا المنتج؟</strong></h2>
    <ul style=""list-style-type: disc;"">
        <li>يتميز بمعالج Amazon Octo Core للعمل بكفاءة عالية.</li>
        <li>يدعم Alexa، مساعد ذكي يتيح لك التحكم في الأجهزة المنزلية والوصول إلى المعلومات بسهولة.</li>
        <li>يوفر جودة صوت استثنائية مع دقة 360 درجة.</li>
        <li>حجمه الصغير يجعله سهل الاستخدام ويدمج بشكل رائع في أي مكان في منزلك.</li>
    </ul>

    <h2><strong>المواصفات التقنية:</strong></h2>
    <table border=""1"" cellspacing=""0"" cellpadding=""5"">
        <thead>
            <tr>
                <th>الخاصية</th>
                <th>الوصف</th>
            </tr>
        </thead>
        <tbody>
            <tr>
                <td>معالج</td>
                <td>Amazon Octo Core</td>
            </tr>
            <tr>
                <td>ذاكرة الوصول العشوائي (RAM)</td>
                <td>1 GB</td>
            </tr>
            <tr>
                <td>ذاكرة التخزين الداخلي</td>
                <td>4 GB</td>
            </tr>
            <tr>
                <td>جودة الصوت</td>
                <td>360 درجة</td>
            </tr>
            <tr>
                <td>الشبكة اللاسلكية</td>
                <td>Wi-Fi 802.11 b/g/n/ac, Bluetooth 4.2</td>
            </tr>
        </tbody>
    </table>",ollama-qwen2.5:7b-bulk-full,2026-04-30T16:23:18+03:00,ollama-qwen2.5:7b-bulk,,,,,,,,,,2026-04-30T16:59:01+03:00,,,,,,,high,Amazon Echo Dot 5th Gen,,,,,
149,simple,SH-SPK-GGLE-001,,Google Nest Audio,1,0,visible,Google Nest Audio - Available at NeoGen Store,,,,taxable,,1,,,0,0,1.3,22,18,14,1,,699,809,Smart Home & IoT | أتمتة المنزل الذكي,"smart home, smart speaker, WiFi, سماعة ذكية, منزل ذكي, واي فاي",,https://neogen.store/wp-content/uploads/SH-SPK-GGLE-001-1.jpg,,,,,,,,,0,,,,,نست أوديو,,"<!-- فقرة افتتاحية واحدة -->
    <p>يقدم جوجل ناست أوديو تجربة صوتية مذهلة مع تصميم بسيط وعالي الجودة.</p>

    <!-- قسم ""لماذا هذا المنتج؟"" -->
    <h2><strong>لماذا هذا المنتج؟</strong></h2>
    <ul>
        <li>يتميز بتقنية الصوت المحسّن التي تضمن جودة صوت عالية.</li>
        <li>يتصل بـ Google Assistant مباشرة للاستفادة من خدمات الذكاء الاصطناعي.</li>
        <li>تصميمه البسيط والجميل يجعله متناسقًا مع أي ديكور داخل المنزل.</li>
        <li>إمكانية التحكم عن بعد باستخدام تطبيق Google Home.</li>
    </ul>

    <!-- قسم ""المواصفات التقنية:"" -->
    <h2><strong>المواصفات التقنية:</strong></h2>
    <table border=""1"">
        <thead>
            <tr>
                <th>الخاصية</th>
                <th>التفاصيل</th>
            </tr>
        </thead>
        <tbody>
            <tr>
                <td>حجم الصوت</td>
                <td>360 واط ذروة</td>
            </tr>
            <tr>
                <td>عدد المكبرات</td>
                <td>1 مكبر صوت</td>
            </tr>
            <tr>
                <td>تقنية الصوت</td>
                <td>صوت محيطي ثلاثي الأبعاد</td>
            </tr>
            <tr>
                <td>الحجم</td>
                <td>21.6 x 9.5 x 8.7 سم</td>
            </tr>
        </tbody>
    </table>",ollama-qwen2.5:7b-bulk-full,2026-04-30T16:22:59+03:00,ollama-qwen2.5:7b-bulk,,,,,,,,,,2026-04-30T17:02:12+03:00,,,,,,,high,Google Nest Audio,,,,,
150,simple,SH-SPK-APPL-001,,Apple HomePod Mini,1,0,visible,Apple HomePod Mini - Available at NeoGen Store,,,,taxable,,1,,,0,0,0.5,16,14,14,1,,0,699,Smart Home & IoT | أتمتة المنزل الذكي,"HomeKit, smart home, smart speaker, آبل هوم كت, سماعة ذكية, منزل ذكي",,https://neogen.store/wp-content/uploads/SH-SPK-APPL-001-1.jpg,,,,,,,,,0,,,,,آبل HomePod Mini,,"<!-- فقرة افتتاحية واحدة -->
    <p>إنه جهاز صوت مدمج يجمع بين التصميم المبتكر والجودة الصوتية العالية في حجم صغير.</p>

    <!-- قسم ""لماذا هذا المنتج؟"" -->
    <section>
        <h2><strong>لماذا هذا المنتج؟</strong></h2>
        <ul style=""list-style-type: disc;"">
            <li>تصميم أنيق وخفيف الوزن يتناسب مع أي ديكور.</li>
            <li>صوت محيطي ثلاثي الأبعاد يقدم تجربة صوتية فريدة.</li>
            <li>دعم Siri للاستجابة بسرعة للإشارات الصوتية والتحكم في المنزل.</li>
            <li>إمكانية التوصيل مع HomePods الأخرى لإنشاء نظام صوتي أكبر.</li>
        </ul>
    </section>

    <!-- قسم ""المواصفات التقنية:"" -->
    <table border=""1"" style=""width: 100%; text-align: center;"">
        <thead>
            <tr>
                <th>الخاصية</th>
                <th>التفاصيل</th>
            </tr>
        </thead>
        <tbody>
            <tr>
                <td>حجم الجهاز</td>
                <td>9.4 سم</td>
            </tr>
            <tr>
                <td>نظام التشغيل</td>
                <td>iOS, macOS</td>
            </tr>
            <tr>
                <td>المحرك الصوتي</td>
                <td>واحدة 4.3 سم مع صوت محيطي ثلاثي الأبعاد</td>
            </tr>
            <tr>
                <td>الذاكرة العشوائية</td>
                <td>1 ГБ</td>
            </tr>
            <tr>
                <td>المعالج</td>
                <td>A8</td>
            </tr>
            <tr>
                <td>التوصيل اللاسلكي</td>
                <td>بلوتوث 4.2, Wi-Fi 802.11 b/g/n/ac</td>
            </tr>
        </tbody>
    </table>",ollama-qwen2.5:7b-bulk-full,2026-04-30T16:22:41+03:00,auto-generated,,,,,,,,,,,,,,,,,high,Apple HomePod Mini,,,,,
151,simple,SH-SPK-AMZN-001,,Amazon Echo (4th Gen),1,0,visible,Amazon Echo (4th Gen) - Available at NeoGen Store,,,,taxable,,1,,,0,0,1.0,22,22,22,1,,0,699,Smart Home & IoT | أتمتة المنزل الذكي,"smart home, smart speaker, WiFi, سماعة ذكية, منزل ذكي, واي فاي",,https://neogen.store/wp-content/uploads/SH-SPK-AMZN-001-1.jpg,,,,,,,,,0,,,,,أمازون إيكو (الجيل الرابع),,"<p>أعلمني بأحدث الأخبار والتوقعات الجوية وقم بتشغيل الموسيقى مباشرة من صوتك مع جهاز Amazon EchoFourth Generation.</p>

    <h2><strong>لماذا هذا المنتج؟</strong></h2>
    <ul>
        <li>شاشة عرض 5.5 بوصة تعمل باللمس لتجربة أكثر تفاعلية.</li>
        <li>معالج ثماني النوى للعمل بكفاءة عالية.</li>
        <li>ذاكرة داخلية 32 جيجابايت لتلبية احتياجاتك اليومية.</li>
        <li>دعم Alexa الذكي للاستجابة لأوامر الصوت بسرعة.</li>
    </ul>

    <h2><strong>المواصفات التقنية:</strong></h2>
    <table border=""1"">
        <thead>
            <tr>
                <th>الخاصية</th>
                <th>التفاصيل</th>
            </tr>
        </thead>
        <tbody>
            <tr>
                <td>حجم الشاشة</td>
                <td>5.5 بوصة</td>
            </tr>
            <tr>
                <td>معالج</td>
                <td>ثماني النوى</td>
            </tr>
            <tr>
                <td>ذاكرة الوصول العشوائي (RAM)</td>
                <td>4 جيجابايت</td>
            </tr>
            <tr>
                <td>ذاكرة التخزين الداخلية</td>
                <td>32 جيجابايت</td>
            </tr>
        </tbody>
    </table>",ollama-qwen2.5:7b-bulk-full,2026-04-30T16:28:03+03:00,manual,,,,,,,,,,2026-04-30T17:07:18+03:00,,,,,,,high,Amazon Echo 4th Gen,,,,,
152,simple,NG-SEC-007,,Eufy Video Doorbell S330 - Dual Camera Smart Doorbell (2K + Package Cam),1,0,visible,Smart doorbell with two cameras: 2K main camera and a dedicated lower package camera. Local storage with no monthly subscription. Built-in battery with optional wired installation. Works with HomeBase 3.,"The only doorbell that sees both the visitor's face and the package.\n\nThe **Eufy S330** features a unique dual-camera design: an upper 2K camera for faces, and a lower wide-angle camera for packages and the ground. All with zero monthly fees.\n\n**Why This Product?**\n- **Dual Camera:** Full view from face to feet and packages.\n- **No Subscription:** Local storage on HomeBase 3 with 16GB (expandable).\n- **2K with AI:** Smart person detection with familiar face recognition.\n- **Battery or Wired:** Choose built-in battery or connect to existing doorbell wires.\n- **Two-Way Audio:** Talk to visitors with clear audio.\n- **Quick Responses:** Pre-set voice replies like ""Leave the package"" with one tap.\n\n**Technical Specifications:**\n| Main Camera | 2K (2560×1920) |\n|---|---|\n| Package Camera | 160° wide angle |\n| Night Vision | IR + LED Spotlight |\n| AI Detection | Person + Familiar Faces |\n| Storage | HomeBase 3 (16GB built-in + HDD) |\n| Battery | Built-in (6,500mAh) |\n| Connectivity | Wi-Fi (2.4 GHz) |\n| Weather Rating | IP65 |\n| Dimensions | 165 × 55 × 28 mm |\n| Weight | 296 g |\n\n**Note:** Requires HomeBase 3 (sold separately or as a bundle).",,,taxable,,1,,,0,0,0.8,25,20,12,1,,0,1449,Security & Surveillance | أمن ومراقبة,"camera, doorbell, security, smart home, أمن ومراقبة, جرس باب, كاميرا, منزل ذكي",,https://neogen.store/wp-content/uploads/NG-SEC-007.jpg,,,,,,,,,0,,,,,يوفي Video جرس باب S330 - Dual كاميرا Smart جرس باب (2K + Package Cam),,"<div>
    <p>إذا كنت ترغب في رؤية كل ما يحدث عند باب منزلك، سواء كان ذلك الوجه الزائر أو حقيبته، فهذا هو الحل الأمثل.</p>

    <strong>لماذا هذا المنتج؟</strong>
    <ul>
        <li>الكاميرا المزدوجة: رؤية كاملة من الوجه إلى الأقدام والحقائب.</li>
        <li>لا الاشتراكات: تخزين محلي على HomeBase 3 مع 16GB (قابل للتوسيع).</li>
        <li>2K مع الذكاء الصناعي: اكتشاف الشخص بذكاء مع تحديد الوجوه المألوفة.</li>
        <li>اختياري: بطارية مدمجة أو متصلة بالكهرباء.</li>
        <li>الصوت التwo-way: حوار واضح مع الزائر.</li>
        <li>ردود سريعة: ردود صوتية مسبقة مثل ""اترك الحقيبة"" بمجرد النقر.</li>
    </ul>

    <strong>المواصفات التقنية:</strong>
    <table border=""1"">
        <tr>
            <th>الكاميرا الرئيسية</th>
            <td>2K (2560×1920)</td>
        </tr>
        <tr>
            <th>الكاميرا للحقيبة</th>
            <td>زاوية عرض 160°</td>
        </tr>
        <tr>
            <th>رؤية الليل</th>
            <td>IR + ضوء متضيء LED</td>
        </tr>
        <tr>
            <th>الكشف الذكي</th>
            <td>شخص + وجوه مألوفة</td>
        </tr>
        <tr>
            <th>التخزين</th>
            <td>HomeBase 3 (16GB داخلي + HDD)</td>
        </tr>
        <tr>
            <th>البطارية</th>
            <td>مدمجة (6,500mAh)</td>
        </tr>
        <tr>
            <th>التوصيل</th>
            <td>واي فاي (2.4 GHz)</td>
        </tr>
        <tr>
            <th>تصنيف الطقس</th>
            <td>IP65</td>
        </tr>
        <tr>
            <th>الحجم</th>
            <td>165 × 55 × 28 ملم</td>
        </tr>
        <tr>
            <th>الوزن</th>
            <td>296 جرام</td>
        </tr>
    </table>

    <p><strong>ملاحظة:</strong> يتطلب HomeBase 3 (يتم بيعه بشكل منفصل أو كجزء من العرض).</p>
</div>",ollama-qwen2.5:7b-bulk-full,2026-04-30T16:21:53+03:00,auto-generated,,,,,,,,,,,,,,,,,high,Eufy S330 doorbell + package cam,,,,,
153,simple,NG-SEC-006,,Ajax Hub 2 Plus - Professional Wireless Smart Alarm System,1,0,visible,Smart alarm hub supporting up to 200 devices. Dual connectivity (Ethernet + 2x SIM) with 15-hour backup battery. Advanced anti-jamming and anti-tamper. Supports cameras and visual verification.,"A European-grade alarm system to protect what matters most.\n\nThe **Ajax Hub 2 Plus** is the heart of the world's most advanced security ecosystem. With anti-jamming and anti-tamper technologies, it stays connected and responsive even under the worst conditions.\n\n**Why This Product?**\n- **200 Devices:** Connect motion sensors, door contacts, smoke, water leak detectors, and more.\n- **Triple Connectivity:** Ethernet + dual SIM cards ensure connection even if internet goes down.\n- **Anti-Jamming:** Detects wireless signal jamming attempts and alerts you.\n- **15-Hour Battery:** Operates without power for extended periods during outages.\n- **Visual Verification:** Connect Ajax cameras to verify alarms before responding.\n- **Professional Certification:** Grade 2 (EN 50131) certified for professional alarm systems.\n\n**Technical Specifications:**\n| Max Devices | Up to 200 |\n|---|---|\n| Max Users | Up to 200 |\n| Connectivity | Ethernet + 2x 4G SIM + Wi-Fi |\n| Encryption | AES-128 |\n| Backup Battery | 15 hours |\n| Device Range | Up to 2,000m (open space) |\n| Frequency | Jeweller (868 MHz) + Wings |\n| Integration | Ajax app + API for third-party systems |\n| Dimensions | 163 × 163 × 36 mm |\n| Weight | 351 g |",,,taxable,,1,,,0,0,1.5,30,22,10,1,,0,2499,Security & Surveillance | أمن ومراقبة,"alarm system, security, wireless, أمن ومراقبة, لاسلكي, نظام إنذار",,https://neogen.store/wp-content/uploads/NG-SEC-006.jpg,,,,,,,,,0,,,,,محرك أ贾克斯 2 بلس - نظام إنذار ذكي sans線路無線專業版,,"<p>نظام إنذار ذكي متقدم لحماية ما يهمك.</p>
<ul>
    <li><strong>200 جهاز:</strong> اتصل بالمراقبات الحركية، نقاط الاتصال باب، أجهزة الكشف عن الدخان، وأجهزة كشف تسرب المياه.</li>
    <li><strong>ثلاثة أنواع من الاتصال:</strong> الشبكة العريضة + بطاقتا SIM مزدوجتان تضمن الاتصال حتى إذا انقطع الإنترنت.</li>
    <li><strong>الحماية من التداخل الإشعاعي:</strong> اكتشف المحاولات المبذولة لتعطيل الإشارة اللاسلكية وتحذيرك منها.</li>
    <li><strong>بطارية بديلة 15 ساعة:</strong> تعمل بدون طاقة لفترات طويلة أثناء انقطاع التيار الكهربائي.</li>
    <li><strong>التحقق البصري:</strong> اتصل بأجهزة Ajax الكاميرا لتثبيت الإنذارات قبل الرد عليها.</li>
    <li><strong>اعتماد محترفي:</strong> معتمد على المستوى الثاني (EN 50131) ل systems إنذار محترف.</li>
</ul>
<table>
    <tr>
        <th>المواصفات التقنية</th>
        <th>التفاصيل</th>
    </tr>
    <tr>
        <td>عدد الأجهزة القصوى</td>
        <td>200 جهاز</td>
    </tr>
    <tr>
        <td>عدد المستخدمين القصوى</td>
        <td>200 مستخدم</td>
    </tr>
    <tr>
        <td>الاتصال</td>
        <td>الشبكة العريضة + 2x SIM 4G + Wi-Fi</td>
    </tr>
    <tr>
        <td>التشفير</td>
        <td>AES-128</td>
    </tr>
    <tr>
        <td>بطارية احتياطية</td>
        <td>15 ساعة</td>
    </tr>
    <tr>
        <td>مدى الجهاز</td>
        <td>2,000 متر (في الفضاء المفتوح)</td>
    </tr>
    <tr>
        <td>التردد</td>
        <td>جواهر (868 MHz) + أجنحة</td>
    </tr>
    <tr>
        <td>التوصيل</td>
        <td>تطبيق Ajax + API لأنظمة الأطر الثالثية</td>
    </tr>
    <tr>
        <td>الحجم</td>
        <td>163 × 163 × 36 ملم</td>
    </tr>
    <tr>
        <td>الوزن</td>
        <td>351 غرام</td>
    </tr>
</table>",ollama-qwen2.5:7b-bulk-full,2026-04-30T16:21:29+03:00,ollama-qwen2.5:7b-bulk,,,,,,,,,,2026-04-30T16:57:14+03:00,,,,,,,high,Ajax Hub 2 Plus alarm system,,,,,
154,simple,NG-SEC-005,,Reolink 16-Channel PoE NVR (RLN16-410) - 4K Network Video Recorder,1,0,visible,16-channel NVR supporting cameras up to 12MP. Built-in 16 PoE ports power cameras directly. Supports up to 12TB HDD. No monthly subscription.,"A complete surveillance command center for your home or business.\n\nThe **Reolink 16-Channel NVR** is the heart of your surveillance system. With 16 built-in PoE ports, connect cameras directly without an external PoE switch. One device records, displays, and alerts.\n\n**Why This Product?**\n- **16 PoE Channels:** Connect 16 cameras directly with a single Ethernet cable each.\n- **Up to 12MP:** Supports cameras from 2MP to 12MP (ultra-high definition).\n- **No Subscription:** Full local recording on HDD with zero monthly fees.\n- **Smart Playback:** Quick search by date or smart detection (person/vehicle).\n- **4K HDMI Output:** Display cameras live on a monitor or TV.\n- **Mobile App:** Monitor from anywhere via the Reolink app.\n\n**Technical Specifications:**\n| Channels | 16 |\n|---|---|\n| PoE Ports | 16 (130W budget) |\n| Max Resolution | 12 MP |\n| Storage | 1x SATA (up to 12TB) |\n| Outputs | HDMI 4K + VGA |\n| Network | Gigabit Ethernet |\n| Compression | H.265 / H.264 |\n| Audio | 1x input + 1x output |\n| Dimensions | 385 × 315 × 55 mm |\n| Weight | 2.48 kg (without HDD) |",,,taxable,,1,,,0,0,4.5,45,35,12,1,,,1599,Security & Surveillance | أمن ومراقبة,"4K, camera, NVR, security, أمن ومراقبة, دقة 4K, كاميرا, مسجل فيديو شبكي",,https://neogen.store/wp-content/uploads/NG-SEC-005.jpg,,,,,,,,,0,,,,,ريولينك 16-قناة مراقبة شبكيه PoE (RLN16-410) - سجل صوتية الشبكة بدقة 4K,,"<p>مركز تحكم شامل في المراقبة لمنزلك أو عملك.</p>
<ul>
    <li><strong>16 قناة PoE:</strong> اربط 16 كاميرا مباشرة باستخدام كابل إيثرنت واحد لكل كاميرا.</li>
    <li><strong>حد أقصى دقة 12MP:</strong> يدعم الكاميرات من 2MP إلى 12MP (دقة عالية جدا).</li>
    <li><strong>لا يوجد الاشتراك:</strong> تسجيل كامل محلي على القرص الصلب مع عدم وجود رسوم شهرية.</li>
    <li><strong>إعادة تشغيل ذكي:</strong> البحث السريع حسب التاريخ أو اكتشاف ذكي (شخص/مركبة).</li>
    <li><strong>مخرج 4K HDMI:</strong> عرض الكاميرات مباشرة على شاشة أو تلفاز.</li>
    <li><strong>تطبيق موبايل:</strong> تتبع من أي مكان عبر تطبيق Reolink.</li>
</ul>
<table>
    <tr>
        <th>القنوات</th>
        <td>16</td>
    </tr>
    <tr>
        <th>منافذ PoE</th>
        <td>16 (ميزانية 130W)</td>
    </tr>
    <tr>
        <th>حد أقصى الدقة</th>
        <td>12 MP</td>
    </tr>
    <tr>
        <th>التخزين</th>
        <td>1x SATA (حد أقصى 12TB)</td>
    </tr>
    <tr>
        <th>المخرجات</th>
        <td>HDMI 4K + VGA</td>
    </tr>
    <tr>
        <th>الشبكة</th>
        <td>إيثرنت Gigabit</td>
    </tr>
    <tr>
        <th>التشفير</th>
        <td>H.265 / H.264</td>
    </tr>
    <tr>
        <th>الصوت</th>
        <td>1x إدخال + 1x خرج</td>
    </tr>
    <tr>
        <th>الأبعاد</th>
        <td>385 × 315 × 55 ملم</td>
    </tr>
    <tr>
        <th>الوزن</th>
        <td>2.48 كجم (بدون القرص الصلب)</td>
    </tr>
</table>",ollama-qwen2.5:7b-bulk-full,2026-04-30T16:21:03+03:00,ollama-qwen2.5:7b-bulk,,,,,,,,,,2026-04-30T16:57:11+03:00,,,,,,,high,Reolink RLN16-410 16-ch NVR,,,,,
155,simple,NG-SEC-004,,Ubiquiti UniFi Protect G4 Doorbell Pro - 5MP Smart Doorbell with Fingerprint Reader,1,0,visible,"Smart video doorbell with 5MP camera, night vision, and built-in fingerprint reader. On-device LCD screen for visitor messages. Works with UniFi Protect with no monthly subscription.","The most advanced doorbell in the world.\n\nThe **Ubiquiti G4 Doorbell Pro** isn't just another smart doorbell. With a 5MP camera, fingerprint reader, and built-in LCD screen, it elevates your front door security to an entirely new level.\n\n**Why This Product?**\n- **5MP Camera:** Wide-angle view covers the door and surroundings in high detail.\n- **Fingerprint Reader:** Unlock your smart lock directly from the doorbell.\n- **Built-in LCD Screen:** Display custom messages to visitors (e.g., ""Leave the package here"").\n- **No Subscription:** UniFi Protect records locally with zero monthly fees (requires UniFi OS Console).\n- **Excellent Night Vision:** IR lights and LEDs for visibility in darkness.\n- **Package Detection:** Detects packages at your door and alerts you.\n\n**Technical Specifications:**\n| Resolution | 5 MP (2560×1920) |\n|---|---|\n| Field of View | 155° diagonal |\n| Night Vision | IR + LED |\n| Fingerprint Reader | Built-in (Capacitive) |\n| Display | Built-in color LCD |\n| Audio | Two-way |\n| Power | PoE (802.3af) |\n| Weather Rating | IPX5 |\n| Requirements | UniFi OS Console (Dream Machine/NVR) |\n| Dimensions | 175 × 57 × 29 mm |",,,taxable,,1,,,0,0,1.2,28,22,12,1,,0,3140,Security & Surveillance | أمن ومراقبة,"3d printing, camera, doorbell, security, smart home, أمن ومراقبة, جرس باب, طباعة ثلاثية الأبعاد, كاميرا, منزل ذكي",,https://neogen.store/wp-content/uploads/NG-SEC-004.jpg,,,,,,,,,0,,,,,يوبيكويتي UniFi Protect G4 جرس باب Pro - 5MP Smart جرس باب with Fingerprint Reader,,"<p>العندل الذكي الأكثر تقدماً في العالم.</p>

    <strong>لماذا هذا المنتج؟</strong>
    <ul>
        <li><span>5MP كاميرا:</span> منظور واسع يغطي الباب والمنطقة المحيطة بتفاصيل عالية.</li>
        <li><span>قارئ البصمات:</span> فتح قفلك الذكي مباشرة من العندل.</li>
        <li><span>شاشة LCD مدمجة:</span> عرض رسائل شخصية لزوارك (مثل: ""اترك الحقيبة هنا"").</li>
        <li><span>لا يوجد الاشتراك:</span> تسجيل UniFi Protect محلياً مع تكاليف شهرية صفرية (يحتاج إلى UniFi OS Console).</li>
        <li><span>رؤية الليل الممتازة:</span> أضواء IR و LEDs للفحص في الظلام.</li>
        <li><span>استشعار الحزم:</span> اكتشاف الحزم عند الباب وإخطارك بها.</li>
    </ul>

    <strong>المواصفات التقنية:</strong>
    <table border=""1"">
        <tr>
            <th>التفاصيل</th>
            <th>القيم</th>
        </tr>
        <tr>
            <td>التقسيم</td>
            <td>5 MP (2560×1920)</td>
        </tr>
        <tr>
            <td>منظور</td>
            <td>155° مائل</td>
        </tr>
        <tr>
            <td>رؤية الليل</td>
            <td>IR + LED</td>
        </tr>
        <tr>
            <td>قارئ البصمات</td>
            <td>(مدمج) قابلسية</td>
        </tr>
        <tr>
            <td>شاشة</td>
            <td>شاشة LCD ملونة مدمجة</td>
        </tr>
        <tr>
            <td>الصوت</td>
            <td>双边通信</td>
        </tr>
        <tr>
            <td>الطاقة</td>
            <td>PoE (802.3af)</td>
        </tr>
        <tr>
            <td>تصنيف الطقس</td>
            <td>IPX5</td>
        </tr>
        <tr>
            <td>المتطلبات</td>
            <td>UniFi OS Console (Dream Machine/NVR)</td>
        </tr>
        <tr>
            <td>الحجم</td>
            <td>175 × 57 × 29 ملم</td>
        </tr>
    </table>",ollama-qwen2.5:7b-bulk-full,2026-04-30T16:20:41+03:00,auto-generated,2511,https://www.amazon.sa/-/en/Ubiquiti-UniFi-Protect-Doorbell-UVC-G4-DoorBell-Pro/dp/B0BH3XVGK1/ref=sr_1_1,2026-04-29T13:45:00+03:00,high,2299,0,1777459470,1777459470,,,,,,,,,high,UniFi G4 Doorbell Pro,2511.0,2026-04-29T13:45:00+03:00,629.0,25.0,PRICED HIGHER THAN AMAZON
156,simple,NG-SEC-003,,Hikvision DS-2CD2143G2-I - 4MP AcuSense Dome Camera,1,0,visible,Indoor/outdoor 4MP dome camera with AcuSense AI detection. 2.8mm lens with 103° angle and 30-meter night vision. Vandal-proof IK10 design with PoE power.,"The world's #1 name in surveillance, now with advanced AI.\n\nThe **Hikvision DS-2CD2143G2-I** with AcuSense technology delivers smart detection that distinguishes between humans and vehicles, reducing false alarms by up to 95%. Hikvision's trusted quality with second-generation intelligence.\n\n**Why This Product?**\n- **AcuSense Technology:** Deep Learning algorithm accurately classifies humans and vehicles.\n- **4 Megapixels:** 2688×1520 resolution for clear, detailed images.\n- **IK10 Vandal-Proof:** Metal housing withstands impact and tampering.\n- **120dB WDR:** Wide Dynamic Range for areas with varying lighting.\n- **H.265+:** Advanced compression saves up to 80% storage space.\n- **Flexible Mounting:** Suitable for indoor/outdoor ceilings and walls.\n\n**Technical Specifications:**\n| Resolution | 4 MP (2688×1520) |\n|---|---|\n| Lens | 2.8mm (103° angle) |\n| Night Vision | IR up to 30 meters |\n| AI Technology | AcuSense (Person + Vehicle) |\n| Compression | H.265+ / H.264+ |\n| WDR | 120 dB |\n| Power | PoE (802.3af) / DC 12V |\n| Weather Rating | IP67 |\n| Vandal Proof | IK10 |\n| Dimensions | 111mm diameter × 82mm |\n| Weight | 480 g |",,,taxable,,1,,,0,0,0.8,25,20,12,1,,0,749,Security & Surveillance | أمن ومراقبة,"camera, security, أمن ومراقبة, كاميرا",,https://neogen.store/wp-content/uploads/NG-SEC-003.jpg,,,,,,,,,0,,,,,هيكسيونس دس-2cd2143ج2-إي - كاميرا قبة حادة الأدراك 4 ميجابكسل,,"<p>هيكفينسون DS-2CD2143G2-I، أحدث إصدار من كاميرات المراقبة الذكية التي تجمع بين الجودة والذكاء الاصطناعي.</p>

    <strong>لماذا هذا المنتج؟</strong>
    <ul>
        <li>تقنية AcuSense: خوارزمية التعلم العميق لتصنيف البشر والحافلات بدقة.</li>
        <li>4 ميجابكسل: دقة 2688×1520 لصور واضحة وتفصيلية.</li>
        <li> IK10 مقاومة الاعتداء: غلاف فولاذي يتحمل الصدمات والتلاعب.</li>
        <li>120dB WDR: نطاق ديناميكي واسع لمناطق تختلف فيها الإضاءة.</li>
    </ul>

    <strong>المواصفات التقنية:</strong>
    <table border=""1"">
        <tr>
            <th>التفاصيل</th>
            <th>البيانات</th>
        </tr>
        <tr>
            <td>التقسيم</td>
            <td>4 MP (2688×1520)</td>
        </tr>
        <tr>
            <td>عدسة</td>
            <td>2.8mm (زاوية 103°)</td>
        </tr>
        <tr>
            <td>رؤية الليل</td>
            <td>IR حتى 30 متراً</td>
        </tr>
        <tr>
            <td>تقنية الذكاء الاصطناعي</td>
            <td>AcuSense (شخص + حافلة)</td>
        </tr>
        <tr>
            <td>ضغط البيانات</td>
            <td>H.265+ / H.264+</td>
        </tr>
        <tr>
            <td>NDR</td>
            <td>120 dB</td>
        </tr>
        <tr>
            <td>الطاقة</td>
            <td>PoE (802.3af) / 12V DC</td>
        </tr>
        <tr>
            <td>التقييم الجوي</td>
            <td>IP67</td>
        </tr>
        <tr>
            <td>مقاومة الاعتداء</td>
            <td>IK10</td>
        </tr>
        <tr>
            <td>الحجم</td>
            <td>111mm قطر × 82mm</td>
        </tr>
        <tr>
            <td>الوزن</td>
            <td>480 g</td>
        </tr>
    </table>",ollama-qwen2.5:7b-bulk-full,2026-04-30T16:20:16+03:00,ollama-qwen2.5:7b-bulk,,,,,,,,,,2026-04-30T16:57:08+03:00,,,,,,,high,Hikvision DS-2CD2143G2-I 4MP dome,,,,,
157,simple,NG-SEC-002,,Reolink Argus 4 Pro - Solar-Powered Wireless 4K Security Camera,1,0,visible,Fully wireless 4K security camera with integrated solar panel. Color night vision and AI smart detection. Built-in battery charges via solar. No wires needed whatsoever.,"Surveillance without wires, without electricity bills, without limits.\n\nThe **Reolink Argus 4 Pro** runs entirely on solar power with a built-in battery. Place it anywhere you want - garden, farm, parking lot - without needing any cable.\n\n**Why This Product?**\n- **Solar Powered:** Integrated solar panel keeps the battery charged year-round.\n- **Full 4K:** 3840×2160 resolution with 180° wide-angle view (dual lens).\n- **Color Night Vision:** Built-in spotlights for color vision even in darkness.\n- **Wi-Fi 6:** Fast, stable wireless connection without network cables.\n- **AI Smart Detection:** Distinguishes people, vehicles, and animals.\n- **Two-Way Audio:** Talk to visitors or deter intruders via the app.\n\n**Technical Specifications:**\n| Resolution | 4K (8MP) dual-lens 180° |\n|---|---|\n| Power | Solar panel + built-in battery |\n| Night Vision | Color (Spotlight) + IR 10m |\n| AI Detection | Person + Vehicle + Animal |\n| Connectivity | Wi-Fi 6 (2.4/5 GHz) |\n| Audio | Two-way + siren |\n| Weather Rating | IP65 |\n| Storage | microSD + cloud |\n| Dimensions | 131 × 73 × 53 mm (camera) |",,,taxable,,1,,,0,0,1.2,28,22,12,1,,0,1199,Security & Surveillance | أمن ومراقبة,"4K, camera, security, wireless, أمن ومراقبة, دقة 4K, كاميرا, لاسلكي",,https://neogen.store/wp-content/uploads/NG-SEC-002.jpg,,,,,,,,,0,,,,,Reolink Argus 4 Pro - Solar-Powered لاسلكي 4K Security كاميرا,,"<p>surveillance بدون كابلات، بدون فواتير الكهرباء، بدون حدود.</p>
<ul>
    <li><strong>مدعوم بالطاقة الشمسية:</strong> لوحة شمسية مدمجة تضمن الشحن الدائم للبطارية.</li>
    <li><strong>4K كاميرا:</strong> دقة 3840×2160 مع زاوية رؤية واسعة 180° (دual lens).</li>
    <li><strong>رؤية الليل باللون:</strong> أنوار مدمجة لرؤية باللون حتى في الظلام.</li>
    <li><strong>الاتصال اللاسلكي Wi-Fi 6:</strong> اتصال سريع ومستقر بدون كابلات الشبكة.</li>
    <li><strong>الاستشعار الذكي AI:</strong> تمييز الأشخاص والسيارات والحيوانات.</li>
    <li><strong>صوت مزدوج:</strong> تواصل مع الزوار أو ردع الغزاة عبر التطبيق.</li>
</ul>
<table>
    <tr>
        <th>التفاصيل التقنية</th>
        <th>المواصفات</th>
    </tr>
    <tr>
        <td>التقسيم</td>
        <td>4K (8MP) dual-lens 180°</td>
    </tr>
    <tr>
        <td>الطاقة</td>
        <td>لوحة شمسية + بطارية مدمجة</td>
    </tr>
    <tr>
        <td>رؤية الليل</td>
        <td>(نورات) باللون + 10م IR</td>
    </tr>
    <tr>
        <td>الاستشعار الذكي AI</td>
        <td>شخص + سيارة + حيوان</td>
    </tr>
    <tr>
        <td>الاتصال</td>
        <td>Wi-Fi 6 (2.4/5 GHz)</td>
    </tr>
    <tr>
        <td>صوت مزدوج</td>
        <td>+ صوت إنذار</td>
    </tr>
    <tr>
        <td>التقييم المناخي</td>
        <td>IP65</td>
    </tr>
    <tr>
        <td>تخزين البيانات</td>
        <td>microSD + السحابة</td>
    </tr>
    <tr>
        <td>الحجم</td>
        <td>131 × 73 × 53 ملم (الكاميرا)</td>
    </tr>
</table>",ollama-qwen2.5:7b-bulk-full,2026-04-30T16:19:50+03:00,auto-generated,,,,,,,,,,,,,,,,,high,Reolink Argus 4 Pro solar,,,,,
158,simple,NG-SEC-001,,Reolink RLC-810A - 4K PoE AI Security Camera,1,0,visible,Outdoor 4K (8MP) security camera with PoE power over Ethernet. AI-powered person and vehicle detection. 30-meter night vision. Local storage on microSD or NVR.,"Cinematic-quality surveillance around the clock.\n\nThe **Reolink RLC-810A** delivers true 4K resolution at 8 megapixels with AI that distinguishes between people, vehicles, and general motion. No more false alerts from cats or trees.\n\n**Why This Product?**\n- **True 4K:** 3840×2160 pixels for clear details even with digital zoom.\n- **AI Detection:** Distinguishes people from vehicles, sends customized alerts for each type.\n- **PoE:** Single Ethernet cable for power and data, no separate power source needed.\n- **30m Night Vision:** Powerful IR LEDs for clear nighttime surveillance.\n- **IP66 Weatherproof:** Withstands rain, dust, and extreme heat.\n- **Flexible Storage:** microSD up to 256GB, NVR, or NAS server.\n\n**Technical Specifications:**\n| Resolution | 4K (3840×2160) 8MP |\n|---|---|\n| Lens | 4mm (87° angle) |\n| Night Vision | IR up to 30 meters |\n| AI Detection | Person + Vehicle |\n| Power | PoE (802.3af) / DC 12V |\n| Weather Rating | IP66 |\n| Storage | microSD (up to 256GB) / NVR / FTP |\n| Protocols | ONVIF, RTSP, RTMP |\n| Dimensions | 183 × 72 × 70 mm |\n| Weight | 550 g |",,,taxable,,1,,,0,0,0.8,22,18,12,1,,0,549,Security & Surveillance | أمن ومراقبة,"4K, camera, PoE, security, أمن ومراقبة, تغذية عبر الشبكة, دقة 4K, كاميرا",,https://neogen.store/wp-content/uploads/NG-SEC-001.jpg,,,,,,,,,0,,,,,كاميرا أمان ذكية متصلة بالطاقة عبر الشبكة Reolink RLC-810A - 4K,,"<p>-surveillance لا تعرف حدودها مع كاميرا Reolink RLC-810A.</p>
<ul>
    <li><strong>لماذا هذا المنتج؟</strong></li>
    <ul>
        <li>True 4K: يوفر 3840×2160 بكسلًا للتفاصيل الواضحة حتى مع التكبير الرقمي.</li>
        <li>AI Detection: يميز بين الأشخاص والمركبات ويقوم بتوجيه إنذارات مخصصة لكل نوع.</li>
        <li>PoE: يستخدم كABEL واحد لتوصيل الطاقة والبيانات، دون الحاجة إلى مصدر طاقة منفصل.</li>
        <li>30m Night Vision: يوفر رؤية واضحة في الليل بفضل أضواء IR قوية。</li>
    </ul>
</ul>
<table>
    <tr>
        <th>المواصفات التقنية:</th>
    </tr>
    <tr>
        <td>الحلوالية</td>
        <td>4K (3840×2160) 8MP</td>
    </tr>
    <tr>
        <td>عدسة</td>
        <td>4mm (87° زاوية)</td>
    </tr>
    <tr>
        <td>رؤية الليل</td>
        <td>IR حتى 30 متر</td>
    </tr>
    <tr>
        <td>AI Detection</td>
        <td>شخص + مركبة</td>
    </tr>
    <tr>
        <td>الطاقة</td>
        <td>PoE (802.3af) / DC 12V</td>
    </tr>
    <tr>
        <td>التقييم المناخي</td>
        <td>IP66</td>
    </tr>
    <tr>
        <td>تخزين</td>
        <td>microSD (حتى 256GB) / NVR / FTP</td>
    </tr>
    <tr>
        <td>بروتوكولات</td>
        <td>ONVIF, RTSP, RTMP</td>
    </tr>
    <tr>
        <td>الحجم</td>
        <td>183 × 72 × 70 ملم</td>
    </tr>
    <tr>
        <td>وزن</td>
        <td>550 غم</td>
    </tr>
</table>",ollama-qwen2.5:7b-bulk-full,2026-04-30T16:19:27+03:00,ollama-qwen2.5:7b-bulk,,,,,,,,,,2026-04-30T16:57:05+03:00,,,,,,,high,Reolink RLC-810A 4K PoE,,,,,
159,simple,NG-DRN-008,,DJI Pocket 3 - Pocket-Sized Gimbal Camera with 1-Inch Sensor,1,0,visible,Pocket-sized handheld camera with 3-axis mechanical gimbal and 1-inch CMOS sensor. 4K/120fps recording with a rotatable 2-inch touchscreen. The world's smallest 1-inch sensor gimbal camera.,"A cinematic studio in your pocket.\n\nThe **DJI Pocket 3** combines a large 1-inch sensor with a 3-axis mechanical gimbal in a device the size of a marker. The result: limitless cinematic stabilized video wherever you go.\n\n**Why This Product?**\n- **1-Inch Sensor:** Stunning low-light performance with natural depth of field.\n- **3-Axis Gimbal:** True mechanical stabilization for silk-smooth footage.\n- **4K/120fps:** Cinematic slow-motion at the highest resolution.\n- **Rotatable 2"" Screen:** Rotates for vertical (social media) or horizontal shooting.\n- **Triple Microphone:** High-quality stereo audio with wind noise reduction.\n- **ActiveTrack 6.0:** Precision intelligent subject tracking.\n\n**Technical Specifications:**\n| Sensor | 1"" CMOS |\n|---|---|\n| Video | 4K/120fps, 4K HDR |\n| Photos | 40 MP |\n| Gimbal | 3-axis mechanical |\n| Display | 2"" OLED rotatable touchscreen |\n| Battery | 1300mAh (up to 166 minutes) |\n| Connectivity | Wi-Fi 6, Bluetooth 5.2 |\n| Storage | microSD up to 512GB |\n| Dimensions | 139.7 × 42.2 × 33.5 mm |\n| Weight | 179 g |",,,taxable,,1,,,0,0,0.6,22,16,10,1,,2999,3449,Drones & Robotics | درونز وروبوتات,"4K, drones, gimbal, درونز, دقة 4K, مثبت كاميرا",,https://neogen.store/wp-content/uploads/NG-DRN-008.jpg,,,,,,,,,0,,,,,دي جي آي Pocket 3 - Pocket-Sized Gimbal كاميرا with 1-Inch Sensor,,"<p>استوديو تصوير كاميرا صغيرة في جيبك.</p>
<ul>
    <li><strong>1-Inch Sensor:</strong> أداء ضوئي رائع في الظلام مع عمق حقل طبيعي.</li>
    <li><strong>3-Axis Gimbal:</strong> استقرار ميكانيكي حقيقي لصورة ناعمة كالحرير.</li>
    <li><strong>4K/120fps:</strong> تسجيل بطيء الحركة فيhighest resolution.</li>
    <li><strong>شاشة قابلة للدوران 2"":</strong> تحويل بين التصوير أفقيًا وعموديًا لتوافق وسائل التواصل الاجتماعي.</li>
    <li><strong>ثلاثة ميكروفونات:</strong> صوت عالي الجودة ثنائى القنوات مع تقليل الضوضاء الناجمة عن الرياح.</li>
    <li><strong>ActiveTrack 6.0:</strong> تتبع ذكي للكائنات بدقة.</li>
</ul>
<table>
    <tr>
        <th>المواصفات التقنية</th>
        <th>التفاصيل</th>
    </tr>
    <tr>
        <td>الكاميرا</td>
        <td>1"" CMOS</td>
    </tr>
    <tr>
        <td>فيديو</td>
        <td>4K/120fps, 4K HDR</td>
    </tr>
    <tr>
        <td>صور</td>
        <td>40 ميغابكسل</td>
    </tr>
    <tr>
        <td>الاستقرار</td>
        <td>3-محور ميكانيكي</td>
    </tr>
    <tr>
        <td>شاشة</td>
        <td>2"" OLED قابلة للدوران اللمسية</td>
    </tr>
    <tr>
        <td>بطارية</td>
        <td>1300mAh (长达166分钟)</td>
    </tr>
    <tr>
        <td>التوصيل</td>
        <td>Wi-Fi 6, Bluetooth 5.2</td>
    </tr>
    <tr>
        <td>تخزين</td>
        <td>microSD حتى 512GB</td>
    </tr>
    <tr>
        <td>الحجم</td>
        <td>139.7 × 42.2 × 33.5 ملم</td>
    </tr>
    <tr>
        <td>الوزن</td>
        <td>179 جرام</td>
    </tr>
</table>",ollama-qwen2.5:7b-bulk-full,2026-04-30T16:19:05+03:00,auto-generated,,,,,,,,,,,,,,,,,high,DJI Pocket 3 gimbal camera,,,,,
160,simple,NG-DRN-007,,"Roborock S8 MaxV Ultra - Smart Robot Vacuum with 10,000Pa Suction",1,0,visible,"Robot vacuum and mop with 10,000Pa suction power. Self-maintaining dock washes, dries, refills water, and empties dust automatically. AI camera obstacle avoidance. Home Assistant compatible.","Your home's cleanliness on autopilot.\n\nThe **Roborock S8 MaxV Ultra** is the most powerful and intelligent robot cleaner in the world. With 10,000Pa suction and a fully self-maintaining dock, all you need to do is sit back and relax.\n\n**Why This Product?**\n- **10,000Pa Suction:** Strongest in class, cleans deep carpets and hard floors.\n- **Fully Self-Maintaining Dock:** Hot water mop washing (60°C), drying, clean water refill, and dust emptying.\n- **Auto-Lifting Mop:** Raises 20mm when transitioning to carpet to prevent wetting.\n- **ReactiveAI 2.0 Camera:** Recognizes 73+ obstacle types (shoes, cables, toys) and avoids them.\n- **LiDAR + Camera:** Precise 3D mapping of your home.\n- **Smart Control:** Roborock app + Alexa, Google Home, and Home Assistant support.\n\n**Technical Specifications:**\n| Suction Power | 10,000 Pa |\n|---|---|\n| Battery | 5200mAh (up to 180 minutes) |\n| Navigation | LiDAR + ReactiveAI 2.0 Camera |\n| Mop | Dual rotating + 20mm auto-lift |\n| Dock | Hot wash + dry + water refill + dust empty |\n| Dustbin Capacity | 350ml (robot) + 2.5L (dock) |\n| Water Tank | 200ml (robot) + 4L (dock) |\n| Noise Level | 67 dB (balanced mode) |\n| Dimensions | 353 × 353 × 96.5 mm |\n| Weight | 4.65 kg (robot only) |",,,taxable,,1,,,0,0,12.0,50,45,50,1,,7699,8859,Smart Home & IoT | أتمتة المنزل الذكي,"robot vacuum, smart home, مكنسة روبوت, منزل ذكي",,https://neogen.store/wp-content/uploads/NG-DRN-007.jpg,,,,,,,,,0,,,,,"روبوروك S8 MaxV Ultra - Smart روبوت تنظيف with 10,000Pa Suction",,"<p>روبوت تنظيف المنزل الذكي Roborock S8 MaxV Ultra، قوة شفط تصل إلى 10,000Pa يضمن لك نظافة منزلك بأتمتة.</p>

<ul>
    <li><strong>قوة الشفط القوية:</strong> مع 10,000Pa، يقوم بتنظيف البلاطات والنباء العميق بكفاءة.</li>
    <li><strong>مرآب ذاتي الصيانة:</strong> يغسل المرآب بالماء الساخن (60°C)، ويجففه ويرفع مياه التنظيف، ويفرغ الغبار تلقائياً.</li>
    <li><strong>مروحة رافعة تلقائية:</strong> تقوم برفع نفسها 20مم عند التحول إلى الكنباء لتجنب الرطوبة.</li>
    <li><strong> ReactiveAI 2.0 كاميرا:</strong> تحترف اكتشاف أكثر من 73 نوعًا من العقبات وتتجنبها.</li>
    <li><strong>LiDAR + كاميرا:</strong> تقدم خرائط ثلاثية الأبعاد دقيقة لمنزلك.</li>
    <li><strong>تحكم ذكي:</strong> دعم تطبيق Roborock و Alexa و Google Home و Home Assistant.</li>
</ul>

<table>
    <tr>
        <th>مواصفات تقنية</th>
        <th>التفاصيل</th>
    </tr>
    <tr>
        <td>قوة الشفط</td>
        <td>10,000 Pa</td>
    </tr>
    <tr>
        <td>بطارية</td>
        <td>5200mAh (حد أقصى 180 دقيقة)</td>
    </tr>
    <tr>
        <td>نظام التنقل</td>
        <td>LiDAR + ReactiveAI 2.0 كاميرا</td>
    </tr>
    <tr>
        <td>مروحة</td>
        <td>مروحتان متداخلتان + رافعة تلقائية 20مم</td>
    </tr>
    <tr>
        <td>مرآب</td>
        <td>غسل ساخن + جفاف + ملء المياه + فراغ الغبار</td>
    </tr>
    <tr>
        <td>حجم حاوية الغبار</td>
        <td>350ml (الروبوت) + 2.5L (المرآب)</td>
    </tr>
    <tr>
        <td>حوض المياه</td>
        <td>200ml (الروبوت) + 4L (المرآب)</td>
    </tr>
    <tr>
        <td>مستوى الضجيج</td>
        <td>67 dB (وضع التوازن)</td>
    </tr>
    <tr>
        <td>الأبعاد</td>
        <td>353 × 353 × 96.5 مم</td>
    </tr>
    <tr>
        <td>الوزن</td>
        <td>4.65 كجم (الروبوت فقط)</td>
    </tr>
</table>",ollama-qwen2.5:7b-bulk-full,2026-04-30T16:18:42+03:00,auto-generated,,,,,,,,,,,,,,,,,high,Roborock S8 MaxV Ultra with dock,,,,,
161,simple,NG-DRN-006,,FIMI X8 Mini V2 - 4K Drone at 245g with Competitive Pricing,1,0,visible,Lightweight drone (245g) with 4K/30fps camera and 3-axis mechanical gimbal. 31-minute flight time and 9km range. Excellent budget alternative to DJI Mini.,"DJI quality at half the price? Very close!\n\nThe **FIMI X8 Mini V2** delivers impressive specs at a price below most competitors. At 245g (under the registration threshold) with a real mechanical gimbal, it captures stable 4K footage.\n\n**Why This Product?**\n- **245g:** Under the 249g threshold, no registration in most countries.\n- **3-Axis Mechanical Gimbal:** Real stabilization, not just electronic.\n- **4K/30fps:** High-resolution video with RAW photo support.\n- **31-Minute Flight:** Enough battery for a comfortable shooting session.\n- **9km Range:** Enhanced live video transmission.\n- **Competitive Price:** Excellent performance at significantly less than DJI Mini.\n\n**Technical Specifications:**\n| Weight | 245 g |\n|---|---|\n| Camera | 1/2.6"" CMOS, 12MP |\n| Video | 4K/30fps with 3-axis gimbal |\n| Flight Time | 31 minutes |\n| Range | 9 km |\n| Max Speed | 57.6 km/h |\n| Wind Resistance | Level 5 |\n| Storage | microSD up to 256GB |\n| Folded Dimensions | 145 × 85 × 56 mm |",,,taxable,,1,,,0,0,1.2,30,22,12,1,,0,2399,Drones & Robotics | درونز وروبوتات,"drone, drones, درونز, طائرة درون",,https://neogen.store/wp-content/uploads/NG-DRN-006.jpg,,,,,,,,,0,,,,,FIMI X8 Mini V2 - كاميرا 4K موزع بوزن 245 جرام مع أسعار تنافسية,,"<p>يقدم لك FIMI X8 Mini V2 مواصفات مذهلة بسعر تنافسي يقل عن أغلب المنافسين.</p>

    <strong>لماذا هذا المنتج؟</strong>
    <ul>
        <li><span>245g:</span> تحت الحد الأقصى البالغ 249g، لا تحتاج إلى التسجيل في معظم الدول.</li>
        <li><span>3-Axis Mechanical Gimbal:</span> استقرار حقيقي وليس إلكترونيًا فقط.</li>
        <li><span>4K/30fps:</span> مقطع فيديو عالي الدقة مع دعم الصور الأصلية.</li>
        <li><span>31 دقيقة:</span> بطارية كافية لجلسة تصوير راحة.</li>
        <li><span>9km:</span> إرسال فيديو حي محسّن.</li>
    </ul>

    <strong>المواصفات التقنية:</strong>
    <table border=""1"">
        <tr>
            <th>خصائص</th>
            <th>تفاصيل</th>
        </tr>
        <tr>
            <td>الوزن</td>
            <td>245 g</td>
        </tr>
        <tr>
            <td>الكاميرا</td>
            <td>1/2.6"" CMOS, 12MP</td>
        </tr>
        <tr>
            <td>المقطع الفيديو</td>
            <td>4K/30fps مع ميكانيكي ثلاثي المحاور</td>
        </tr>
        <tr>
            <td>وقت الطيران</td>
            <td>31 دقيقة</td>
        </tr>
        <tr>
            <td>المسافة</td>
            <td>9 km</td>
        </tr>
        <tr>
            <td>سرعة القصوى</td>
            <td>57.6 km/h</td>
        </tr>
        <tr>
            <td>مقاومة الرياح</td>
            <td>مستوى 5</td>
        </tr>
        <tr>
            <td>المخزن الداخلي</td>
            <td>microSD حتى 256GB</td>
        </tr>
        <tr>
            <td>الحجم المطى</td>
            <td>145 × 85 × 56 mm</td>
        </tr>
    </table>",ollama-qwen2.5:7b-bulk-full,2026-04-30T16:18:15+03:00,ollama-qwen2.5:7b-bulk,,,,,,,,,,2026-04-30T16:57:02+03:00,,,,,,,high,FIMI X8 Mini V2 4K drone,,,,,
162,simple,NG-DRN-005,,Insta360 X4 - 8K 360-Degree Camera,1,0,visible,360-degree camera with 8K/30fps and 5.7K/60fps recording. 2290mAh battery lasting 135 minutes. Waterproof to 10 meters. AI-powered auto-reframing for effortless editing.,"Capture everything, then choose the perfect angle later.\n\nThe **Insta360 X4** records full 360-degree video at stunning 8K resolution. The magic? After filming, you can reframe the shot and choose any angle as if you filmed with a traditional camera.\n\n**Why This Product?**\n- **8K/30fps at 360°:** Highest resolution available in a consumer 360 camera.\n- **AI Reframing:** Choose any angle after filming; the app converts 360° to flat video.\n- **Invisible Selfie Stick:** The stick disappears automatically from video, creating drone-like shots.\n- **10m Waterproof:** Water adventures without an external case.\n- **135-Minute Battery:** Longer than any competing 360 camera.\n- **Me Mode:** Intelligent tracking keeps you centered in frame.\n\n**Technical Specifications:**\n| 360° Resolution | 8K/30fps, 5.7K/60fps |\n|---|---|\n| Flat Resolution | 4K/60fps (reframed) |\n| Photos | 72 MP (360°) |\n| Waterproof | 10 meters |\n| Battery | 2290mAh (135 minutes) |\n| Stabilization | FlowState |\n| Connectivity | Wi-Fi 6, Bluetooth 5.2, USB-C |\n| Storage | microSD up to 1TB |\n| Dimensions | 46 × 123.6 × 37.6 mm |\n| Weight | 203 g |",,,taxable,,1,,,0,0,0.8,25,18,10,1,,0,3499,Drones & Robotics | درونز وروبوتات,"360 camera, drones, درونز, كاميرا 360",,https://neogen.store/wp-content/uploads/NG-DRN-005.jpg,,,,,,,,,0,,,,,إنستا 360 X4 - 8K 360-Degree كاميرا,,"<p>التقط كل شيء، ثم اختار الزاوية المثلى لاحقًا.</p>
<ul>
    <li><strong>لماذا هذا المنتج؟</strong></li>
    <li>8K/30fps في 360°: أعلى دقة متاحة في كاميرا 360 درجة للجمهور.</li>
    <li>الاسترجاع الذكي: اختر أي زاوية بعد التصوير؛ تحوّل التطبيق 360° إلى فيديو مسطح.</li>
    <li>شريط التقطير غير المرئي: يختفي الشريط تلقائيًا من الفيديو، مما يخلق مشاهدًا مثل الطائرات بدون طيار.</li>
    <li>10م ماء: استكشف المغامرات المائية دون حقيبة خاصة.</li>
    <li>بطارية 2290mAh (135 دقيقة): أطول من أي كاميرا 360 درجة تنافسية.</li>
    <li>وضعي Me: تتبع ذكي يحافظ على مركزك في الإطار.</li>
</ul>
<table>
    <tr>
        <th>الدقة في 360°</th>
        <td>8K/30fps، 5.7K/60fps</td>
    </tr>
    <tr>
        <th>الدقة المسطحة</th>
        <td>4K/60fps (المسترجعة)</td>
    </tr>
    <tr>
        <th>التقطيعات</th>
        <td>72 ميغابكسل (360°)</td>
    </tr>
    <tr>
        <th>الماء المقاوم</th>
        <td>10 أمتار</td>
    </tr>
    <tr>
        <th>بطارية</th>
        <td>2290mAh (135 دقيقة)</td>
    </tr>
    <tr>
        <th>التثبيت</th>
        <td>FlowState</td>
    </tr>
    <tr>
        <th>الاتصال</th>
        <td>Wi-Fi 6، Bluetooth 5.2، USB-C</td>
    </tr>
    <tr>
        <th>تخزين</th>
        <td>microSD حتى 1 تيرابكسل</td>
    </tr>
    <tr>
        <th>الحجم</th>
        <td>46 × 123.6 × 37.6 ملم</td>
    </tr>
    <tr>
        <th>الوزن</th>
        <td>203 غرام</td>
    </tr>
</table>",ollama-qwen2.5:7b-bulk-full,2026-04-30T16:17:51+03:00,auto-generated,,,,,,,,,,,,,,,,,high,Insta360 X4 360 camera,,,,,
163,simple,NG-DRN-004,,DJI RS 4 - 3-Axis Gimbal Stabilizer for Professional Cameras,1,0,visible,3-axis gimbal supporting cameras up to 3kg. 13.5-hour battery with fast charging. Bluetooth control and intelligent tracking. Perfect for filmmakers and content creators.,"Cinematic stabilization without limits.\n\nThe **DJI RS 4** delivers professional stabilization for DSLR and mirrorless cameras. With a 3kg payload and all-day battery life, it's the essential tool for every serious content creator.\n\n**Why This Product?**\n- **3kg Payload:** Supports cameras like Sony A7IV, Canon R6 II, with large lenses.\n- **13.5-Hour Battery:** A full day of shooting on a single charge.\n- **Fast Charging:** One hour for a full charge.\n- **Auto Axis Locks:** Magnetic quick-locks secure axes when not in use.\n- **OLED Touchscreen:** Easy control of camera and gimbal settings.\n- **Smart Modes:** Face tracking, motion timelapse, panorama, and more.\n\n**Technical Specifications:**\n| Axes | 3-axis (Pan, Tilt, Roll) |\n|---|---|\n| Max Payload | 3 kg |\n| Battery Life | 13.5 hours |\n| Fast Charging | 1 hour (0-100%) |\n| Display | 1.8"" OLED Touchscreen |\n| Connectivity | Bluetooth 5.0 |\n| Compatibility | Sony, Canon, Nikon, Panasonic, Fujifilm |\n| Weight | 1.52 kg (without camera) |\n| Dimensions | 277 × 260 × 72 mm |",,,taxable,,1,,,0,0,1.5,35,22,10,1,,0,3099,Drones & Robotics | درونز وروبوتات,"drones, gimbal, professional, احترافي, درونز, مثبت كاميرا",,https://neogen.store/wp-content/uploads/NG-DRN-004.jpg,,,,,,,,,0,,,,,دي جي آي RS 4 - 3-Axis Gimbal Stabilizer for Professional كاميراs,,"<p>استقرئ استقرارًا فائقًا مع DJI RS 4 - مستقيم ثلاثي المحاور للكاميرات المهنية.</p>
<ul>
    <li><strong>3kg Payload:</strong> يدعم كاميرات مثل Sony A7IV و Canon R6 II مع عدسات كبيرة.</li>
    <li><strong>13.5-Hour Battery:</strong> يوم كامل من التصوير على شحنة واحدة.</li>
    <li><strong>Fast Charging:</strong> ساعة واحدة لتوصيل الشحن الكامل.</li>
    <li><strong>Auto Axis Locks:</strong> مقابس مغناطيسية تثبيت سريعة لمحاورها عند عدم الاستخدام.</li>
    <li><strong>OLED Touchscreen:</strong> التحكم السهل في إعدادات الكاميرا والمستند.</li>
    <li><strong>Smart Modes:</strong> تتبع الوجه، موفين تيملابس، فانوساريا، وغيرها.</li>
</ul>
<table>
    <tr>
        <th>محاور</th>
        <td>ثلاثي المحاور (الدوران، التحليق، التحليق العرضي)</td>
    </tr>
    <tr>
        <th>حمولة أقصى</th>
        <td>3 كجم</td>
    </tr>
    <tr>
        <th>حياة البطارية</th>
        <td>13.5 ساعة</td>
    </tr>
    <tr>
        <th>شحن سريع</th>
        <td>ساعة واحدة (0-100%)</td>
    </tr>
    <tr>
        <th>شاشة</th>
        <td>1.8"" OLED Touchscreen</td>
    </tr>
    <tr>
        <th>التوصيل</th>
        <td>Bluetooth 5.0</td>
    </tr>
    <tr>
        <th>توافقية</th>
        <td>Sony، Canon، Nikon، Panasonic، Fujifilm</td>
    </tr>
    <tr>
        <th>الوزن</th>
        <td>1.52 كجم (بدون الكاميرا)</td>
    </tr>
    <tr>
        <th>الأبعاد</th>
        <td>277 × 260 × 72 ملم</td>
    </tr>
</table>",ollama-qwen2.5:7b-bulk-full,2026-04-30T16:17:28+03:00,auto-generated,,,,,,,,,,,,,,,,,high,DJI RS 4 gimbal,,,,,
164,simple,NG-DRN-003,,DJI Osmo Action 5 Pro - 4K/120fps Waterproof Action Camera,1,0,visible,Action camera with 1/1.3-inch sensor and 4K/120fps recording. Waterproof to 20m without a case. 4-hour battery life with RockSteady 3.0 stabilization. Direct GoPro Hero competitor.,"The camera that never stops, no matter the conditions.\n\nThe **DJI Osmo Action 5 Pro** is DJI's most powerful action camera yet. With a large 1/1.3-inch sensor and 4-hour battery, it outperforms competitors across every metric.\n\n**Why This Product?**\n- **4K/120fps:** Cinematic slow-motion at full 4K resolution.\n- **1/1.3-inch Sensor:** Stunning low-light performance.\n- **20m Waterproof:** Dive without an external housing.\n- **4-Hour Battery:** Longest battery life in its class.\n- **RockSteady 3.0 + HorizonSteady:** Superior stabilization keeps the horizon level even while spinning.\n- **Dual Screens:** Front screen for selfies, rear touchscreen for monitoring.\n\n**Technical Specifications:**\n| Sensor | 1/1.3"" CMOS |\n|---|---|\n| Video | 4K/120fps, 4K HDR |\n| Photos | 40 MP |\n| Waterproof | 20 meters (no case needed) |\n| Battery | 1950mAh (up to 4 hours) |\n| Stabilization | RockSteady 3.0 + HorizonSteady |\n| Display | Front 1.4"" + Rear 2.5"" touch |\n| Connectivity | Wi-Fi 6, Bluetooth 5.0 |\n| Dimensions | 70.5 × 44.2 × 32.8 mm |\n| Weight | 145 g |",,,taxable,,1,,,0,0,0.8,25,20,10,1,,0,2499,Drones & Robotics | درونز وروبوتات,"4K, action camera, drones, درونز, دقة 4K, كاميرا أكشن",,https://neogen.store/wp-content/uploads/NG-DRN-003.jpg,,,,,,,,,0,,,,,دي جي آي Osmo Action 5 Pro - 4K/120fps Waterproof كاميرا أكشن,,"<p>الكاميرا التي لا تتوقف، تحت أي ظروف.</p>
<ul>
    <li><strong>4K/120fps:</strong> تسجيل بطيء الحركة في جودة 4K الكاملة.</li>
    <li><strong>1/1.3"" سينسور:</strong> أداء ضوئي مدهش في الظلام الدامس.</li>
    <li><strong>20م متوازن:</strong> الغوص بدون حماية خارجية.</li>
    <li><strong>بطارية 4 ساعات:</strong> أطول بطارية في فئة المنتج.</li>
</ul>
<table>
    <tr>
        <th>الخاصية</th>
        <th>التفاصيل</th>
    </tr>
    <tr>
        <td>سينسور</td>
        <td>1/1.3"" CMOS</td>
    </tr>
    <tr>
        <td>فيديو</td>
        <td>4K/120fps، 4K HDR</td>
    </tr>
    <tr>
        <td>صور</td>
        <td>40 ميغابكسل</td>
    </tr>
    <tr>
        <td>متوازن</td>
        <td>20 متراً (لا تحتاج إلى حافظة)</td>
    </tr>
    <tr>
        <td>بطارية</td>
        <td>1950mAh (حد أقصى 4 ساعات)</td>
    </tr>
    <tr>
        <td>استقرار الصورة</td>
        <td>روكستيدي 3.0 + هوريزونستيدي</td>
    </tr>
    <tr>
        <td>شاشة</td>
        <td>جناح أمامي 1.4"" + خلفي 2.5"" ملمس</td>
    </tr>
    <tr>
        <td>التوصيل</td>
        <td>واي فاي 6، بلوتوث 5.0</td>
    </tr>
    <tr>
        <td>الحجم</td>
        <td>70.5 × 44.2 × 32.8 ملم</td>
    </tr>
    <tr>
        <td>الوزن</td>
        <td>145 جرام</td>
    </tr>
</table>",ollama-qwen2.5:7b-bulk-full,2026-04-30T16:17:07+03:00,auto-generated,,,,,,,,,,,,,,,,,high,DJI Osmo Action 5 Pro,,,,,
165,simple,NG-DRN-002,,DJI Avata 2 - Immersive FPV Drone with Goggles,1,0,visible,Immersive FPV drone with 4K/60fps camera and 1/1.7-inch sensor. Includes DJI Goggles 3 and motion controller. First-person flying experience like no other. Weighs 377g.,"Fly like a bird. See the world from a perspective you've never experienced.\n\nThe **DJI Avata 2** delivers an unmatched FPV (First Person View) flying experience. Put on the goggles, grab the motion controller, and fly freely while capturing cinematic footage.\n\n**Why This Product?**\n- **Goggles 3:** Micro-OLED 1080p display for fully immersive vision.\n- **Motion Control:** Move your hand and the drone follows naturally and intuitively.\n- **4K/60fps:** 1/1.7-inch sensor with EIS stabilization for smooth footage.\n- **Propeller Guards:** Built-in guards protect propellers from collisions.\n- **Turtle Mode:** Flipped over? Return to normal with a single button press.\n- **23-Minute Flight:** Enough for thrilling FPV sessions.\n\n**Technical Specifications:**\n| Weight | 377 g |\n|---|---|\n| Camera | 1/1.7"" CMOS, 12MP |\n| Video | 4K/60fps with EIS |\n| Field of View | FOV 155° |\n| Flight Time | 23 minutes |\n| Range | 13 km (O4+ video transmission) |\n| Max Speed | 108 km/h (Manual mode) |\n| Obstacle Avoidance | Front and downward |\n| Goggles | DJI Goggles 3 (Micro-OLED 1080p) |\n| Dimensions | 185 × 253 × 107 mm |",,,taxable,,1,,,0,0,3.5,40,32,22,1,,0,4099,Drones & Robotics | درونز وروبوتات,"drone, drones, درونز, طائرة درون",,https://neogen.store/wp-content/uploads/NG-DRN-002.jpg,,,,,,,,,0,,,,,دي جي آي Avata 2 - Immersive FPV درون with Goggles,,"<p>استمتع بتجربة الطيران الأولى من نوعها مع DJI Avata 2 - أول طائرة بدون طيار يرتد فيها القارئ قناعًا لرؤية مباشرة.</p>

<ul>
    <li><strong>قناع الرؤية المباشرة:</strong> عرض ميكرو-OLED 1080p للرؤية الكاملة والمعتمدة.</li>
    <li><strong>التحكم بالحركة:</strong> انتقل بيدك واستجب الطائرة بشكل طبيعي وسليم.</li>
    <li><strong>دقة الفيديو 4K/60fps:</strong> مستشعر 1/1.7 بوصة مع استقرار الصورة التلقائي للفيديو السلس.</li>
    <li><strong>حامي الدوار:</strong> حماية دورية للدوار من الاصطدامات.</li>
    <li><strong>وضع الغوريلا:</strong> ارجع الطائرة إلى وضعها الطبيعي بضغطة واحدة فقط.</li>
    <li><strong>وقت الطيران 23 دقيقة:</strong> كافية لجلسات FPV المثيرة.</li>
</ul>

<table>
    <tr>
        <th>مواصفات تقنية</th>
        <th>التفاصيل</th>
    </tr>
    <tr>
        <td>وزن</td>
        <td>377 غم</td>
    </tr>
    <tr>
        <td>كاميرا</td>
        <td>1/1.7 بوصة CMOS، 12 ميجابكسل</td>
    </tr>
    <tr>
        <td>فيديو</td>
        <td>4K/60fps مع استقرار الصورة التلقائي</td>
    </tr>
    <tr>
        <td>حقل الرؤية</td>
        <td>155°</td>
    </tr>
    <tr>
        <td>وقت الطيران</td>
        <td>23 دقيقة</td>
    </tr>
    <tr>
        <td>النطاق</td>
        <td>13 كم (O4+ نقل الفيديو)</td>
    </tr>
    <tr>
        <td>سرعة القصوى</td>
        <td>108 كم/ساعة (الوضع اليدوي)</td>
    </tr>
    <tr>
        <td>تجنب العقبات</td>
        <td>أمام وفوق</td>
    </tr>
    <tr>
        <td>قناع الرؤية المباشرة</td>
        <td>DJI Goggles 3 (ميكرو-OLED 1080p)</td>
    </tr>
    <tr>
        <td>الحجم</td>
        <td>185 × 253 × 107 ملم</td>
    </tr>
</table>",ollama-qwen2.5:7b-bulk-full,2026-04-30T16:16:45+03:00,auto-generated,,,,,,,,,,,,,,,,,high,DJI Avata 2 FPV with goggles,,,,,
166,simple,NG-DRN-001,,DJI Mini 4 Pro - Sub-249g Drone with 4K/60fps Camera,1,0,visible,Lightweight drone (under 249g) with 4K/60fps camera and 1/1.3-inch CMOS sensor. Omnidirectional obstacle avoidance in all directions. Up to 34 minutes flight time. No registration required in most countries.,"A cinematic flying camera that fits in your palm.\n\nThe **DJI Mini 4 Pro** proves that small size doesn't mean compromises. At under 249g (exempt from registration in most countries), it delivers 4K/60fps video with a large sensor and advanced obstacle avoidance that makes it safe for beginners and pros alike.\n\n**Why This Product?**\n- **Under 249g:** Exempt from flight registration in most countries (check local regulations).\n- **4K/60fps Camera:** 1/1.3-inch sensor with HDR and 4K slow-motion.\n- **Omnidirectional Obstacle Avoidance:** Sensors in all directions (front, rear, top, bottom, sides).\n- **34-Minute Flight:** Intelligent battery for a full shooting session.\n- **20km Video Transmission:** O4 technology for live HD video up to 20km.\n- **ActiveTrack 360°:** Intelligent subject tracking from any angle.\n\n**Technical Specifications:**\n| Weight | 249 g (sub-registration threshold) |\n|---|---|\n| Camera | 1/1.3"" CMOS, 48MP |\n| Video | 4K/60fps, 4K/100fps (slow-mo) |\n| Obstacle Avoidance | APAS 5.0 (omnidirectional) |\n| Flight Time | 34 minutes |\n| Range | 20 km (O4 video transmission) |\n| Max Speed | 57 km/h (Sport mode) |\n| Wind Resistance | Level 5 (29-38 km/h) |\n| Storage | microSD up to 512GB |\n| Folded Dimensions | 148 × 94 × 64 mm |",,,taxable,,1,,,0,0,1.2,30,22,12,1,,6099,7019,Drones & Robotics | درونز وروبوتات,"4K, drone, drones, درونز, دقة 4K, طائرة درون",,https://neogen.store/wp-content/uploads/NG-DRN-001.jpg,,,,,,,,,0,,,,,دي جي آي Mini 4 Pro - Sub-249g درون with 4K/60fps كاميرا,,"درونز DJI Mini 4 Pro


    <p>درونز تصويري يناسب حجم قبضة اليد.</p>

    <strong>لماذا هذا المنتج؟</strong>
    <ul style=""list-style-type: disc;"">
        <li><span>وزنه أقل من 249 جرام:</span> معفٍ من التسجيل في معظم الدول (تحقق من القوانين المحلية).</li>
        <li><span>كاميرا 4K/60fps:</span> مستشعر 1/1.3 بوصة مع HDR وتسجيل بطيء 4K.</li>
        <li><span>تجنب العقبات全方位多语言支持，包括但不限于以下语言：阿拉伯语、英语、法语、德语、西班牙语、中文（简体和繁体）、日语、韩语、俄语、葡萄牙语、意大利语、荷兰语、瑞典语、丹麦语、挪威语、芬兰语、希腊语、土耳其语、波兰语、罗马尼亚语、捷克语、斯洛伐克语、匈牙利语、 indicta 和其他语言。如果您有特定的语言需求，请告诉我，我会尽力提供帮助。对于您提供的文本，我已经翻译成了阿拉伯语，并保持了原文的技术术语和格式要求。</li>
        <li><span>34 دقيقة طيران:</span> بطارية ذكية لجلسة تصوير متكاملة.</li>
        <li><span>20 كم نقل فيديو:</span> تقنية O4 لنقل فيديو حي عالي الدقة حتى 20 كم.</li>
        <li><span>التعقب التلقائي 360 درجة:</span> تتبع ذكي للهدف من 각 زاوية.</li>
    </ul>

    <strong>المواصفات التقنية:</strong>
    <table border=""1"" style=""text-align: center;"">
        <tr>
            <th>الوزن</th>
            <td>249 جرام (عمر التسجيل السفلي)</td>
        </tr>
        <tr>
            <th>الكاميرا</th>
            <td>1/1.3 بوصة CMOS، 48MP</td>
        </tr>
        <tr>
            <th>فيديو</th>
            <td>4K/60fps، 4K/100fps (بطيء)</td>
        </tr>
        <tr>
            <th>تجنب العقبات</th>
            <td>APAS 5.0 ( omnidirectional)</td>
        </tr>
        <tr>
            <th>الوقت الطيران</th>
            <td>34 دقيقة</td>
        </tr>
        <tr>
            <th>المدى</th>
            <td>20 كم (نقل فيديو O4)</td>
        </tr>
        <tr>
            <th>سرعة القصوى</th>
            <td>57 كم/ساعة (وضع الرياضة)</td>
        </tr>
        <tr>
            <th>مقاومة الرياح</th>
            <td>مستوى 5 (29-38 كم/ساعة)</td>
        </tr>
        <tr>
            <th>تخزين</th>
            <td>microSD حتى 512GB</td>
        </tr>
        <tr>
            <th>الحجم عند然，我理解您希望保持技术术语和格式要求。以下是根据您的指示重新编写的HTML内容：

```html



    
    درونز DJI Mini 4 Pro


    <p>درونز تصويري يناسب حجم قبضة اليد.</p>

    <strong",ollama-qwen2.5:7b-bulk-full,2026-04-30T16:16:21+03:00,auto-generated,,,,,,,,,,,,,,,,,high,DJI Mini 4 Pro sub-249g drone,,,,,
167,simple,NG-CBL-008,,HDMI 2.1 8K Fiber Optic Cable (10m) - Zero Signal Loss,1,0,visible,"HDMI 2.1 fiber optic cable supporting 8K@60Hz and 4K@120Hz. 10-meter length with zero signal degradation. Supports eARC, VRR, and ALLM. Perfect for long-distance runs.","10 meters with zero signal loss? Fiber optics make the impossible possible.\n\nThe **HDMI 2.1 Fiber Optic** cable overcomes the biggest problem with copper HDMI cables: signal degradation over distance. Thanks to fiber optics, a full 8K signal arrives at 10 meters with the same quality as at one meter.\n\n**Why This Product?**\n- **10 Meters, Zero Loss:** Fiber optics transmit signal without degradation over long distances.\n- **8K@60Hz / 4K@120Hz:** Full HDMI 2.1 support with 48Gbps bandwidth.\n- **eARC:** Lossless audio passthrough (Dolby Atmos, DTS:X).\n- **VRR + ALLM:** Variable refresh rate and auto low-latency mode for gaming.\n- **Thin and Flexible:** Much thinner and lighter than copper HDMI cables.\n- **EMI Immune:** Fiber optics are unaffected by electromagnetic interference.\n\n**Technical Specifications:**\n| Standard | HDMI 2.1 (Fiber Optic) |\n|---|---|\n| Max Resolution | 8K@60Hz / 4K@120Hz |\n| Bandwidth | 48 Gbps |\n| Length | 10 meters |\n| eARC | Yes |\n| VRR / ALLM | Yes |\n| HDR | HDR10+ / Dolby Vision / HLG |\n| Diameter | 4.5 mm |\n| Weight | 120 g |",,,taxable,,1,,,0,0,0.5,25,20,5,1,,,359,Cables & Adapters | كابلات ومحولات,"cables, HDMI cable, كابل HDMI, كابلات",,https://neogen.store/wp-content/uploads/NG-CBL-008.jpg,,,,,,,,,0,,,,,كابل ألياف ضوئية HDMI 2.1 8K (10م) - بدون فقدان إشارة,,"<p>هذا الكابل الرقمي الألياف الضوئية HDMI 2.1 8K (10m) يوفر تجربة بصرية فائقة مع خسارة صوتية و visuals مثالية.</p>

<ul>
    <li><strong>10 أمتار، بدون خسارة:</strong> يضمن الألياف الضوئية نقل الإشارة دون أي خسارة على المسافات الطويلة.</li>
    <li><strong>دعم HDMI 2.1:</strong> يوفر دقة عرض تصل إلى 8K@60Hz و 4K@120Hz مع سرعة باند واسعة قدرها 48Gbps.</li>
    <li><strong>eARC:</strong> يتيح مرور الصوت بدون خسارة (Dolby Atmos, DTS:X).</li>
    <li><strong>VRR + ALLM:</strong> يدعم معدل ت生，请您将最后一句话翻译成中文，谢谢。",ollama-qwen2.5:7b-bulk-full,2026-04-30T16:15:48+03:00,ollama-qwen2.5:7b-bulk,,,,,,,,,,2026-04-30T16:56:58+03:00,,,,,,,high,HDMI 2.1 8K fiber 10m,,,,,
168,simple,NG-CBL-007,,DAC SFP+ 10G Direct Attach Cable (3m) - Direct Switch-to-Switch Connection,1,0,visible,"Direct Attach Copper (DAC) cable with dual SFP+ connectors for 10Gbps speed. 3-meter length. Cost-effective alternative to optical SFP+ modules. Compatible with Mikrotik, Ubiquiti, Cisco, and more.","Connect 10G network equipment at the lowest possible cost.\n\nThe **DAC SFP+ 10G** cable is the easiest and cheapest way to link 10 Gigabit switches together. Instead of buying optical SFP+ modules and fiber cables, one DAC cable does the job.\n\n**Why This Product?**\n- **Full 10Gbps:** 10 Gigabit speed over direct copper cable.\n- **Low Latency:** Minimal delay compared to optical modules (no electrical-optical conversion).\n- **Lower Power:** 50% less power consumption than optical SFP+ modules.\n- **Universal Compatibility:** Works with Mikrotik CSS610, Ubiquiti, Cisco, Mellanox, and more.\n- **Plug &amp; Play:** No configuration needed, connect and go.\n\n**Technical Specifications:**\n| Type | DAC (Direct Attach Copper) |\n|---|---|\n| Speed | 10 Gbps |\n| Connectors | SFP+ on both ends |\n| Length | 3 meters |\n| Wire | Twinax copper 30 AWG |\n| Power Consumption | ~0.5W |\n| Compatibility | Mikrotik, Ubiquiti, Cisco, FS, Mellanox |\n| Temperature | 0°C - 70°C |",,,taxable,,1,,,0,0,0.2,22,18,4,1,,0,229,Cables & Adapters | كابلات ومحولات,"10G, cables, networking, شبكات, عشرة قيقا, كابلات",,https://neogen.store/wp-content/uploads/NG-CBL-007.jpg,,,,,,,,,0,,,,,DAC SFP+ 10G Direct Attach كابل (3m) - Direct سويتش-to-سويتش Connection,,"<p>تربط أجهزة الشبكة بسرعة 10 غيجابت بأقل تكلفة.</p>
<ul>
    <li><strong>لماذا هذا المنتج؟</strong></li>
    <li>السرعة الكاملة لـ 10 جيجابايت في الكابل المعدني المباشر.</li>
    <li>حد الأدنى من التأخير مقارنة بالوحدات الضوئية (بدون تحويل كهربائي-ضوئي).</li>
    <li>استهلاك طاقة أقل بنسبة 50٪ مقارنة بالوحدات SFP+ الضوئية.</li>
    <li>توافق عام مع أجهزة Mikrotik CSS610، Ubiquiti، Cisco، Mellanox وغيرها.</li>
    <li>متصل وتشغيل مباشر: لا تحتاج إلى تكوين، اتصل واستخدم.</li>
</ul>
<table>
    <tr><th>نوع الكابل</th><td>DAC (Direct Attach Copper)</td></tr>
    <tr><th>سرعة الاتصال</th><td>10 Gbps</td></tr>
    <tr><th>الوصلات</th><td>SFP+ على كلا الجانبين</td></tr>
    <tr><th>الطول</th><td>3 أمتار</td></tr>
    <tr><th>الكابل</th><td>Twinax copper 30 AWG</td></tr>
    <tr><th>استهلاك الطاقة</th><td>حوالي 0.5 واط</td></tr>
    <tr><th>توافق</th><td>Mikrotik، Ubiquiti، Cisco، FS، Mellanox</td></tr>
    <tr><th>درجة الحرارة</th><td>0°C - 70°C</td></tr>
</table>",ollama-qwen2.5:7b-bulk-full,2026-04-30T16:15:38+03:00,auto-generated,,,,,,,,,,,,,,,,,high,SFP+ DAC 3m cable,,,,,
169,simple,NG-CBL-006,,Ugreen 5-in-1 USB-C Dock - HDMI 4K + Ethernet + USB 3.0,1,0,visible,"USB-C adapter with five ports: HDMI 4K@60Hz, Gigabit Ethernet, 2x USB-A 3.0, and USB-C PD 100W. Compact fanless design. Perfect for work and presentations.","Five essential ports in a thumb-sized device.\n\nThe **Ugreen 5-in-1** dock provides the most important missing ports from your modern laptop: HDMI display, wired network, USB ports, and pass-through charging. All in a pocket-friendly adapter.\n\n**Why This Product?**\n- **HDMI 4K@60Hz:** Full resolution at high refresh rate for smooth output.\n- **Gigabit Ethernet:** Stable wired connection at 1Gbps.\n- **Dual USB-A 3.0:** For peripherals and USB drives.\n- **100W PD Pass-Through:** Charge your laptop without power loss.\n- **Plug &amp; Play:** No drivers needed, works instantly on all platforms.\n\n**Technical Specifications:**\n| HDMI | 1x 4K@60Hz |\n|---|---|\n| Ethernet | 1x Gigabit (1000Mbps) |\n| USB-A | 2x USB 3.0 (5Gbps) |\n| USB-C PD | 1x Charging up to 100W |\n| Chassis | Aluminum |\n| Cable | 15cm integrated |\n| Weight | 55 g |\n| Compatibility | macOS, Windows, Linux, ChromeOS |",,,taxable,,1,,,0,0,0.3,20,15,5,1,,249,289,Cables & Adapters | كابلات ومحولات,"cables, USB hub, قاعدة توصيل USB, كابلات",,https://neogen.store/wp-content/uploads/NG-CBL-006.jpg,,,,,,,,,0,,,,,docking坞 端口 5-in-1 عبر USB-C - HDMI 4K + إثارة الشبكة العنكبوتية + USB 3.0,,"<p>جهاز Ugreen 5-in-1 USB-C Dock يجمع خمسة منافذ ضرورية في جهاز صغير حجم أظافر الإصبع.</p>

<ul>
    <li><strong>لماذا هذا المنتج؟</strong></li>
    <ul>
        <li>HDMI 4K@60Hz: عرض كامل بسرعة ت鲜度高达60赫兹，确保流畅输出。</li>
        <li>Gigabit Ethernet: 稳定的有线连接速度达1Gbps。</li>
        <li>Dual USB-A 3.0: 支持外设和USB闪存盘的双USB 3.0端口。</li>
        <li>100W PD Pass-Through: 充电您的笔记本电脑而不损失功率。</li>
        <li>Plug &amp; Play: 不需要驱动程序，可在所有平台上立即使用。</li>
    </ul>
</ul>

<table>
    <tr>
        <th>هوية الجهاز</th>
        <td>Ugreen 5-in-1 USB-C Dock</td>
    </tr>
    <tr>
        <th>HDMI</th>
        <td>1x 4K@60Hz</td>
    </tr>
    <tr>
        <th>Ethernet</th>
        <td>1x Gigabit (1000Mbps)</td>
    </tr>
    <tr>
        <th>USB-A</th>
        <td>2x USB 3.0 (5Gbps)</td>
    </tr>
    <tr>
        <th>USB-C PD</th>
        <td>1x Charging up to 100W</td>
    </tr>
    <tr>
        <th>هيكل الجهاز</th>
        <td>الألمنيوم</td>
    </tr>
    <tr>
        <th>سلك</th>
        <td>15 سم مدمج</td>
    </tr>
    <tr>
        <th>وزن</th>
        <td>55 جم</td>
    </tr>
    <tr>
        <th>توافق</th>
        <td>macOS, Windows, Linux, ChromeOS</td>
    </tr>
</table>",ollama-qwen2.5:7b-bulk-full,2026-04-30T16:15:21+03:00,ollama-qwen2.5:7b-bulk,,,,,,,,,,2026-04-30T16:56:56+03:00,,,,,,,high,Ugreen 5-in-1 USB-C dock,,,,,
170,simple,NG-CBL-005,,Baseus USB-C 100W Charging Cable (2m) - Fast Charge for Laptops and Phones,1,0,visible,USB-C to USB-C cable with 100W charging and 480Mbps data transfer. 2-meter nylon braided design. Supports PD 3.0 and QC 4.0 for ultra-fast charging.,"One cable charges everything from your laptop to your phone.\n\nThe **Baseus 100W USB-C** cable is built for the fast-charging era. At 100W, it charges a MacBook Pro 13"" from 0% to 50% in about 30 minutes. With durable nylon braiding, it'll last years of daily use.\n\n**Why This Product?**\n- **100W PD 3.0:** Charges laptops, tablets, and phones at maximum speed.\n- **Nylon Braided:** Bend-resistant and durable, withstands 20,000+ bends.\n- **LED Indicator:** Small light shows charging status.\n- **Reinforced Connectors:** Stress relief near connectors prevents fraying.\n- **Ideal Length:** 2 meters gives you plenty of reach.\n\n**Technical Specifications:**\n| Type | USB-C to USB-C |\n|---|---|\n| Charging Power | 100W (20V/5A) PD 3.0 |\n| Data Transfer | 480 Mbps (USB 2.0) |\n| Length | 2 meters |\n| Jacket | Nylon braided |\n| Indicator | Built-in LED |\n| Certifications | PD 3.0, QC 4.0, FCP, SCP |\n| Weight | 48 g |",,,taxable,,1,,,0,0,0.2,18,12,4,1,,,109,Cables & Adapters | كابلات ومحولات,"cables, charger, USB-C cable, شاحن, كابل USB-C, كابلات",,https://neogen.store/wp-content/uploads/NG-CBL-005.jpg,,,,,,,,,0,,,,,كابل الشحن USB-C 100W (2م) - شحن سريع للكمبيوترات المحمولة والأجهزة المحمولة,,"<p>تجمع سلك الشحن USB-C 100W من Baseus كل ما تحتاجه لشحن جهازك بسرعة.</p>

<ul>
    <li><strong>لماذا هذا المنتج؟</strong></li>
    <li>يوفر تيار شحن قوي يصل إلى 100W، مما يسمح بشحن سريعة لأجهزة الكمبيوتر المحمولة والهواتف الذكية.</li>
    <li>مع خيوط نايلون متينة، يتمتع بالمتانة ويتحمل أكثر من 20,000 محاولة ت彡曲</li>
    <li>يحتوي على مؤشر ضوئي يوضح حالة الشحن بسهولة.</li>
    <li>تقوية الموصات تقلل من التلف عند الضغط عليها، مما يضمن استقرار الاتصال.</li>
    <li>طول السلك الأمثل 2 متر يوفر لك مساحة كافية للحركة.</li>
</ul>

<table>
    <tr>
        <th>النوع</th>
        <td>USB-C إلى USB-C</td>
    </tr>
    <tr>
        <th>قوة الشحن</th>
        <td>100W (20V/5A) PD 3.0</td>
    </tr>
    <tr>
        <th>نقل البيانات</th>
        <td>480 Mbps (USB 2.0)</td>
    </tr>
    <tr>
        <th>الطول</th>
        <td>2 متر</td>
    </tr>
    <tr>
        <th>غلاف السلك</th>
        <td>خيوط نايلون متينة</td>
    </tr>
    <tr>
        <th>مؤشر الحالة</th>
        <td>مؤشر ضوئي مدمج</td>
    </tr>
    <tr>
        <th>الشهادات</th>
        <td>PD 3.0، QC 4.0، FCP، SCP</td>
    </tr>
    <tr>
        <th>وزن</th>
        <td>48 جرام</td>
    </tr>
</table>",ollama-qwen2.5:7b-bulk-full,2026-04-30T16:15:01+03:00,ollama-qwen2.5:7b-bulk,,,,,,,,,,2026-04-30T16:56:50+03:00,,,,,,,high,Baseus 100W USB-C cable 2m,,,,,
171,simple,NG-CBL-004,,Ugreen Cat 8 Ethernet Cable (5m) - 40Gbps Network Cable,1,0,visible,Cat 8 Ethernet cable with 40Gbps speed and 2000MHz bandwidth. Gold-plated RJ45 connectors with dual S/FTP shielding. 5-meter length. Perfect for 10G home and office networks.,"Your local network deserves speeds that match your devices.\n\nThe **Ugreen Cat 8** cable delivers maximum speed for your wired network. With 40Gbps support and dual shielding against interference, it ensures stable, fast connectivity for NAS devices, servers, and gaming rigs.\n\n**Why This Product?**\n- **40Gbps / 2000MHz:** Supports 10GbE, 25GbE, and 40GbE networks.\n- **S/FTP Shielding:** Dual protection (foil + braid) prevents electromagnetic interference.\n- **Gold-Plated RJ45:** Stable, corrosion-resistant connections.\n- **Flat Design:** Easy to route under carpets and along walls.\n- **Backward Compatible:** Works with Cat 7/6a/6/5e without issues.\n\n**Technical Specifications:**\n| Category | Cat 8 (S/FTP) |\n|---|---|\n| Speed | 40 Gbps |\n| Bandwidth | 2000 MHz |\n| Length | 5 meters |\n| Connectors | Gold-plated RJ45 |\n| Shielding | Dual S/FTP |\n| Wire | 26 AWG pure copper |\n| Design | Flat cable |",,,taxable,,1,,,0,0,0.25,20,15,4,1,,,149,Cables & Adapters | كابلات ومحولات,"cables, ethernet cable, كابل شبكة, كابلات",,https://neogen.store/wp-content/uploads/NG-CBL-004.jpg,,,,,,,,,0,,,,,Ugreen Cat 8 Ethernet كابل (5m) - 40Gbps Network كابل,,"<p>تستحق شبكة منزلك سرعات تتناسب مع أجهزتك.</p>
<ul>
    <li><strong>40Gbps / 2000MHz:</strong> يدعم شبكات 10GbE، 25GbE و 40GbE.</li>
    <li><strong>S/FTP Shielding:</strong> حماية مزدوجة (箔 + 编织) تمنع التداخل الكهرومغناطيسي.</li>
    <li><strong>RJ45 Gold-Plated:</strong> اتصالات مستقرة ومقاومة للتآكل.</li>
    <li><strong>تصميم مسطح:</strong> سهل الاستدارة تحت البساط والجدران.</li>
    <li><strong>patible Backward:</strong> يعمل مع Cat 7/6a/6/5e دون مشاكل.</li>
</ul>
<table>
    <tr>
        <th>التصنيف</th>
        <td>Cat 8 (S/FTP)</td>
    </tr>
    <tr>
        <th>السرعة</th>
        <td>40 Gbps</td>
    </tr>
    <tr>
        <th>تردد</th>
        <td>2000 MHz</td>
    </tr>
    <tr>
        <th>الطول</th>
        <td>5 أمتار</td>
    </tr>
    <tr>
        <th>الموصوفات</th>
        <td>RJ45 Gold-Plated</td>
    </tr>
    <tr>
        <th>الحماية</th>
        <td>Dual S/FTP</td>
    </tr>
    <tr>
        <th>الكابل</th>
        <td>26 AWG نحاس طهري</td>
    </tr>
    <tr>
        <th>التصميم</th>
        <td>كابل مسطح</td>
    </tr>
</table>",ollama-qwen2.5:7b-bulk-full,2026-04-30T16:14:42+03:00,auto-generated,,,,,,,,,,,,,,,,,high,Ugreen Cat 8 ethernet 5m,,,,,
172,simple,NG-CBL-003,,Cable Matters Thunderbolt 4 Cable (2m) - 40Gbps with 100W Charging,1,0,visible,Intel-certified Thunderbolt 4 cable with 40Gbps speed and 100W PD charging. Supports dual 4K or single 8K display. Compatible with USB4 and Thunderbolt 3. 2-meter length.,"One cable carries everything: data, video, and power.\n\nThe **Cable Matters Thunderbolt 4** cable is the most versatile and capable cable on the market. With 40Gbps speed, 100W charging, and dual display support, it's the only cable you need.\n\n**Why This Product?**\n- **40Gbps:** Blazing data transfer for docking stations and external storage.\n- **100W PD Charging:** Charges your laptop at full speed through the same cable.\n- **Dual 4K or Single 8K:** Multi-display video support via Daisy Chain.\n- **Intel Certified:** Official Thunderbolt 4 certification for maximum compatibility.\n- **USB4 Compatible:** Works with any USB-C/USB4/TB3/TB4 device.\n\n**Technical Specifications:**\n| Standard | Thunderbolt 4 / USB4 |\n|---|---|\n| Speed | 40 Gbps |\n| PD Charging | Up to 100W |\n| Video | 2x 4K@60Hz or 1x 8K@30Hz |\n| Length | 2 meters |\n| Connectors | USB-C (nickel-plated) |\n| Certification | Intel Thunderbolt 4 |\n| Jacket | Flexible PVC |",,,taxable,,1,,,0,0,0.25,20,15,4,1,,,419,Cables & Adapters | كابلات ومحولات,"cables, charger, USB-C cable, شاحن, كابل USB-C, كابلات",,https://neogen.store/wp-content/uploads/NG-CBL-003.jpg,,,,,,,,,0,,,,,كيبل ماترز Thunderbolt 4 كابل (2m) - 40Gbps with 100W Charging,,"<p>تجمع كابل <span>Cable Matters Thunderbolt 4</span> كل الوظائف في كابل واحد: نقل البيانات، البث الفيديو، وشحن الطاقة.</p>

<ul>
    <li><strong>40Gbps:</strong>&nbsp;نقل بيانات سريع لاستوديوهات التوصيل الخارجية والتخزين الخارجي.</li>
    <li><strong>100W PD شحن:</strong>&nbsp;شحن جهاز الكمبيوتر المحمول بسرعة كاملة عبر نفس الكابل.</li>
    <li><strong>دual 4K أو Single 8K:</strong>&nbsp;دعم البث الفيديو متعدد الشاشات عن طريق سلسلة الزهور.</li>
    <li><strong>Certified Intel Thunderbolt 4:</strong>&nbsp;التصنيف الرسمي لـ Thunderbolt 4 للتوافق الأقصى.</li>
    <li><strong>USB4 متوافق:</strong>&nbsp;يعمل مع أي جهاز USB-C/USB4/TB3/TB4.</li>
</ul>

<table>
    <tr>
        <th>المواصفات التقنية</th>
        <th>التفاصيل</th>
    </tr>
    <tr>
        <td>المعيار</td>
        <td>Thunderbolt 4 / USB4</td>
    </tr>
    <tr>
        <td>سرعة</td>
        <td>40 Gbps</td>
    </tr>
    <tr>
        <td>شحن PD</td>
        <td>100W</td>
    </tr>
    <tr>
        <td>الفيديو</td>
        <td>2x 4K@60Hz أو 1x 8K@30Hz</td>
    </tr>
    <tr>
        <td>الطول</td>
        <td>2 متر</td>
    </tr>
    <tr>
        <td>المتصدّعات</td>
        <td>(nickel-plated) USB-C</td>
    </tr>
    <tr>
        <td>التصنيف</td>
        <td>Certified Intel Thunderbolt 4</td>
    </tr>
    <tr>
        <td>غلاف الكابل</td>
        <td>PVC مرنة</td>
    </tr>
</table>",ollama-qwen2.5:7b-bulk-full,2026-04-30T16:14:21+03:00,auto-generated,,,,,,,,,,,,,,,,,high,Cable Matters Thunderbolt 4 2m,,,,,
173,simple,NG-CBL-002,,Anker USB-C Hub 7-in-1 - Multi-Port Adapter for Laptops,1,0,visible,"7-in-1 USB-C hub: HDMI 4K, 2x USB-A 3.0, USB-C PD 100W, SD/microSD, and USB-C data. Sleek aluminum design. The perfect laptop companion.","One USB-C port on your laptop? Turn it into seven.\n\nThe **Anker 7-in-1 USB-C Hub** brings back all the ports you've been missing on modern laptops. From HDMI to SD Card to USB-A, everything in one sleek palm-sized device.\n\n**Why This Product?**\n- **HDMI 4K@30Hz:** Mirror or extend to an external display or projector at 4K.\n- **100W PD Pass-Through:** Charge your laptop through the hub with minimal loss.\n- **Dual USB-A 3.0:** For USB drives, mouse, keyboard, and peripherals.\n- **Dual Card Reader:** SD and microSD slots for instant camera photo transfer.\n- **Aluminum Build:** Effective passive cooling with a professional look.\n\n**Technical Specifications:**\n| HDMI | 1x HDMI 4K@30Hz |\n|---|---|\n| USB-A | 2x USB 3.0 (5Gbps) |\n| USB-C PD | 1x Charging up to 100W |\n| USB-C Data | 1x Data (5Gbps) |\n| Card Reader | SD + microSD (UHS-I) |\n| Chassis | Aluminum |\n| Cable | 18cm integrated |\n| Weight | 63 g |",,,taxable,,1,,,0,0,0.2,18,12,4,1,,,349,Cables & Adapters | كابلات ومحولات,"cables, USB hub, قاعدة توصيل USB, كابلات",,https://neogen.store/wp-content/uploads/NG-CBL-002.jpg,,,,,,,,,0,,,,,انكر USB-C Hub 7-in-1 - Multi-Port محول for Laptops,,"<p>احول منفذ USB-C واحد على لاب توبك إلى سبع نقاط اتصال.</p>

<ul>
    <li><strong>لماذا هذا المنتج؟</strong></li>
    <li>HDMI 4K@30Hz: يمكّنك من عرض الصورة بجودة 4K على شاشة خارجية أو معدات العرض.</li>
    <li>100W PD Pass-Through: تشحن لاب توبك عبر المنفذ USB-C مع خسارة طاقة ضئيلة.</li>
    <li>Dual USB-A 3.0: مناسب للراوترات USB، الماوس، لوحة المفاتيح والجهاز الخارجي.</li>
    <li>Dual Card Reader: يتيح لك إدخال بطاقات SD وmicroSD مباشرة.</li>
</ul>

<table>
    <tr>
        <th>المواصفات التقنية:</th>
    </tr>
    <tr>
        <td>HDMI</td>
        <td>1x HDMI 4K@30Hz</td>
    </tr>
    <tr>
        <td>USB-A</td>
        <td>2x USB 3.0 (5Gbps)</td>
    </tr>
    <tr>
        <td>USB-C PD</td>
        <td>1x Charging up to 100W</td>
    </tr>
    <tr>
        <td>USB-C Data</td>
        <td>1x Data (5Gbps)</td>
    </tr>
    <tr>
        <td>Card Reader</td>
        <td>SD + microSD (UHS-I)</td>
    </tr>
    <tr>
        <td>الهيكل</td>
        <td>Aluminum</td>
    </tr>
    <tr>
        <td>الكابل</td>
        <td>18cm integrated</td>
    </tr>
    <tr>
        <td>وزن</td>
        <td>63 g</td>
    </tr>
</table>",ollama-qwen2.5:7b-bulk-full,2026-04-30T16:14:01+03:00,auto-generated,,,,,,,,,,,,,,,,,high,Anker USB-C Hub 7-in-1,,,,,
174,simple,NG-CBL-001,,Ugreen USB-C to HDMI 2.1 Cable (2m) - 8K@60Hz Output,1,0,visible,"USB-C to HDMI 2.1 cable supporting 8K@60Hz and 4K@120Hz. 2-meter length with gold-plated connectors. Compatible with MacBook, iPad Pro, and Samsung DeX devices.","Display your screen on the biggest stage at the highest resolution.\n\nThe **Ugreen USB-C to HDMI 2.1** cable connects your laptop or tablet to a display or projector at up to 8K resolution. No extra adapters, no lag, stunning picture quality.\n\n**Why This Product?**\n- **HDMI 2.1:** Supports 8K@60Hz and 4K@120Hz for a premium visual experience.\n- **48Gbps Bandwidth:** Enough for the highest resolution at the highest refresh rate.\n- **HDR10+:** Vivid colors and high contrast on compatible displays.\n- **Gold-Plated Connectors:** Corrosion-resistant with stable signal transmission.\n- **Nylon Braided:** Durable cable that withstands repeated bending.\n\n**Technical Specifications:**\n| Cable Type | USB-C to HDMI 2.1 |\n|---|---|\n| Length | 2 meters |\n| Max Resolution | 8K@60Hz / 4K@120Hz |\n| Bandwidth | 48 Gbps |\n| HDR | HDR10+ / Dolby Vision |\n| Connectors | Gold-plated |\n| Jacket | Nylon braided |\n| Compatibility | MacBook, iPad Pro, Galaxy S/Tab, Surface |",,,taxable,,1,,,0,0,0.3,22,18,4,1,,,219,Cables & Adapters | كابلات ومحولات,"cables, HDMI cable, USB-C cable, كابل HDMI, كابل USB-C, كابلات",,https://neogen.store/wp-content/uploads/NG-CBL-001.jpg,,,,,,,,,0,,,,,كابل Ugreen USB-C إلى HDMI 2.1 (2م) - إخراج بجودة 8K@60Гц,,"<p>تُظهر شاشتك على أضخم الخشبات بجودة تفاصيل عالية.</p>
<ul>
    <li><strong>لماذا هذا المنتج؟</strong></li>
    <li>دعم الـ HDMI 2.1 لعرض 8K@60Hz و4K@120Hz للتجربة البصرية الفاخرة.</li>
    <li>السرعة القصوى للبيانات 48Gbps لجودة الصورة العالية في أعلى معدل تحديث.</li>
    <li>دعم HDR10+ لتباين الألوان العالي والتفاصيل الدقيقة.</li>
    <li>توصيلات ذهبية مقاومة للتآكل مع نقل إشارة مستقر.</li>
    <li>حبل مزود بخيوط نylon مقاوم للتمدد لاستخدام متكرر.</li>
</ul>
<table>
    <tr>
        <th>نوع الحبل</th>
        <td>USB-C to HDMI 2.1</td>
    </tr>
    <tr>
        <th>الطول</th>
        <td>2 متر</td>
    </tr>
    <tr>
        <th>أقصى درجة تفاصيل</th>
        <td>8K@60Hz / 4K@120Hz</td>
    </tr>
    <tr>
        <th>سرعة البيانات</th>
        <td>48 Gbps</td>
    </tr>
    <tr>
        <th>HDR</th>
        <td>HDR10+ / Dolby Vision</td>
    </tr>
    <tr>
        <th>توصيلات</th>
        <td>ذهبية</td>
    </tr>
    <tr>
        <th>غلاف الحبل</th>
        <td>Nylon braided</td>
    </tr>
    <tr>
        <th>التوافق</th>
        <td>MacBook, iPad Pro, Galaxy S/Tab, Surface</td>
    </tr>
</table>",ollama-qwen2.5:7b-bulk-full,2026-04-30T16:13:42+03:00,ollama-qwen2.5:7b-bulk,,,,,,,,,,2026-04-30T16:56:47+03:00,,,,,,,high,Ugreen USB-C to HDMI 2.1 2m,,,,,
175,simple,NG-3DP-008,,Phrozen Sonic Mini 8K S - 22-Micron Pixel Resin 3D Printer,1,0,visible,"Compact resin printer with 7,500×3,240 pixel (8K) resolution and 7.1-inch mono LCD. 22-micron pixel size for exceptional detail. Ideal for high-detail miniatures and jewelry.","Small footprint, limitless precision.\n\nThe **Phrozen Sonic Mini 8K S** is designed for those who demand the highest possible detail from a compact resin printer. With 22-micron pixels and a fast mono screen, it produces details virtually indistinguishable from cast products.\n\n**Why This Product?**\n- **8K Resolution:** 7,500×3,240 screen for ultra-smooth surface details.\n- **22-Micron Pixels:** Among the smallest pixel sizes in consumer resin printers.\n- **Fast Mono Screen:** Long lifespan and high curing speed.\n- **Metal Build:** Solid aluminum frame with precision linear Z-axis rail.\n- **CHITUBOX Compatible:** Works with the most popular resin slicing software.\n\n**Technical Specifications:**\n| Print Technology | MSLA (Masked SLA) |\n|---|---|\n| Screen Resolution | 7,500 × 3,240 (8K) |\n| Build Volume | 165 × 72 × 180 mm |\n| XY Resolution | 22 microns |\n| Print Speed | Up to 80 mm/hour |\n| Light Source | UV LED (405nm) |\n| Connectivity | USB |\n| Dimensions | 250 × 250 × 440 mm |\n| Weight | 6.5 kg |",,,taxable,,1,,,0,0,12.0,50,40,50,1,,0,2899,3D Printing & CNC | طباعة ثلاثية الأبعاد,"3d printing, resin printer, طابعة ريزن, طباعة ثلاثية الأبعاد",,https://neogen.store/wp-content/uploads/NG-3DP-008.jpg,,,,,,,,,0,,,,,فروزن Sonic Mini 8K S - 22-Micron Pixel Resin طابعة ثلاثية الأبعاد,,"<p>صغير الحجم، غير محدود في الدقة.</p>
<ul>
    <li><strong>لماذا هذا المنتج؟</strong></li>
    <li>8K رésolution: شاشة عرض 7,500 × 3,240 لتفاصيل سطحية ultra-smooth.</li>
    <li>22-micron Pixels: من أصغر حجم البكسلات في طابعات الأنسجة الرقمية الاستهلاكية.</li>
    <li>شاشة سوداء سريعة: عمر طويل وسرعة تصلب عالية.</li>
    <li>بناء معدني: هيكل من الفولاذ المقاوم للصدأ مع مسار Z-linear دقيق.</li>
    <li> Compatible CHITUBOX: يعمل مع البرمجيات السحابية الأكثر شيوعًا لقطع الأنسجة.</li>
</ul>
<table>
    <tr><th>تقنية الطباعة</th><td>MSLA (Masked SLA)</td></tr>
    <tr><th>ละเอียดภาพหน้าจอ</th><td>7,500 × 3,240 (8K)</td></tr>
    <tr><th>حجم البناء</th><td>165 × 72 × 180 مم</td></tr>
    <tr><th>XY دقة</th><td>22 ميكرون</td></tr>
    <tr><th>سرعة الطباعة</th><td>حد أقصى 80 مم/ساعة</td></tr>
    <tr><th> источник الضوء</th><td>UV LED (405nm)</td></tr>
    <tr><th>الاتصال</th><td>USB</td></tr>
    <tr><th>الأبعاد</th><td>250 × 250 × 440 مم</td></tr>
    <tr><th>الوزن</th><td>6.5 كجم</td></tr>
</table>",ollama-qwen2.5:7b-bulk-full,2026-04-30T16:13:24+03:00,auto-generated,,,,,,,,,,,,,,,,,high,Phrozen Sonic Mini 8K S,,,,,
176,simple,NG-3DP-007,,Creality Sonic Pad - Klipper Tablet to Supercharge Your 3D Printer,1,0,visible,7-inch touchscreen controller running Klipper firmware. Multiplies your existing printer's speed up to 5x while improving print quality. Compatible with 80+ Creality printers.,"Don't buy a new printer... supercharge the one you have!\n\nThe **Creality Sonic Pad** transforms your old printer into an ultra-fast printing machine using advanced Klipper firmware. Instead of spending thousands on a new printer, invest in the Sonic Pad and get up to five times the speed.\n\n**Why This Product?**\n- **Klipper Firmware:** Offloads calculations from the slow control board to a powerful quad-core processor.\n- **5x Speed Boost:** Input Shaper eliminates vibrations at high speeds for excellent quality.\n- **7-inch Touchscreen:** Easy, intuitive interface for full print control.\n- **Camera (Optional):** Monitor prints remotely via the Creality Cloud app.\n- **Easy Setup:** Auto-detection wizard finds your printer and configures settings.\n\n**Technical Specifications:**\n| Processor | Allwinner T800 Quad-Core |\n|---|---|\n| RAM | 2GB DDR4 |\n| Storage | 8GB eMMC |\n| Display | 7"" IPS (1024×600) Touchscreen |\n| OS | Klipper (Creality custom) |\n| Connectivity | Wi-Fi, Ethernet, USB |\n| ADXL345 | Built-in accelerometer for Input Shaper |\n| Compatibility | 80+ Creality printers |\n| Dimensions | 210 × 145 × 16 mm |\n| Weight | 480 g |",,,taxable,,1,,,0,0,1.5,30,22,8,1,,0,1049,3D Printing & CNC | طباعة ثلاثية الأبعاد,"3d printing, طباعة ثلاثية الأبعاد",,https://neogen.store/wp-content/uploads/NG-3DP-007.jpg,,,,,,,,,0,,,,,كريالتي Sonic Pad - Klipper Tablet to Supercharge Your طابعة ثلاثية الأبعاد,,"<p>تُحول كرياليتي سونيك باد طابعتك القديمة إلى آلة طباعة فائقة السرعة باستخدام برنامج كليكر.</p>

    <strong>لماذا هذا المنتج؟</strong>
    <ul>
        <li><span>كليكر فورموير:</span> يُقلل من العمليات الحسابية على لوحة التحكم البطيئة إلى معالج قوي رباعي النواة.</li>
        <li><span>زيادة سرعة 5 أضعاف:</span> يُزيل شكل الشكل الاهتزازات عند السرعات العالية لجودة ممتازة.</li>
        <li><span>شاشة اللمس 7 بوصة:</span> واجهة سهلة ومباشرة للتحكم الكامل في الطباعة.</li>
        <li><span>(اختياري): كاميرا:</span> تتبع الطباعة عن بعد عبر تطبيق كرياليتي كلاود.</li>
        <li><span>تثبيت سهل:</span> مساعد اكتشاف التلقائي يجد طابعتك ويقوم بضبط الإعدادات.</li>
    </ul>

    <strong>المواصفات التقنية:</strong>
    <table border=""1"">
        <tr>
            <th>المعالج</th>
            <td>Allwinner T800 Quad-Core</td>
        </tr>
        <tr>
            <th>ذاكرة الوصول العشوائي (RAM)</th>
            <td>2GB DDR4</td>
        </tr>
        <tr>
            <th>التخزين</th>
            <td>8GB eMMC</td>
        </tr>
        <tr>
            <th>شاشة</th>
            <td>7"" IPS (1024×600) Touchscreen</td>
        </tr>
        <tr>
            <th>نظام التشغيل</th>
            <td>Klipper (كرياليتي مخصص)</td>
        </tr>
        <tr>
            <th>التوصيل</th>
            <td>Wi-Fi, Ethernet, USB</td>
        </tr>
        <tr>
            <th>ADXL345</th>
            <td>مُدمج للإكسليرومتر لشكل الشكل</td>
        </tr>
        <tr>
            <th>التوافق</th>
            <td>80+ طابعة كرياليتي</td>
        </tr>
        <tr>
            <th>الأبعاد</th>
            <td>210 × 145 × 16 ملم</td>
        </tr>
        <tr>
            <th>الوزن</th>
            <td>480 غم</td>
        </tr>
    </table>",ollama-qwen2.5:7b-bulk-full,2026-04-30T16:13:06+03:00,auto-generated,,,,,,,,,,,,,,,,,high,Creality Sonic Pad,,,,,
177,simple,NG-3DP-006,,BIQU H2 V2S Direct Drive Extruder - Lightweight Upgrade for Your 3D Printer,1,0,visible,Direct drive extruder weighing only 217g with 7:1 gear ratio. Supports temperatures up to 300°C and flexible materials like TPU. Perfect upgrade for Ender and CR-10 printers.,"Your old printer deserves a new heart.\n\nThe **BIQU H2 V2S** is one of the lightest and most powerful direct drive extruders on the market. At just 217g, it adds negligible weight to the printhead, meaning higher speeds and better quality.\n\n**Why This Product?**\n- **Ultra-Light:** Only 217g, suitable for high-speed printers without affecting print quality.\n- **7:1 Gear Ratio:** High pushing force for consistent, precise filament feeding.\n- **Up to 300°C:** Supports engineering materials like Nylon and PC plus flexible filaments.\n- **Easy Installation:** Compatible with most Creality printers and others with available mounting kits.\n- **Dual Gears:** Bi-directional drive prevents filament slipping.\n\n**Technical Specifications:**\n| Type | Direct Drive Extruder |\n|---|---|\n| Gear Ratio | 7:1 |\n| Max Temperature | 300°C |\n| Filament Diameter | 1.75 mm |\n| Weight | 217 g |\n| Voltage | 12V/24V |\n| Supported Materials | PLA, PETG, ABS, TPU, Nylon, PC |\n| Stepper Motor | Integrated 42 stepper |\n| Nozzle | MK8 compatible |",,,taxable,,1,,,0,0,0.8,25,18,10,1,,0,540,3D Printing & CNC | طباعة ثلاثية الأبعاد,"3d printing, طباعة ثلاثية الأبعاد",,https://neogen.store/wp-content/uploads/NG-3DP-006.jpg,,,,,,,,,0,,,,,BIQU H2 V2S Direct Drive Extruder - Lightweight Upgrade for Your طابعة ثلاثية الأبعاد,,"<p>تستحق طابعتك القديمة الحصول على قلب جديد.</p>

    <strong>لماذا هذا المنتج؟</strong>
    <ul style=""direction: rtl;"">
        <li>**مثالي للوزن الخفيف:** يزن 217 غرام فقط، مما يجعله مناسباً لطابعات السرعة العالية دون تأثير على جودة الطباعة.</li>
        <li>**نسبة عجلة عالية:** مع نسبة عجلة 7:1، يوفر قوة دفع مرتفعة للحصول على إمداد خيوط متسق ودقيق.</li>
        <li>**دعم درجة حرارة تصل إلى 300°C:** يدعم المواد الهندسية مثل نيون وبي سي بالإضافة إلى الخيوط المرن.</li>
        <li>**التركيب سهل:** متوافق مع معظم طابعات كريالية وكذا الطابعات الأخرى التي توفر أدوات تركيب متاحة.</li>
        <li>**عجلتان مزدوجتان:** يوفر تحليلاً ثنائياً لمنع انزلاق الخيوط.</li>
    </ul>

    <strong>المواصفات التقنية:</strong>
    <table border=""1"" style=""direction: rtl;"">
        <tr>
            <th>نوع</th>
            <td>طابع خرج مباشر</td>
        </tr>
        <tr>
            <th>نسبة العجلة</th>
            <td>7:1</td>
        </tr>
        <tr>
            <th>درجة الحرارة القصوى</th>
            <td>300°C</td>
        </tr>
        <tr>
            <th>قطر الخيط</th>
            <td>1.75 مم</td>
        </tr>
        <tr>
            <th>الوزن</th>
            <td>217 غرام</td>
        </tr>
        <tr>
            <th>الطاقة</th>
            <td>12V/24V</td>
        </tr>
        <tr>
            <th>مواد الدعم</th>
            <td> PLA, PETG, ABS, TPU, Nylon, PC</td>
        </tr>
        <tr>
            <th>محرك العقارب</th>
            <td>مدمج 42 عقارب</td>
        </tr>
        <tr>
            <th>المouth</th>
            <td>patible MK8</td>
        </tr>
    </table>",ollama-qwen2.5:7b-bulk-full,2026-04-30T16:12:40+03:00,auto-generated,430,https://www.amazon.sa/-/en/ZILOU-direct-extruder-Printer-Extruder/dp/B0C4YQ7S8V/ref=sr_1_2,2026-04-29T14:40:00+03:00,high,599,0,1777462800,1777462800,,,,,,,,,high,BIQU H2 V2S extruder,430.0,2026-04-29T14:40:00+03:00,110.0,25.6,PRICED HIGHER THAN AMAZON
178,simple,NG-3DP-005,,Elegoo Saturn 3 Ultra - 12K Resin 3D Printer with 10-inch Screen,1,0,visible,"MSLA resin printer with 12K resolution and a 10-inch screen for a large build area. Print speeds up to 150mm/hour with built-in air filtration. Best for large, high-detail resin prints.","12K resolution on a large build area? With the **Elegoo Saturn 3 Ultra**, it's reality.\n\nThis printer combines the extreme precision of a 12K screen with a generous build volume thanks to its 10-inch display. The result: large models with stunning detail in every corner.\n\n**Why This Product?**\n- **12K Resolution:** 11,520×5,120 pixels for incredible detail at 19-micron precision.\n- **10-inch Screen:** 218.88×122.88×260mm build volume, larger than most resin printers.\n- **150mm/hour Speed:** High-density COB light source accelerates curing.\n- **Activated Carbon Filter:** Significantly reduces resin odor.\n- **Built-in Wi-Fi:** Send print files from the app without cables.\n- **Large Resin Vat:** Holds enough resin for extended print runs.\n\n**Technical Specifications:**\n| Print Technology | MSLA (Masked SLA) |\n|---|---|\n| Screen Resolution | 11,520 × 5,120 (12K) |\n| Build Volume | 218.88 × 122.88 × 260 mm |\n| XY Resolution | 19 microns |\n| Print Speed | Up to 150 mm/hour |\n| Light Source | COB + Fresnel Lens (405nm) |\n| Connectivity | Wi-Fi + USB |\n| Air Filtration | Built-in activated carbon filter |\n| Dimensions | 305.7 × 273 × 564.5 mm |\n| Weight | 10.7 kg |",,,taxable,,1,,,0,0,15.0,55,45,55,1,,0,3499,3D Printing & CNC | طباعة ثلاثية الأبعاد,"3d printing, resin printer, طابعة ريزن, طباعة ثلاثية الأبعاد",,https://neogen.store/wp-content/uploads/NG-3DP-005.jpg,,,,,,,,,0,,,,,إيليجو Saturn 3 Ultra - 12K Resin طابعة ثلاثية الأبعاد with 10-inch Screen,,"<p>مع إلكوو ساترن 3 ألترا، تحقق من دقة تبلغ 12K على منطقة بناء كبيرة.</p>

    <h2><strong>لماذا هذا المنتج؟</strong></h2>
    <ul style=""direction: ltr;"">
        <li>دقة 12K: مع 11,520 × 5,120 بكسلًا لتفاصيل مذهلة بدقته الميكرونية البالغة 19 ميكرون.</li>
        <li>شاشة 10 بوصات: منطقة بناء تبلغ 218.88 × 122.88 × 260 ملم أكبر من معظم طابعات الأنسجة السائلة.</li>
        <li>سرعة الطباعة حتى 150 مم/ساعة: مصدر ضوء COB عالي الكثافة يسرع عملية التверد.</li>
        <li>فلتر فعال الكربون: يقلل بشكل كبير من رائحة الأنسجة السائلة.</li>
        <li>الاتصال اللاسلكي داخليًا: ارسل ملفات الطباعة عبر التطبيق دون الحاجة إلى كابلات.</li>
        <li>vat كبير للأنسجة السائلة: يحتوي على كمية كافية من الأنسجة السائلة لفترات طباعة طويلة.</li>
    </ul>

    <h2><strong>المواصفات التقنية:</strong></h2>
    <table border=""1"" style=""direction: ltr;"">
        <thead>
            <tr>
                <th>تقنية الطباعة</th>
                <td>MSLA (Masked SLA)</td>
            </tr>
        </thead>
        <tbody>
            <tr>
                <th>دقة الشاشة</th>
                <td>11,520 × 5,120 (12K)</td>
            </tr>
            <tr>
                <th>حجم المنطقة المبنية</th>
                <td>218.88 × 122.88 × 260 ملم</td>
            </tr>
            <tr>
                <th>دقة XY</th>
                <td>19 ميكرونًا</td>
            </tr>
            <tr>
                <th>سرعة الطباعة</th>
                <td>حد أقصى 150 مم/ساعة</td>
            </tr>
            <tr>
                <th>مصدر الضوء</th>
                <td>COC + عدسة فريسنو (405 نانومتر)</td>
            </tr>
            <tr>
                <th>الاتصال</th>
                <td>واي فاي + USB</td>
            </tr>
            <tr>
                <th>تنقية الهواء</th>
                <td>فلتر كربون مدمج</td>
            </tr>
            <tr>
                <th>الحجم</th>
                <td>305.7 × 273 × 564.5 ملم</td>
            </tr>
            <tr>
                <th>الوزن</th>
                <td>10.7 كجم</td>
            </tr>
        </tbody>
    </table>",ollama-qwen2.5:7b-bulk-full,2026-04-30T16:12:16+03:00,auto-generated,,,,,,,,,,,,,,,,,high,Elegoo Saturn 3 Ultra resin,,,,,
179,simple,NG-3DP-004,,eSUN PLA+ Filament 10-Color Pack - 10kg Total for 3D Printing,1,0,visible,Ten 1kg spools of PLA+ filament in ten different colors. 1.75mm diameter with ±0.03mm tolerance. Stronger than standard PLA with easy printability. Massive savings vs individual spools.,"Every project deserves its own color. Start with ten at once.\n\nThe **eSUN PLA+** 10-pack gives you complete creative freedom with diverse colors for every project. PLA+ is 30% stronger than standard PLA while maintaining the same easy printability.\n\n**Why This Product?**\n- **10 Diverse Colors:** Black, White, Gray, Red, Blue, Green, Yellow, Orange, Purple, and Pink.\n- **Enhanced PLA+:** Higher toughness, better impact resistance, smoother finish than standard PLA.\n- **±0.03mm Tolerance:** Consistent diameter prevents nozzle clogs and ensures smooth printing.\n- **Vacuum-Sealed Spools:** Each spool in an airtight bag with silica gel desiccant.\n- **Universal Compatibility:** Works with all 1.75mm FDM printers.\n\n**Technical Specifications:**\n| Material | PLA+ (Polylactic Acid Plus) |\n|---|---|\n| Diameter | 1.75 mm (±0.03 mm) |\n| Weight | 1 kg × 10 spools |\n| Print Temp | 205-225°C |\n| Bed Temp | 60-80°C |\n| Print Speed | 40-100 mm/s |\n| Tensile Strength | ≥ 60 MPa |\n| Colors | 10 assorted |\n| Spool Diameter | 200 mm |",,,taxable,,1,,,0,0,11.0,50,40,25,1,,0,1299,3D Printing & CNC | طباعة ثلاثية الأبعاد,"3d printing, filament, طباعة ثلاثية الأبعاد, فيلامنت طباعة",,https://neogen.store/wp-content/uploads/NG-3DP-004.jpg,,,,,,,,,0,,,,,ملف eSUN PLA+ 10 ألوان - 10 كجم مجموعًا للطباعة ثلاثية الأبعاد,,"<p>تستحق كل مشروع لونه الخاص. ابدأ مع عشرة ألوان في آن واحد.</p>
<ul>
    <li><strong>10 ألوان متنوعة:</strong> أسود، أبيض، رمادي، أحمر، أزرق، vert، كريمي، أصفر، م่วه، ووردي.</li>
    <li><strong>PLA+ محسن:</strong> أعلى قوة تحميل، أفضل مقاومة للصدمة، مظهر أكثر نعومة من PLA العادي.</li>
    <li><strong>دقة ±0.03mm:</strong> قطر ثابت يمنع انسداد الفتحة ويضمن طباعة سلسة.</li>
    <li><strong>شواكل محكمة الإغلاق:</strong> كل شوال في حقيبة محكمة الإغلاق مع مذيب الرطوبة السيليكا.</li>
    <li><strong>توافق عام:</strong> يعمل على جميع طابعات FDM ذات قطر 1.75mm.</li>
</ul>
<table>
    <thead>
        <tr>
            <th>المادة</th>
            <th>قطر (مم)</th>
            <th>الوزن (كجم)</th>
            <th>درجة حرارة الطباعة (°C)</th>
            <th>درجة حرارة سطح الطاولة (°C)</th>
            <th>سرعة الطباعة (مم/ث)</th>
            <th>قوة التمدد</th>
            <th>اللون</th>
            <th>قطر شوال (مم)</th>
        </tr>
    </thead>
    <tbody>
        <tr>
            <td>eSUN PLA+</td>
            <td>1.75 (±0.03)</td>
            <td>1 × 10</td>
            <td>205-225</td>
            <td>60-80</td>
            <td>40-100</td>
            <td>&ge; 60 MPa</td>
            <td>10 متنوع</td>
            <td>200</td>
        </tr>
    </tbody>
</table>",ollama-qwen2.5:7b-bulk-full,2026-04-30T16:11:46+03:00,ollama-qwen2.5:7b-bulk,,,,,,,,,,2026-04-30T16:56:44+03:00,,,,,,,high,eSUN PLA+ 10kg pack,,,,,
180,simple,NG-3DP-003,,Creality K1 Max - Large Format 3D Printer at 600mm/s,1,0,visible,FDM printer with massive 300×300×300mm build volume and 600mm/s top speed. Built-in AI camera with zero-manual-leveling. The largest fast printer in its price class.,"Big projects need a printer that matches your ambition.\n\nThe **Creality K1 Max** combines a massive build volume with blazing speed. With a 300×300×300mm print area, print full-size large models without splitting and assembling.\n\n**Why This Product?**\n- **Massive Volume:** 300×300×300mm - 60% larger than most high-speed printers.\n- **600mm/s Speed:** With 20,000mm/s² acceleration for ultra-fast printing.\n- **AI Camera:** Monitors printing and detects failures like poor adhesion and spaghetti.\n- **LiDAR Leveling:** 25-point automatic bed scan for perfect leveling.\n- **Glass-Enclosed Frame:** Retains heat while allowing visual monitoring.\n- **Air Filter:** Activated carbon filter purifies air during printing.\n\n**Technical Specifications:**\n| Print Technology | FDM (CoreXY) |\n|---|---|\n| Build Volume | 300 × 300 × 300 mm |\n| Print Speed | Up to 600 mm/s |\n| Acceleration | 20,000 mm/s² |\n| Layer Height | 0.05 - 0.35 mm |\n| Max Nozzle Temp | 300°C |\n| Max Bed Temp | 120°C |\n| Connectivity | Wi-Fi, USB, LAN |\n| Display | 4.3"" Touchscreen |\n| Dimensions | 435 × 462 × 526 mm |\n| Weight | 18 kg |",,,taxable,,1,,,0,0,20.0,70,65,75,1,,0,3380,3D Printing & CNC | طباعة ثلاثية الأبعاد,"3D printer, 3d printing, طابعة ثلاثية الأبعاد, طباعة ثلاثية الأبعاد",,https://neogen.store/wp-content/uploads/NG-3DP-003.jpg,,,,,,,,,0,,,,,كريالتي K1 Max - Large Format طابعة ثلاثية الأبعاد at 600mm/s,,"<p>مشاريع كبيرة تحتاج طابعة تتناسب مع طموحك.</p>

    <strong>لماذا هذا المنتج؟</strong>
    <ul>
        <li><span>حجم بناء ضخم:</span> 300×300×300 مم - أكبر بنسبة 60% من معظم الطابعات السريعة.</li>
        <li><span>سرعة فائقة:</span> 600 مم/ث مع تسارع يصل إلى 20,000 مم²/ث للطباعة الفائقة السرعة.</li>
        <li><span>كاميرا ذكية:</span> تتتبع الطباعة وتكتشف الأخطاء مثل التصاق غير جيد و spaghetti.</li>
        <li><span> leveling بالليزر:</span> تجربة سcan آلية لـ 25 نقطة للحصول على توازن مثالي.</li>
    </ul>

    <strong>المواصفات التقنية:</strong>
    <table border=""1"">
        <tr>
            <th>تقنية الطباعة</th>
            <td>FDM (CoreXY)</td>
        </tr>
        <tr>
            <th>حجم البناء</th>
            <td>300 × 300 × 300 مم</td>
        </tr>
        <tr>
            <th>سرعة الطباعة</th>
            <td>حد أقصى 600 مم/ث</td>
        </tr>
        <tr>
            <th>التسارع</th>
            <td>20,000 مم²/ث</td>
        </tr>
        <tr>
            <th>ارتفاع الطبقة</th>
            <td>0.05 - 0.35 مم</td>
        </tr>
        <tr>
            <th>درجة حرارة المدفع الأقصى</th>
            <td>300°C</td>
        </tr>
        <tr>
            <th>درجة حرارة السطح الأقصى</th>
            <td>120°C</td>
        </tr>
        <tr>
            <th>التوصيل</th>
            <td>Wi-Fi, USB, LAN</td>
        </tr>
        <tr>
            <th>شاشة اللمس</th>
            <td>4.3"" لمسية</td>
        </tr>
        <tr>
            <th>الحجم</th>
            <td>435 × 462 × 526 مم</td>
        </tr>
        <tr>
            <th>وزن</th>
            <td>18 كجم</td>
        </tr>
    </table>",ollama-qwen2.5:7b-bulk-full,2026-04-30T16:11:26+03:00,auto-generated,2699,https://www.amazon.sa/-/en/Creality-All-Metal-Extruder-Leveling-Filaments/dp/B0DND3CJQV/ref=sr_1_2,2026-04-29T13:45:00+03:00,high,4199,0,1777459470,1777459470,,,,,,,,,high,Creality K1 Max large format,2699.0,2026-04-29T13:45:00+03:00,681.0,25.2,PRICED HIGHER THAN AMAZON
181,simple,NG-3DP-002,,Bambu Lab AMS - Automatic Material System for Multi-Color 3D Printing,1,0,visible,Automatic filament switching system supporting 4 spools. Print with four colors or materials in a single print. Compatible with Bambu Lab P1S and X1C printers.,"Unleash your creativity with four colors in a single print.\n\nThe **Bambu Lab AMS** transforms your printer from single-color to a multi-color creative powerhouse. Simply load four filament spools and the system handles everything automatically.\n\n**Why This Product?**\n- **4 Colors/Materials:** Print multi-color designs or combine different materials (e.g., PLA + TPU).\n- **Auto Switching:** Seamlessly swaps filament during printing without manual intervention.\n- **Built-in Humidity Sensor:** Monitors filament moisture and warns when drying is needed.\n- **RFID Auto-Detect:** Automatically identifies Bambu Lab filament type and color.\n- **Expandable:** Connect up to 4 AMS units (16 colors!) to a single printer.\n\n**Technical Specifications:**\n| Spool Slots | 4 |\n|---|---|\n| Filament Diameter | 1.75 mm |\n| Max Spool Diameter | 65 mm |\n| Filament Detection | RFID auto (Bambu Lab filament) |\n| Humidity Sensor | Built-in |\n| Compatibility | Bambu Lab P1S, P1P, X1C, X1E |\n| Expansion | Up to 4 units (16 colors) |\n| Dimensions | 221 × 332 × 202 mm |\n| Weight | 1.75 kg |",,,taxable,,1,,,0,0,5.0,35,30,35,1,,,1250,3D Printing & CNC | طباعة ثلاثية الأبعاد,"3D printer, 3d printing, professional, احترافي, طابعة ثلاثية الأبعاد, طباعة ثلاثية الأبعاد",,https://neogen.store/wp-content/uploads/NG-3DP-002.jpg,,,,,,,,,0,,,,,نظام بامبو لاب آم تلقائي لطباعة ثلاثية الأبعاد متعددة الألوان,,"<p>إطلق خيالك بأربعة ألوان في طباعة واحدة.</p>
<ul>
    <li><strong>4 ألوان/مواد:</strong> طبّق التصاميم المتعددة الألوان أو ادمج مواد مختلفة (مثل: PLA + TPU).</li>
    <li><strong>تبديل تلقائي:</strong> يحول بين أنواع الإسفنجات أثناء الطباعة دون تدخل يدوي.</li>
    <li><strong>مستشعر رطوبة داخلي:</strong> يراقب رطوبة الإسفنج ويحذر عند الحاجة إلى التجفيف.</li>
    <li><strong>تحديد بطاقة RFID تلقائي:</strong> يحدد نوع وإلوان إسفنجات Bambu Lab التلقائية.</li>
</ul>
<table>
    <tr>
        <th>سلاسل الإسفنج</th>
        <td>4</td>
    </tr>
    <tr>
        <th>قطر الإسفنج</th>
        <td>1.75 mm</td>
    </tr>
    <tr>
        <th>قطر الإسفنج الأقصى</th>
        <td>65 mm</td>
    </tr>
    <tr>
        <th>تحديد الإسفنج</th>
        <td>RFID تلقائي (إسفنجات Bambu Lab)</td>
    </tr>
    <tr>
        <th>مستشعر الرطوبة</th>
        <td>داخلي</td>
    </tr>
    <tr>
        <th>التوافقية</th>
        <td>Bambu Lab P1S, P1P, X1C, X1E</td>
    </tr>
    <tr>
        <th>توسع</th>
        <td>حد أقصى 4 وحدات (16 ألوان)</td>
    </tr>
    <tr>
        <th>الحجم</th>
        <td>221 × 332 × 202 mm</td>
    </tr>
    <tr>
        <th>الوزن</th>
        <td>1.75 كجم</td>
    </tr>
</table>",ollama-qwen2.5:7b-bulk-full,2026-04-30T16:11:01+03:00,ollama-qwen2.5:7b-bulk,996,https://www.amazon.sa/-/en/AMS-Heater-Bambu-Lab/dp/B0FNDFPJH7/ref=sr_1_1,2026-04-29T13:45:00+03:00,high,2249,1949,1777459470,1777459470,,2026-04-30T16:56:41+03:00,,,,,,,high,Bambu Lab AMS multi-color,996.0,2026-04-29T13:45:00+03:00,254.0,25.5,PRICED HIGHER THAN AMAZON
182,simple,NG-3DP-001,,Bambu Lab P1S 3D Printer - Blazing Speed and Pro Quality in an Enclosed Design,1,0,visible,Fully enclosed FDM printer with speeds up to 500mm/s. AMS-compatible auto filament system with auto leveling and AI camera monitoring. The fastest printer in its class.,"Speed and quality are no longer mutually exclusive.\n\nThe **Bambu Lab P1S** has rewritten the rules of 3D printing. With print speeds up to 500mm/s and a fully enclosed frame, it delivers professional results previously reserved for industrial machines costing tens of thousands.\n\n**Why This Product?**\n- **500mm/s Speed:** 20,000mm/s² acceleration finishes prints in minutes instead of hours.\n- **Fully Enclosed:** Maintains consistent temperature for warp-free ABS and ASA printing.\n- **AI Camera:** Monitors prints, detects failures, and sends alerts to your phone.\n- **LiDAR Auto Leveling:** Precise bed scanning for perfect results every time.\n- **AMS Compatible:** Add the automatic filament system for multi-color printing.\n- **All-Metal Direct Drive:** Supports PLA, PETG, ABS, ASA, TPU, PA, PC, and more.\n\n**Technical Specifications:**\n| Print Technology | FDM (CoreXY) |\n|---|---|\n| Build Volume | 256 × 256 × 256 mm |\n| Print Speed | Up to 500 mm/s |\n| Acceleration | 20,000 mm/s² |\n| Layer Height | 0.05 - 0.35 mm |\n| Nozzle Diameter | 0.4 mm (swappable) |\n| Max Nozzle Temp | 300°C |\n| Build Plate | Dual-sided magnetic PEI |\n| Connectivity | Wi-Fi, USB, MicroSD |\n| Dimensions | 386 × 389 × 458 mm |\n| Weight | 12.95 kg |",,,taxable,,1,,,0,0,15.0,55,50,55,1,,0,5099,3D Printing & CNC | طباعة ثلاثية الأبعاد,"3D printer, 3d printing, professional, احترافي, طابعة ثلاثية الأبعاد, طباعة ثلاثية الأبعاد",,https://neogen.store/wp-content/uploads/NG-3DP-001.jpg,,,,,,,,,0,,,,,بامبو لاب P1S طابعة ثلاثية الأبعاد - Blazing Speed and Pro Quality in an Enclosed Design,,"<p>بفضل بامبو لاب بي1س، أصبحت السرعة والجودة متاحة في آلة واحدة.</p>

    <strong>لماذا هذا المنتج؟</strong>
    <ul>
        <li><span>500mm/s سرعة:</span> تسارع يصل إلى 20,000mm/s² يكمل الطباعة في دقائق بدلاً من ساعات.</li>
        <li><span>الهيكل المغلق:</span> الحفاظ على درجة الحرارة الثابتة لطباعة ABS و ASA بدون تشوهات.</li>
        <li><span>كاميرا ذكية:</span> تتبع الطباعة، تكتشف الأخطاء، وتقوم بإرسال إشعارات إلى هاتفك.</li>
        <li><span> leveling بالليدر:</span> مسح الدفان بدقة لنتائج مثالية في كل مرة.</li>
        <li><span>AMS متوافق:</span> اضافة نظام الفيلمان التلقائي للطباعة بألوان متعددة.</li>
        <li><span>الدفع المباشر من المعدن:</span> يدعم PLA، PETG، ABS، ASA، TPU، PA، PC وغيرها.</li>
    </ul>

    <strong>المواصفات التقنية:</strong>
    <table border=""1"">
        <tr>
            <th>تقنية الطباعة</th>
            <td>FDM (CoreXY)</td>
        </tr>
        <tr>
            <th>حجم البناء</th>
            <td>256 × 256 × 256 مم</td>
        </tr>
        <tr>
            <th>سرعة الطباعة</th>
            <td>حد أقصى 500 mm/s</td>
        </tr>
        <tr>
            <th>التسارع</th>
            <td>20,000 mm/s²</td>
        </tr>
        <tr>
            <th>ارتفاع الطبقة</th>
            <td>0.05 - 0.35 مم</td>
        </tr>
        <tr>
            <th>قطر الفتحة</th>
            <td>0.4 مم (قابل للتبديل)</td>
        </tr>
        <tr>
            <th>درجة حرارة الفتحة القصوى</th>
            <td>300°C</td>
        </tr>
        <tr>
            <th>دفان الطباعة</th>
            <td>مغناطيسي مزدوج الجانب PEI</td>
        </tr>
        <tr>
            <th>التوصيل</th>
            <td>واي فاي، USB، MicroSD</td>
        </tr>
        <tr>
            <th>الحجم</th>
            <td>386 × 389 × 458 مم</td>
        </tr>
        <tr>
            <th>الوزن</th>
            <td>12.95 كجم</td>
        </tr>
    </table>",ollama-qwen2.5:7b-bulk-full,2026-04-30T16:10:41+03:00,auto-generated,,,,,,,,,,,,,,,,,high,Bambu Lab P1S 3D printer,,,,,
183,simple,NG-ACC-010,,WD Red Plus 8TB NAS Hard Drive - Built for Always-On NAS Systems,1,0,visible,8TB hard drive designed for 24/7 operation in NAS systems. CMR recording technology for consistent performance and NASware 3.0 firmware for optimal compatibility. 3-year Western Digital warranty.,"Your NAS deserves drives purpose-built for the job.\n\nThe **WD Red Plus 8TB** isn't just any hard drive. It's engineered from the ground up for continuous operation inside NAS systems with workloads up to 180TB per year.\n\n**Why This Product?**\n- **CMR Technology:** Conventional Magnetic Recording (not SMR) for consistent, predictable write performance.\n- **NASware 3.0:** Built-in firmware optimized for compatibility with Synology, QNAP, and Asustor NAS systems.\n- **24/7 Operation:** Designed for non-stop use with up to 1 million hours MTBF.\n- **Low Heat:** 3D Active Balance Plus technology reduces vibration and heat.\n- **Power Efficient:** Only 6.4W during read/write operations.\n\n**Technical Specifications:**\n| Capacity | 8 TB |\n|---|---|\n| Interface | SATA III 6Gb/s |\n| Spindle Speed | 5,640 RPM |\n| Cache | 256 MB |\n| Recording Tech | CMR |\n| Annual Workload | 180 TB/year |\n| MTBF | 1,000,000 hours |\n| Power | 6.4W (R/W) |\n| Dimensions | 147 × 101.6 × 26.1 mm |\n| Weight | 720 g |",,,taxable,,1,,,0,0,1.0,18,14,6,1,,0,1449,Hardware | أجهزة PC,"accessories, HDD, NAS, إكسسوارات, تخزين شبكي, هارد ديسك",,https://neogen.store/wp-content/uploads/NG-ACC-010.jpg,,,,,,,,,0,,,,,Dysks صناعي WD Red Plus 8TB ل sistemasNAS مستقرة على الدوام,,"<p>جهاز الـ <strong>NAS</strong> الخاص بك يستحق القرص الثابت المخصص له.</p>
<ul>
    <li><strong>تقنية CMR:</strong> تسهم في أداء الكتابة المستمر والموحد.</li>
    <li><strong>NASware 3.0:</strong> متوافق مع أنظمة <em>Synology</em>, <em>QNAP</em>, و<em>Asustor</em>.</li>
    <li><strong>عمل مستمر 24/7:</strong> مصمم للاستخدام المستمر لمدة مليون ساعة قبل الفشل.</li>
    <li><strong>حرارة منخفضة:</strong> تقنية 3D Active Balance Plus تقلل من الاهتزاز والحرارة.</li>
    <li><strong>فعالية الطاقة:</strong> استهلاك طاقة يبلغ 6.4 وات خلال عمليات القراءة والكتابة.</li>
</ul>
<table>
    <tr>
        <th>السعة</th>
        <td>8 TB</td>
    </tr>
    <tr>
        <th>واجهة الاتصال</th>
        <td>SATA III 6Gb/s</td>
    </tr>
    <tr>
        <th>سرعة المحور</th>
        <td>5,640 RPM</td>
    </tr>
    <tr>
        <th>الذاكرة التخزينية</th>
        <td>256 MB</td>
    </tr>
    <tr>
        <th>تقنية الكتابة</th>
        <td>CMR</td>
    </tr>
    <tr>
        <th>العملية السنوية</th>
        <td>180 TB/year</td>
    </tr>
    <tr>
        <th>MTBF</th>
        <td>1,000,000 ساعات</td>
    </tr>
    <tr>
        <th>الطاقة</th>
        <td>6.4W (R/W)</td>
    </tr>
    <tr>
        <th>الأبعاد</th>
        <td>147 × 101.6 × 26.1 mm</td>
    </tr>
    <tr>
        <th>الوزن</th>
        <td>720 g</td>
    </tr>
</table>",ollama-qwen2.5:7b-bulk-full,2026-04-30T16:10:13+03:00,ollama-qwen2.5:7b-bulk,,,,,,,,,,2026-04-30T16:56:39+03:00,,,,,,,high,WD Red Plus 8TB NAS HDD,,,,,
184,simple,NG-ACC-009,,Ugreen Nexode 100W GaN Charger - 4-Port Gallium Nitride Fast Charger,1,0,visible,"100W GaN charger with 3 USB-C ports and 1 USB-A port. Charge a laptop, phone, and tablet simultaneously. 50% smaller than traditional chargers at the same wattage.","One charger to replace four.\n\nThe **Ugreen Nexode 100W** with GaN III (Gallium Nitride) technology delivers massive charging power in a package half the size of a traditional laptop charger. Charge your MacBook Pro, iPhone, and iPad all at once from a single wall outlet.\n\n**Why This Product?**\n- **100W Output:** Enough power to fast-charge a MacBook Pro 16"" at full speed.\n- **4 Ports:** 3x USB-C + 1x USB-A to charge all your devices together.\n- **GaN III Technology:** Smaller, cooler, and more efficient than silicon chargers.\n- **Smart Distribution:** Thermal Guard technology protects devices and auto-distributes power.\n- **Foldable Plug:** Easy to carry in your bag for travel.\n\n**Technical Specifications:**\n| Total Power | 100W |\n|---|---|\n| USB-C1 | Up to 100W PD 3.0 / PPS |\n| USB-C2 | Up to 30W |\n| USB-C3 | Up to 30W |\n| USB-A | Up to 22.5W (SCP/QC) |\n| Charging Tech | GaN III |\n| Input | AC 100-240V |\n| Dimensions | 71.5 × 69.3 × 31.8 mm |\n| Weight | 260 g |",,,taxable,,1,,,0,0,0.5,18,14,6,1,,,439,Accessories & Lifestyle | إكسسوارات,"accessories, cables, charger, USB-C cable, إكسسوارات, شاحن, كابل USB-C, كابلات",,https://neogen.store/wp-content/uploads/NG-ACC-009.jpg,,,,,,,,,0,,,,,ع格林 نيكود 100وات ششرager رباعي المنافذ,,"<p>عندما تحتاج إلى شحن عدة أجهزة في وقت واحد، هذا الشاحن هو الحل الأمثل.</p>

<ul>
    <li><strong>100W Output:</strong> كافية لشحن MacBook Pro 16"" بسرعة.</li>
    <li><strong>4 Ports:</strong> 3x USB-C + 1x USB-A لشحن جميع أجهزتك معًا.</li>
    <li><strong>GaN III Technology:</strong> أصغر وأ cooler وأكثر كفاءة من الشاحنات التقليدية。</li>
    <li><strong>Smart Distribution:</strong> تقنية حراسة الحرارة تحمي الأجهزة وتوزع الطاقة تلقائيًا.</li>
    <li><strong>Foldable Plug:</strong> سهل الحمل في حقيبتك أثناء السفر。</li>
</ul>

<table>
    <tr>
        <th>المواصفات التقنية</th>
        <th>التفاصيل</th>
    </tr>
    <tr>
        <td>الطاقة الإجمالية</td>
        <td>100W</td>
    </tr>
    <tr>
        <td>USB-C1</td>
        <td>حد أقصى 100W PD 3.0 / PPS</td>
    </tr>
    <tr>
        <td>USB-C2</td>
        <td>حد أقصى 30W</td>
    </tr>
    <tr>
        <td>USB-C3</td>
        <td>حد أقصى 30W</td>
    </tr>
    <tr>
        <td>USB-A</td>
        <td>حد أقصى 22.5W (SCP/QC)</td>
    </tr>
    <tr>
        <td>تقنية الشحن</td>
        <td>GaN III</td>
    </tr>
    <tr>
        <td>الإدخال</td>
        <td>AC 100-240V</td>
    </tr>
    <tr>
        <td>الأبعاد</td>
        <td>71.5 × 69.3 × 31.8 ملم</td>
    </tr>
    <tr>
        <td>الوزن</td>
        <td>260 غم</td>
    </tr>
</table>",ollama-qwen2.5:7b-bulk-full,2026-04-30T16:09:52+03:00,ollama-qwen2.5:7b-bulk,,,,,,,,,,2026-04-30T16:56:36+03:00,,,,,,,high,Ugreen Nexode 100W GaN charger,,,,,
185,simple,NG-ACC-008,,CalDigit TS4 Thunderbolt 4 Dock - 18-Port Professional Docking Station,1,0,visible,"The most powerful dock on the market with 18 ports including Thunderbolt 4, USB4, DisplayPort 1.4, and 2.5GbE. 98W laptop charging through a single cable. The ultimate workstation solution.","One cable connects your entire world.\n\nThe **CalDigit TS4** is the most powerful and versatile docking station available. With 18 diverse ports, it transforms your laptop into a complete workstation with a single Thunderbolt cable connection.\n\n**Why This Product?**\n- **18 Ports:** 3x Thunderbolt 4, 5x USB-A, 3x USB-C, DisplayPort 1.4, 2.5GbE, SD/microSD, and more.\n- **98W Charging:** Powers a MacBook Pro 16"" or any compatible laptop through the same data cable.\n- **Multi-Display:** Supports dual 4K@60Hz or single 8K via Thunderbolt and DisplayPort.\n- **2.5GbE Network:** 2.5x faster than standard Gigabit Ethernet.\n- **Metal Build:** Solid aluminum chassis with fanless passive cooling.\n\n**Technical Specifications:**\n| Thunderbolt 4 | 3 (1 upstream + 2 downstream) |\n|---|---|\n| USB-C | 3x USB 3.2 Gen 2 (10Gbps) |\n| USB-A | 5x (3x USB 3.2 + 2x USB 2.0) |\n| DisplayPort | 1x DisplayPort 1.4 |\n| Network | 2.5 Gigabit Ethernet |\n| Card Reader | SD 4.0 UHS-II + microSD |\n| Audio | 3.5mm combo jack |\n| Charging | 98W PD via Thunderbolt |\n| Dimensions | 141 × 42 × 113 mm |\n| Weight | 650 g |",,,taxable,,1,,,0,0,1.5,28,22,8,1,,,2170,Accessories & Lifestyle | إكسسوارات,"accessories, cables, professional, USB hub, USB-C cable, إكسسوارات, احترافي, قاعدة توصيل USB, كابل USB-C, كابلات",,https://neogen.store/wp-content/uploads/NG-ACC-008.jpg,,,,,,,,,0,,,,,كال ديجيت TS4 Thunderbolt 4 دوك - 18-Port Professional دوكing Station,,"<p>تجمع كابل واحد كل أدواتك الرقمية في مكان واحد.</p>

    <strong>لماذا هذا المنتج؟</strong>
    <ul style=""list-style-type: disc; margin-left: 20px;"">
        <li><span>عدد المنافذ 18:</span> 3 من Thunderbolt 4، 5 من USB-A، 3 من USB-C، DisplayPort 1.4، 2.5GbE، SD/microSD.</li>
        <li><span>شحن بقوة 98 واط:</span> يشحن MacBook Pro 16"" أو أي جهاز لاب توب متوافق عبر نفس كابل البيانات.</li>
        <li><span>دعم العرض المتعدد:</span> يدعم عرضين 4K@60Hz أو عرض واحد 8K عبر Thunderbolt وDisplayPort.</li>
        <li><span>شبكة بسرعة 2.5 جيجابايت:</span> أسرع بـ 2.5 مرة من الشبكات المعيارية Gigabit Ethernet.</li>
        <li><span>بناء معدني:</span> صندوق من الألومنيوم الصلب مع تبريد فعال دون مضخم.</li>
    </ul>

    <strong>المواصفات التقنية:</strong>
    <table border=""1"" style=""width: 100%; text-align: center;"">
        <thead>
            <tr>
                <th>Thunderbolt 4</th>
                <th>3 (1 صاعد + 2 نازل)</th>
            </tr>
        </thead>
        <tbody>
            <tr>
                <td>USB-C</td>
                <td>3x USB 3.2 Gen 2 (10Gbps)</td>
            </tr>
            <tr>
                <td>USB-A</td>
                <td>5x (3x USB 3.2 + 2x USB 2.0)</td>
            </tr>
            <tr>
                <td>DisplayPort</td>
                <td>1x DisplayPort 1.4</td>
            </tr>
            <tr>
                <td>شبكة</td>
                <td>2.5 Gigabit Ethernet</td>
            </tr>
            <tr>
                <td>قارئ البطاقة</td>
                <td>SD 4.0 UHS-II + microSD</td>
            </tr>
            <tr>
                <td>صوت</td>
                <td>3.5mm combo jack</td>
            </tr>
            <tr>
                <td>شحن</td>
                <td>98W PD عبر Thunderbolt</td>
            </tr>
            <tr>
                <td>الحجم</td>
                <td>141 × 42 × 113 مم</td>
            </tr>
            <tr>
                <td>وزن</td>
                <td>650 جرام</td>
            </tr>
        </tbody>
    </table>",ollama-qwen2.5:7b-bulk-full,2026-04-30T16:09:31+03:00,auto-generated,1730,https://www.amazon.sa/-/en/CalDigit-TS4-Thunderbolt-Dock-USB/dp/B09GK8LBWS,2026-04-29T12:00:00+03:00,,2899,0,1777458616,,,,,,,,,,high,CalDigit TS4 Thunderbolt 4 dock,1730.0,2026-04-29T12:00:00+03:00,440.0,25.4,PRICED HIGHER THAN AMAZON
186,simple,NG-ACC-007,,Anker PowerConf S330 USB Speakerphone - Smart Noise-Canceling Conference Speaker,1,0,visible,USB conference speakerphone with smart microphones and DSP noise cancellation. Crystal-clear audio with 360-degree voice pickup. Perfect for remote meetings and home offices.,"Your meetings deserve better audio than your laptop's built-in speaker.\n\nThe **Anker PowerConf S330** transforms any home office into a professional meeting room. With omnidirectional microphones and digital noise cancellation, everyone hears you loud and clear.\n\n**Why This Product?**\n- **Smart Microphone:** 360° voice pickup with VoiceRadar speaker-tracking technology.\n- **DSP Noise Cancellation:** Intelligent algorithm removes background noise (fans, AC, ambient sounds).\n- **Instant USB-C Connection:** Plug and play, no drivers or Bluetooth pairing needed.\n- **Universal Compatibility:** Zoom, Teams, Google Meet, Webex, and any other platform.\n- **Compact Design:** Palm-sized portability for work anywhere.\n\n**Technical Specifications:**\n| Microphone Type | Omnidirectional MEMS |\n|---|---|\n| Noise Cancellation | Digital DSP |\n| Speaker | Built-in 3W driver |\n| Connection | USB-C |\n| Voice Range | 4-6 people (~3m diameter) |\n| Compatibility | Windows, macOS, Linux, ChromeOS |\n| Dimensions | 125 × 125 × 30 mm |\n| Weight | 240 g |",,,taxable,,1,,,0,0,0.5,22,16,8,1,,,599,Accessories & Lifestyle | إكسسوارات,"accessories, professional, إكسسوارات, احترافي",,https://neogen.store/wp-content/uploads/NG-ACC-007.jpg,,,,,,,,,0,,,,,anker powerconf s330 سماعات مؤتمر ذكية مع إلغاء الضوضاء,,"<p>يمكنك تحسين جودة الصوت في اجتماعاتك بدلاً من استخدام سماعات الكمبيوتر المدمجة.</p>
<ul>
    <li><strong>الميكروفون الذكي:</strong> التقاط الصوت بزاوية 360 درجة مع تقنية VoiceRadar لتعقب الصوت.</li>
    <li><strong>الإلغاء الضوئي للضوضاء:</strong> خوارزمية ذكية تزيل الضوضاء الخلفية (المروحة، التكييف، الأصوات المحيطة).</li>
    <li><strong>اتصال USB-C فوري:</strong> اتصال مباشر دون الحاجة لمزيد من البرامج أو ربط بلوتوث.</li>
    <li><strong>توافق عام:</strong> متوافق مع Zoom، Teams، Google Meet، Webex وغيرها من المنصات.</li>
    <li><strong>تصميم компактный:</strong> حجم يساوي قبضة اليد للاستخدام في أي مكان.</li>
</ul>
<table>
    <tr>
        <th>نوع الميكروفون</th>
        <td>Omnidirectional MEMS</td>
    </tr>
    <tr>
        <th>الإلغاء الضوئي للضوضاء</th>
        <td>Digital DSP</td>
    </tr>
    <tr>
        <th>المكبر الصوت</th>
        <td>مدمج 3W</td>
    </tr>
    <tr>
        <th>الاتصال</th>
        <td>USB-C</td>
    </tr>
    <tr>
        <th>نطاق الصوت</th>
        <td>4-6 أشخاص (~3متر قطر)</td>
    </tr>
    <tr>
        <th>التوافق</th>
        <td>Windows، macOS، Linux، ChromeOS</td>
    </tr>
    <tr>
        <th>الأبعاد</th>
        <td>125 × 125 × 30 ملم</td>
    </tr>
    <tr>
        <th>الوزن</th>
        <td>240 جرام</td>
    </tr>
</table>",ollama-qwen2.5:7b-bulk-full,2026-04-30T16:09:04+03:00,ollama-qwen2.5:7b-bulk,,,,,,,,,,2026-04-30T16:56:34+03:00,,,,,,,high,Anker PowerConf S330 speakerphone,,,,,
187,simple,NG-ACC-006,,"Samsung T7 Shield 2TB Portable SSD - Rugged, Fast, and Secure",1,0,visible,"2TB portable SSD with read speeds up to 1,050MB/s. IP65 water and dust resistant with 3-meter drop protection. Perfect for photographers and content creators on the go.","Your precious data deserves uncompromising protection.\n\nThe **Samsung T7 Shield** combines blazing SSD speeds with a rugged build that withstands the toughest conditions. Whether you're in the studio or out in the field, your data stays protected and accessible at lightning speed.\n\n**Why This Product?**\n- **1,050MB/s Speed:** Transfer 1TB in under 20 minutes via USB 3.2 Gen 2.\n- **IP65 Rated:** Withstands dust, water, and drops from 3 meters.\n- **Rubber Armor:** Durable yet stylish design for everyday use.\n- **AES 256-bit Encryption:** Password protection via Samsung Magician software.\n- **Universal Compatibility:** Works with PC, Mac, Android, and gaming consoles.\n\n**Technical Specifications:**\n| Capacity | 2 TB |\n|---|---|\n| Read Speed | Up to 1,050 MB/s |\n| Write Speed | Up to 1,000 MB/s |\n| Interface | USB 3.2 Gen 2 (USB-C) |\n| Water Resistance | IP65 |\n| Drop Protection | 3 meters |\n| Encryption | AES 256-bit |\n| Dimensions | 88 × 59 × 13 mm |\n| Weight | 98 g |",,,taxable,,1,,,0,0,0.3,14,10,4,1,,0,1299,Hardware | أجهزة PC,"accessories, SSD, إكسسوارات, قرص SSD",,https://neogen.store/wp-content/uploads/NG-ACC-006.jpg,,,,,,,,,0,,,,,سامسونج ت7 شيلد 2 تيبيه جيجابايت جيجابايت قابل للتنقل - متين، سريع، وآمن,,"<p>تستحق بياناتك الحساسة الحماية القوية والغير متنازل عنها.</p>
<ul>
    <li><strong>سرعة فائقة:</strong> يتيح لك نقل تيرابايت في أقل من 20 دقيقة عبر USB 3.2 Gen 2.</li>
    <li><strong>مقاوم للغبار والماء:</strong> مقاوم للماء والغبار وقادر على الصمد أمام السقوط من ارتفاع 3 أمتار.</li>
    <li><strong>تصميم متين:</strong> تصميم مرن يجمع بين القوة والأناقة للاستخدام اليومي.</li>
    <li><strong>حماية بالدفعة:</strong> تحمي بياناتك باستخدام التشفير AES 256 بت عبر برنامج Samsung Magician.</li>
    <li><strong>توافق عام:</strong> يعمل مع أجهزة الكمبيوتر والماك والأندرويد ومحطات الألعاب.</li>
</ul>
<table>
    <tr>
        <th>الوية</th>
        <td>2 TB</td>
    </tr>
    <tr>
        <th>سرعة القراءة</th>
        <td>حد أقصى 1,050 MB/s</td>
    </tr>
    <tr>
        <th>سرعة الكتابة</th>
        <td>حد أقصى 1,000 MB/s</td>
    </tr>
    <tr>
        <th>واجهة الاتصال</th>
        <td>USB 3.2 Gen 2 (USB-C)</td>
    </tr>
    <tr>
        <th>مقاومة للماء</th>
        <td>IP65</td>
    </tr>
    <tr>
        <th>حماية السقوط</th>
        <td>3 أمتار</td>
    </tr>
    <tr>
        <th>التشفير</th>
        <td>AES 256 بت</td>
    </tr>
    <tr>
        <th>الحجم</th>
        <td>88 × 59 × 13 ملم</td>
    </tr>
    <tr>
        <th>الوزن</th>
        <td>98 جرام</td>
    </tr>
</table>",ollama-qwen2.5:7b-bulk-full,2026-04-30T16:08:44+03:00,ollama-qwen2.5:7b-bulk,,,,,,,,,,2026-04-30T16:56:31+03:00,,,,,,,high,Samsung T7 Shield 2TB portable SSD,,,,,
188,simple,NG-MKR-010,,Elegoo Mars 4 Ultra Resin 3D Printer - 9K Resolution for Stunning Detail,1,0,visible,"MSLA resin printer with 9K resolution and 7-inch mono LCD. Print speeds up to 150mm/hour with built-in air filtration. The ideal choice for miniatures, jewelry, and precision models.","Fine detail makes all the difference. And the **Elegoo Mars 4 Ultra** delivers the finest detail possible.\n\nWith stunning 9K resolution and a pixel size of just 18 microns, this printer produces models with details almost invisible to the naked eye. Whether you're crafting tabletop miniatures or jewelry prototypes, the results will exceed your expectations.\n\n**Why This Product?**\n- **9K Resolution:** 8520×4320 pixel screen for unmatched detail fidelity.\n- **High Speed:** Up to 150mm/hour thanks to advanced COB light source.\n- **Built-in Carbon Filter:** Significantly reduces resin odor during printing.\n- **7-inch Screen:** Generous build area for a printer this compact.\n- **Wi-Fi Connectivity:** Send print files wirelessly via the Elegoo app.\n\n**Technical Specifications:**\n| Print Technology | MSLA (Masked SLA) |\n|---|---|\n| Screen Resolution | 8520 × 4320 (9K) |\n| Build Volume | 153.36 × 77.76 × 165 mm |\n| XY Resolution | 18 microns |\n| Print Speed | Up to 150 mm/hour |\n| Light Source | COB + Fresnel Lens |\n| Connectivity | Wi-Fi + USB |\n| Air Filtration | Built-in activated carbon filter |\n| Dimensions | 227 × 227 × 438.5 mm |\n| Weight | 5.6 kg |",,,taxable,,1,,,0,0,10.0,45,38,50,1,,0,2399,Enthusiasts & Gamers | هواة التقنية,"3d printing, drones, gimbal, professional, resin printer, احترافي, درونز, طابعة ريزن, طباعة ثلاثية الأبعاد, مثبت كاميرا",,https://neogen.store/wp-content/uploads/NG-MKR-010.jpg,,,,,,,,,0,,,,,إيليجو Mars 4 Ultra Resin طابعة ثلاثية الأبعاد - 9K Resolution for Stunning Detail,,"<p>يتميز طابعة Elegoo Mars 4 Ultra بتفاصيل دقيقة لا تضاهى، مما يجعلها الخيار الأمثل لصنع القطع الصغيرة والتصاميم المعقدة.</p>

<ul>
    <li><strong>9K حلولول:</strong> شاشة بدقة 8520 × 4320 لدقة متناهية في التفاصيل.</li>
    <li><strong>سرعة عالية:</strong> تصل إلى 150mm/ساعة بفضل مصدر الضوء COB المتقدم.</li>
    <li><strong>فلتر كربون داخلي:</strong> يقلل بشكل كبير من رائحة المواد اللاصقة أثناء الطباعة.</li>
    <li><strong>شاشة 7 بوصات:</strong> منطقة بناء كبيرة لطابعة صغيرة الحجم.</li>
    <li><strong>التواصل عبر Wi-Fi:</strong> إرسال ملفات الطباعة بشكل مباشر من خلال تطبيق Elegoo.</li>
</ul>

<table>
    <tr>
        <th>تقنية الطباعة</th>
        <td>MSLA (Masked SLA)</td>
    </tr>
    <tr>
        <th>دقة الشاشة</th>
        <td>8520 × 4320 (9K)</td>
    </tr>
    <tr>
        <th>حجم الطباعة</th>
        <td>153.36 × 77.76 × 165 مم</td>
    </tr>
    <tr>
        <th>دقة XY</th>
        <td>18 ميكرون</td>
    </tr>
    <tr>
        <th>سرعة الطباعة</th>
        <td>تصل إلى 150 mm/ساعة</td>
    </tr>
    <tr>
        <th>مصدر الضوء</th>
        <td>COB + عدسة فريسنو</td>
    </tr>
    <tr>
        <th>التواصل</th>
        <td>Wi-Fi + USB</td>
    </tr>
    <tr>
        <th>فلترة الهواء</th>
        <td>فلتر كربون داخلي</td>
    </tr>
    <tr>
        <th>الحجم</th>
        <td>227 × 227 × 438.5 مم</td>
    </tr>
    <tr>
        <th>الوزن</th>
        <td>5.6 كجم</td>
    </tr>
</table>",ollama-qwen2.5:7b-bulk-full,2026-04-30T16:08:24+03:00,auto-generated,,,,,,,,,,,,,,,,,high,Elegoo Mars 4 Ultra resin,,,,,
189,simple,NG-MKR-009,,ESP32-S3 DevKit 10-Pack - Wi-Fi + Bluetooth 5 Microcontroller for Smart Projects,1,0,visible,"Ten ESP32-S3 development boards with dual-core processor, Wi-Fi, and Bluetooth 5 LE. Perfect for IoT projects and home automation. Massive savings compared to buying individually.","Save more and build bigger with the ESP32-S3 pack from NeoGen.\n\nThe **ESP32-S3** is Espressif's latest and most powerful SoC, designed for IoT and edge AI applications. With this 10-pack, you have everything needed to build an entire smart device network.\n\n**Why This Product?**\n- **Dual-Core Processor:** Xtensa LX7 at up to 240 MHz for smooth performance.\n- **Wi-Fi + Bluetooth 5 LE:** Dual wireless connectivity built into every board.\n- **AI Acceleration:** Vector instructions for neural network processing on the edge.\n- **Abundant GPIO:** Over 40 programmable pins per board.\n- **Native USB:** USB-C with USB OTG support, no external UART adapter needed.\n- **10-Pack Value:** Only ~40 SAR per board, saving over 35% vs individual purchase.\n\n**Technical Specifications (per board):**\n| Processor | Xtensa LX7 Dual-Core @ 240 MHz |\n|---|---|\n| Flash Memory | 8 MB |\n| PSRAM | 2 MB |\n| Wi-Fi | 802.11 b/g/n (2.4 GHz) |\n| Bluetooth | 5.0 LE |\n| GPIO | 45 pins |\n| USB | Type-C (Native USB) |\n| ADC | 2x 13-bit SAR ADC |\n| Voltage | 3.3V (5V via USB input) |\n| Dimensions | 69.2 × 25.4 mm (per board) |",,,taxable,,1,,,0,0,0.3,16,12,4,1,,699,809,Hardware | أجهزة PC,"Bluetooth, enterprise, WiFi, بلوتوث, حلول شركات, واي فاي",,https://neogen.store/wp-content/uploads/NG-MKR-009.jpg,,,,,,,,,0,,,,,طقم تطوير ESP32-S3 10 وحدة - ميكروكوントرولر ذكي مع Wi-Fi و Bluetooth 5,,"<p>اكتشف قوة التكنولوجيا مع حزمة ESP32-S3 DevKit 10-Pack من NeoGen، مثالية لمشاريع الذكاء الصناعي.</p>

<ul>
    <li><strong>السبب الأول:</strong> المعالج المزدوج النق Xtensa LX7 بسرعة تصل إلى 240 MHz للعملية السلسة.</li>
    <li><strong>السبب الثاني:</strong> دعم Wi-Fi + Bluetooth 5 LE في كل لوحة للاتصال اللاسلكي المتعدد.</li>
    <li><strong>السبب الثالث:</strong> تسريع الذكاء الاصطناعي عبر تعليمات المتجهات للمعالجة على الحافة.</li>
    <li><strong>السبب الرابع:</strong> أكثر من 40 خيط إدخال مبرمج لكل لوحة للاستخدام المرن.</li>
</ul>

<table>
    <tr>
        <th>المواصفات التقنية (لكل لوحة)</th>
    </tr>
    <tr>
        <td>المعالج</td>
        <td>Xtensa LX7 Dual-Core @ 240 MHz</td>
    </tr>
    <tr>
        <td>ذاكرة فلاش</td>
        <td>8 MB</td>
    </tr>
    <tr>
        <td>PSRAM</td>
        <td>2 MB</td>
    </tr>
    <tr>
        <td>Wi-Fi</td>
        <td>802.11 b/g/n (2.4 GHz)</td>
    </tr>
    <tr>
        <td>Bluetooth</td>
        <td>5.0 LE</td>
    </tr>
    <tr>
        <td>GPIO</td>
        <td>45 خيط</td>
    </tr>
    <tr>
        <td>USB</td>
        <td>نوع C (الدعم الأصلي لـ USB)</td>
    </tr>
    <tr>
        <td>ADC</td>
        <td>2x 13-bit SAR ADC</td>
    </tr>
    <tr>
        <td>الطاقة</td>
        <td>3.3V (5V عبر مدخل USB)</td>
    </tr>
    <tr>
        <td>الحجم</td>
        <td>69.2 × 25.4 mm</td>
    </tr>
</table>",ollama-qwen2.5:7b-bulk-full,2026-04-30T16:08:02+03:00,ollama-qwen2.5:7b-bulk,,,,,,,,,,2026-04-30T16:56:27+03:00,,,,,,,high,ESP32-S3 DevKit 10-pack,,,,,
190,simple,NG-MKR-008,,Creality Ender-3 V3 SE - The Best Entry-Level 3D Printer,1,0,visible,FDM printer with speeds up to 250mm/s and CR Touch auto leveling. Easy assembly in minutes with a flexible PEI build plate. The best entry point into 3D printing in 2024.,"Step into 3D printing with confidence and zero complexity.\n\nThe **Creality Ender-3 V3 SE** is purpose-built for beginners without compromising on performance. With auto bed leveling and easy assembly, you'll be printing within 20 minutes of unboxing.\n\n**Why This Product?**\n- **250mm/s Speed:** Fast printing powered by the new ""Sprite"" direct drive extruder.\n- **CR Touch Auto Leveling:** 16-point probing for a perfectly calibrated bed every time.\n- **Flexible PEI Sheet:** Prints pop off effortlessly with a simple flex.\n- **Direct Drive Extruder:** Handles flexible materials like TPU without issues.\n- **3.2"" Color Screen:** Simple, intuitive interface for hassle-free operation.\n\n**Technical Specifications:**\n| Print Technology | FDM |\n|---|---|\n| Build Volume | 220 × 220 × 250 mm |\n| Print Speed | Up to 250 mm/s |\n| Layer Height | 0.1 - 0.35 mm |\n| Filament Diameter | 1.75 mm |\n| Max Nozzle Temp | 260°C |\n| Max Bed Temp | 100°C |\n| Leveling | CR Touch Auto |\n| Dimensions | 430 × 423 × 492 mm |\n| Weight | 7.86 kg |",,,taxable,,1,,,0,0,12.0,55,45,55,1,,0,1250,Enthusiasts & Gamers | هواة التقنية,"3D printer, 3d printing, طابعة ثلاثية الأبعاد, طباعة ثلاثية الأبعاد",,https://neogen.store/wp-content/uploads/NG-MKR-008.jpg,,,,,,,,,0,,,,,كريالتي Ender-3 V3 SE - The Best Entry-Level طابعة ثلاثية الأبعاد,,"<p>انضم إلى عالم الطباعة ثلاثية الأبعاد بثقة وسهولة باستخدام <strong>Creality Ender-3 V3 SE</strong>.</p>

<ul>
    <li><strong>سرعة 250mm/s:</strong> طباعة سريعة مدعومة بالمحرّك المباشر الجديد ""Sprite"".</li>
    <li><strong>CR Touch التوازن التلقائي:</strong> تصفح نقاط 16 لضبط السطح بدقة.</li>
    <li><strong>الطباعة من لوحة PEI مرنة:</strong> تسقط الطباعة بسهولة مع مرونتها.</li>
    <li><strong>محرّك طباعة مباشر:</strong> يتعامل مع المواد المرنّة مثل TPU بسهولة.</li>
</ul>

<table>
    <tr>
        <th>التكنولوجيا المطبوعة</th>
        <td>FDM</td>
    </tr>
    <tr>
        <th>حجم البناء</th>
        <td>220 × 220 × 250 ملم</td>
    </tr>
    <tr>
        <th>سرعة الطباعة</th>
        <td>حد أقصى 250 mm/s</td>
    </tr>
    <tr>
        <th>ارتفاع الطبقة</th>
        <td>من 0.1 إلى 0.35 ملم</td>
    </tr>
    <tr>
        <th>قطر الفيلمان</th>
        <td>1.75 ملم</td>
    </tr>
    <tr>
        <th>درجة حرارة المسطّح الأقصى</th>
        <td>260°C</td>
    </tr>
    <tr>
        <th>درجة حرارة السطح الأقصى</th>
        <td>100°C</td>
    </tr>
    <tr>
        <th>ضبط التوازن</th>
        <td>CR Touch التوازن التلقائي</td>
    </tr>
    <tr>
        <th>الحجم</th>
        <td>430 × 423 × 492 ملم</td>
    </tr>
    <tr>
        <th>وزن</th>
        <td>7.86 كجم</td>
    </tr>
</table>",ollama-qwen2.5:7b-bulk-full,2026-04-30T16:07:40+03:00,auto-generated,1000,https://www.amazon.sa/-/en/Creality-Printer-Printing-Printers-Auto-Load/dp/B0CYHHFH79/ref=sr_1_6,2026-04-29T14:40:00+03:00,high,1199,0,1777462799,1777462799,,,,,,,,,high,Creality Ender-3 V3 SE,1000.0,2026-04-29T14:40:00+03:00,250.0,25.0,PRICED HIGHER THAN AMAZON
191,simple,NG-MKR-007,,Prusa Mini+ 3D Printer - Professional Precision in a Compact Package,1,0,visible,Premium FDM printer from Prusa Research with 180×180×180mm build volume. Features SuperPINDA auto bed leveling and full PrusaSlicer support. Exceptional print quality in a desktop-friendly form factor.,"You don't need a big machine to get professional-grade 3D prints.\n\nThe **Prusa Mini+** is the perfect gateway to professional 3D printing. Designed by Josef Prusa, one of the most respected names in 3D printing, this compact printer delivers performance that far exceeds its size.\n\n**Why This Product?**\n- **Ultra-Fine Detail:** Layer heights from 0.05mm for stunningly detailed prints.\n- **Auto Bed Leveling:** SuperPINDA sensor calibrates the print surface automatically every time.\n- **Color LCD:** 2.8-inch color display for easy control and monitoring.\n- **Open Source Firmware:** Continuous updates backed by a massive global community.\n- **Multi-Material:** Supports PLA, PETG, ASA, ABS, Flex, and more.\n\n**Technical Specifications:**\n| Print Technology | FDM (Fused Deposition Modeling) |\n|---|---|\n| Build Volume | 180 × 180 × 180 mm |\n| Layer Height | 0.05 - 0.30 mm |\n| Filament Diameter | 1.75 mm |\n| Nozzle Diameter | 0.4 mm (swappable) |\n| Max Nozzle Temp | 280°C |\n| Print Surface | Removable magnetic PEI sheet |\n| Connectivity | USB, Ethernet, Wi-Fi (optional) |\n| Dimensions | 330 × 330 × 380 mm |\n| Weight | 4.5 kg |",,,taxable,,1,,,0,0,8.0,45,35,40,1,,3299,3799,Enthusiasts & Gamers | هواة التقنية,"3D printer, 3d printing, professional, احترافي, طابعة ثلاثية الأبعاد, طباعة ثلاثية الأبعاد",,https://neogen.store/wp-content/uploads/NG-MKR-007.jpg,,,,,,,,,0,,,,,Prusa Mini+ طابعة ثلاثية الأبعاد - Professional Precision in a Compact Package,,"<p>لا تحتاج إلى آلة كبيرة لاستخراج طابعات 3D محترفة.</p>
<ul>
    <li><strong>التفاصيل الفائقة:</strong> طبقات منخفضة من 0.05mm لإنتاج طباعة مذهلة بالتفاصيل.</li>
    <li><strong> leveling تلقائي للسطح:</strong> يستخدم جهاز SuperPINDA لضبط سطح الطباعة تلقائيًا كل مرة.</li>
    <li><strong>شاشة لونية 2.8 بوصة:</strong> للمراقبة والإدارة السهلة.</li>
    <li><strong>برمجة مفتوحة المصدر:</strong> تحديثات مستمرة من قبل مجتمع عالمي ضخم.</li>
    <li><strong>دعم المواد المتعددة:</strong> يدعم PLA، PETG، ASA، ABS، Flex وغيرها.</li>
</ul>
<table>
    <tr>
        <th>تقنية الطباعة</th>
        <td>FDM (Fused Deposition Modeling)</td>
    </tr>
    <tr>
        <th>حجم البناء</th>
        <td>180 × 180 × 180 mm</td>
    </tr>
    <tr>
        <th>ارتفاع الطبقات</th>
        <td>0.05 - 0.30 mm</td>
    </tr>
    <tr>
        <th>قطر الفولاذ المقاوم للصدأ</th>
        <td>1.75 mm</td>
    </tr>
    <tr>
        <th>قطر أنبوب التسخين</th>
        <td>0.4 mm (قابل للتغيير)</td>
    </tr>
    <tr>
        <th>درجة حرارة الأنابيب القصوى</th>
        <td>280°C</td>
    </tr>
    <tr>
        <th>سطح الطباعة</th>
        <td>رقة PEI المغناطيسية قابلة للإزالة</td>
    </tr>
    <tr>
        <th>التوصيل</th>
        <td>USB، إيثرنت، Wi-Fi (اختياري)</td>
    </tr>
    <tr>
        <th>الحجم</th>
        <td>330 × 330 × 380 mm</td>
    </tr>
    <tr>
        <th>الوزن</th>
        <td>4.5 كجم</td>
    </tr>
</table>",ollama-qwen2.5:7b-bulk-full,2026-04-30T16:07:20+03:00,auto-generated,,,,,,,,,,,,,,,,,high,Prusa Mini+ 3D printer,,,,,
192,simple,NG-MKR-006,,Arduino Mega 2560 Rev3 - The Ultimate Microcontroller Board for Advanced Projects,1,0,visible,"Official Arduino Mega 2560 with 54 digital I/O pins and 16 analog inputs. ATmega2560 processor at 16MHz with 256KB flash memory. The go-to board for large-scale projects, robotics, and 3D printers.","Outgrown the Arduino Uno? Time to level up.\n\nThe **Arduino Mega 2560 Rev3** is the most powerful official Arduino board, designed for projects that demand more pins, more memory, and more serial ports. From complex robotics to industrial automation, this board handles it all.\n\n**Why This Product?**\n- **54 Digital I/O Pins:** 15 with PWM output, enough for the most ambitious builds.\n- **16 Analog Inputs:** Read multiple sensors simultaneously with precision.\n- **256KB Flash Memory:** Four times the Uno's capacity for longer, more complex sketches.\n- **4 Hardware Serial Ports:** Communicate with displays, GPS, Bluetooth, and more at the same time.\n- **Full Compatibility:** Works with thousands of existing shields and libraries.\n\n**Technical Specifications:**\n| Processor | ATmega2560 @ 16 MHz |\n|---|---|\n| Voltage | 5V (Input 7-12V) |\n| Digital I/O | 54 (15 PWM) |\n| Analog Inputs | 16 |\n| Flash Memory | 256 KB |\n| SRAM | 8 KB |\n| EEPROM | 4 KB |\n| Dimensions | 101.52 × 53.3 mm |\n| Weight | 37 g |\n| USB | Type-B |",,,taxable,,1,,,0,0,0.2,14,10,4,1,,0,549,Hardware | أجهزة PC,"enterprise, professional, احترافي, حلول شركات",,https://neogen.store/wp-content/uploads/NG-MKR-006.jpg,,,,,,,,,0,,,,,arduino mega 2560 rev3 - لوحة ميكروكونترولر فائقة للمشاريع المتقدمة,,"<div>
    <p>إذا كنت قد نضجت من استخدام Arduino Uno وتحتاج إلى لوحة ميكروكونترولر قوية تتميز بمزيد من الأبواب الرقمية والمدخلات المعلمة، فهنا هو الحل الأمثل: Arduino Mega 2560 Rev3.</p>
    <strong>لماذا هذا المنتج؟</strong>
    <ul>
        <li>يحتوي على 54 بوابة رقمية I/O مع 15 منها تدعم الإخراج بالرفرفة، مما يجعلها الخيار الأمثل لأكبر المشاريع.</li>
        <li>يتميز بـ 16 مدخلًا معلميًا يتيح قراءة العديد من المكاييل بشكل دقيق في وقت واحد.</li>
        <li>يأتي مع ذاكرة فلاش بسعة 256KB، مما يجعله أربع مرات أكبر من Arduino Uno لاستيعاب الرسومات الأكثر تعقيدًا.</li>
        <li>يحتوي على 4 مداخل سلسلة تصلب مادية تتيح التواصل مع عرض البيانات، GPS، وبلوتوث وغيرها في الوقت نفسه.</li>
        <li>يشمل التوافق الكامل مع آلاف الأقراص الثانوية والبرمجيات الموجودة.</li>
    </ul>
    <strong>المواصفات التقنية:</strong>
    <table border=""1"">
        <tr>
            <th>المعالج</th>
            <td>ATmega2560 @ 16 MHz</td>
        </tr>
        <tr>
            <th>التوتر الكهربائي</th>
            <td>5V (المدخل 7-12V)</td>
        </tr>
        <tr>
            <th>البوابات الرقمية I/O</th>
            <td>54 (15 PWM)</td>
        </tr>
        <tr>
            <th>المدخلات المعلمية</th>
            <td>16</td>
        </tr>
        <tr>
            <th>ذاكرة فلاش</th>
            <td>256 KB</td>
        </tr>
        <tr>
            <th>ذاكرة SRAM</th>
            <td>8 KB</td>
        </tr>
        <tr>
            <th>ذاكرة EEPROM</th>
            <td>4 KB</td>
        </tr>
        <tr>
            <th>الحجم</th>
            <td>101.52 × 53.3 mm</td>
        </tr>
        <tr>
            <th>الوزن</th>
            <td>37 g</td>
        </tr>
        <tr>
            <th>USB</th>
            <td>Type-B</td>
        </tr>
    </table>
</div>",ollama-qwen2.5:7b-bulk-full,2026-04-30T16:06:54+03:00,ollama-qwen2.5:7b-bulk,,,,,,,,,,2026-04-30T16:56:24+03:00,,,,,,,high,Arduino Mega 2560 Rev3,,,,,
193,simple,NG-GAM-012,,Elgato Wave:3 - Premium USB Condenser Microphone for Streaming,1,0,visible,"USB condenser microphone with studio-quality 96kHz/24-bit audio. Proprietary condenser capsule with Clipguard anti-distortion technology. Digital mixing via Wave Link software. Ideal for streaming, podcasting, and YouTube.","Your voice is your online identity. The **Elgato Wave:3** delivers professional broadcast sound without the complexity of traditional audio equipment.\n\n**Why This Product?**\n- **Proprietary Condenser Capsule:** Designed with audio experts for exceptional clarity at 96kHz/24-bit.\n- **Clipguard Technology:** Automatically prevents distortion even during sudden shouts, your recording stays clean.\n- **Wave Link Mixer:** Software mixer blending up to 9 independent audio sources (game, music, Discord).\n- **Instant Control:** Tap the microphone to control volume with LED indicator feedback.\n- **Sleek, Compact Design:** Looks professional on camera with included desk stand.\n\n**Technical Specifications:**\n| Model | Wave:3 |\n|---|---|\n| Type | Condenser |\n| Sample Rate | 96kHz / 24-bit |\n| Polar Pattern | Cardioid |\n| Frequency Response | 70Hz - 20kHz |\n| Connection | USB-C |\n| Clipguard | Yes (automatic distortion prevention) |\n| Wave Link | Yes (mix 9 sources) |\n| Mount | Desk stand included + 1/4""-20 &amp; 3/8"" compatible |\n| Dimensions | 66 x 65 x 153 mm (microphone only) |\n| Weight | 585 g (with stand) |",,,taxable,,1,,,0,0,1.0,28,22,16,1,,1149,1329,Gaming | ألعاب,"gaming, microphone, قيمنق, مايكروفون",,https://neogen.store/wp-content/uploads/NG-GAM-012.jpg,,,,,,,,,0,,,,,إلجاتو Wave:3 - Premium USB Condenser ميكروفون for Streaming,,"<p>يعد الميكروفون الرقمي Elgato Wave:3 الخيار الأمثل لمن يرغب في تسجيل الصوت بجودة محترفة دون التعقيدات التقنية.</p>

    <section>
        <h2><strong>لماذا هذا المنتج؟</strong></h2>
        <ul>
            <li>الكبسولة الدائمة الضغطية المبتكرة: مصممة بواسطة متخصصي الصوت لتقديم صوت واضح في معدل العينة 96kHz/24-bit.</li>
            <li>تقنية Clipguard: تمنع التحيز التلقائي أثناء الهتافات المفاجئة، مما يحافظ على نظافة تسجيلك.</li>
            <li>مزيج Wave Link: مزيج برمجي لـ 9 مصادر صوتية مستقلة (الألعاب، الموسيقى، Discord).</li>
            <li>التحكم الفوري: اضغط على الميكروفون لتغيير مستوى الصوت مع مؤشر إشارة ضوئية.</li>
            <li>تصميم فاخر وコンパクト: يظهر بشكل محترف أمام الكاميرا مع منصات الطاولة المرفقة.</li>
        </ul>
    </section>

    <table>
        <thead>
            <tr>
                <th>النوع</th>
                <th>معدل العينة</th>
                <th>النمط القطبي</th>
                <th>مدى الاستجابة الصوتية</th>
                <th>التوصيل</th>
                <th>تقنية Clipguard</th>
                <th>تقنية Wave Link</th>
                <th>المount</th>
                <th>الحجم</th>
                <th>الوزن</th>
            </tr>
        </thead>
        <tbody>
            <tr>
                <td>Condenser</td>
                <td>96kHz / 24-bit</td>
                <td>Cardioid</td>
                <td>70Hz - 20kHz</td>
                <td>USB-C</td>
                <td>Yes (الوقاية التلقائية من التحيز)</td>
                <td>Yes (مزيج 9 مصادر)</td>
                <td>منصات الطاولة المرفقة + متوافق مع 1/4""-20 و 3/8""</td>
                <td>66 x 65 x 153 ملم (الميكروفون فقط)</td>
                <td>585 جم (مع المنصة)</td>
            </tr>
        </tbody>
    </table>",ollama-qwen2.5:7b-bulk-full,2026-04-30T16:06:30+03:00,auto-generated,,,,,,,,,,,,,,,,,high,Elgato Wave:3 USB microphone,,,,,
194,simple,NG-GAM-011,,SteelSeries QcK Heavy XXL - Extra-Large Gaming Mouse Pad,1,0,visible,Extra-large cloth mouse pad measuring 900x400mm with 6mm thickness. QcK micro-woven surface for superior tracking accuracy with non-slip rubber base. Covers the entire desk for keyboard and mouse.,"Expand your area of control. The **SteelSeries QcK Heavy XXL** gives you a massive playing surface optimized for the best possible mouse sensor performance.\n\n**Why This Product?**\n- **XXL Size (900x400mm):** Covers the entire desk, keyboard and mouse on one unified surface.\n- **6mm Thickness:** Comfortable cushioning that protects your wrist and absorbs desk vibrations.\n- **QcK Micro-Woven Surface:** Specially woven fabric optimized for gaming sensors, glitch-free tracking.\n- **Rubber Base:** Never moves, no matter how aggressive your movements.\n- **Stitched Edges:** Prevents peeling and wear over time.\n\n**Technical Specifications:**\n| Model | QcK Heavy XXL |\n|---|---|\n| Size | 900 x 400 mm |\n| Thickness | 6 mm |\n| Surface | QcK Micro-Woven cloth |\n| Base | Non-slip rubber |\n| Edges | Stitched |\n| Control Type | Balanced (Speed + Control) |\n| Washable | Yes (hand wash) |",,,taxable,,1,,,0,0,1.2,92,12,12,1,,0,200,Gaming | ألعاب,"gaming, gaming mouse, rack, ألعاب, خزانة شبكة, راك, فأرة, كيبورد, لوحة مفاتيح, ماوس",,https://neogen.store/wp-content/uploads/NG-GAM-011.jpg,,,,,,,,,0,,,,,ستيل سيريز QcK Heavy XXL - Extra-Large ماوس قيمنق Pad,,"<p>توسع مجالك من التحكم مع <strong>SteelSeries QcK Heavy XXL</strong>، لوحة الماوس الكبيرة التي تضمن أداء أفضل للمحول المرئي.</p>
<ul>
    <li><strong>الحجم XXL (900x400mm):</strong> تغطي سطح الطاولة بأكمله بما في ذلك لوحة المفاتيح والماوس.</li>
    <li><strong esp; 6ملم من السمك:</strong> مريحة وتحمي المرفق وتقلل من اهتزازات الطاولة.</li>
    <li><strong>سطح QcK ميكرو-ووفن:</strong> خطة خاصة تحسّن أداء المحول المرئي، تتبع دقيقة بلا انقطاع.</li>
    <li><strong>قاعدة رطوبة:</strong> لا تنقلب بأي حال من الأحوال، حتى مع الحركات العنيفة.</li>
    <li><strong>الحواف الخياطة:</strong> تمنع الفصل والتلف على مر الزمن.</li>
</ul>
<table>
    <tr>
        <th>الموديل</th>
        <td>QcK Heavy XXL</td>
    </tr>
    <tr>
        <th>الحجم</th>
        <td>900 x 400 mm</td>
    </tr>
    <tr>
        <th>السمك</th>
        <td>6 mm</td>
    </tr>
    <tr>
        <th>سطح</th>
        <td>QcK Micro-Woven cloth</td>
    </tr>
    <tr>
        <th>قاعدة</th>
        <td>Non-slip rubber</td>
    </tr>
    <tr>
        <th>نوع التحكم</th>
        <td>Balanced (Speed + Control)</td>
    </tr>
    <tr>
        <th>قابلية الغسيل</th>
        <td>(hand wash)</td>
    </tr>
</table>",ollama-qwen2.5:7b-bulk-full,2026-04-30T16:06:06+03:00,auto-generated,158,https://www.amazon.sa/-/en/Steelseries-67500-Qck-Gaming-Mauspad-Gummiunterseite/dp/B00WAA2704/ref=sr_1_1,2026-04-29T15:00:00+03:00,high,289,0,1777463947,1777463947,,,,,,,,,high,SteelSeries QcK Heavy XXL pad,158.0,2026-04-29T15:00:00+03:00,42.0,26.6,PRICED HIGHER THAN AMAZON
195,simple,NG-GAM-010,,BenQ Zowie XL2546K - 240Hz Esports Gaming Monitor,1,0,visible,Professional 24.5-inch gaming monitor with 240Hz refresh rate and 0.5ms response time. Exclusive DyAc+ technology for motion clarity with XL Setting to Share. The official monitor of global esports tournaments.,"See through the eyes of world champions. The **BenQ Zowie XL2546K** is found at every major esports tournament worldwide. That is not a coincidence. It is simply the best.\n\n**Why This Product?**\n- **240Hz + 0.5ms:** Ultra-high refresh rate with near-zero response time for total control.\n- **DyAc+ (Dynamic Accuracy):** BenQ exclusive technology reduces motion blur for unmatched clarity during sprays and explosions.\n- **XL Setting to Share:** Share your settings with other players or import pro player configurations.\n- **Black eQualizer:** Reveal hidden details in dark areas without over-exposing bright scenes.\n- **Fully Adjustable Stand:** Height, tilt, swivel, and pivot for perfect gaming posture.\n\n**Technical Specifications:**\n| Model | XL2546K |\n|---|---|\n| Size | 24.5 inches |\n| Resolution | 1920 x 1080 (Full HD) |\n| Panel | TN |\n| Refresh Rate | 240Hz |\n| Response Time | 0.5ms (GtG) |\n| Exclusive Tech | DyAc+ |\n| Ports | HDMI 2.0 x 3, DP 1.2 x 1, USB 3.0 hub |\n| Stand | Height / Tilt / Swivel / Pivot |\n| Dimensions (with stand) | 571 x 521 x 200 mm |\n| Weight | 6.2 kg |",,,taxable,,1,,,0,0,8.0,72,48,18,1,,2999,3449,Gaming | ألعاب,"240Hz, gaming, gaming monitor, monitor, professional, ألعاب, احترافي, شاشة, قيمنق, معدل تحديث عالي",,https://neogen.store/wp-content/uploads/NG-GAM-010.jpg,,,,,,,,,0,,,,,لوحة العرض الرياضية للألعاب بنسخته Zowie XL2546K - 240 هرتز,,"<p>استمتع بتجربة اللعب المثالية مع <strong>BenQ Zowie XL2546K</strong> - شاشة ألعاب إلكترونية تستخدم في جميع البطولات الكبرى للألعاب الإلكترونية حول العالم.</p>

<ul>
    <li><strong>240Hz + 0.5ms:</strong> معدل تحديث عالٍ جداً مع وقت استجابة几乎是中文：
<p>体验世界冠军级别的视觉效果，<strong>BenQ Zowie XL2546K</strong> 是全球各大电子竞技赛事中不可或缺的显示器。</p>

<ul>
    <li><strong>240Hz + 0.5ms：</strong> 超高刷新率与近乎零的响应时间，带来极致控制体验。</li>
    <li><strong>DyAc+（动态准确性）：</strong> BenQ 独家技术减少运动模糊，在喷射和爆炸时提供无与伦比的清晰度。</li>
    <li><strong>XL 设置共享：</strong> 与其他玩家分享设置或导入职业玩家配置文件。</li>
    <li><strong>黑色 eQualizer：</strong> 在不过度曝光明亮场景的情况下，揭示暗处隐藏的细节。</li>
    <li><strong>全功能可调底座：</strong> 高度、倾斜、旋转和枢转调整，确保最佳游戏姿势。</li>
</ul>

<table>
    <tr>
        <th>النوع</th>
        <td>XL2546K</td>
    </tr>
    <tr>
        <th>حجم الشاشة</th>
        <td>24.5 بوصة</td>
    </tr>
    <tr>
        <th>التقسيم</th>
        <td>1920 x 1080 (HD)</td>
    </tr>
    <tr>
        <th>لوحة الشاشة</th>
        <td>TN</td>
    </tr>
    <tr>
        <th>معدل تحديث</th>
        <td>240Hz</td>
    </tr>
    <tr>
        <th>وقت الاستجابة</th>
        <td>0.5ms (GtG)</td>
    </tr>
    <tr>
        <th>تقنية مميزة</th>
        <td>DyAc+</td>
    </tr>
    <tr>
        <th>منافذ الاتصال</th>
        <td>HDMI 2.0 x 3، DP 1.2 x 1، USB 3.0 هاب</td>
    </tr>
    <tr>
        <th>العجلة المتحركة</th>
        <td>ارتفاع / انحناء / دوران / تدوير</td>
    </tr>
    <tr>
        <th>الأبعاد (مع العجلة)</th>
        <td>571 x 521 x 200 مم</td>
    </tr>
    <tr>
        <th>الوزن</th>
        <td>6.2 كجم</td>
    </tr>
</table>",ollama-qwen2.5:7b-bulk-full,2026-04-30T16:05:47+03:00,ollama-qwen2.5:7b-bulk,,,,,,,,,,2026-04-30T16:56:21+03:00,,,,,,,high,"BenQ Zowie XL2546K 24"" 240Hz",,,,,
196,simple,NG-GAM-009,,Corsair K70 RGB Pro - Legendary Mechanical Gaming Keyboard,1,0,visible,Full-size mechanical keyboard with Cherry MX switches and per-key RGB lighting. Aluminum frame with magnetic wrist rest and 8000Hz polling rate. The gold standard in gaming keyboards.,"A legend that needs no introduction. The **Corsair K70 RGB Pro** is the mechanical keyboard trusted by millions of gamers worldwide for years.\n\n**Why This Product?**\n- **Cherry MX Switches:** Choose Red (fast linear) or Brown (quiet tactile), the global gold standard.\n- **8000Hz Polling Rate:** 8x faster response than traditional 1000Hz keyboards.\n- **Full Aluminum Frame:** Durability and elegance with a brushed, scratch-resistant finish.\n- **iCUE RGB:** Full per-key lighting control with hundreds of effects.\n- **Magnetic Wrist Rest:** Cushioned padding for superior comfort.\n\n**Technical Specifications:**\n| Model | K70 RGB Pro |\n|---|---|\n| Layout | Full-size (104 keys) |\n| Switches | Cherry MX Red / Brown |\n| Polling Rate | Up to 8000Hz |\n| Connectivity | USB-C wired |\n| Lighting | iCUE RGB per-key |\n| Frame | Brushed aluminum |\n| Anti-Ghosting | N-Key Rollover |\n| Cable | Braided USB-C detachable |\n| Dimensions | 444 x 166 x 40 mm |\n| Weight | 1.15 kg |",,,taxable,,1,,,0,0,2.0,50,22,8,1,,0,999,Gaming | ألعاب,"gaming, keyboard, mechanical, RGB, إضاءة RGB, قيمنق, لوحة مفاتيح, ميكانيكي",,https://neogen.store/wp-content/uploads/NG-GAM-009.jpg,,,,,,,,,0,,,,,كورسير K70 RGB Pro - Legendary Mechanical كيبورد قيمنق,,"<p>传奇游戏无需多言，<strong>Corsair K70 RGB Pro</strong> هو لوحة المفاتيح мехánيكية المعتمدة من قبل ملايين اللاعبين حول العالم لسنوات.</p>

<ul>
    <li><strong>شواحن Cherry MX:</strong> اختر بين الأحمر (سريعة وخطية) أو البrown (صامتة وتكتيلية)، المعيار الذهبي العالمي.</li>
    <li><strong>سرعة استجابة 8000Hz:</strong> سرعة استجابة تصل إلى 8 مرات أسرع من لوحيات USB-C التقليدية بسرعة 1000Hz.</li>
    <li><strong>الهيكل المعدني المبروك:</strong> متانة وإleganza مع طبقة مبروك مقاومة للخدش.</li>
    <li><strong>iCUE RGB:</strong> تحكم كامل في الإضاءة لكل مفتاح مع مئات التأثيرات.</li>
    <li><strong>الدعم الرملي المغناطيسي:</strong> تغطية مريحة للاستراحة فوق الكاحلين.</li>
</ul>

<table>
    <tr>
        <th>الموديل</th>
        <td>K70 RGB Pro</td>
    </tr>
    <tr>
        <th>الترتيب</th>
        <td>كامل الحجم (104 مفتاح)</td>
    </tr>
    <tr>
        <th>شواحن</th>
        <td>Cherry MX Red / Brown</td>
    </tr>
    <tr>
        <th>سرعة الاستجابة</th>
        <td>حد أقصى 8000Hz</td>
    </tr>
    <tr>
        <th>التوصيل</th>
        <td>USB-C مترابط</td>
    </tr>
    <tr>
        <th>الإضاءة</th>
        <td>iCUE RGB لكل مفتاح</td>
    </tr>
    <tr>
        <th>الهيكل</th>
        <td>مبروك من الفولاذ المطاوع</td>
    </tr>
    <tr>
        <th>عدم التخمين</th>
        <td>N-Key Rollover</td>
    </tr>
    <tr>
        <th>الكابل</th>
        <td>متصل مربوط بالكابل المبروك</td>
    </tr>
    <tr>
        <th>الأبعاد</th>
        <td>444 x 166 x 40 ملم</td>
    </tr>
    <tr>
        <th>الوزن</th>
        <td>1.15 كجم</td>
    </tr>
</table>",ollama-qwen2.5:7b-bulk-full,2026-04-30T16:05:21+03:00,auto-generated,,,,,,,,,,,,,,,,,high,Corsair K70 RGB Pro,,,,,
197,simple,NG-GAM-008,,Razer Basilisk V3 X HyperSpeed - Versatile Wireless Gaming Mouse,1,0,visible,Wireless mouse with 18K DPI sensor and dual HyperSpeed 2.4GHz + Bluetooth connectivity. Ergonomic design with Tilt-Click scroll wheel. AA battery lasting up to 285 hours. A smart choice for work and gaming.,"One mouse for work and play. The **Razer Basilisk V3 X HyperSpeed** combines gaming responsiveness with everyday comfort.\n\n**Why This Product?**\n- **18K DPI Sensor:** High precision for competitive gaming and office productivity.\n- **HyperSpeed + Bluetooth:** Switch between ultra-fast gaming and power-saving Bluetooth for work.\n- **Tilt-Click Wheel:** Vertical and horizontal scrolling with side click for productivity.\n- **AA Battery:** Up to 285 hours on Bluetooth, swap in seconds without charging.\n- **6 Programmable Buttons:** Customize everything via Razer Synapse.\n\n**Technical Specifications:**\n| Model | Basilisk V3 X HyperSpeed |\n|---|---|\n| Sensor | Razer 5G Advanced (18,000 DPI) |\n| Connectivity | HyperSpeed 2.4GHz + Bluetooth |\n| Speed | Up to 450 IPS |\n| Acceleration | 40G |\n| Buttons | 6 programmable |\n| Switches | Razer Mechanical (60M clicks) |\n| Battery | AA (up to 285 hrs BT / 140 hrs HyperSpeed) |\n| Weight | 78 g (without battery) |\n| Dimensions | 130 x 67 x 42 mm |",,,taxable,,1,,,0,0,0.3,16,12,8,1,,0,649,Gaming | ألعاب,"gaming, gaming mouse, wireless, قيمنق, لاسلكي, ماوس قيمنق",,https://neogen.store/wp-content/uploads/NG-GAM-008.jpg,,,,,,,,,0,,,,,رايزر Basilisk V3 X HyperSpeed - Versatile لاسلكي ماوس قيمنق,,"<p>جهاز متعدد الاستخدامات لألعاب الفيديو والعمل، يجمع **Razer Basilisk V3 X HyperSpeed** بين الرد الفوري للألعاب وراحة يومية مثالية.</p>
<ul>
    <li><strong>18K DPI Sensor:</strong> دقة عالية لألعاب الفيديو التنافسية والإنتاجية اليومية.</li>
    <li><strong>HyperSpeed + Bluetooth:</strong> تبديل بين اللعب المدهش السرعة والاتصال عبر بluetووث لتوفير الطاقة للعمل.</li>
    <li><strong>Tilt-Click Wheel:</strong> تصفح عمودي和平版本
<p>适用于工作和娱乐的一体化鼠标，**Razer Basilisk V3 X HyperSpeed** 结合了游戏响应性和日常舒适性。</p>
<ul>
    <li><strong>18K DPI Sensor:</strong> 为竞技游戏和办公生产力提供高精度。</li>
    <li><strong>HyperSpeed + Bluetooth:</strong> 在超快游戏模式与节能蓝牙工作模式之间快速切换。</li>
    <li><strong>Tilt-Click Wheel:</strong> 垂直和平行滚动，侧边点击提高工作效率。</li>
    <li><strong>AA Battery:</strong> 蓝牙模式下最多可使用285小时，无需充电即可轻松更换电池。</li>
    <li><strong>6 Programmable Buttons:</strong> 通过Razer Synapse自定义一切功能。</li>
</ul>
<table>
    <tr>
        <th>النوع</th>
        <td>Basilisk V3 X HyperSpeed</td>
    </tr>
    <tr>
        <th>المؤشر</th>
        <td>Razer 5G Advanced (18,000 DPI)</td>
    </tr>
    <tr>
        <th>التوصيل</th>
        <td>HyperSpeed 2.4GHz + Bluetooth</td>
    </tr>
    <tr>
        <th>السرعة</th>
        <td>حد أقصى 450 IPS</td>
    </tr>
    <tr>
        <th>التسارع</th>
        <td>40G</td>
    </tr>
    <tr>
        <th>الزرات</th>
        <td>6 زر قابل للبرمجة</td>
    </tr>
    <tr>
        <th>المفتاح</th>
        <td>Razer Mechanical (60M نقر)</td>
    </tr>
    <tr>
        <th>البطارية</th>
        <td>AA (حد أقصى 285 ساعة في Bluetooth / 140 ساعة في HyperSpeed)</td>
    </tr>
    <tr>
        <th>الوزن</th>
        <td>78 g (بدون البطارية)</td>
    </tr>
    <tr>
        <th>الأبعاد</th>
        <td>130 x 67 x 42 ملم</td>
    </tr>
</table>",ollama-qwen2.5:7b-bulk-full,2026-04-30T16:04:57+03:00,auto-generated,,,,,,,,,,,,,,,,,high,Razer Basilisk V3 X HyperSpeed,,,,,
198,simple,NG-GAM-007,,8BitDo Arcade Stick - Authentic Arcade Experience at Home,1,0,visible,"Wireless arcade stick (Bluetooth + 2.4GHz + wired) compatible with PC, Switch, and Steam Deck. Genuine swappable Sanwa joystick and buttons. Perfect for fighting games and classic arcade titles.","Bring the arcade to your room. The **8BitDo Arcade Stick** delivers an authentic arcade experience with modern flexibility found nowhere else.\n\n**Why This Product?**\n- **Genuine Sanwa Parts:** JLF joystick and OBSF-30 buttons from Sanwa Japan, the global standard in arcade sticks.\n- **3 Connection Modes:** Bluetooth + 2.4GHz (dongle included) + USB-C wired.\n- **Fully Customizable:** Swap joystick and buttons easily (Sanwa / Seimitsu compatible).\n- **Dual Modes:** Switchable D-pad and Joystick modes.\n- **8BitDo App:** Remap buttons and adjust sensitivity from your phone.\n\n**Technical Specifications:**\n| Model | 8BitDo Arcade Stick |\n|---|---|\n| Joystick | Sanwa JLF-TP-8YT |\n| Buttons | Sanwa OBSF-30 (8 main buttons) |\n| Connectivity | Bluetooth + 2.4GHz + USB-C |\n| Compatibility | PC, Switch, Steam Deck, Android |\n| Battery | Up to 40 hours (Bluetooth) |\n| Charging | USB-C |\n| Dimensions | 373 x 203 x 114 mm |\n| Weight | 2.18 kg |",,,taxable,,1,,,0,0,3.5,38,28,14,1,,0,530,Gaming | ألعاب,"Bluetooth, controller, gaming, بلوتوث, قيمنق, يد تحكم",,https://neogen.store/wp-content/uploads/NG-GAM-007.jpg,,,,,,,,,0,,,,,8BitDo أريادنيك ستيك - تجربة قاعة الألعاب في المنزل,,"<p>استمتع بتجربة الأركاد في منزلك مع <strong>8BitDo Arcade Stick</strong>.</p>

<ul>
    <li><strong>القطع الأصلية:</strong> يحتوي على جليفوس JLF وButtons OBSF-30 من شركة سانوا اليابانية، المعيار العالمي للأركاد.</li>
    <li><strong>三种连接模式：</strong>蓝牙 + 2.4GHz（附带dongle）+ USB-C有线。</li>
    <li><strong>完全可自定义：</strong>可以轻松更换摇杆和按钮（兼容Sanwa / Seimitsu）。</li>
    <li><strong>双模式切换：</strong>可切换方向键和摇杆模式。</li>
    <li><strong>8BitDo应用程序：</strong>通过手机重新映射按钮并调整灵敏度。</li>
</ul>

<table>
    <tr>
        <th>النوع</th>
        <td>8BitDo Arcade Stick</td>
    </tr>
    <tr>
        <th>الجليفوس</th>
        <td>Sanwa JLF-TP-8YT</td>
    </tr>
    <tr>
        <th>الزرات</th>
        <td>Sanwa OBSF-30 (8 زر أساسي)</td>
    </tr>
    <tr>
        <th>التوصيل</th>
        <td>Bluetooth + 2.4GHz + USB-C</td>
    </tr>
    <tr>
        <th>التوافقية</th>
        <td>PC، Switch، Steam Deck، Android</td>
    </tr>
    <tr>
        <th>بطارية</th>
        <td>长达 40 小时（蓝牙）</td>
    </tr>
    <tr>
        <th>شحن</th>
        <td>USB-C</td>
    </tr>
    <tr>
        <th>الحجم</th>
        <td>373 x 203 x 114 mm</td>
    </tr>
    <tr>
        <th>الوزن</th>
        <td>2.18 kg</td>
    </tr>
</table>",ollama-qwen2.5:7b-bulk-full,2026-04-30T16:04:31+03:00,ollama-qwen2.5:7b-bulk,419,https://www.amazon.sa/-/en/Windows-Wireless-Bluetooth-Receiver-Connection/dp/B08GJC5WSS/ref=sr_1_1,2026-04-29T14:40:00+03:00,high,799,0,1777462799,1777462799,,2026-04-30T16:56:18+03:00,,,,,,,high,8BitDo Arcade Stick,419.0,2026-04-29T14:40:00+03:00,111.0,26.5,PRICED HIGHER THAN AMAZON
199,simple,NG-GAM-006,,SteelSeries Arctis Nova 7 - Multi-Platform Wireless Gaming Headset,1,0,visible,"Multi-platform wireless headset with simultaneous 2.4GHz and Bluetooth 5.0 connectivity. Nova Acoustic System drivers with Hi-Res audio. 38-hour battery with fast charging. Compatible with PC, PS5, Switch, and mobile.","One headset for all your devices. The **SteelSeries Arctis Nova 7** seamlessly switches between PC, PlayStation, and mobile without swapping headsets.\n\n**Why This Product?**\n- **Simultaneous Dual Connectivity:** 2.4GHz for gaming + Bluetooth for mobile at the same time. Take calls while gaming!\n- **Nova Acoustic System:** Custom-designed neodymium drivers for clear Hi-Res sound.\n- **38-Hour Battery:** Quick charge 15 minutes for 6 hours of play.\n- **ClearCast Gen 2 Mic:** AI-powered bidirectional noise cancellation for crystal-clear voice.\n- **ComfortMAX System:** Swappable AirWeave cushions with adjustable headband.\n\n**Technical Specifications:**\n| Model | Arctis Nova 7 |\n|---|---|\n| Drivers | Nova Custom, 40mm, Neodymium |\n| Frequency Response | 20Hz - 22kHz |\n| Connectivity | 2.4GHz Wireless + Bluetooth 5.0 (simultaneous) |\n| Microphone | ClearCast Gen 2, Bidirectional, retractable |\n| Battery | 38 hours |\n| Fast Charge | 15 min = 6 hours |\n| Compatibility | PC, PS5, PS4, Switch, Mobile |\n| Weight | 325 g |",,,taxable,,1,,,0,0,1.2,28,24,14,1,,0,1199,Gaming | ألعاب,"gaming, gaming headset, wireless, سماعة قيمنق, قيمنق, لاسلكي",,https://neogen.store/wp-content/uploads/NG-GAM-006.jpg,,,,,,,,,0,,,,,ستيل سيريز Arctis Nova 7 - Multi-Platform لاسلكي سماعة قيمنق,,"<p>ال SteelSeries Arctis Nova 7 - سماعات ألعاب متعددة المنصات اللاسلكية، تتميز بالاندماج السلس بين الكمبيوتر وال PlayStation و الأجهزة المحمولة.</p>

<strong>لماذا هذا المنتج؟</strong>
<ul>
    <li><strong>التوصيل المتزامن المزدوج:</strong> 2.4GHz للاستخدام في الألعاب + Bluetooth للهواتف المحمولة في الوقت نفسه. استجب للمكالمات أثناء اللعب!</li>
    <li><strong>نظام Acoustic Nova:</strong> سماعات نيدموديوم مصممة خصيصًا لتوفير صوت عالي الدقة بوضوح.</li>
    <li><strong>بطارية 38 ساعة:</strong> شحن سريع لمدة 15 دقيقة لـ 6 ساعات من اللعب.</li>
    <li><strong>ميكروفون ClearCast Gen 2:</strong> إلغاء الضوضاء ال双边翻译：强人工智能双语助手提示您: 您的问题表述中包含中文和英文，请问需要翻译成哪种语言？或者，您希望获得的输出是哪种语言版本？请明确告知我，以便我能更好地帮助您。",ollama-qwen2.5:7b-bulk-full,2026-04-30T16:04:11+03:00,auto-generated,,,,,,,,,,,,,,,,,high,SteelSeries Arctis Nova 7,,,,,
200,simple,NG-GAM-005,,Elgato HD60 X - External Capture Card for Streaming and Recording,1,0,visible,"External capture card recording at 4K30 or 1080p60 HDR10 with 4K60 HDR Passthrough. Compatible with PS5, Xbox, PC, and Switch via USB 3.0. The essential tool for content creators.","Start your streaming and content creation journey professionally. The **Elgato HD60 X** captures your gameplay at the highest quality while maintaining a lag-free gaming experience.\n\n**Why This Product?**\n- **4K30 / 1080p60 HDR10 Capture:** Record at the highest quality for YouTube and live streaming.\n- **4K60 HDR Passthrough:** Play at full 4K 60fps on your display with zero quality impact.\n- **VRR Passthrough:** Variable Refresh Rate support for smooth gameplay (FreeSync/G-Sync).\n- **Plug &amp; Play:** USB 3.0, no PCIe card needed. Connect and go.\n- **Universal Compatibility:** Works with OBS, Streamlabs, Elgato 4K Capture Utility, and any streaming software.\n\n**Technical Specifications:**\n| Model | HD60 X |\n|---|---|\n| Capture | Up to 4K30 / 1080p60 HDR10 |\n| Passthrough | 4K60 HDR10 + VRR |\n| Input | HDMI 2.0 (unencrypted) |\n| Connection | USB 3.0 Type-C |\n| Encoding | H.264/H.265 (Software) |\n| Compatibility | PC, Mac, PS5, Xbox, Switch |\n| Dimensions | 112 x 72 x 18 mm |\n| Weight | 91 g |",,,taxable,,1,,,0,0,0.4,18,14,6,1,,0,1249,Gaming | ألعاب,"capture card, gaming, قيمنق, كرت التقاط",,https://neogen.store/wp-content/uploads/NG-GAM-005.jpg,,,,,,,,,0,,,,,إلجاتو HD60 X - External كرت تسجيل for Streaming and Recording,,"<p>ابدأ رحلتك في التسجيل والعمل على المحتوى بشكل محترف مع <strong>Elgato HD60 X</strong>, التي تلتقط لعبتك بجودة عالية دون أي تأخير.</p>

<ul>
    <li><strong>التقاط بجودة 4K30 / 1080p60 HDR10:</strong> تسجيل محتوى YouTube وتسجيل البث المباشر بأعلى جودة.</li>
    <li><strong>مرور التكنولوجيا بجودة 4K60 HDR10:</strong> لعب الألعاب بجودة 4K 60fps على شاشتك دون أي تأثير سلبي على الجودة.</li>
    <li><strong>مرور VRR:</strong> دعم معدل التحديث المتغير لتجربة لعب سلس (FreeSync/G-Sync).</li>
    <li><strong>التوصيل الفوري:</strong> من خلال USB 3.0، دون الحاجة إلى بطاقة PCIe. اتصل واستخدمها.</li>
    <li><strong>توافق عام:</strong> تعمل مع OBS, Streamlabs, Elgato 4K Capture Utility، وجميع برامج التسجيل الأخرى.</li>
</ul>

<table>
    <tr>
        <th>النموذج</th>
        <td>HD60 X</td>
    </tr>
    <tr>
        <th>التقاط</th>
        <td>حد أقصى 4K30 / 1080p60 HDR10</td>
    </tr>
    <tr>
        <th>مرور التكنولوجيا</th>
        <td>4K60 HDR10 + VRR</td>
    </tr>
    <tr>
        <th>الإدخال</th>
        <td>HDMI 2.0 (غير مشفَّر)</td>
    </tr>
    <tr>
        <th>التوصيل</th>
        <td>USB 3.0 Type-C</td>
    </tr>
    <tr>
        <th>الترميز</th>
        <td>H.264/H.265 (برمجي)</td>
    </tr>
    <tr>
        <th>توافق</th>
        <td>PC, Mac, PS5, Xbox, Switch</td>
    </tr>
    <tr>
        <th>الحجم</th>
        <td>112 x 72 x 18 ملم</td>
    </tr>
    <tr>
        <th>الوزن</th>
        <td>91 جرام</td>
    </tr>
</table>",ollama-qwen2.5:7b-bulk-full,2026-04-30T16:04:00+03:00,auto-generated,,,,,,,,,,,,,,,,,high,Elgato HD60 X capture card,,,,,
201,simple,NG-GAM-004,,Razer BlackWidow V4 75% - Compact Mechanical Gaming Keyboard,1,0,visible,75% mechanical keyboard with Razer Orange Tactile switches. Per-key RGB lighting with magnetic wrist rest and rotary encoder knob. Compact layout without compromise.,"Every key you need, nothing you do not. The **Razer BlackWidow V4 75%** combines compact form with full features in a design that turns heads.\n\n**Why This Product?**\n- **Razer Orange Tactile Switches:** Clear tactile feedback without loud clicks (pre-lubed, 50g actuation).\n- **Rotary Encoder + Media Keys:** Quick volume and settings control without leaving your game.\n- **Razer Chroma RGB:** 16.8 million colors per key with Chroma sync across devices.\n- **Magnetic Wrist Rest:** Seamlessly attaches for superior comfort during typing and gaming.\n- **Aluminum Construction:** Sturdy build quality with stable desk presence.\n\n**Technical Specifications:**\n| Model | BlackWidow V4 75% |\n|---|---|\n| Layout | 75% (84 keys) |\n| Switches | Razer Orange Tactile |\n| Connectivity | USB-C wired |\n| Lighting | Razer Chroma RGB (per-key) |\n| Features | Rotary encoder + media keys |\n| Anti-Ghosting | N-Key Rollover |\n| Cable | Braided USB-C detachable |\n| Dimensions | 332 x 140 x 42 mm |\n| Weight | 852 g (without wrist rest) |",,,taxable,,1,,,0,0,1.2,38,16,8,1,,0,1199,Gaming | ألعاب,"gaming, LED, lighting, RGB, switch, إضاءة, إضاءة RGB, سويتش, كيبورد, لوحة مفاتيح",,https://neogen.store/wp-content/uploads/NG-GAM-004.jpg,,,,,,,,,0,,,,,رايزر BlackWidow V4 75% - Compact Mechanical كيبورد قيمنق,,"<p>كل ما تحتاجه من مفاتيح، ولا أكثر. تجمع لوحة المفاتيح Razer BlackWidow V4 75% بين تصميم صغير الحجم مع ميزات كاملة في تصميم يجذب الانتباه.</p>
<strong>لماذا هذا المنتج؟</strong>
<ul>
<li><strong>مفاتيح Razer Orange التكتيلية:</strong> تغطي التغذية الراجعة التكتيلية دون إصدار أصوات قوية (مُزودة مسبقاً بالزيوت، 50g لمسة).</li>
<li><strong>مُحَدِّد دوراني + مفاتيح الوسائط:</strong> التحكم السريع في الصوت والضبط دون الحاجة للخروج من اللعبة.</li>
<li><strong>Razer Chroma RGB:</strong> 16.8 مليون لون لكل مفتاح مع توافق Chroma عبر الأجهزة.</li>
<li><strong>الراحة المغناطيسية:</strong> تثبيت سلس للراحة أثناء الكتابة واللعب.</li>
<li><strong>البناء المعدني:</strong> جودة صلبة مع استقرار ممتاز على سطح المكتب.</li>
</ul>
<strong>المواصفات التقنية:</strong>
<table>
<tr><",ollama-qwen3:8b-bulk-full,2026-04-30T15:49:33+03:00,auto-generated,,,,,,,,,,,,,,,,,high,Razer BlackWidow V4 75%,,,,,
202,simple,NG-GAM-003,,HyperX Cloud III Wireless - Premium Wireless Gaming Headset,1,0,visible,Wireless gaming headset with 2.4GHz connection and DTS Headphone:X Spatial Audio. Angled 53mm drivers with memory foam cushions. Up to 120-hour battery life. Compatible with PC and PS5.,"Hear every footstep and every bullet with crystal clarity. The **HyperX Cloud III Wireless** is built for gamers who refuse to compromise on audio quality.\n\n**Why This Product?**\n- **Angled 53mm Drivers:** Rich, accurate sound with deep bass and clear highs.\n- **DTS Headphone:X Spatial Audio:** Pinpoint enemy positions with virtual surround sound.\n- **120-Hour Battery:** Best-in-class battery life, lasts weeks without charging.\n- **Memory Foam Cushions:** Superior comfort for marathon gaming sessions.\n- **Detachable Microphone:** With noise cancellation for clear voice chat.\n\n**Technical Specifications:**\n| Model | Cloud III Wireless |\n|---|---|\n| Drivers | 53mm angled, Neodymium |\n| Frequency Response | 10Hz - 21kHz |\n| Connectivity | 2.4GHz Wireless (USB dongle) |\n| Spatial Audio | DTS Headphone:X Spatial Audio |\n| Microphone | Detachable, unidirectional |\n| Battery | Up to 120 hours |\n| Charging | USB-C |\n| Compatibility | PC, PS5, PS4, Switch |\n| Weight | 330 g |",,,taxable,,1,,,0,0,1.1,26,22,14,1,,999,1149,Gaming | ألعاب,"gaming, gaming headset, headset, wireless, ألعاب, سماعة, قيمنق, لاسلكي",,https://neogen.store/wp-content/uploads/NG-GAM-003.jpg,,,,,,,,,0,,,,,هايبر إكس Cloud III لاسلكي - Premium لاسلكي سماعة قيمنق,,"<p>استمتع بجودة الصوت الواضحة والدقيقة مع <strong>HyperX Cloud III Wireless</strong>, سماعات الألعاب اللاسلكية المثالية للاعبين الذين لا يقبلون التنازل عن جودة الصوت.</p>
<ul>
    <li><strong>المحركات المنحنية 53mm:</strong> صوت غني ودقيق مع نبضات باس عميقة وصوتيات عالية واضحة.</li>
    <li><strong>صوت ثلاثي الأبعاد DTS Headphone:X:</strong> تحديد دقيق لمواقع الأعداء باستخدام الصوت المحيطي الافتراضي.</li>
    <li><strong>بطارية 120 ساعة:</strong> أفضل بطارية في فئتها، تدوم لأسابيع دون الحاجة إلى الشحن.</li>
    <li><strong> Cushions منقوشات ذاكرة:</strong> راحة ممتازة لفترات اللعب الطويلة.</li>
    <li><strong> microphone قابل للإزالة:</strong> مع إلغاء الضوضاء لمحادثات صوتية واضحة.</li>
</ul>
<table>
    <tr>
        <th>النوع</th>
        <td>Cloud III Wireless</td>
    </tr>
    <tr>
        <th>المحركات</th>
        <td>53mm Angled, Neodymium</td>
    </tr>
    <tr>
        <th>التغطية الترددي</th>
        <td>10Hz - 21kHz</td>
    </tr>
    <tr>
        <th>الاتصال</th>
        <td>2.4GHz Wireless (dongle USB)</td>
    </tr>
    <tr>
        <th>صوت ثلاثي الأبعاد</th>
        <td>DTS Headphone:X Spatial Audio</td>
    </tr>
    <tr>
        <th>المايكروفون</th>
        <td>قابل للإزالة، موجه واحد</td>
    </tr>
    <tr>
        <th>البطارية</th>
        <td>حد أقصى 120 ساعة</td>
    </tr>
    <tr>
        <th>شحن</th>
        <td>USB-C</td>
    </tr>
    <tr>
        <th>التوافق</th>
        <td>PC, PS5, PS4, Switch</td>
    </tr>
    <tr>
        <th>الوزن</th>
        <td>330 g</td>
    </tr>
</table>",ollama-qwen2.5:7b-bulk-full,2026-04-30T16:03:36+03:00,auto-generated,,,,,,,,,,,,,,,,,high,HyperX Cloud III Wireless,,,,,
203,simple,NG-GAM-002,,Razer DeathAdder V3 HyperSpeed - Ultra-Light Wireless Gaming Mouse,1,0,visible,Professional wireless gaming mouse with Focus Pro 26K sensor and sub-1ms response time. Ultra-light 55g weight with up to 235-hour battery life. Iconic ergonomic design refined for esports.,"The legend returns, lighter and faster than ever. The **Razer DeathAdder V3 HyperSpeed** combines the iconic ergonomic shape with the fastest wireless technology in gaming.\n\n**Why This Product?**\n- **Focus Pro 26K Sensor:** Up to 26,000 DPI with tracking on any surface including glass.\n- **Just 55 Grams:** One of the lightest wireless mice in the world, no holes needed.\n- **HyperSpeed Wireless:** Sub-1ms latency, faster than many wired mice.\n- **235-Hour Battery:** On HyperSpeed (up to 615 hours via Bluetooth).\n- **Iconic DeathAdder Shape:** Ergonomic form trusted by millions of gamers worldwide.\n\n**Technical Specifications:**\n| Model | DeathAdder V3 HyperSpeed |\n|---|---|\n| Sensor | Focus Pro 26K (26,000 DPI) |\n| Connectivity | HyperSpeed 2.4GHz + Bluetooth |\n| Speed | Up to 750 IPS |\n| Acceleration | 70G |\n| Buttons | 6 programmable |\n| Switches | Razer Mechanical Gen-2 (90M clicks) |\n| Battery | 235 hrs (HyperSpeed) / 615 hrs (BT) |\n| Weight | 55 g |\n| Dimensions | 128.3 x 67.8 x 43.7 mm |",,,taxable,,1,,,0,0,0.3,16,12,8,1,,849,979,Gaming | ألعاب,"gaming, gaming mouse, wireless, قيمنق, لاسلكي, ماوس قيمنق",,https://neogen.store/wp-content/uploads/NG-GAM-002.jpg,,,,,,,,,0,,,,,رايزر DeathAdder V3 HyperSpeed - Ultra-Light لاسلكي ماوس قيمنق,,"<p>الرجوع إلى العصر مع رازر ديثاددر V3 هايبرسبيد، الماوس الإلكتروني الأخف والأسرع.</p>

    <strong>لماذا هذا المنتج؟</strong>
    <ul>
        <li><span>شريحة فوكس برو 26K:</span> تقدم دقة تتراوح حتى 26,000 DPI مع تتبع على أي سطح، بما في ذلك الزجاج.</li>
        <li><span>وزن قدره 55 غرامًا:</span> من أخف الماوسات اللاسلكية في العالم، دون الحاجة إلى الثقوب.</li>
        <li><span>التكنولوجيا اللاسلكية هايبرسبيد:</span> تتميز بتأخير أقل من 1 مللي ثانية، أسرع من العديد من الماوسات ذات الأسلاك.</li>
        <li><span>بطارية持留原语句未完成，假设为：235 ساعة:</span> تعمل في وضع هايبرسبيد (تصل إلى 615 ساعة عبر البلوتوث).</li>
    </ul>

    <strong>المواصفات التقنية:</strong>
    <table border=""1"">
        <tr>
            <th>النوع</th>
            <td>رازر ديثاددر V3 هايبرسبيد</td>
        </tr>
        <tr>
            <th>شريحة</th>
            <td>فوكس برو 26K (26,000 DPI)</td>
        </tr>
        <tr>
            <th>الاتصال</th>
            <td>هايبرسبيد 2.4 جيجاهيرتز + البلوتوث</td>
        </tr>
        <tr>
            <th>سرعة</th>
            <td>حد أقصى 750 IPS</td>
        </tr>
        <tr>
            <th>التسارع</th>
            <td>70G</td>
        </tr>
        <tr>
            <th>الزرات</th>
            <td>6 زر قابل للبرمجة</td>
        </tr>
        <tr>
            <th>المفتاحات</th>
            <td>فوكس ميكانيكال جين-2 (90M انقر)</td>
        </tr>
        <tr>
            <th>بطارية</th>
            <td>235 ساعة (هايبرسبيد) / 615 ساعة (بلوتوث)</td>
        </tr>
        <tr>
            <th>الوزن</th>
            <td>55 غرامًا</td>
        </tr>
        <tr>
            <th>الأبعاد</th>
            <td>128.3 × 67.8 × 43.7 ملم</td>
        </tr>
    </table>",ollama-qwen2.5:7b-bulk-full,2026-04-30T16:03:09+03:00,auto-generated,,,,,,,,,,,,,,,,,high,Razer DeathAdder V3 HyperSpeed,,,,,
204,simple,NG-GAM-001,,8BitDo Ultimate C Bluetooth Controller - Multi-Platform Gaming,1,0,visible,"Bluetooth wireless controller compatible with Nintendo Switch, Android, Steam, and PC. Ergonomic design with Hall Effect analog sticks. Excellent performance at a budget-friendly price.","Play freely on any platform. The **8BitDo Ultimate C** is a smart controller combining performance and broad compatibility without breaking the bank.\n\n**Why This Product?**\n- **Multi-Platform Bluetooth:** Compatible with Switch, Android, Steam Deck, and PC without dongles.\n- **Hall Effect Sticks:** Magnetic analog sticks resistant to long-term drift.\n- **Ergonomic Design:** Soft rubber grips for extended gaming sessions.\n- **25-Hour Battery:** Lasts a full week of moderate use.\n- **Customizable Buttons:** Via the 8BitDo Ultimate Software app.\n\n**Technical Specifications:**\n| Model | Ultimate C Bluetooth |\n|---|---|\n| Connectivity | Bluetooth 5.0 |\n| Compatibility | Switch, Android, Steam, PC |\n| Sticks | Hall Effect Analog Sticks |\n| Vibration | Yes (Rumble) |\n| Battery | 25 hours (1000mAh) |\n| Charging | USB-C |\n| Weight | 220 g |",,,taxable,,1,,,0,0,0.4,22,18,8,1,,,180,Gaming | ألعاب,"Bluetooth, controller, gaming, بلوتوث, قيمنق, يد تحكم",,https://neogen.store/wp-content/uploads/NG-GAM-001.jpg,,,,,,,,,0,,,,,8BitDo Ultimate C بلوتوث يد تحكم - Multi-Platform Gaming,,"<p>تستمتع باللعب على أي منصة تريدها مع <strong>8BitDo Ultimate C</strong>, المُتحكم الذكي الذي يجمع بين الأداء والتوافق الواسع دون الإضرار بالميزانية.</p>
<ul>
    <li><strong>توافق متعدد المنصات عبر البلوتوث:</strong> متوافق مع Switch, Android, Steam Deck, وPC بدون الحاجة إلى أقراص توصيل.</li>
    <li><strong>شواخص حساسة للحقل المغناطيسي:</strong> شواخص متانة مقاومة للتغير الطويل الأجل.</li>
    <li><strong>تصميم إргوني:</strong> يُوفر قبضة من الجلد الناعم للاستخدام طويل الأمد.</li>
    <li><strong>بطارية تدوم طويلاً:</strong> تعمل لمدة 25 ساعة، ما يعادل أسبوعاً كاملاً من الاستخدام المتوسط.</li>
    <li><strong>زرار قابل للتعديل:</strong> عبر تطبيق 8BitDo Ultimate Software.</li>
</ul>
<table>
    <tr>
        <th>الموديل</th>
        <td>Ultimate C Bluetooth</td>
    </tr>
    <tr>
        <th>التوصيل</th>
        <td>بلوتوث 5.0</td>
    </tr>
    <tr>
        <th>التوافق</th>
        <td>Switch, Android, Steam, PC</td>
    </tr>
    <tr>
        <th>الشواخص</th>
        <td>شواخص حساسة للحقل المغناطيسي</td>
    </tr>
    <tr>
        <th>الاهتزاز</th>
        <td>نعم (رفرفة)</td>
    </tr>
    <tr>
        <th>بطارية</th>
        <td>25 ساعة (1000mAh)</td>
    </tr>
    <tr>
        <th>شحن</th>
        <td>C USB</td>
    </tr>
    <tr>
        <th>الوزن</th>
        <td>220 غم</td>
    </tr>
</table>",ollama-qwen2.5:7b-bulk-full,2026-04-30T16:02:41+03:00,auto-generated,140,https://www.amazon.sa/-/en/Joysticks-Bluetooth-Controller-Remappable-Vibration/dp/B0DLG23TQZ/ref=sr_1_2,2026-04-29T15:00:00+03:00,high,359,309,1777463947,1777463947,,,,,,,,,high,8BitDo Ultimate C controller,140.0,2026-04-29T15:00:00+03:00,40.0,28.6,PRICED HIGHER THAN AMAZON
205,simple,NG-NET-012,,Ubiquiti UniFi Cloud Gateway Ultra - All-in-One UniFi Gateway,1,0,visible,"Compact UniFi gateway combining router and UniFi Controller in one device. 2.5GbE WAN port, 4x GbE LAN ports with IDS/IPS support. The ideal heart of any UniFi network.","Start your professional UniFi network the easy way. The **UniFi Cloud Gateway Ultra** is everything you need as a smart gateway managing all your UniFi devices from one place.\n\n**Why This Product?**\n- **Built-in UniFi Controller:** No separate server needed - manages all UniFi devices directly.\n- **2.5GbE WAN Port:** Ready for ultra-fast internet speeds up to 2.5 Gbps.\n- **Built-in IDS/IPS:** Threat protection at up to 1 Gbps throughput.\n- **4 GbE LAN Ports:** Functions as both router and switch.\n- **Cloud Management:** Control your network from anywhere via the UniFi app or unifi.ui.com.\n\n**Technical Specifications:**\n| Model | UCG-Ultra |\n|---|---|\n| Processor | ARM Cortex-A53, Quad-Core 1.0GHz |\n| Memory | 2GB DDR4 RAM, 16GB eMMC |\n| WAN | 1x 2.5GbE RJ45 |\n| LAN | 4x GbE RJ45 |\n| IDS/IPS Throughput | Up to 1 Gbps |\n| Features | UniFi Controller, Threat Management, VPN Server, Traffic Analytics |\n| Power | USB-C (5V/3A) |\n| Dimensions | 132 x 132 x 32 mm |\n| Weight | 350 g |",,,taxable,,1,,,0,0,0.8,22,18,8,1,,0,680,Networking | شبكات واتصالات,"3d printing, firewall, networking, router, جدار ناري, راوتر, شبكات, طباعة ثلاثية الأبعاد",,https://neogen.store/wp-content/uploads/NG-NET-012.jpg,,,,,,,,,0,,,,,غوايتي كلاود أونيفاintégrال إكسترا - غوايتي أنيو-أيوني夫intégrال,,"<p>ابدأ ببناء شبكة UniFi المهنية بسهولة. يُعد UniFi Cloud Gateway Ultra كل ما تحتاجه كجهاز ذكي يُدار من مكان واحد جميع أجهزة UniFi الخاصة بك.</p>
<strong>لماذا هذا المنتج؟</strong>
<ul>
<li>التحكم الذكي في UniFi: لا حاجة إلى خادم منفصل - يُدار جميع أجهزة UniFi مباشرة.</li>
<li>منفذ WAN 2.5GbE: مستعد لسرعة الإنترنت الفائقة تصل إلى 2.5 جيجابايت في الثانية.</li>
<li>حماية من التهديدات المدمجة: حماية من التهديد",ollama-qwen3:8b-bulk-full,2026-04-30T15:37:56+03:00,ollama-qwen2.5:7b-bulk,540,https://www.amazon.sa/-/en/Ubiquiti-Cloud-Gateway-Ultra-UCG-Ultra/dp/B0CWLKD9RP/ref=sr_1_1,2026-04-29T14:40:00+03:00,high,899,0,1777462799,1777462799,,2026-04-30T16:56:16+03:00,,,,,,,high,UniFi Cloud Gateway Ultra,540.0,2026-04-29T14:40:00+03:00,140.0,25.9,PRICED HIGHER THAN AMAZON
206,simple,NG-NET-011,,TP-Link Archer AXE75 - AXE5400 Tri-Band WiFi 6E Router,1,0,visible,Tri-band WiFi 6E router with 5400Mbps total speed. Supports the new 6GHz band with 4 external antennas and USB 3.0 port. Ideal for gaming and 4K streaming without lag.,"Experience next-generation internet. The **TP-Link Archer AXE75** unlocks the new 6GHz band with speeds and coverage previously unavailable.\n\n**Why This Product?**\n- **Tri-Band WiFi 6E:** Dedicated 6GHz (2402Mbps) for modern devices + 5GHz (2402Mbps) + 2.4GHz (574Mbps).\n- **Tri-Core Processor (1.7GHz):** Handles dozens of devices smoothly without slowdowns.\n- **USB 3.0 Port:** Share files across your network from an external drive.\n- **EasyMesh Compatible:** Combine with other EasyMesh devices for extended coverage.\n- **OneMesh Support:** Compatible with TP-Link OneMesh range extenders for seamless roaming.\n\n**Technical Specifications:**\n| Model | Archer AXE75 |\n|---|---|\n| Standard | WiFi 6E (802.11ax) |\n| Total Speed | AXE5400 (574+2402+2402 Mbps) |\n| Processor | Tri-Core 1.7GHz |\n| Ports | 1x 2.5GbE WAN + 4x GbE LAN + 1x USB 3.0 |\n| Antennas | 4 external high-performance |\n| Security | WPA3, HomeShield |\n| Dimensions | 262 x 145 x 54 mm |\n| Weight | 610 g |",,,taxable,,1,,,0,0,1.2,32,22,8,1,,1299,1499,Networking | شبكات واتصالات,"networking, router, WiFi 6, راوتر, شبكات, واي فاي 6",,https://neogen.store/wp-content/uploads/NG-NET-011.jpg,,,,,,,,,0,,,,,تي بي لينك Archer AXE75 - AXE5400 Tri-Band WiFi 6E راوتر,,"<p>تستعد لتجربة الإنترنت القادم. يفتح **TP-Link Archer AXE75** الباب للصارة في النطاق 6GHz مع سرعات وغطاء غير متاح من قبل.</p>

    <strong>لماذا هذا المنتج؟</strong>
    <ul style=""list-style-type: disc; margin-left: 20px;"">
        <li><span>شبكة Wi-Fi ثلاثية النطاق (WiFi 6E):</span> يوفر نطاقًا مخصصًا في 6GHz بسرعة تصل إلى 2402Mbps + 5GHz بسرعة 2402Mbps + 2.4GHz بسرعة 574Mbps.</li>
        <li><span>معالج ثلاثي النواة (1.7GHz):</span> يتعامل مع العديد من الأجهزة دون تأخير أو بطء.</li>
        <li><span>منفذ USB 3.0:</span> مشاركة الملفات عبر الشبكة باستخدام محرك خارجي.</li>
        <li><span>patible EasyMesh:</span> يمكن تجميعه مع أجهزة EasyMesh الأخرى لتعزيز الغطاء.</li>
        <li><span>دعم OneMesh:</span> متوافق مع ممددات OneMesh من TP-Link للتنقل السلس.</li>
    </ul>

    <strong>المواصفات التقنية:</strong>
    <table border=""1"" style=""width: 100%; text-align: center;"">
        <tr>
            <th>النموذج</th>
            <td>Archer AXE75</td>
        </tr>
        <tr>
            <th>المواصفة</th>
            <td>WiFi 6E (802.11ax)</td>
        </tr>
        <tr>
            <th>السرعة الإجمالية</th>
            <td>AXE5400 (574+2402+2402 Mbps)</td>
        </tr>
        <tr>
            <th>معالج</th>
            <td>ثلاثي النواة 1.7GHz</td>
        </tr>
        <tr>
            <th>المنافذ</th>
            <td>1x 2.5GbE WAN + 4x GbE LAN + 1x USB 3.0</td>
        </tr>
        <tr>
            <th>الأنتيناس</th>
            <td>4 أنتيناس خارجية عالية الأداء</td>
        </tr>
        <tr>
            <th>الحماية</th>
            <td>WPA3, HomeShield</td>
        </tr>
        <tr>
            <th>الأبعاد</th>
            <td>262 x 145 x 54 ملم</td>
        </tr>
        <tr>
            <th>الوزن</th>
            <td>610 جرام</td>
        </tr>
    </table>",ollama-qwen2.5:7b-bulk-full,2026-04-30T16:02:21+03:00,auto-generated,,,,,,,,,,,,,,,,,high,TP-Link Archer AXE75,,,,,
207,simple,NG-NET-010,,Ubiquiti UniFi USW-Flex-Mini - Ultra-Compact 5-Port Managed Switch,1,0,visible,Palm-sized 5-port Gigabit managed switch. Powered by USB-C or PoE. Full UniFi management platform integration. Perfect for expanding your network anywhere.,"Small in size, big in capability. The **UniFi USW-Flex-Mini** is the smallest managed switch in the UniFi family, ready to go wherever you need it.\n\n**Why This Product?**\n- **5 Gigabit Ports:** Enough to expand connectivity behind a desk or entertainment center.\n- **USB-C Power:** Connect to any USB-C charger or power bank for portability.\n- **PoE Input:** Also works via 802.3af PoE on port 1.\n- **Full UniFi Management:** VLANs and per-port statistics via UniFi Controller.\n- **Ultra-Compact:** Smaller than your smartphone.\n\n**Technical Specifications:**\n| Model | USW-Flex-Mini |\n|---|---|\n| Ports | 5x GbE RJ45 |\n| Switching Capacity | 5 Gbps (non-blocking) |\n| Management | UniFi Network (Layer 2) |\n| Features | VLAN, Port Isolation, Storm Control |\n| Power | USB-C (5V/1A) or 802.3af PoE |\n| Consumption | 2.5W max |\n| Dimensions | 85 x 70 x 21.5 mm |\n| Weight | 97 g |",,,taxable,,1,,,0,0,0.2,14,10,4,1,,0,219,Networking | شبكات واتصالات,"3d printing, networking, switch, سويتش, شبكات, طباعة ثلاثية الأبعاد",,https://neogen.store/wp-content/uploads/NG-NET-010.jpg,,,,,,,,,0,,,,,يوبيكويتي UniFi USW-Flex-Mini - Ultra-Compact 5-Port Managed سويتش,,"<p>صغير الحجم، كبير في الأداء. يُعتبر <strong>UniFi USW-Flex-Mini</strong> أصغر مُسويّ مُدارة في عائلة UniFi، مستعدًا للعمل في أي مكان تحتاج إليه.</p>
<strong>لماذا هذا المنتج؟</strong>
<ul>
<li>5 منافذ بسرعة 1 جيغابت: كافية لتوسيع الاتصال خلف مكتب أو مركز الترفيه.</li>
<li>تغذية من USB-C: اتصل بأي شاحن أو بطارية USB-C لسهولة الحمل.</li>
<li>تغذية من PoE:",ollama-qwen3:8b-bulk-full,2026-04-30T15:46:47+03:00,auto-generated,,,,,,,,,,,,,,,,,high,UniFi USW-Flex-Mini,,,,,
208,simple,NG-NET-009,,Netgear GS308E - 8-Port Gigabit Plus Smart Managed Switch,1,0,visible,"8-port Gigabit smart managed switch from Netgear with VLAN, QoS, and Port Mirroring. Metal housing, fanless design. Reliable performance at a competitive price.","Plug-and-play simplicity meets smart management. The **Netgear GS308E** combines ease of use with advanced features in a compact, metal enclosure.\n\n**Why This Product?**\n- **8 Gigabit Ports:** Each port supports 10/100/1000Mbps with auto-speed detection.\n- **Smart VLANs:** Segment traffic easily via web GUI or NETGEAR Insight app.\n- **Built-in QoS:** Automatic prioritization for voice and video traffic.\n- **Metal Housing:** High build quality with passive cooling.\n- **Plug &amp; Play:** Works as an unmanaged switch out of the box, enable management when needed.\n\n**Technical Specifications:**\n| Model | GS308E |\n|---|---|\n| Ports | 8x GbE RJ45 (10/100/1000) |\n| Switching Capacity | 16 Gbps |\n| Features | VLAN, QoS, Port Mirroring, IGMP Snooping |\n| Management | Web GUI, NETGEAR Insight (Cloud) |\n| Cooling | Fanless |\n| Housing | Metal |\n| Dimensions | 158 x 101 x 29 mm |\n| Weight | 360 g |",,,taxable,,1,,,0,0,0.6,22,16,4,1,,0,209,Networking | شبكات واتصالات,"networking, switch, سويتش, شبكات",,https://neogen.store/wp-content/uploads/NG-NET-009.jpg,,,,,,,,,0,,,,,شبكة جيجابايت ذكي مدبرة غس308إighted - 8 منفذات,,"<p>يجمع <strong>Netgear GS308E</strong> بين سهولة الاستخدام وقوة التحكم الذكي في تصميم مدمج من المعدن، مما يجعله خيارًا مثاليًا لتحسين أداء الشبكات المنزلية أو المؤسسية.</p>
<strong>لماذا هذا المنتج؟</strong>
<ul>
<li><strong>8 منافذ جيغابت:</strong> كل منفذ يدعم سرعات 10/100/1000 ميغابت مع اكتشاف السرعة تلقائيًا.</",ollama-qwen3:8b-bulk-full,2026-04-30T15:36:11+03:00,ollama-qwen2.5:7b-bulk,,,,,,,,,,2026-04-30T16:56:12+03:00,,,,,,,high,Netgear GS308E 8-port,,,,,
209,simple,NG-NET-008,,MikroTik hEX S (RB760iGS) - 5-Port Gigabit Router with SFP and USB,1,0,visible,"MikroTik router with 5 Gigabit ports, SFP cage, and USB port. Dual-core 880MHz processor with hardware encryption support. Combines power and flexibility at a great price.","Need a router that truly understands networking? The **MikroTik hEX S** is the smart choice for anyone who wants full network control with unmatched flexibility.\n\n**Why This Product?**\n- **SFP Port:** Connect fiber optics directly without an external media converter.\n- **Dual-Core Processor (880MHz):** Handles encrypted VPN (IPsec hardware acceleration) with high performance.\n- **USB Port:** For external storage or 4G/LTE modem as a failover connection.\n- **PoE Out:** Port 5 outputs PoE to power another device.\n- **RouterOS v7:** The most powerful network OS with thousands of features.\n\n**Technical Specifications:**\n| Model | RB760iGS (hEX S) |\n|---|---|\n| Processor | MediaTek MT7621AT, Dual-Core 880MHz |\n| Memory | 256MB RAM, 16MB Flash |\n| Ports | 5x GbE RJ45 + 1x SFP + 1x USB-A |\n| PoE | PoE Out on Port 5 |\n| Encryption | Hardware IPsec (AES-128/256) |\n| OS | RouterOS v7 (License Level 4) |\n| Power | DC 24V, 11W max |\n| Dimensions | 113 x 89 x 28 mm |\n| Weight | 275 g |",,,taxable,,1,,,0,0,0.5,18,14,5,1,,0,649,Networking | شبكات واتصالات,"10G, networking, router, راوتر, شبكات, عشرة قيقا",,https://neogen.store/wp-content/uploads/NG-NET-008.jpg,,,,,,,,,0,,,,,ميكروتيك hEX S (RB760iGS) - 5-Port Gigabit راوتر with SFP and USB,,"<p>هل تبحث عن جهاز راوتر يفهم الشبكات حقًا؟ يُعتبر **MikroTik hEX S** خيارًا ذكيًا لأي شخص يرغب في التحكم الكامل في الشبكة مع مرونة غير مسبوقة.</p>
<strong>لماذا هذا المنتج؟</strong>
<ul>
<li><strong>منفذ SFP:</strong> اتصل مباشرة بأسلاك الألياف الضوئية دون الحاجة إلى جهاز تحويل وسائط خارجي.</li>
<li><strong>المعالج المزدوج النواة (880MHz):</strong> يتعامل مع الشبكات المُشفر",ollama-qwen3:8b-bulk-full,2026-04-30T15:46:11+03:00,auto-generated,,,,,,,,,,,,,,,,,high,MikroTik hEX S RB760iGS,,,,,
210,simple,NG-NET-007,,Ubiquiti EdgeRouter X - Advanced Gigabit Router in a Pocket-Sized Form,1,0,visible,"Advanced router with 5 Gigabit ports and PoE passthrough. Supports VPN, firewall, and VLAN with up to 1 million packets per second throughput. Enterprise features at an unbeatable price.","Do not let the small size fool you. The **Ubiquiti EdgeRouter X** packs enterprise-grade routing capabilities that rival devices costing many times more.\n\n**Why This Product?**\n- **Blazing Performance:** Dual-core MIPS1004Kc processor achieves up to 1 Mpps with hardware offloading.\n- **5 Gigabit Ports:** Sufficient for small offices with VLAN support on every port.\n- **PoE Passthrough:** Port 5 outputs 24V passive PoE to power another UniFi device.\n- **EdgeOS:** Powerful Vyatta-based OS with intuitive web GUI and full CLI access.\n- **Unbeatable Value:** Enterprise performance at a consumer price point.\n\n**Technical Specifications:**\n| Model | ER-X |\n|---|---|\n| Processor | MediaTek MT7621AT, Dual-Core 880MHz |\n| Memory | 256MB DDR3 RAM, 256MB NAND |\n| Ports | 5x GbE RJ45 |\n| PoE | 24V Passive PoE In (eth0) + Passthrough (eth4) |\n| Performance | Up to 1 Mpps |\n| VPN | IPsec, OpenVPN, PPTP, L2TP |\n| OS | EdgeOS (Vyatta-based) |\n| Power | 12W max |\n| Dimensions | 110 x 75 x 22 mm |\n| Weight | 175 g |",,,taxable,,1,,,0,0,0.3,14,10,4,1,,0,549,Networking | شبكات واتصالات,"3d printing, networking, router, راوتر, شبكات, طباعة ثلاثية الأبعاد",,https://neogen.store/wp-content/uploads/NG-NET-007.jpg,,,,,,,,,0,,,,,يوبيكويتي Edgeراوتر X - Advanced Gigabit راوتر in a Pocket-Sized Form,,"<p>لا تدع الحجم الصغير يخدعك. يحتوي **Ubiquiti EdgeRouter X** على قدرات توجيهية من الدرجة التجارية التي تتفوق على أجهزة تكلفة مئات المرات أكثر.</p>
<strong>لماذا هذا المنتج؟</strong>
<ul>
<li><strong>أداء مذهل:</strong> مع معالج ثنائي النواة MIPS1004Kc يحقق حتى 1 Mpps مع تحميل برمجي.</li>
<li><strong>5 منافذ جيجابت:</strong> مناسب لغرف الأعمال الصغيرة مع دعم VLAN على كل منفذ.</li>
<li><strong>توصيل الطاقة عبر Ethernet (PoE):</strong> منفذ 5 يوفر 24V PoE السلبي لتشغيل جهاز آخر من سلسلة UniFi.</li>
<li><<Q>EdgeOS:</strong> نظام تشغيل قوي مبني على Vyatta مع واجهة ويب سهلة الاستخدام ووصول كامل للنظام عبر CLI.</li>
<li><strong>قيمة لا تُضاهى:</strong> أداء تج",ollama-qwen3:8b-bulk-full,2026-04-30T15:35:00+03:00,auto-generated,,,,,,,,,,,,,,,,,high,Ubiquiti EdgeRouter X,,,,,
211,simple,NG-NET-006,,TP-Link TL-SG108E - 8-Port Gigabit Easy Smart Managed Switch,1,0,visible,"8-port Gigabit managed switch with VLAN, QoS, and IGMP Snooping. Metal housing with fanless design. Get managed switch features at an unmanaged switch price.","Why pay more for a managed switch? The **TP-Link TL-SG108E** delivers advanced management features at an entry-level price point.\n\n**Why This Product?**\n- **8 Gigabit Ports:** Full 10/100/1000Mbps on every port for high-speed data transfer.\n- **VLAN Support:** Create isolated networks for cameras, guests, and management traffic.\n- **QoS:** Automatic priority for critical traffic like VoIP and streaming.\n- **Metal Housing:** Sturdy build quality with natural heat dissipation.\n- **Fanless Operation:** 100% silent, suitable for any environment.\n\n**Technical Specifications:**\n| Model | TL-SG108E |\n|---|---|\n| Ports | 8x GbE RJ45 (10/100/1000) |\n| Switching Capacity | 16 Gbps |\n| MAC Table | 4K entries |\n| Features | VLAN, QoS, IGMP Snooping, Port Mirroring |\n| Management | Web GUI, Easy Smart Utility |\n| Cooling | Fanless |\n| Housing | Metal |\n| Dimensions | 158 x 101 x 25 mm |\n| Weight | 340 g |",,,taxable,,1,,,0,0,0.4,18,14,4,1,,0,229,Networking | شبكات واتصالات,"switch, سويتش, شبكات",,https://neogen.store/wp-content/uploads/NG-NET-006.jpg,,,,,,,,,0,,,,,تي بي لينك TL-SG108E - 8-Port Gigabit Easy Smart Managed سويتش,,"<p>تتميز لوحة التبادل الذكي المدارة <strong>TP-Link TL-SG108E</strong> بتقنيات إدارة متقدمة بأسعار مدعومة.</p>

    <section>
        <h2><strong>لماذا هذا المنتج؟</strong></h2>
        <ul style=""list-style-type: disc; margin-left: 20px;"">
            <li>ثماني منافذ Gigabit: يوفر سرعة نقل بيانات عالية على كل منفذ بدعم لـ 10/100/1000Mbps.</li>
            <li>دعم VLAN: إنشاء شبكات مفصولة للكاميرات والضيوف والتрафيك الإداري.</li>
            <li>الجودة العالية للتحكم في التدفق (QoS): توجيه تrafic الحرجة مثل الفوتوكونفروز وتدفق الفيديو بمرتبة أولوية تلقائية.</li>
            <li> thân فولاً: بنية متينة مع تبديد حراري طبيعي.</li>
            <li>عمل بدون موتور تبريد: صامت تماماً، مناسب لجميع البيئات.</li>
        </ul>
    </section>

    <table style=""text-align: center; margin-left: auto; margin-right: auto;"">
        <thead>
            <tr>
                <th>الموديل</th>
                <th>المواصفات التقنية</th>
            </tr>
        </thead>
        <tbody>
            <tr>
                <td>Model</td>
                <td>TL-SG108E</td>
            </tr>
            <tr>
                <td>عدد المنافذ</td>
                <td>8x GbE RJ45 (10/100/1000)</td>
            </tr>
            <tr>
                <td>وية التبادل</td>
                <td>16 Gbps</td>
            </tr>
            <tr>
                <td>عدد أدخلات الجدول MAC</td>
                <td>4K entries</td>
            </tr>
            <tr>
                <td>الميزات</td>
                <td>VLAN, QoS, IGMP Snooping, Port Mirroring</td>
            </tr>
            <tr>
                <td>الإدارة</td>
                <td>واجهة رسومية عبر الإنترنت، أداة Easy Smart Utility</td>
            </tr>
            <tr>
                <td>التبريد</td>
                <td> thân فولاً</td>
            </tr>
            <tr>
                <td>الحالة</td>
                <td>معدنية</td>
            </tr>
            <tr>
                <td>الأبعاد</td>
                <td>158 x 101 x 25 ملم</td>
            </tr>
            <tr>
                <td>الوزن</td>
                <td>340 جم</td>
            </tr>
        </tbody>
    </table>",ollama-qwen2.5:7b-bulk-full,2026-04-30T16:01:54+03:00,auto-generated,,,,,,,,,,,,,,,,,high,TP-Link TL-SG108E 8-port,,,,,
212,simple,NG-NET-005,,Ubiquiti UniFi 6 Lite - WiFi 6 Access Point (AX1500),1,0,visible,WiFi 6 ceiling-mount access point with speeds up to 1500Mbps. PoE-powered and managed through the UniFi platform. The ideal way to extend professional-grade wireless coverage.,"Upgrade to enterprise-grade wireless with the **UniFi 6 Lite**. Sleek design, reliable WiFi 6 performance, and affordable pricing make it the go-to AP for any deployment.\n\n**Why This Product?**\n- **WiFi 6 (802.11ax):** Up to 300Mbps on 2.4GHz and 1200Mbps on 5GHz with OFDMA and BSS Coloring.\n- **PoE Powered:** Runs on a single Ethernet cable (802.3af) with no separate power outlet needed.\n- **UniFi Management:** Full visibility into connected clients with Guest Portal and Traffic Management.\n- **Ceiling Mount Design:** Just 160mm diameter in white, blends with any decor.\n- **300+ Devices:** Handles high-density environments with ease.\n\n**Technical Specifications:**\n| Model | U6-Lite |\n|---|---|\n| Processor | MediaTek MT7621DAT (880MHz) |\n| WiFi 2.4GHz | 802.11ax, 2x2 MIMO, up to 300Mbps |\n| WiFi 5GHz | 802.11ax, 2x2 MU-MIMO, up to 1200Mbps |\n| Total Speed | AX1500 |\n| Network | 1x GbE RJ45 |\n| Power | 802.3af PoE (12W max) |\n| Mounting | Ceiling / Wall |\n| Dimensions | 160 x 160 x 32.65 mm |\n| Weight | 300 g |",,,taxable,,1,,,0,0,0.5,22,22,8,1,,0,849,Networking | شبكات واتصالات,"3d printing, access point, networking, WiFi 6, شبكات, طباعة ثلاثية الأبعاد, نقطة وصول, واي فاي 6",,https://neogen.store/wp-content/uploads/NG-NET-005.jpg,,,,,,,,,0,,,,,يوبيكويتي UniFi 6 Lite - WiFi 6 نقطة وصول (AX1500),,"<p>تحديث نظام الواي فاي الخاص بك مع <strong>Ubiquiti UniFi 6 Lite</strong>. تصميم أنيق و أداء الواي فاي 6 موثوق به، بالإضافة إلى سعر مناسب يجعله الخيار الأمثل لأي تثبيت.</p>

<ul>
    <li><strong>الواي فاي 6 (802.11ax):</strong> تصل السرعة على频道翻译：
<p>升级您的无线网络至企业级标准，选用<strong>Ubiquiti UniFi 6 Lite</strong>。简洁的设计、可靠的WiFi 6性能以及实惠的价格使其成为任何部署的首选AP。</p>

<ul>
    <li><strong>WiFi 6 (802.11ax):</strong> 在2.4GHz频段最高可达300Mbps，在5GHz频段最高可达1200Mbps，支持OFDMA和BSS Coloring技术。</li>
    <li><strong>供电方式（PoE）:</strong> 通过单一以太网线缆运行（802.3af标准），无需额外电源插座。</li>
    <li><strong>UniFi管理:</strong> 完全可见连接客户端，支持访客门户和流量管理功能。</li>
    <li><strong>天花板安装设计:</strong> 白色直径仅为160毫米，可与任何装饰风格融为一体。</li>
    <li><strong>兼容设备数量:</strong> 能轻松应对高密度环境中的300多台设备。</li>
</ul>

<table>
    <tr>
        <th>موديل</th>
        <td>U6-Lite</td>
    </tr>
    <tr>
        <th>معالج</th>
        <td>Mediatek MT7621DAT (880MHz)</td>
    </tr>
    <tr>
        <th>واي فاي 2.4GHz</th>
        <td>802.11ax, 2x2 MIMO, 最高可达300Mbps</td>
    </tr>
    <tr>
        <th>واي فاي 5GHz</th>
        <td>802.11ax, 2x2 MU-MIMO, 最高可达1200Mbps</td>
    </tr>
    <tr>
        <th>سرعة الإجمالية</th>
        <td>AX1500</td>
    </tr>
    <tr>
        <th>شبكة</th>
        <td>1x GbE RJ45</td>
    </tr>
    <tr>
        <th>الطاقة</th>
        <td>802.3af PoE (12W 最大)</td>
    </tr>
    <tr>
        <th>تركيب</th>
        <td>علوي / جداري</td>
    </tr>
    <tr>
        <th>الحجم</th>
        <td>160 x 160 x 32.65 ملم</td>
    </tr>
    <tr>
        <th> الوزن</th>
        <td>300 غم</td>
    </tr>
</table>",ollama-qwen2.5:7b-bulk-full,2026-04-30T16:01:26+03:00,auto-generated,,,,,,,,,,,,,,,,,high,UniFi 6 Lite AX1500 AP,,,,,
213,simple,NG-NET-004,,MikroTik CRS305-1G-4S+IN - 4-Port 10G SFP+ Desktop Switch,1,0,visible,Compact desktop switch with four 10Gbps SFP+ ports and one Gigabit management port. Dual OS support (RouterOS/SwOS). The most affordable way to bring 10G speeds to your network.,"Enter the world of 10 Gigabit networking without breaking the bank. The **MikroTik CRS305-1G-4S+IN** delivers four SFP+ ports at 10Gbps in a palm-sized fanless enclosure.\n\n**Why This Product?**\n- **4x SFP+ (10G) Ports:** Connect servers and NAS devices at 10Gbps via DAC cables or SFP+ modules.\n- **Unbeatable Price:** The most affordable 10G switch on the market with MikroTik reliability.\n- **Dual OS:** Choose between RouterOS v7 (advanced routing) or SwOS (simple switching).\n- **Compact Design:** Fanless, palm-sized, desk or wall mountable.\n- **Dedicated 1GbE Management:** Separate RJ45 port for management without consuming 10G ports.\n\n**Technical Specifications:**\n| Model | CRS305-1G-4S+IN |\n|---|---|\n| Processor | Marvell 98DX3236, 800MHz |\n| Memory | 256MB RAM, 16MB Flash |\n| 10G Ports | 4x SFP+ (10Gbps each) |\n| Management Port | 1x GbE RJ45 |\n| Switching Capacity | 80 Gbps |\n| OS | RouterOS v7 / SwOS |\n| Cooling | Fanless |\n| Power | DC 24V or PoE-in (802.3af/at) |\n| Dimensions | 142 x 115 x 28 mm |\n| Weight | 265 g |",,,taxable,,1,,,0,0,0.5,22,18,5,1,,0,1149,Networking | شبكات واتصالات,"10G, cables, networking, switch, سويتش, شبكات, عشرة قيقا, كابلات",,https://neogen.store/wp-content/uploads/NG-NET-004.jpg,,,,,,,,,0,,,,,ميكروتيك CRS305-1G-4S+IN - 4-Port 10G SFP+ Desktop سويتش,,"<p>استمتع بتجربة شبكة 10 جيغابت بدون تكلفة عالية. يوفر <strong>MikroTik CRS305-1G-4S+IN</strong> أربع منافذ SFP+ بسرعة 10Gbps في جسم صغير الحجم بدون مروحة.</p>
<strong>لماذا هذا المنتج",ollama-qwen3:8b-bulk-full,2026-04-30T15:33:03+03:00,auto-generated,,,,,,,,,,,,,,,,,high,MikroTik CRS305 4-port 10G SFP+,,,,,
214,simple,NG-NET-003,,Ubiquiti UniFi Switch Lite 16 PoE - 16-Port Managed Gigabit PoE+ Switch,1,0,visible,"16-port managed Gigabit switch with 8 PoE+ ports delivering 45W total PoE budget. Fully managed through the UniFi platform. Ideal for powering access points, cameras, and VoIP phones.","Build a professional network with the **UniFi Switch Lite 16 PoE**. Power your devices with data and electricity over a single cable.\n\n**Why This Product?**\n- **8 PoE+ Ports:** 45W total budget powers UniFi APs, G4 cameras, and VoIP phones.\n- **16 Gigabit Ports:** Ample capacity for small to medium deployments.\n- **UniFi Management:** Centralized control via UniFi Network Controller with per-port statistics.\n- **Fanless Design:** Completely silent operation for office and home environments.\n- **Compact Form Factor:** Desktop-friendly design that fits anywhere.\n\n**Technical Specifications:**\n| Model | USW-Lite-16-PoE |\n|---|---|\n| Ports | 16x GbE RJ45 (8x PoE+) |\n| SFP | None |\n| PoE Budget | 45W |\n| Switching Capacity | 16 Gbps (non-blocking) |\n| Management | UniFi Network (Layer 2) |\n| Cooling | Fanless |\n| Power | External adapter |\n| Dimensions | 275 x 110 x 27 mm |\n| Weight | 467 g |",,,taxable,,1,,,0,0,2.0,35,25,6,1,,0,1399,Networking | شبكات واتصالات,"3d printing, طباعة ثلاثية الأبعاد",,https://neogen.store/wp-content/uploads/NG-NET-003.jpg,,,,,,,,,0,,,,,يوبيكويتي UniFi سويتش Lite 16 PoE - 16-Port Managed Gigabit PoE+ سويتش,,"<p> construّع شبكة محترفة مع <strong>Ubiquiti UniFi Switch Lite 16 PoE</strong>. قم بتوصيل أجهزتك بالبيانات والكهرباء عبر كابل واحد.</p>
<ul>
    <li><strong>8 منافذ PoE+</strong>: ميزانية تبلغ 45W لدعم نقاط الوصول اللاسلكية UniFi، وكاميرات G4، وأجهزة الهواتف الخلوية VoIP.</li>
    <li><strong>16 منفذًا Gigabit</strong>: كفاية ل deployments صغير أو متوسط الحجم.</li>
    <li><strong>إدارة UniFi</strong>: التحكم المركزي عبر برنامج إدارة شبكة UniFi مع إحصائيات لكل منفذ.</li>
    <li><strong>تصميم بدون رفّ</strong>: تشغيل ساكن تمامًا لبيئات офисية ومنازل.</li>
    <li><strong>حجم مدمج</strong>: تصميم مكتب قابل للتطبيق في أي مكان.</li>
</ul>
<table>
    <tr>
        <th>الموديل</th>
        <td>USW-Lite-16-PoE</td>
    </tr>
    <tr>
        <th>عدد المنافذ</th>
        <td>16x GbE RJ45 (8x PoE+)</td>
    </tr>
    <tr>
        <th>منفذ SFP</th>
        <td>لا يوجد</td>
    </tr>
    <tr>
        <th>ميزانية PoE+</th>
        <td>45W</td>
    </tr>
    <tr>
        <th> القدرة على التبادل</th>
        <td>16 Gbps (غير مقيّدة)</td>
    </tr>
    <tr>
        <th>إدارة</th>
        <td>UniFi Network (الطبقة الثانية)</td>
    </tr>
    <tr>
        <th>°°°°°°°°°°°°°°°°°°°°°°°°°°°°°°°",ollama-qwen2.5:7b-bulk-full,2026-04-30T16:00:59+03:00,auto-generated,,,,,,,,,,,,,,,,,high,UniFi USW-Lite-16-PoE,,,,,
215,simple,NG-NET-002,,TP-Link Deco XE75 (3-Pack) - AXE5400 WiFi 6E Whole-Home Mesh System,1,0,visible,"Tri-band WiFi 6E mesh system covering up to 7,200 sq ft. Harness the new 6GHz band with speeds up to 5400Mbps total. The ultimate solution for large homes with zero dead zones.","Eliminate dead zones once and for all. The **TP-Link Deco XE75** builds a unified WiFi 6E mesh network that blankets your entire home with fast, reliable coverage.\n\n**Why This Product?**\n- **Tri-Band WiFi 6E:** Dedicated 6GHz band (2402Mbps) plus 5GHz (2402Mbps) and 2.4GHz (574Mbps) for congestion-free connectivity.\n- **7,200 sq ft Coverage:** Three units form a seamless mesh with zero-handoff roaming.\n- **Up to 200 Devices:** Handle every smart device in your home without breaking a sweat.\n- **Advanced Security:** TP-Link HomeShield provides parental controls and real-time threat protection.\n- **Easy Setup:** Deco app guides you through setup in minutes, no expertise needed.\n\n**Technical Specifications:**\n| Model | Deco XE75 (3-pack) |\n|---|---|\n| Standard | WiFi 6E (802.11ax) |\n| Total Speed | AXE5400 (574+2402+2402 Mbps) |\n| Bands | Tri-band (2.4GHz + 5GHz + 6GHz) |\n| Ports | 3x GbE per unit |\n| Coverage | Up to 7,200 sq ft (3 units) |\n| Device Capacity | Up to 200 devices |\n| Security | WPA3, HomeShield |\n| Dimensions (per unit) | 113 x 113 x 163 mm |",,,taxable,,1,,,0,0,3.0,35,30,18,1,,2099,2419,Networking | شبكات واتصالات,"networking, router, WiFi 6, wireless, راوتر, شبكات, لاسلكي, واي فاي 6",,https://neogen.store/wp-content/uploads/NG-NET-002.jpg,,,,,,,,,0,,,,,طپ-لينك ديكوXE75 (3-قطعة) - نظام شبكي واي فاي 6E كلي البيت مع أداء AXE5400,,"<p>احصل على تغطية سريعة وموثوقة لمنزلك بفضل نظام شبكة واي فاي 6E متكامل من <strong>TP-Link Deco XE75</strong>، الذي يزيل العيوب في الإشارة ويغطي المساحات الكبيرة بسلاسة.</p>
<strong>لماذا هذا المنتج؟</strong>
<ul>
<li><strong>شبكة واي فاي ثلاثية الأشفرة 6E:</strong> تدعم شريحة 6 جيجا هرتز (2402 ميغابت في الثانية) بالإضافة إلى 5 جيجا هرتز (2402 ميغابت في الثانية) و2.4 جيجا هرتز (574 ميغابت في الثانية) لاتصالات خالية من التداخل.</li>
<li><strong>تغطية تصل إلى 7200 قدم مربعة:</strong> تشكّل وحدات الثلاثة شبكة متكاملة بدون توقفات لحركة الاتصال.</li>
<li><strong>دعم حتى 200 جهاز:</strong> تتعامل مع جميع أجهزة المنزل الذكية بسلاسة دون تأثير على الأداء.</li>
<li><strong>حماية متقدمة:</strong> توفر TP-Link HomeShield سيطرة على الأهل وحماية من التهديدات في الوقت الفعلي.</li>
<li><strong>إعداد سهل:</strong> توجيه التطبيق الذكي لكافة الخطوات خلال دقائق دون الحاجة إلى خبرة.</li>
</ul>
<strong>المواصفات",ollama-qwen3:8b-bulk-full,2026-04-30T15:43:50+03:00,ollama-qwen2.5:7b-bulk,,,,,,,,,,2026-04-30T16:56:10+03:00,,,,,,,high,TP-Link Deco XE75 3-pack,,,,,
216,simple,NG-NET-001,,MikroTik hAP ax3 - WiFi 6 Router with RouterOS Power,1,0,visible,WiFi 6 router from MikroTik featuring a quad-core processor and speeds up to 1800Mbps. Four Gigabit Ethernet ports with the advanced RouterOS platform. Ideal for power users who demand full network control.,"Take full control of your network with the **MikroTik hAP ax3**. This WiFi 6 router combines enterprise-grade RouterOS with consumer-friendly design.\n\n**Why This Product?**\n- **True WiFi 6 (802.11ax):** Up to 574Mbps on 2.4GHz and 1201Mbps on 5GHz with OFDMA and MU-MIMO support.\n- **Powerful Processor:** Quad-core IPQ-6010 at 864MHz handles VPN, firewall, and QoS effortlessly.\n- **RouterOS v7:** Full network control via web interface, mobile app, or CLI.\n- **4 Gigabit Ports:** 10/100/1000 Ethernet for your wired devices.\n- **Sleek Design:** Clean white enclosure with internal antennas.\n\n**Technical Specifications:**\n| Model | C53UiG+5HPaxD2HPaxD (hAP ax3) |\n|---|---|\n| Processor | IPQ-6010, 4-core, 864MHz |\n| Memory | 1GB RAM, 128MB NAND |\n| WiFi 2.4GHz | 802.11ax, 2x2, up to 574Mbps |\n| WiFi 5GHz | 802.11ax, 2x2, up to 1201Mbps |\n| Ports | 4x GbE LAN + 1x GbE WAN + 1x USB-C |\n| OS | RouterOS v7 (License Level 4) |\n| Power | DC 24V / PoE-in (802.3af/at) |\n| Dimensions | 120 x 195 x 32 mm |\n| Weight | 345 g |",,,taxable,,1,,,0,0,1.0,28,22,8,1,,0,799,Networking | شبكات واتصالات,"networking, router, WiFi 6, راوتر, شبكات, واي فاي 6",,https://neogen.store/wp-content/uploads/NG-NET-001.jpg,,,,,,,,,0,,,,,ميكروتيك hAP ax3 - WiFi 6 راوتر with راوترOS Power,,"<p>استمتع بتحكم كامل في شبكة الإنترنت مع موديل MikroTik hAP ax3. هذا جهاز WiFi 6 يجمع بين نظام RouterOS من المستوى الصناعي وتصميم سهل الاستخدام.</p>
<strong>لماذا هذا المنتج؟</strong>
<ul>
<li><strong>WiFi 6 (802.11ax):</strong> يصل إلى 574 ميغابت في الثانية على 2.4GHz و1201 ميغابت في الثانية على 5GHz مع دعم OFDMA وMU-MIMO.</li>
<li><strong>المعالج القوي:</strong> معالج رباعي النواة IPQ-6010 بسرعة 864 MHz يتعامل مع خدمات مثل الـVPN والجدار الناري والجودة العالية للخدمة.</li>
<li><strong>نظام RouterOS v7:</strong> تحكم كامل في الشبكة عبر واجهة الويب أو تطبيق الهاتف أو CLI.</li>
<li><strong>4 منافذ جيجابت:</strong> 10/100/1000 إثرينت لجهازك الموصول بالأسلاك.</li>
<li><strong>تصميم أنيق:</strong> علبة بيضاء نظيفة",ollama-qwen3:8b-bulk-full,2026-04-30T15:43:14+03:00,auto-generated,,,,,,,,,,,,,,,,,high,MikroTik hAP ax3 WiFi 6 router,,,,,
217,simple,NG-SH-015,,Sonoff SNZB-02D Zigbee Temperature &amp; Humidity Sensor with LCD Display,1,0,visible,Temperature and humidity sensor from Sonoff with Zigbee 3.0 and a large built-in LCD display showing readings clearly. Swiss-made Sensirion sensor for high accuracy with CR2477 battery lasting up to 2 years. Smaller and more accurate than the previous generation.,"Want to know the exact temperature and humidity in every room of your home at minimal cost?\n\n**Why This Product?**\n- Built-in 2.7"" LCD screen displays temperature and humidity in large, clear text\n- Swiss Sensirion sensor with ±0.2°C and ±2% RH accuracy\n- Zigbee 3.0 protocol with up to 6 months of data history in the app\n- CR2477 battery lasts up to 2 years\n- Instant notifications when temperature or humidity exceeds set thresholds\n\n| Specification | Details |\n|---|---|\n| Sensor | Sensirion (Swiss) |\n| Temperature Accuracy | ±0.2°C |\n| Temperature Range | -9.9°C to +59.9°C |\n| Humidity Accuracy | ±2% RH |\n| Humidity Range | 0-99.9% RH |\n| Display | 2.7"" LCD |\n| Protocol | Zigbee 3.0 |\n| Battery | CR2477 (up to 2 years) |\n| Dimensions | 45 x 45 x 17.7 mm |\n| Weight | 34g |\n| Compatibility | eWeLink, Alexa, Google Home, Home Assistant (ZHA/Z2M) |",,,taxable,,1,,,0,0,0.1,12,8,4,1,,0,159,Smart Home & IoT | أتمتة المنزل الذكي,"sensor, smart home, Zigbee, بروتوكول Zigbee, حساس, منزل ذكي",,https://neogen.store/wp-content/uploads/NG-SH-015.jpg,,,,,,,,,0,,,,,سونوف SNZB-02D زيجبي سينسر لقياس درجة الحرارة والرطوبة مع شاشة LCD,,"<p>تريد معرفة درجة الحرارة والتوازن الرطبي بدقة في كل غرفة من غرف منزلك بتكلفة قليلة؟</p>

    <strong>لماذا هذا المنتج؟</strong>
    <ul>
        <li>شاشة LCD ذات حجم 2.7 بوصة تظهر درجة الحرارة والتوازن الرطبي بخط كبير وواضح</li>
        <li>استشعار Swiss Sensirion مع دقة ±0.2°C و±2% RH</li>
        <li>بروتوكول Zigbee 3.0 مع تاريخ بيانات يصل إلى 6 أشهر في التطبيق</li>
        <li>بطارية CR2477 تدوم حتى عامين</li>
        <li>إشعارات فورية عند تجاوز حدود درجة الحرارة والتوازن الرطبي المحددة</li>
    </ul>

    <table border=""1"">
        <thead>
            <tr>
                <th>الميزة</th>
                <th>التفاصيل</th>
            </tr>
        </thead>
        <tbody>
            <tr>
                <td>استشعار</td>
                <td>Sensirion (Swiss)</td>
            </tr>
            <tr>
                <td>دقة درجة الحرارة</td>
                <td>±0.2°C</td>
            </tr>
            <tr>
                <td>مدى درجة الحرارة</td>
                <td>-9.9°C إلى +59.9°C</td>
            </tr>
            <tr>
                <td>دقة التوازن الرطبي</td>
                <td>±2% RH</td>
            </tr>
            <tr>
                <td>مدى التوازن الرطبي</td>
                <td>0-99.9% RH</td>
            </tr>
            <tr>
                <td>شاشة</td>
                <td>2.7 بوصة LCD</td>
            </tr>
            <tr>
                <td>بروتوكول</td>
                <td>Zigbee 3.0</td>
            </tr>
            <tr>
                <td>بطارية</td>
                <td>CR2477 (تدوم حتى عامين)</td>
            </tr>
            <tr>
                <td>الحجم</td>
                <td>45 × 45 × 17.7 ملم</td>
            </tr>
            <tr>
                <td>الوزن</td>
                <td>34 جرام</td>
            </tr>
            <tr>
                <td>التوافق</td>
                <td>eWeLink، Alexa، Google Home، Home Assistant (ZHA/Z2M)</td>
            </tr>
        </tbody>
    </table>",ollama-qwen2.5:7b-bulk-full,2026-04-30T16:00:38+03:00,ollama-qwen2.5:7b-bulk,,,,,,,,,,2026-04-30T16:56:06+03:00,,,,,,,high,Sonoff Zigbee temp/humidity sensor,,,,,
218,simple,NG-SH-014,,MOES Zigbee Smart Thermostat (BHT-002-GCLZB) - Programmable HVAC Control,1,0,visible,Smart thermostat from MOES with Zigbee 3.0 and LCD touchscreen for home temperature regulation. Supports water/electric underfloor heating and Fan Coil central air conditioning. Weekly programmable scheduling with Tuya and Home Assistant compatibility.,"Is your electricity bill high because heating or AC runs all day without smart control?\n\n**Why This Product?**\n- Clear LCD touchscreen displays current and target temperature\n- Supports 3 systems: water underfloor heating, electric underfloor heating (16A), Fan Coil (central AC)\n- Weekly programmable scheduling (5+2, 6+1, or 7-day modes)\n- Dual temperature sensors: internal + external NTC probe for precision\n- Zigbee 3.0 via Tuya platform with Home Assistant compatibility\n\n| Specification | Details |\n|---|---|\n| Display | Color LCD Touchscreen |\n| Protocol | Zigbee 3.0 (Tuya) |\n| Supported Systems | Water underfloor, Electric underfloor (16A), Fan Coil |\n| Temperature Range | 5-35°C |\n| Accuracy | ±0.5°C |\n| Sensors | Internal + External NTC |\n| Scheduling | 5+2 / 6+1 / 7-day modes |\n| Power | 95-240V AC |\n| Dimensions | 86 x 86 x 14.5 mm |\n| Compatibility | Tuya / Smart Life, Google Home, Alexa, Home Assistant |",,,taxable,,1,,,0,0,0.3,16,12,6,1,,379,439,Smart Home & IoT | أتمتة المنزل الذكي,"smart home, thermostat, Zigbee, بروتوكول Zigbee, ترموستات, منزل ذكي",,https://neogen.store/wp-content/uploads/NG-SH-014.jpg,,,,,,,,,0,,,,,موديل زيجبي ذكي للتحكم في درجة الحرارة وظائف قابلة للبرمجة (BHT-002-GCLZB) - التحكم في نظام التدفئة والتهوية والتبريد,,"<p>هل تدفع فواتير الكهرباء المرتفعة بسبب تشغيل التدفئة أو التكييف طوال اليوم دون ضبط ذكي؟ اكتشف حلًا ذكيًا مع منظم الحرارة الذكي MOES Zigbee (BHT-002-GCLZB) - منظم حراري ذكي لضبط أنظمة التدفئة والتبريد.</p>
<strong>لماذا هذا المنتج؟</strong>
<ul>
<li>شاشة لمس لونية تُعرض درجة الحرارة الحالية والهدف</li>
<li>يدعم 3 أنظمة: التدفئة تحت الأرض المائية، التدفئة تحت الأرض الكهربائية (16A)، ووحدة التبريد المركزي (Fan Coil)</li>
<li>جدولة أسبوعية قابلة للبرمجة (5+2، 6+1، أو 7 أيام)</li>
<li>مستشعرات درجة الحرارة مزدوجة: داخلي + خارجي NTC لضمان الدقة</li>
<li>دعم Zigbee 3.0 من خلال منصة Tuya مع توافق مع Home Assistant</li>
</ul>
<strong>المواصفات التقنية:</strong>
<table>
<tr><th>الشاشة</th><td>شاشة لمس لونية LCD</td></tr>
<tr><th>البروتوكول</th><td>Zigbee 3.0 (Tuya)</td></tr>
<tr><th>الأنظمة المدعومة</th><td>التدفئة تحت الأرض المائية، التدفئة تحت الأرض الكهربائية (16A)، وحدة التبريد المركزي</td></tr>
<tr><td rowspan=""4"">النطاق الحراري</td><td rowspan=""4"">5-35°C</td></tr>
<tr><th>الدقة</th><td>±0.5°C</td></tr>
<tr><th>المستشعرات</th><td>داخلي + خارجي NTC",ollama-qwen3:8b-bulk-full,2026-04-30T15:42:02+03:00,ollama-qwen2.5:7b-bulk,,,,,,,,,,2026-04-30T16:56:03+03:00,,,,,,,high,MOES Zigbee thermostat,,,,,
219,simple,NG-SH-013,,Zemismart Zigbee Smart Tubular Motor (ZM25TQ) - Heavy-Duty Roller Blind Motor,1,0,visible,"Smart tubular motor from Zemismart with Zigbee 3.0 designed for roller blinds and blackout shades. 1.2Nm torque handles blinds up to 8kg quietly. Direct 100-240V AC power eliminates battery concerns, with full Tuya and Home Assistant compatibility.","Are your roller blinds too heavy for battery-powered smart motors?\n\n**Why This Product?**\n- Tubular motor fits inside the blind tube (25mm diameter) for a clean, hidden installation\n- 1.2Nm torque handles roller blinds up to 8kg\n- Direct 100-240V AC power - no batteries to charge or replace\n- Zigbee 3.0 via Tuya platform with Home Assistant and SmartThings compatibility\n- Percentage-based position control (0-100%), not just open/close\n\n| Specification | Details |\n|---|---|\n| Motor Type | Tubular - 25mm diameter |\n| Protocol | Zigbee 3.0 (Tuya) |\n| Power | 100-240V AC |\n| Torque | 1.2 Nm |\n| Max Blind Weight | 8 kg |\n| Speed | 28 RPM |\n| Noise Level | Under 35 dB |\n| Motor Length | 370 mm |\n| Compatibility | Tuya / Smart Life, Google Home, Alexa, Home Assistant |",,,taxable,,1,,,0,0,1.5,60,8,8,1,,,699,Smart Home & IoT | أتمتة المنزل الذكي,"smart curtain, smart home, Zigbee, بروتوكول Zigbee, ستائر ذكية, منزل ذكي",,https://neogen.store/wp-content/uploads/NG-SH-013.jpg,,,,,,,,,0,,,,,zemismart ذكية زيجبي موتور لفتحة السقف الثقيلة (ZM25TQ) - موتور ستاربلاين,,"<p>هل تبحث عن محرك ذكي قوي لستائر التروس الثقيلة؟ هذا المحرك الذكي من Zemismart يوفر قوة دفع عالية لتعمل مع أثقال تصل إلى 8 كجم، مع تصميم مدمج يناسب جميع أنواع الستائر.</p>
<strong>لماذا هذا المنتج؟</strong>
<ul>
<li>محرك تروس مدمج يناسب أنبوب الستائر (قطر 25 مم) لتركيب خفي نظيف</li>
<li>قوة دفع تصل إلى 1.2 نم تدعم ستائر تصل إلى 8 كجم</li>
<li>توصيل مباشر بتيار متردد 100-240 فولت، بدون بطاريات لشحن أو استبدال</li>
<li>Zigbee 3.0 عبر منصة Tuya مع توافق مع Home Assistant و SmartThings</li>
<li>",ollama-qwen3:8b-bulk-full,2026-04-30T15:23:09+03:00,ollama-qwen2.5:7b-bulk,,,,,,,,,,2026-04-30T16:56:00+03:00,,,,,,,medium,Zemismart Zigbee tubular motor,,,,,
220,simple,NG-SH-012,,Aqara Roller Shade Driver E1 (RSD-M01) - Smart Roller Blind Motor with HomeKit,1,0,visible,"Smart motor from Aqara for roller shades/blinds using Zigbee 3.0 with full Apple HomeKit compatibility. Supports manual pull control, app control, and voice control. Built-in 6000mAh battery charges via USB-C and lasts up to one year.","Have roller blinds you wish you could control from your phone without complex installation?\n\n**Why This Product?**\n- Fits existing roller shades with tube diameter 28-40mm without replacing the blind\n- Built-in 6000mAh battery charges via USB-C, lasts up to 12 months\n- Manual pull control with automatic direction detection\n- Compatible with Apple HomeKit, Google Home, and Alexa (via Aqara Hub)\n- Quiet operation under 35dB, suitable for bedrooms\n\n| Specification | Details |\n|---|---|\n| Protocol | Zigbee 3.0 (requires Aqara Hub) |\n| Compatibility | Apple HomeKit, Google Home, Alexa |\n| Battery | 6000mAh Li-Po (USB-C charging) |\n| Battery Life | Up to 12 months |\n| Max Shade Weight | 4.9 kg |\n| Tube Diameter | 28-40 mm |\n| Noise Level | Under 35 dB |\n| Torque | 0.6 Nm |\n| Dimensions | 40 x 40 x 156.5 mm |\n| Weight | 195g |",,,taxable,,1,,,0,0,0.8,30,8,8,1,,599,689,Smart Home & IoT | أتمتة المنزل الذكي,"smart curtain, smart home, ستائر ذكية, منزل ذكي",,https://neogen.store/wp-content/uploads/NG-SH-012.jpg,,,,,,,,,0,,,,,جهاز قياس ستاره متحرك أقراة E1 (RSD-M01) - محرك ستار متحرك ذكي مع دعم هومكิت,,"<p>هل ترغب في التحكم في الستائر المتدلية من هاتفك دون الحاجة إلى تركيب معقد؟</p>
<strong>لماذا هذا المنتج؟</strong>
<ul>
<li>يتناسب مع الستائر المتدلية الحالية التي",ollama-qwen3:8b-bulk-full,2026-04-30T15:22:33+03:00,ollama-qwen2.5:7b-bulk,,,,,,,,,,2026-04-30T16:55:56+03:00,,,,,,,medium,Aqara Roller Shade Driver E1,,,,,
221,simple,NG-SH-011,,SwitchBot Bot (S1) - Robotic Finger That Makes Any Button Smart,1,0,visible,Tiny robotic arm from SwitchBot that physically presses any button or switch remotely. Sticks to any surface with 3M adhesive and connects via Bluetooth with timer and scheduling support. The simplest solution to make non-smart devices smart without any wiring.,"Got an old appliance you wish you could control from your phone but it predates smart technology?\n\n**Why This Product?**\n- Mechanical arm physically presses any button - light switch, coffee maker, anything\n- Two modes: Press (push and release) and Switch (push and hold for toggle switches)\n- CR2 lithium battery lasts up to 600 days\n- Instant installation with 3M adhesive tape - no wires or drilling\n- Timer and Schedule support via app (Alexa and Google via SwitchBot Hub)\n\n| Specification | Details |\n|---|---|\n| Actuation Type | Mechanical arm (Press / Switch modes) |\n| Connectivity | Bluetooth 4.2 (Wi-Fi/Alexa via SwitchBot Hub) |\n| Battery | CR2 Lithium |\n| Battery Life | Up to 600 days |\n| Press Force | 1.5 kg |\n| Mounting | 3M adhesive tape |\n| Dimensions | 42.8 x 36.5 x 24 mm |\n| Weight | 39g |",,,taxable,,1,,,0,0,0.2,12,10,6,1,,0,279,Smart Home & IoT | أتمتة المنزل الذكي,"smart home, منزل ذكي",,https://neogen.store/wp-content/uploads/NG-SH-011.jpg,,,,,,,,,0,,,,,SwitchBot بوت (S1) - أطراف ذكية تجعل أي زر ذكي,,"<p>هل لديك جهاز قديم ترغب في التحكم فيه من هاتفك لكنه يسبق تكنولوجيا الذكاء الاصطناعي؟</p>
<strong>لماذا هذا المنتج؟</strong>
<ul>
<li>ذراع ميكانيكي يضغط على أي زر - من إضاءة مكتبية إلى آلة قهوة، أي شيء</li>
<li>أنماط عمل مزدوجة: الضغط (الضغط ثم الإفراج) والتبديل (الضغط والاحتفاظ لتشغيل أزرار التبديل)</li>
<li>بطارية ليثيوم CR2 تدوم حتى 600 يوم</li>
<li>تثبيت فوري باستخدام شريط لاصق 3M - بدون أسلاك أو حفر</li>
<li>دعم مؤقت وجدولة عبر التطبيق (Alexa وGoogle عبر وحدة SwitchBot Hub)</li>
</ul>
<strong>المواصفات التقنية:</strong>
<table>
<tr><th>المواصفات</th><th>التفاصيل</th></tr>
<tr><td>نوع التفعيل</td><td>ذراع ميكانيكي (أنماط الضغط / التبديل)</td></tr>
<tr><td>الاتصال</td><td>بلوتوث 4.2 (واي فاي/Alexa عبر وحدة SwitchBot Hub)</td></tr>
<tr><td>البطارية</td><td>CR2 ليثيوم</td></tr>
<tr><td>مدة البطارية</td><td>حتى 600",ollama-qwen3:8b-bulk-full,2026-04-30T15:21:56+03:00,ollama-qwen2.5:7b-bulk,,,,,,,,,,2026-04-30T16:55:53+03:00,,,,,,,high,SwitchBot Bot S1,,,,,
222,simple,NG-SH-010,,Eve Energy Smart Plug (Matter/Thread) - Next-Gen Smart Plug with Power Monitoring,1,0,visible,"Smart plug from Eve with Matter over Thread protocol for reliable connectivity without Wi-Fi dependency. Accurately monitors power consumption with historical usage data. Sleek design supporting Apple HomeKit, Google Home, and Samsung SmartThings via Matter.","Want to know exactly how much each appliance in your home consumes and when to turn it off?\n\n**Why This Product?**\n- Matter over Thread - no Wi-Fi needed, operates as mesh network for broader coverage\n- Precise power monitoring with historical data (Watts, kWh, estimated cost)\n- Supports up to 2500W / 11A - sufficient for most household appliances\n- No proprietary app needed - works directly with Apple Home and Google Home via Matter\n- Compact design that doesn't block adjacent outlets\n\n| Specification | Details |\n|---|---|\n| Protocol | Matter over Thread |\n| Max Load | 2500W / 11A (240V) |\n| Power Metering | Yes (Watts, Volts, kWh) |\n| Compatibility | Apple HomeKit, Google Home, SmartThings (Matter) |\n| Plug Type | Type F (Schuko) |\n| Dimensions | 55.2 x 55.2 x 55.8 mm |\n| Weight | 88g |\n| Thread Certification | Thread 1.3 |",,,taxable,,1,,,0,0,0.2,14,10,6,1,,,399,Smart Home & IoT | أتمتة المنزل الذكي,"Matter, smart home, smart plug, بروتوكول Matter, مقبس ذكي, منزل ذكي",,https://neogen.store/wp-content/uploads/NG-SH-010.jpg,,,,,,,,,0,,,,,Eve Energy قابس ذكي (Matter/Thread) - Next-Gen قابس ذكي with Power شاشةing,,"<p>اكتشف كيف تعرف بدقة استهلاك كل جهاز في منزلك ومتى يجب إيقافه مع منفذ ذكي ذي مراقبة طاقة متطورة.</p>
<strong>لماذا هذا المنتج؟</strong>
<ul>
<li>تقنية Matter over Thread - لا يحتاج لشبكة Wi-Fi، يعمل كشبكة توزيعية لغطاء أوسع</li>
<li>مراقبة دقيقة لاستهلاك الطاقة مع بيانات تاريخية (واط، كيلوواط ساعة، تقدير التكلفة)</li>
<li>يدعم حتى 2500W / 11A - كافٍ لمعظم أجهزة المنزل</li>
<li>لا يحتاج تطبيق خاص - يعمل مباشرة مع Apple Home و Google Home عبر Matter</li>
<li>تصميم компакت لا يعيق منافذ التوصيل المجاورة</li>
</ul>
<strong>المواصفات التقنية:</strong>
<table>
<tr><th>المواصفة</th><th>التفاصيل</th></tr>
<tr><td>البروتوكول</td><td>Matter over Thread</td></tr>
<tr><td>الحد الأقصى للحمل",ollama-qwen3:8b-bulk-full,2026-04-30T15:21:19+03:00,auto-generated,,,,,,,,,,,,,,,,,high,Eve Energy Smart Plug Matter,,,,,
223,simple,NG-SH-009,,Aqara Motion Sensor P1 (MS-S02) - Wide-Angle 170° Smart PIR Sensor,1,0,visible,Advanced PIR motion sensor from Aqara with 170-degree detection angle and 7-meter range. Zigbee 3.0 connectivity with 3-level adjustable sensitivity and built-in light sensor. Compatible with Apple HomeKit and all major smart home platforms.,"Want lights that automatically turn on the moment you enter a room and off when you leave?\n\n**Why This Product?**\n- Ultra-wide 170° x 40° (horizontal x vertical) detection angle covers entire rooms\n- 3-level adjustable sensitivity (high, medium, low) to minimize false triggers\n- Built-in illuminance sensor to trigger automations only in the dark\n- CR2450 battery lasts up to 5 years\n- Zigbee 3.0 with Apple HomeKit, Google Home, and Alexa compatibility\n\n| Specification | Details |\n|---|---|\n| Detection Technology | PIR (Passive Infrared) |\n| Detection Angle | 170° (horizontal) x 40° (vertical) |\n| Detection Range | Up to 7 meters |\n| Sensitivity Levels | 3 adjustable levels |\n| Light Sensor | Yes (Lux) |\n| Protocol | Zigbee 3.0 |\n| Battery | CR2450 (up to 5 years) |\n| Operating Temperature | -10°C to +45°C |\n| Dimensions | 33 x 33 x 30 mm |\n| Weight | 24.5g (with battery) |",,,taxable,,1,,,0,0,0.1,12,8,4,1,,0,279,Smart Home & IoT | أتمتة المنزل الذكي,"Apple Home, HomeKit, lighting, sensor, smart home, Zigbee, أتمتة, إضاءة, حساس, منزل ذكي",,https://neogen.store/wp-content/uploads/NG-SH-009.jpg,,,,,,,,,0,,,,,أقراها سينسر حركة P1 (MS-S02) - سعاتي 170° ذكي مستشعر PIR,,"<p>استمتع بضوء تلقائي ينير بمجرد دخولك الغرفة ويطفئ نفسه عند مغادرتك.</p>

<ul>
    <li><strong>لماذا هذا المنتج؟</strong></li>
    <li>زاوية اكتشاف واسعة تبلغ 170° × 40° (العمودي × الأفقي) لتشمل جميع أنحاء الغرفة.</li>
    <li>3 مستويات من الحساسية القابلة للتعديل (عالية، متوسطة، منخفضة) لتقليل التحريج الخاطئ.</li>
    <li>شاحن ضوئي داخلي لتشغيل تلقائيات فقط في الظلام.</li>
    <li>بطارية CR2450 تدوم حتى 5 سنوات.</li>
    <li>توافق مع Zigbee 3.0 و Apple HomeKit و Google Home و Alexa.</li>
</ul>

<table border=""1"">
    <tr>
        <th>الخواص التقنية</th>
        <th>التفاصيل</th>
    </tr>
    <tr>
        <td>تقنية الاكتشاف</td>
        <td>PIR ( infravioleto )</td>
    </tr>
    <tr>
        <td>زاوية الاكتشاف</td>
        <td>170° (الأفقي) × 40° (العمودي)</td>
    </tr>
    <tr>
        <td>مدى الاكتشاف</td>
        <td>بحد أقصى 7 متر</td>
    </tr>
    <tr>
        <td>مستويات الحساسية</td>
        <td>3 مستويات قابلة للتعديل</td>
    </tr>
    <tr>
        <td>شاحن الضوء</td>
        <td>نعم (Lux)</td>
    </tr>
    <tr>
        <td>بروتوكول</td>
        <td>Zigbee 3.0</td>
    </tr>
    <tr>
        <td>بطارية</td>
        <td>CR2450 (بحد أقصى 5 سنوات)</td>
    </tr>
    <tr>
        <td>درجة حرارة التشغيل</td>
        <td>-10°C إلى +45°C</td>
    </tr>
    <tr>
        <td>الحجم</td>
        <td>33 × 33 × 30 ملم</td>
    </tr>
    <tr>
        <td>الوزن</td>
        <td>24.5 جرام (مع البطارية)</td>
    </tr>
</table>",ollama-qwen2.5:7b-bulk-full,2026-04-30T16:00:12+03:00,ollama-qwen2.5:7b-bulk,,,,,,,,,,2026-04-30T16:55:48+03:00,,,,,,,high,Aqara Motion Sensor P1,,,,,
224,simple,NG-SH-008,,Shelly Plus 1PM - Smart Wi-Fi Relay with Power Monitoring,1,0,visible,Compact smart relay from Shelly that fits behind any light switch or appliance. Monitors real-time power consumption with direct Wi-Fi connectivity - no hub required. Ultra-compact form factor (42x36x15mm) with 16A capacity for heavy loads.,"Want to make your existing light switches and appliances smart without changing the switches themselves?\n\n**Why This Product?**\n- Installs behind existing switches - no need to change the switch or interior design\n- Real-time power consumption monitoring (Watts, kWh, Volts, Amps)\n- Direct Wi-Fi connectivity - no hub or gateway required\n- 16A / 3680W capacity - enough for water heaters or small AC units\n- Compatible with Home Assistant, Apple HomeKit (via integration), Google Home, and Alexa\n\n| Specification | Details |\n|---|---|\n| Connectivity | Wi-Fi 802.11 b/g/n 2.4GHz + Bluetooth |\n| Max Load | 16A / 3680W (240V) |\n| Power Metering | Yes (Watts, Volts, Amps, kWh) |\n| Power Input | 110-240V AC |\n| Processor | ESP32 |\n| Dimensions | 42.2 x 36.6 x 15.2 mm |\n| Weight | 26g |\n| Temperature Range | -20°C to +40°C |\n| Compatibility | Alexa, Google Home, Home Assistant, MQTT |",,,taxable,,1,,,0,0,0.15,12,10,5,1,,0,189,Smart Home & IoT | أتمتة المنزل الذكي,"smart home, WiFi, منزل ذكي, واي فاي",,https://neogen.store/wp-content/uploads/NG-SH-008.jpg,,,,,,,,,0,,,,,شيللي بلس 1PM - مرتعش ذكي بثاني أكسيد النيتروجين مع مراقبة الطاقة,,"<p>هل ترغب في جعل أضواءك وآلاتك الذكية دون الحاجة لتعديل المفاتيح؟ يُعد Shelly Plus 1PM حلًا مثاليًا لتحويل الأجهزة الموجودة إلى منظومة ذكية بسهولة وفعالية.</p>
<strong>لماذا هذا المنتج؟</strong>
<ul>
<li>يُثبَّت خلف المفاتيح الموجودة دون الحاجة لتعديلها أو تغيير التصميم الداخلي</li>
<li>مراقبة استهلاك الطاقة في الوقت الفعلي (واط، كيلوواط ساعة، فولت، أمبير)</li>
<li>اتصال مباشر عبر الواي فاي دون الحاجة إلى جهاز وسطي أو بوابة</li>
<li>قدرة 16A / 3680W مناسبة لمحارق المياه أو وحدات التكييف الصغيرة</li>
<li>متوافق مع Home Assistant، Apple HomeKit (عبر التكامل)، Google Home، وAlexa</li>
</ul>
<strong>المواصفات التقنية:</strong",ollama-qwen3:8b-bulk-full,2026-04-30T15:20:08+03:00,ollama-qwen2.5:7b-bulk,,,,,,,,,,2026-04-30T16:55:45+03:00,,,,,,,high,Shelly Plus 1PM relay,,,,,
225,simple,NG-SH-007,,SwitchBot Curtain 3 (W2400000) - Turn Any Curtain Smart in Minutes,1,0,visible,"Smart curtain motor from SwitchBot that converts any existing curtain into a smart curtain without replacing the rail. Bluetooth connectivity with Matter support via SwitchBot Hub. Tool-free installation with battery lasting up to 8 months, with optional solar panel charging.","Ever wished you could open and close your curtains with your voice or phone while relaxing?\n\n**Why This Product?**\n- Tool-free installation in under 5 minutes - fits U-Rail, I-Rail, and Rod tracks\n- New QuietDrift motor is 50% quieter than previous generation (under 25dB)\n- 3350mAh lithium polymer battery lasts up to 8 months (once daily use)\n- Compatible with Apple HomeKit, Google Home, Alexa, and Matter (via SwitchBot Hub)\n- Built-in light sensor for automatic open/close based on sunlight levels\n\n| Specification | Details |\n|---|---|\n| Compatibility | U-Rail, I-Rail, Rod (up to 40mm) |\n| Connectivity | Bluetooth 5.0 (Matter via Hub) |\n| Battery | 3350mAh Li-Po |\n| Battery Life | Up to 8 months |\n| Max Curtain Weight | 16 kg |\n| Noise Level | Under 25 dB |\n| Dimensions | 73 x 51 x 40 mm |\n| Weight | 135g |",,,taxable,,1,,,0,0,0.5,22,8,6,1,,549,639,Smart Home & IoT | أتمتة المنزل الذكي,"smart curtain, smart home, ستائر ذكية, منزل ذكي",,https://neogen.store/wp-content/uploads/NG-SH-007.jpg,,,,,,,,,0,,,,,'-switchbot ستارن سكينر 3 (W2400000) - جعل أي شтор ذكي في دقائق,,"<p>استمتع بتحكم فوري في ستائرك باستخدام صوتك أو هاتفك الذكي مع SwitchBot Curtain 3 (W2400000).</p>

<ul>
    <li><strong>التركيب السهل:</strong> يتم تركيبه بدون أداة في أقل من خمس دقائق ويتناسب مع مسارات U-Rail، I-Rail، والقضبان.</li>
    <li><strong>صوت أقل:</strong> يستخدم محرك QuietDrift الجديد الذي هو 50% أخف صوتًا من الجيل السابق (تحت 25dB).</li>
    <li><strong>البطارية الطويلة الأمد:</strong> بطارية ليثيوم أيون بوائي 3350mAh تستمر حتى 8 أشهر مع الاستخدام اليومي.</li>
    <li><strong>توافق واسع:</strong> متوافق مع Apple HomeKit، Google Home، Alexa، وم Matter عبر SwitchBot Hub.</li>
    <li><strong>الشمس تتحكم:</strong> يحتوي على مستشعر ضوء داخلي لفتح وإغلاق ستائرك بناءً على مستويات الإضاءة الطبيعية.</li>
</ul>

<table>
    <tr>
        <th>المواصفات التقنية</th>
        <th>التفاصيل</th>
    </tr>
    <tr>
        <td>توافق</td>
        <td>U-Rail، I-Rail، والقضبان (حد أقصى 40mm)</td>
    </tr>
    <tr>
        <td>التوصيل</td>
        <td>بلوتوث 5.0 (م Matter عبر Hub)</td>
    </tr>
    <tr>
        <td>البطارية</td>
        <td>3350mAh Li-Po</td>
    </tr>
    <tr>
        <td>دورة البطارية</td>
        <td>8 أشهر</td>
    </tr>
    <tr>
        <td>وزن ستارة القصوى</td>
        <td>16 كجم</td>
    </tr>
    <tr>
        <td>مستوى الضوضاء</td>
        <td>تحت 25dB</td>
    </tr>
    <tr>
        <td>الحجم</td>
        <td>73 x 51 x 40 ملم</td>
    </tr>
    <tr>
        <td>الوزن</td>
        <td>135g</td>
    </tr>
</table>",ollama-qwen2.5:7b-bulk-full,2026-04-30T15:59:48+03:00,ollama-qwen2.5:7b-bulk,,,,,,,,,,2026-04-30T16:55:42+03:00,,,,,,,high,SwitchBot Curtain 3,,,,,
226,simple,NG-SH-006,,Aqara Hub M2 (HM2-G01) - Multi-Protocol Smart Home Gateway,1,0,visible,"Smart home hub from Aqara supporting Zigbee 3.0, Wi-Fi, Bluetooth, and built-in IR blaster with integrated speaker. Compatible with Apple HomeKit, Google Home, and Amazon Alexa. Serves as the central gateway for all Aqara smart devices.","Have scattered smart devices with no single hub to bring them together?\n\n**Why This Product?**\n- Zigbee 3.0 support for controlling up to 128 Aqara smart devices\n- Built-in IR blaster to control air conditioners, TVs, and legacy appliances\n- Compatible with Apple HomeKit, Google Home, Alexa, and Matter (via update)\n- Integrated 85dB speaker functions as an alarm siren\n- Dual connectivity: Wi-Fi 2.4GHz/5GHz + Ethernet for maximum stability\n\n| Specification | Details |\n|---|---|\n| Protocols | Zigbee 3.0, Wi-Fi (2.4/5GHz), Bluetooth 5.0, IR |\n| Compatibility | Apple HomeKit, Google Home, Alexa, Matter |\n| Max Devices | 128 Zigbee devices |\n| Speaker | 85dB built-in |\n| Network Port | 1x RJ-45 100Mbps |\n| Power | USB-C 5V/1A |\n| Dimensions | 74 x 74 x 28.4 mm |\n| Weight | 153g |",,,taxable,,1,,,0,0,0.3,16,12,6,1,,0,499,Smart Home & IoT | أتمتة المنزل الذكي,"Apple Home, HomeKit, hub, smart home, smart speaker, Zigbee, بوابة ذكية, سماعة ذكية, منزل ذكي, هب",,https://neogen.store/wp-content/uploads/NG-SH-006.jpg,,,,,,,,,0,,,,,محول أقارة M2 (HM2-G01) - بوابة ذكية متعددة البروتوكولات للمنزل,,"<p>هل لديك أجهزة ذكية مبعثرة دون منصة واحدة لربطها؟ اكتشف Hub M2 من Aqara، بوابة ذكية متعددة البروتوكولات تدمج أجهزتك في نظام واحد سلس وآمن.</p>
<strong>لماذا هذا المنتج؟</strong>
<ul>
<li>دعم Zigbee 3.0 لتحكم حتى 128 جهاز ذكي من Aqara</li>
<li>مصدر إشارة تحت الحمراء مدمج لتشغيل مكيفات الهواء، التلفزيونات، وآلات قديمة</li>
<li>совместим مع Apple HomeKit، Google Home، Alexa، وMatter (عبر تحديث)</li>
<li>مكبر صوت 85dB يعمل كصوت إنذار</li>
<li>اتصال مزدوج: Wi-Fi 2.4GHz/5GHz + كابل إيثرنت للثبات القصوى</li>
</ul>
<strong>المواصفات التقنية:</strong>
<table>
<tr><th>المواصفات</th",ollama-qwen3:8b-bulk-full,2026-04-30T15:14:19+03:00,ollama-qwen2.5:7b-bulk,,,,,,,,,,2026-04-30T16:55:39+03:00,,,,,,,high,Aqara Hub M2,,,,,
227,simple,NG-ENT-010,,Ubiquiti UniFi Switch Pro 24 PoE (USW-Pro-24-PoE) - Smart Managed PoE+ Switch,1,0,visible,"Fully managed 24-port Gigabit PoE+ switch from Ubiquiti with 2x 10Gbps SFP+ uplinks. Delivers a 400W PoE budget to power access points, cameras, and VoIP phones through Ethernet cables. Seamlessly integrates with the UniFi ecosystem for centralized management.","Tired of running separate power cables to every camera and access point in your network?\n\n**Why This Product?**\n- 24x Gigabit PoE+ ports with 400W total PoE budget to power devices via network cable\n- 2x SFP+ 10Gbps uplinks for high-speed switch and server interconnects\n- 1.3"" color touchscreen LCM display showing port status and network health\n- Full Layer 2 and Layer 3 capabilities with VLAN, Static Routing, and DHCP Server\n- Fanless 1U metal design for completely silent operation\n\n| Specification | Details |\n|---|---|\n| Ethernet Ports | 24x 10/100/1000 RJ-45 PoE+ |\n| SFP+ Ports | 2x SFP+ (10Gbps) |\n| PoE Budget | 400W (802.3at PoE+) |\n| Switching Capacity | 52 Gbps |\n| Layer 3 | Static Routing, DHCP Server, Inter-VLAN Routing |\n| Display | 1.3"" Color Touchscreen LCM |\n| Dimensions | 442.4 x 220 x 44 mm (1U) |\n| Weight | 4.45 kg |\n| Cooling | Fanless |\n| Management | UniFi Network Application |",,,taxable,,1,,,0,0,5.0,55,35,8,1,,0,4199,Homelab | هوم لاب,"3d printing, networking, PoE, switch, تغذية عبر الشبكة, سويتش, شبكات, طباعة ثلاثية الأبعاد",,https://neogen.store/wp-content/uploads/NG-ENT-010.jpg,,,,,,,,,0,,,,,يوبيكويتي UniFi سويتش Pro 24 PoE (USW-Pro-24-PoE) - Smart Managed PoE+ سويتش,,"<p>هل تشعر بالإرهاق من توصيل أسلاك كهربائية منفصلة لكل كاميرا ونقطة الوصول في شبكة الإنترنت الخاصة بك؟</p>
<strong>لماذا هذا المنتج؟</strong>
<ul>
<li>24 منفذًا بسرعة جيجابت مع ميزانية كهرباء عبر الشبكة تصل إلى 400 واط لتشغيل الأجهزة عبر سلك الشبكة</li>
<li>2 منفذًا SFP+ بسرعة 10 جيجابت لربط أجهزة التبديل والخوادم بسرعة عالية</li>
<li>شاشة لمسية ملونة بحجم 1.",ollama-qwen3:8b-bulk-full,2026-04-30T15:13:43+03:00,auto-generated,,,,,,,,,,,,,,,,,high,UniFi USW-Pro-24-PoE,,,,,
228,simple,NG-ENT-009,,HPE ProLiant DL380 Gen10 Server (Refurbished) - Data Center Power at Smart Pricing,1,0,visible,"Fully tested refurbished HPE DL380 Gen10 with Intel Xeon Silver 4114 10-core CPU and 32GB DDR4 ECC RAM. Supports up to 24x 2.5"" SFF drives with HPE Smart Array P408i-a RAID controller. The ideal choice for data center-grade compute on a reasonable budget.","Need data center-grade server performance but your budget won't stretch to buy new?\n\n**Why This Product?**\n- Intel Xeon Silver 4114 10-core/20-thread at 2.2GHz with dual-socket support\n- 32GB DDR4 ECC RDIMM included, expandable to 3TB across 24 DIMM slots\n- HPE Smart Array P408i-a SR Gen10 controller supporting RAID 0/1/5/6/10/50/60\n- 2U chassis supporting up to 24x 2.5"" SFF or 12x 3.5"" LFF drives\n- iLO 5 for full remote management including virtual KVM console\n\n| Specification | Details |\n|---|---|\n| CPU | Intel Xeon Silver 4114 (10C/20T, 2.2GHz) |\n| Second CPU | Second socket available (Dual Socket) |\n| Installed Memory | 32GB DDR4-2666 ECC RDIMM |\n| Max Memory | 3TB (24x DIMM slots) |\n| Storage | 8x SFF 2.5"" bays (expandable to 24) |\n| RAID Controller | HPE Smart Array P408i-a SR |\n| Network | 4x 1GbE (HPE 331i) |\n| Management | iLO 5 Advanced |\n| Power Supply | 1x 500W (supports dual for redundancy) |\n| Form Factor | 2U Rack-Mount |\n| Dimensions | 445 x 763 x 87 mm |",,,taxable,,1,,,0,0,32.0,85,65,25,1,,0,8630,Homelab | هوم لاب,"enterprise, refurbished, server, حلول شركات, سيرفر, مجدد",,https://neogen.store/wp-content/uploads/NG-ENT-009.jpg,,,,,,,,,0,,,,,خادم هوايبي برولينيوت دل380 جين10 (مسترجَع) - قوة مركز البيانات بأثمنة ذكية,,"<p>هل تحتاج إلى أداء خادم من نوع مركز البيانات ولكن ميزانيتك لا تسمح بشراء نموذج جديد؟ اكتشف HPE ProLiant DL380 Gen10 Server (الملف المُعاد تجميعه) الذي يوفر أداءً عاليًا بأسعار مناسبة.</p>
<strong>لماذا",ollama-qwen3:8b-bulk-full,2026-04-30T15:13:06+03:00,ollama-qwen2.5:7b-bulk,6899,https://www.amazon.sa/-/en/ProLiant-DL380-Server-3-20GHz-Renewed/dp/B0GW1G7H16/ref=sr_1_1,2026-04-29T13:45:00+03:00,high,6499,0,1777459470,1777459470,,2026-04-30T16:55:36+03:00,,,,,,,high,HPE ProLiant DL380 Gen10 2U,6899.0,2026-04-29T13:45:00+03:00,1731.0,25.1,PRICED HIGHER THAN AMAZON
229,simple,NG-ENT-008,,APC Smart-UPS 1500VA LCD RM 2U (SMT1500RMI2U) - Pure Sine Wave Rack UPS,1,0,visible,Professional 1500VA/1000W UPS from APC with interactive LCD display and 2U rackmount/tower design. Line-Interactive technology with pure sine wave output protects servers and network equipment from power outages and voltage fluctuations. Hot-swappable batteries for zero-downtime maintenance.,"Have you ever lost data or experienced hardware damage from a sudden power outage?\n\n**Why This Product?**\n- 1500VA / 1000W capacity with pure sine wave output, safe for servers and sensitive equipment\n- Interactive LCD displays real-time battery status, load, and voltage information\n- 2U Rack-Mount or Tower design with hot-swappable batteries for zero-downtime replacement\n- USB + Serial + SmartSlot ports for monitoring and automatic graceful shutdown\n- 6x IEC 320 C13 outlets (4 battery + surge, 2 surge only) with comprehensive surge protection\n\n| Specification | Details |\n|---|---|\n| Capacity | 1500VA / 1000W |\n| Waveform | Pure Sine Wave |\n| Technology | Line-Interactive |\n| Outlets | 4x IEC C13 (battery + surge), 2x IEC C13 (surge only) |\n| Backup Time | ~7 min at full load, ~26 min at half load |\n| Input Voltage | 160-286V auto-sensing |\n| Form Factor | 2U Rack-Mount / Tower |\n| Connectivity | USB, Serial RS-232, SmartSlot |\n| Dimensions | 432 x 483 x 89 mm |\n| Weight | 27.3 kg |",,,taxable,,1,,,0,0,16.0,55,45,14,1,,0,4899,Homelab | هوم لاب,"enterprise, server rack, UPS, حلول شركات, راك سيرفر, يو بي اس",,https://neogen.store/wp-content/uploads/NG-ENT-008.jpg,,,,,,,,,0,,,,,APC Smart-UPS 1500VA LCD RM 2U (SMT1500RMI2U) - مولد طاقة نقية الدائرة الرفقي,,"<p>هل تواجه مشاكل في فقدان البيانات أو ضرر الأجهزة بسبب انقطاع التيار الكهربائي المفاجئ؟ يوفر لك هذا الجهاز حماية موثوقة وتشغيلًا مستقرًا لجميع أجهزتك الحساسة.</p>
<strong>لماذا هذا المنتج؟</strong>
<ul>
<li>سعة 1500VA / 1000W مع موجة سينية نقية، مناسبة لمحطات الخوادم والأجهزة الحساسة</li>
<li>شاشة لمس تفاعلية تعرض حالة البطارية والحمل والجهد في الوقت الحقيقي</li>
<li>تصميم 2U Rack-Mount أو عمودي مع بطاريات قابلة للتبديل بسهولة دون انقطاع الخدمة</li>
<li>منافذ USB + سريال + SmartSlot لرصد الأداء وتعطيل النظام تدريجيًا تلقائيًا</li>
<li>6 منافذ IEC 320 C13 (4 بطارية + حماية من التفريغ، 2 فقط حماية من التفريغ) مع حماية شاملة من التفريغ</li>
</ul>
<strong>المواصفات التقنية:</strong>
<table>
<tr><th>المواصفة</th><th>التفاصيل</th></tr>
<tr><td>السعة</td><td>1500VA / 1000W</td></tr>
<tr><td>الشكل الموجي</td><td>موجة سينية نقية</td></tr>
<tr><td>التقنية</td><td>خطي تفاعلي</td></tr>
<tr><td>المنافذ</td><td>4x IEC C13 (بطارية + حماية من التفريغ)، 2x IEC C13 (فقط حماية من التفريغ)</td></tr>
<tr><td>وقت الاحتفاظ بالطاقة</td><td>~7 دقيقة عند الحمل الكامل، ~26 دقيقة عند الحمل النصف</td></tr>
<tr><td>جهد المدخل</td><td>160-286V تلقائي</td></tr>
<tr><td>الحجم</td><td>2U",ollama-qwen3:8b-bulk-full,2026-04-30T15:12:28+03:00,ollama-qwen2.5:7b-bulk,,,,,,,,,,2026-04-30T16:55:33+03:00,,,,,,,high,APC Smart-UPS 1500VA 2U rack,,,,,
230,simple,NG-ENT-007,,MikroTik CRS326-24G-2S+RM 24-Port Managed Gigabit Switch with 10G SFP+,1,0,visible,Managed switch with 24 Gigabit Ethernet ports and 2x 10Gbps SFP+ uplinks from MikroTik. 1U rackmount design running RouterOS/SwOS for full network control. Enterprise-grade features at a fraction of the cost of competing brands.,"Need a managed switch with professional features without paying premium brand prices?\n\n**Why This Product?**\n- 24x Gigabit Ethernet ports plus 2x SFP+ 10Gbps uplinks for server/switch interconnects\n- Dedicated Marvell Prestera 98DX3236 switching chip with 48Gbps switching capacity\n- Dual OS support: RouterOS v7 or SwOS with VLAN, port mirroring, and bandwidth limiting\n- Metal 1U rackmount design with quiet internal cooling fan\n- Ultra-low 17W power consumption with integrated PSU\n\n| Specification | Details |\n|---|---|\n| CPU | Marvell Prestera 98DX3236 650MHz |\n| Memory | 512MB RAM / 16MB Flash |\n| Ethernet Ports | 24x 10/100/1000 RJ-45 |\n| SFP+ Ports | 2x SFP+ (10Gbps) |\n| Switching Capacity | 48 Gbps |\n| Operating System | RouterOS v7 / SwOS |\n| Dimensions | 443 x 144 x 28 mm (1U) |\n| Weight | 1.46 kg |\n| Power Consumption | 17W |\n| Cooling | Internal fan |",,,taxable,,1,,,0,0,3.5,55,30,8,1,,0,1110,Homelab | هوم لاب,"10G, cables, networking, switch, سويتش, شبكات, عشرة قيقا, كابلات",,https://neogen.store/wp-content/uploads/NG-ENT-007.jpg,,,,,,,,,0,,,,,ميكروتيك CRS326-24G-2S+RM 24-Port Managed Gigabit سويتش with 10G SFP+,,"<p>هل تبحث عن مُدارة تبادل بيانات مع ميزات احترافية دون دفع أسعار العلامات التجارية الفاخرة؟ هذا المنتج هو الحل الأمثل لاحتياجاتك في الشبكات المتقدمة بجودة عالية وبأسعار مناسبة.</p>
<strong>لماذا هذا المنتج؟</strong>
<ul>
<li>24 منفذًا إthernet بسرعة جيغابيت بالإضافة إلى 2 منفذ SFP+ بسرعة 10 جيغابيت لربط الخوادم والمحولات</li>
<li>معالج مخصص Marvell Prestera 98DX3236 بقدرة تبادل بيانات تصل إلى 48 جيغابيت</li>
<li>دعم نظامين تشغيليين: RouterOS v7 أو SwOS مع إمكانية VLAN وتحديد سرعة النطاق ومرآة المنافذ</li>
<li>تصميم معدني بحجم 1U مناسب للتركيب في الرف مع مروحة تبريد هادئة</li>
<li>استهلاك كهربائي منخفض يصل إلى 17 واط مع مُحول طاقة م",ollama-qwen3:8b-bulk-full,2026-04-30T15:11:52+03:00,auto-generated,884,https://www.amazon.sa/-/en/Switch-ports-Gigabit-MikroTik-CRS326-24G-2S-RM/dp/B0747TBTDX/ref=sr_1_1,2026-04-29T13:45:00+03:00,high,1649,0,1777459471,1777459471,,,,,,,,,high,MikroTik CRS326 24G+2SFP+ rack,884.0,2026-04-29T13:45:00+03:00,226.0,25.6,PRICED HIGHER THAN AMAZON
231,simple,NG-ENT-006,,Synology DiskStation DS1621+ 6-Bay NAS - Enterprise Storage Powerhouse,1,0,visible,Professional 6-bay NAS powered by AMD Ryzen V1500B quad-core CPU with 4GB DDR4 ECC RAM (expandable to 32GB). Supports up to 108TB raw storage with NVMe SSD caching and Btrfs data protection. Expandable to 16 bays with two DX517 units.,"Looking for a centralized storage solution that delivers both performance and reliability for your business?\n\n**Why This Product?**\n- AMD Ryzen V1500B quad-core 2.2GHz CPU ensures smooth multitasking performance\n- 6x 3.5""/2.5"" SATA bays expandable to 16 bays via two DX517 expansion units\n- Dual M.2 2280 NVMe slots for SSD cache acceleration\n- 4x 1GbE ports with Link Aggregation and 10GbE upgrade option via PCIe\n- DSM 7 with full support for Docker, Virtual Machine Manager, and Surveillance Station\n\n| Specification | Details |\n|---|---|\n| CPU | AMD Ryzen V1500B Quad-Core 2.2GHz |\n| Memory | 4GB DDR4 ECC (expandable to 32GB) |\n| Drive Bays | 6x 3.5""/2.5"" SATA III |\n| Max Raw Storage | 108TB (6x 18TB) |\n| Network Ports | 4x 1GbE RJ-45 |\n| USB Ports | 2x USB 3.2 Gen 1 |\n| Expansion Slots | 1x PCIe Gen3 x8, 2x M.2 2280 NVMe |\n| File System | Btrfs / ext4 |\n| Dimensions | 166 x 282 x 243 mm |\n| Weight | 5.1 kg |\n| Power Consumption | 32.96W (access) / 12.67W (HDD hibernation) |",,,taxable,,1,,,0,0,8.0,40,30,28,1,,0,5599,Homelab | هوم لاب,"enterprise, NAS, تخزين شبكي, حلول شركات",,https://neogen.store/wp-content/uploads/NG-ENT-006.jpg,,,,,,,,,0,,,,,نظام التخزين enterprise DiskStation DS1621+ 6-بوابات,,"<p>إذا كنت تبحث عن حل تخزين مركز يوفر كلا من الأداء والموثوقية لعملك، فهذا المنتج هو الخيار الأمثل.</p>

<ul>
    <li><strong>الأداء:</strong> مع معالج AMD Ryzen V1500B quad-core 2.2GHz، تضمن التجاوزات المتعددة السلسة.</li>
    <li><strong>التوسعة:</strong> 6 منافذ لdisks 3.5""/2.5"" SATA III قابلة للتوسع إلى 16 منفذًا عبر وحدتين DX517.</li>
    <li><strong>تحسين الأداء:</strong> مساران M.2 2280 NVMe لتسريع ذاكرة التخزين السريعة.</li>
    <li><strong>الشبكة:</strong> 4 منافذ LAN 1GbE مع خيار ترقية إلى 10GbE عبر PCIe.</li>
</ul>

<table border=""1"">
    <tr>
        <th>المواصفات التقنية</th>
        <th>تفاصيل</th>
    </tr>
    <tr>
        <td>CPU</td>
        <td>AMD Ryzen V1500B Quad-Core 2.2GHz</td>
    </tr>
    <tr>
        <td>ذاكرة الوصول العشوائي</td>
        <td>4GB DDR4 ECC (قابل للتوسع إلى 32GB)</td>
    </tr>
    <tr>
        <td>منافذ الأقراص الثابتة</td>
        <td>6x 3.5""/2.5"" SATA III</td>
    </tr>
    <tr>
        <td>مساحة التخزين الخام القصوى</td>
        <td>108TB (6x 18TB)</td>
    </tr>
    <tr>
        <td>منافذ الشبكة</td>
        <td>4x 1GbE RJ-45</td>
    </tr>
    <tr>
        <td>منافذ USB</td>
        <td>2x USB 3.2 Gen 1</td>
    </tr>
    <tr>
        <td>مسار التوسع</td>
        <td>1x PCIe Gen3 x8، 2x M.2 2280 NVMe</td>
    </tr>
    <tr>
        <td>نظام الملفات</td>
        <td>Btrfs / ext4</td>
    </tr>
    <tr>
        <td>الحجم</td>
        <td>166 x 282 x 243 مم</td>
    </tr>
    <tr>
        <td>وزن</td>
        <td>5.1 كجم</td>
    </tr>
    <tr>
        <td>استهلاك الطاقة</td>
        <td>32.96W (الوصول) / 12.67W (hibernation HDD)</td>
    </tr>
</table>",ollama-qwen2.5:7b-bulk-full,2026-04-30T15:59:25+03:00,ollama-qwen2.5:7b-bulk,,,,,,,,,,2026-04-30T16:55:29+03:00,,,,,,,high,Synology DS1621+ 6-bay,,,,,
233,simple,NG-ACC-004,,Seagate IronWolf 18TB NAS Internal Hard Drive - Built for 24/7 Performance,1,0,visible,"Massive 18TB capacity optimized for NAS environments. CMR technology, 7200 RPM, and 3 years of free Rescue Data Recovery. The professional choice for storage servers.","Power your NAS with the **Seagate IronWolf 18TB**, a hard drive specifically engineered to handle the demands of multi-user environments and 24/7 uptime. Robust, scalable, and reliable—it’s the cornerstone of your data infrastructure.\n\n**Why IronWolf?**\n- **Incredible Capacity:** 18TB of storage for massive media libraries, project archives, and enterprise-level backups.\n- **NAS-Optimized:** AgileArray technology focuses on drive balance, RAID optimization, and power management to ensure the best performance in multi-bay enclosures.\n- **CMR Technology:** Uses Conventional Magnetic Recording for consistent, high-speed performance and reliability in heavy workloads.\n- **IronWolf Health Management:** Built-in prevention, intervention, and recovery tools to keep your data safe (on compatible NAS units).\n- **High Workload Rating:** Designed to handle 180TB of user data per year, perfect for active creative studios and small businesses.\n- **Rescue Data Recovery:** Peace of mind included—comes with 3 years of Rescue Data Recovery Services to help retrieve data in case of unexpected drive failure.\n\n**Technical Specifications:**\n| Capacity | 18 TB |\n|---|---|\n| Spindle Speed | 7200 RPM |\n| Cache | 256 MB |\n| Recording Tech | CMR |\n| MTBF | 1,000,000 Hours |\n| Workload Rating | 180 TB/Year |\n| Warranty | 5-Year Limited + 3-Year Rescue |",,,taxable,,1,,,0,0,1.0,18,14,6,1,,2699,3109,Hardware | أجهزة PC,"accessories, HDD, NAS, إكسسوارات, تخزين شبكي, هارد ديسك",,https://neogen.store/wp-content/uploads/NG-ACC-004.jpg,,,,,,,,,0,,,,,قرص صلب داخلي سيراجيت إيرونوول 18 تي بي آيسي - مصمم لل أداء 24/7,,"<p>استخدم نظامك التخزيني NAS بمحرك أقراص Seagate IronWolf 18TB، محرك أقراص مصمم خصيصًا لتحمل متطلبات البيئات متعددة المستخدمين وتشغيل 24/7. قوي، قابل للتوسع، وموثوق—هو الأساس الأساسي لبنية بياناتك.</p>
<strong>لماذا هذا المنتج؟</strong>
<ul>
<li><strong>سعة هائلة:</strong> 18 ت",ollama-qwen3:8b-bulk-full,2026-04-30T15:18:01+03:00,ollama-qwen2.5:7b-bulk,,,,,,,,,,2026-04-30T16:55:26+03:00,,,,,,,high,Seagate IronWolf 18TB NAS HDD,,,,,
234,simple,NG-ACC-003,,Mark Ryden Anti-theft Laptop Backpack - Maximum Protection for Your Tech,1,0,visible,"Sleek, waterproof, and theft-proof. Features a TSA-approved lock, external USB port, and ergonomic design. Fits laptops up to 15.6"" with specialized safety compartments.","Travel with confidence and style with the **Mark Ryden Anti-theft Backpack**. This isn't just a bag; it's a mobile security vault for your expensive gear, engineered for the modern commuter and frequent traveler.\n\n**Why Mark Ryden?**\n- **TSA-Approved Security:** An integrated 3-digit combination lock secures your main compartment, providing peace of mind in crowded areas.\n- **Waterproof Fabric:** High-quality Oxford material ensures your electronics stay dry during unexpected rain or accidental spills.\n- **Built-in USB Charging:** Connect your power bank inside and charge your phone conveniently via the external USB 3.0 port.\n- **Theft-Proof Features:** Hidden zippers and a secret back pocket keep your valuables like passports and wallets safe from pickpockets.\n- **Superior Organization:** Dedicated padded slots for a 15.6"" laptop and a 9.7"" tablet, plus multiple organized pockets for cables and accessories.\n- **Ergonomic Comfort:** Breathable multi-panel airflow design provides extra padding for comfort and maximum back support.\n\n**Technical Specifications:**\n| Laptop Compatibility | Up to 15.6 inch |\n|---|---|\n| Tablet Compatibility | Up to 9.7 inch |\n| Security | TSA Combination Lock + Hidden Zippers |\n| Material | Water-repellent Oxford + YKK-style zippers |\n| Features | External USB 3.0 Port, 180° Opening |\n| Dimensions | Slim &amp; Lightweight profile |",,,taxable,,1,,,0,0,1.5,50,35,20,1,,409,479,Accessories & Lifestyle | إكسسوارات,"accessories, laptop backpack, إكسسوارات, شنطة لابتوب",,https://neogen.store/wp-content/uploads/NG-ACC-003.jpg,,,,,,,,,0,,,,,حقيبة حماية أمنية لمحمول Mark Ryden - حماية قصوى لتقنيتك,,"<p>استمتع بالسفر بثقة وسلاسة مع حقيبة الظهر المضادة للسرقة من مارك ريدن. هذه الحقيبة ليست مجرد حقيبة، بل هي خزنة متنقلة تحمي معداتك الثمينة، مصممة لليوميات والمسافرين المكثفين.</p>
<strong>لماذا هذا المنتج؟</strong>
<ul>
<li><strong>سلامة مصادقة من TSA:</strong> قفل مزدوج الرقم يحمي المقصورة الرئيسية، مما يمنحك الراحة في الأماكن المزدحمة.</li>
<li><strong>قماش مقاوم للماء:</strong> مادة أوكسفورد عالية الجودة تضمن بقاء أجهزتك جافة خلال الأمطار غير المتوقعة أو تسربات غير متعمدة.</li>
<li><strong>منفذ شحن USB مدمج:</strong> اربط بطارية شحن داخلية وشحن هاتفك بسهولة من خلال منفذ USB 3.0 الخارجي.</li>
<li><strong>مميزات مضادة للسرقة:</strong> مزهريات مخفية وحقيبة خلفية سرية تحمي وثائقك الثمينة مثل جواز السفر والمحافظ من السرقة.</li>
<li><strong>تنظيم متميز:</strong> فتحات مبطنة مخصصة لحاسوب محمول بحجم 1",ollama-qwen3:8b-bulk-full,2026-04-30T15:17:23+03:00,ollama-qwen2.5:7b-bulk,,,,,,,,,,2026-04-30T16:55:23+03:00,,,,,,,high,Mark Ryden anti-theft backpack,,,,,
235,simple,NG-ACC-002,,Anker 735 GaN 65W Charger - Compact 3-Port Fast Charger,1,0,visible,"One charger for all your gear. 65W GaNPrime technology in a body 40% smaller than standard chargers. Charge your laptop, phone, and buds simultaneously.","Streamline your charging experience with the **Anker 735 Charger (GaNPrime 65W)**. Ditch the bulky power bricks and enjoy high-speed charging for three devices at once from a single, pocket-sized wall plug.\n\n**Why Anker 735?**\n- **GaNPrime Technology:** Anker’s most advanced charging system that delivers better energy efficiency and heat dissipation in a tiny form factor.\n- **65W Max Output:** Enough power to fast-charge a MacBook Air, iPad Pro, or the latest flagship smartphones at full speed.\n- **PowerIQ 4.0:** Intelligent power allocation dynamically adjusts to the needs of each connected device for the fastest possible charge.\n- **ActiveShield 2.0:** Enhanced protection that monitors temperature over 3 million times a day to prevent overheating and protect your battery.\n- **Ultra-Compact:** 40% smaller than the original Apple 67W charger, featuring a foldable plug for maximum portability.\n- **Universal Compatibility:** Optimized to work perfectly with over 1,000 devices, including iPhones, Galaxies, and MacBooks.\n\n**Technical Specifications:**\n| Total Wattage | 65W |\n|---|---|\n| Output Ports | 2x USB-C + 1x USB-A |\n| Technology | GaNPrime, PowerIQ 4.0, ActiveShield 2.0 |\n| Supported Protocols | PD 3.0, PPS, Quick Charge 3.0 |\n| Design | 40% smaller than Apple 67W, Foldable Plug |\n| Safety | Short-circuit, Over-voltage, Temperature control |",,,taxable,,1,,,0,0,0.3,16,12,6,1,,,379,Accessories & Lifestyle | إكسسوارات,"accessories, charger, إكسسوارات, شاحن",,https://neogen.store/wp-content/uploads/NG-ACC-002.jpg,,,,,,,,,0,,,,,انكر 735 GaN 65W شاحن - Compact 3-Port Fast شاحن,,"<p>اكتشف تجربة شحن سلسة مع **Anker 735 Charger (GaNPrime 65W)**. اخلع الأجهزة الثقيلة واحصل على شحن سريع لثلاثة أجهزة في وقت واحد من منفذ صغير الحجم.</p>
<strong>لماذا هذا المنتج؟</strong>
<ul>
<li><strong>تقنية GaNPrime:</strong> نظام شحن متقدم من Anker يوفر كفاءة طاقة أعلى وتوزيع حراري محسّن في حجم صغير.</li>
<li><strong>مخرج قوة 65W:</strong> قوة كافية لشحن أحدث أجهزة MacBook Air وiPad Pro وأجهزة الهواتف الذكية بسرعة عالية.</li>
<li><strong>تقنية PowerIQ 4.0:</strong> توزيع ذكي للطاقة يضبط تلقائيًا لاحتياجات كل جهاز لشحن أسرع.</li>
<li><<Q>ActiveShield 2.0:</strong> حماية متقدمة تراقب درجة الحرارة أكثر من 3 ملايين مرة يوميًا لمنع التسخين وحماية البطارية.</li>
<li><strong>صغير الحجم:</strong> 40% أصغر من مزود الطاقة الأصلي لشركة Apple بقوة 67W، مع منفذ قابل للطي للتنقل.</li>
<li><strong>توافق واسع:</strong> مثالي لشحن أكثر من 1000 جهاز، بما في ذلك أجهزة iPhone وGalaxies وMacBooks.</li>
</ul>
<strong>المواصفات التقنية",ollama-qwen3:8b-bulk-full,2026-04-30T15:09:31+03:00,auto-generated,,,,,,,,,,,,,,,,,high,Anker 735 GaN 65W charger,,,,,
236,simple,NG-ACC-001,,Baseus Blade 100W Power Bank - Ultra-Slim Laptop Portable Charger,1,0,visible,"100W PD output in a sleek, ultra-thin design. 20,000mAh capacity to fast-charge laptops and smartphones simultaneously. Features a smart digital status display.","Power up your professional life with the **Baseus Blade 100W Power Bank**. Designed for those who refuse to be tethered to a wall outlet, this ultra-slim powerhouse can charge a MacBook Pro to 50% in just 30 minutes.\n\n**Why Baseus Blade?**\n- **Massive 100W Output:** High-speed Power Delivery (PD) that provides enough juice for high-end laptops, tablets, and flagship smartphones.\n- **Incredibly Thin Design:** At only 18mm thick, it’s specifically engineered to fit into slim laptop bags and backpacks without bulk.\n- **20,000mAh High Capacity:** Reliable energy that can keep your iPhone running for days or give your laptop a full second life.\n- **Intelligent Digital Display:** Real-time visibility into battery percentage, current voltage, and estimated remaining charging time.\n- **Quad-Port Charging:** Two USB-C ports and two USB-A ports allow you to charge up to four devices at once.\n- **Flight Safe:** Complies with international aviation safety standards (IATA), making it your perfect travel companion.\n\n**Technical Specifications:**\n| Capacity | 20,000mAh / 74Wh |\n|---|---|\n| USB-C Output | Up to 100W (PD 3.0) |\n| USB-A Output | Up to 30W (QC 4.0/3.0) |\n| Input | 65W Fast Recharging (Full in ~90 mins) |\n| Ports | 2x USB-C + 2x USB-A |\n| Thickness | 18 mm |\n| Safety Features | Over-current, Over-voltage, Over-temperature protection |",,,taxable,,1,,,0,0,1.2,25,18,6,1,,,499,Accessories & Lifestyle | إكسسوارات,"accessories, cables, charger, power bank, USB-C cable, إكسسوارات, بطارية متنقلة, شاحن, كابل USB-C, كابلات",,https://neogen.store/wp-content/uploads/NG-ACC-001.jpg,,,,,,,,,0,,,,,แบสิว بلايد 100W بورر بنك - شحذة محمولة للكمبيوتر المحمول رقيقة جدا,,<p>استعد لحياتك المهنية ببطاقة شحن Baseus Blade 100W. مصممة لمن لا يرغبون في الارتباط بالمنافذ,ollama-qwen3:8b-bulk-full,2026-04-30T15:08:54+03:00,ollama-qwen2.5:7b-bulk,,,,,,,,,,2026-04-30T16:55:20+03:00,,,,,,,high,Baseus Blade 100W power bank,,,,,
237,simple,NG-MKR-005,,Elgato Stream Deck MK.2 - Professional Productivity Console with 15 LCD Keys,1,0,visible,"The icon of content creation. 15 fully customizable LCD keys to control apps, broadcasting tools, and workflows at your fingertips. Streamline your productivity.","Take control of your digital life with the **Elgato Stream Deck MK.2**. More than just a controller for streamers, it’s a powerful macro console designed to speed up any task, from video editing to complex software engineering.\n\n**Why Elgato Stream Deck MK.2?**\n- **Tactile LCD Keys:** 15 bright, customizable keys that update in real-time to show you exactly what each button does.\n- **Vast Integration:** Direct plugins for OBS, Streamlabs, Twitch, YouTube, Philips Hue, and many more are available in the Stream Deck Store.\n- **Multi-Action Sequences:** Trigger multiple actions with one tap—open your workstation apps, turn on the lights, and start your stream simultaneously.\n- **Interchangeable Faceplates:** Personalize your desk setup by swapping out the front plate for different colors and designs.\n- **Ergonomic Stand:** Comes with a detachable 45-degree stand for the perfect viewing angle and stable button presses.\n- **Drag-and-Drop Setup:** The intuitive software makes it incredibly simple to assign actions and customize icons.\n\n**Technical Specifications:**\n| Keys | 15 customizable LCD keys |\n|---|---|\n| Interface | USB 2.0 (Detachable USB-C to USB-A cable) |\n| Dimensions | 118 x 84 x 25 mm (without stand) |\n| Weight | 145 g (without stand) |\n| System Support | Windows 10 (64-bit) / macOS 10.15 or later |\n| Cable Length | 1.5m |",,,taxable,,1,,,0,0,0.8,25,20,10,1,,1249,1439,Enthusiasts & Gamers | هواة التقنية,"gaming, professional, احترافي, قيمنق",,https://neogen.store/wp-content/uploads/NG-MKR-005.jpg,,,,,,,,,0,,,,,إلجاتو ستريم ديك MK.2 - Professional Productivity Console with 15 LCD Keys,,"<p>تحكم في حياتك الرقمية بجهاز **Elgato Stream Deck MK.2**. أكثر من مجرد جهاز تحكم لمستخدمي البث، فهو لوحة تحكم قوية تُسرع المهام، من تحرير الفيديو إلى تطوير البرمجيات المعقدة.</p>
<strong>لماذا هذا المنتج؟</strong>
<ul>
<li><strong>أزرار لمسية مع شاشة لمسية:</strong> 15 زرًا مخصصًا يُظهر لك دقيقًا ما يقوم به كل زر في الوقت الفعلي.</li>
<li><strong>تكامل واسع:</strong> تطبيقات مباشرة لـ OBS، Streamlabs، Twitch، YouTube، Philips Hue، وغيرها متاحة في متجر Stream Deck.</li>
<li><strong>سلسلة إجراءات متعددة:</strong> أعد إجراءات متعددة بضغطة واحدة – افتح تطبيقات ورشة العمل، وقم بتشغيل الإضاءة، وابدأ البث معًا.</li>
<li><strong>لوحات أمامية قابلة للتبديل:</strong> قم بتحديث مكتبك بتبديل اللوحة الأمامية لتصبح بألوان وتصميمات مختلفة.</li>
<li><عُملة مُثبتة:</strong> يأتي مع مُثبت قابل للإزالة بزاوية 45 درجة لرؤية مثالية وضغط زر مستقر.</li>
<li><strong>إعداد سهل:</strong> البرنامج المبسط يُسهل تخصيص الأزرار وتعيين الأيقونات بسهولة.</li>
</ul>
<strong>المواصفات التقنية:</strong>
<table>
<tr><th>الأزرار</th><td>15 زرًا قابلًا للتخصيص مع شاشة لمسية</td></tr>
<tr><th>الواجهة</th><td>USB 2.0 (كابل قابل للإزالة من USB-C إلى USB-A)</td></tr>
<tr><th>الأبعاد",ollama-qwen3:8b-bulk-full,2026-04-30T15:08:17+03:00,auto-generated,,,,,,,,,,,,,,,,,high,Elgato Stream Deck MK.2 (dup),,,,,
238,simple,NG-MKR-004,,Meta Quest 3 128GB - The Most Powerful Mixed Reality Headset,1,0,visible,"The next frontier of VR and MR. Featuring 2x the processing power, stunning 4K+ resolution, and full-color passthrough. Experience breathtaking immersion without the wires.","Expand your world with the **Meta Quest 3**. Whether you’re diving into epic gaming adventures or transforming your living room into a virtual workspace, the Quest 3 delivers a groundbreaking mixed reality experience that blends digital and physical worlds seamlessly.\n\n**Why Meta Quest 3?**\n- **High-Fidelity Mixed Reality:** Full-color, high-resolution sensors let you see your physical surroundings while interacting with virtual objects with incredible clarity.\n- **Next-Gen Performance:** Powered by the Snapdragon XR2 Gen 2, offering twice the GPU power for faster load times and more detailed environments.\n- **4K+ Infinite Display:** Two displays (2064x2208 per eye) combined with pancake lenses provide a 30% jump in resolution over Quest 2.\n- **Slimmer &amp; More Comfortable:** A 40% slimmer optic profile compared to the previous generation makes for a more balanced and comfortable fit.\n- **Immersive Spatial Audio:** Enhanced sound clarity and 40% louder volume range than Quest 2 for a truly cinematic experience.\n- **Precision Controllers:** New Touch Plus controllers with TruTouch haptics and advanced hand tracking for natural interaction.\n\n**Technical Specifications:**\n| Processor | Snapdragon XR2 Gen 2 |\n|---|---|\n| Resolution | 2064 x 2208 per eye (4K+) |\n| Storage | 128GB |\n| Passthrough | Dual RGB Cameras (Full Color MR) |\n| Battery Life | ~2 Hours (Usage dependent) |\n| Weight | 515g |\n| Connectivity | WiFi 6E, Bluetooth 5.2 |",,,taxable,,1,,,0,0,1.2,30,22,14,1,,0,3060,Enthusiasts & Gamers | هواة التقنية,"gaming, wireless, قيمنق, لاسلكي",,https://neogen.store/wp-content/uploads/NG-MKR-004.jpg,,,,,,,,,0,,,,,ميتا كويست 3 128GB - The Most Powerful Mixed Reality سماعة,,"<p>اكتشف عالمًا جديدًا مع **Meta Quest 3**. سواء كنت تغوص في مغامرات ألعاب مذهلة أو تحول غرفة المعيشة إلى مكتب افتراضي، فإن Quest 3 يوفر تجربة واقع مختلط مبتكرة تدمج بين العالم الرقمي والفيزيائي بسلاسة.</p>
<strong>لماذا هذا المنتج؟</strong>
<ul>
<li><strong>واقع مختلط عالي الدقة:</strong> أجهزة استشعار عالية الدقة تتيح رؤية البيئة الفيزيائية مع تفاعل مع أشياء افتراضية بوضوح استثنائي.</li>
<li><strong>أداء من الجيل التالي:</strong> قوة معالج Snapdragon XR2 Gen 2 تضاعف قوة الرسومات لتحميل أسرع وبيئات أكثر تفصيلًا.</li>
<li><strong>شاشة 4K+</strong>: شاشتان (2064x2208 لكل عين) مع عدسات م Pancake توفر زيادة 30% في الدقة مقارنة بـ Quest 2.</li>
<li><strong>نحيف وراحة:</strong> تصميم بصري أرق بنسبة 40% مقارنة بالجيل السابق لراحة أكبر.</li>
<li><strong>",ollama-qwen3:8b-bulk-full,2026-04-30T15:07:41+03:00,auto-generated,2441,https://www.amazon.sa/-/en/Meta-Quest-512GB-All-One/dp/B0CD1JTBSC/ref=sr_1_2,2026-04-29T13:45:00+03:00,high,3299,0,1777459470,1777459470,,,,,,,,,high,Meta Quest 3 128GB,2441.0,2026-04-29T13:45:00+03:00,619.0,25.4,PRICED HIGHER THAN AMAZON
239,simple,NG-MKR-003,,Keychron Q1 - Premium Full Aluminum Custom Mechanical Keyboard,1,0,visible,"The pinnacle of mechanical keyboards. CNC aluminum body, 75% layout, and full QMK/VIA customization. A typing experience engineered for perfection.","Transform your workflow with the **Keychron Q1**, a premium mechanical keyboard designed for enthusiasts who demand the very best. From its heavy aluminum chassis to its sophisticated acoustic design, every detail is crafted for excellence.\n\n**Why Keychron Q1?**\n- **All-Metal Craftsmanship:** CNC machined from 6063 aluminum, providing a solid, premium feel and unmatched durability.\n- **Double-Gasket Design:** Features a unique internal structure that offers a flexible, cushioned typing feel and a clean, ""thocky"" sound profile.\n- **Fully Customizable:** With QMK and VIA support, you can remap any key and create powerful macros to boost your productivity.\n- **Hot-Swappable:** Easily swap out switches in seconds without soldering. Compatible with almost all 3-pin and 5-pin MX mechanical switches.\n- **South-Facing RGB:** Designed to better illuminate the keyboard from the typist’s angle, ensuring vibrant lighting even with non-shine-through keycaps.\n- **Mac &amp; Windows Ready:** Includes dedicated keycaps for both macOS and Windows layouts, with a physical toggle switch to swap between them.\n\n**Technical Specifications:**\n| Body Material | Full CNC Machined Aluminum |\n|---|---|\n| Layout | 75% (82 Keys) |\n| Mount | Double-Gasket Design |\n| Polling Rate | 1000Hz |\n| Connectivity | Wired USB-C |\n| Switches | Hot-swappable (3/5 pin) |\n| Support | QMK / VIA |",,,taxable,,1,,,0,0,2.5,42,18,8,1,,0,1449,Enthusiasts & Gamers | هواة التقنية,"keyboard, mechanical, لوحة مفاتيح, ميكانيكي",,https://neogen.store/wp-content/uploads/NG-MKR-003.jpg,,,,,,,,,0,,,,,كيكرون Q1 - Premium Full Aluminum Custom كيبورد ميكانيكي,,"<p>استعد لتجربة تحريرية فريدة مع <strong>Keychron Q1</strong>، لوحة ميكانيكية مصنوعة من الألمنيوم الكامل تجمع بين الأناقة والقوة، مصممة لتعزيز كفاءة العمل وتقديم تجربة تصفية مثالية.</p>
<strong>لماذا هذا المنتج؟</strong>
<ul>
<li><strong>التصنيع بالكامل من الألمنيوم:</strong> مصنوعة من سبيكة 6063 الألمنيوم عبر عمليات CNC، توفر شعورًا ثابتًا ومتانة لا تُضاهى.</li>
<li><strong>تصميم مزدوج للغطاء:</strong> تتميز ببنية داخلية فريدة توفر تجربة إدخال مرنة وصوت ""ثوكسي"" نقي.</li>
<li><strong>قابلة للتخصيص تمامًا:</strong> تدعم QMK وVIA لتعديل أي مفتاح وإنشاء ماكرو قوي لزيادة الإنتاجية.</li>
<li><strong>توصيل سهل:</strong> يمكن استبدال المفاتيح بسهولة دون لحام، совместимة مع معظم المفاتيح الميكانيكية من نوع 3 أو 5 شوكة.</li>
<li><strong>إضاءة RGB من الجانب الجنوبي:</strong> تضمن إضاءة مشرقة من زاوية المستخدم حتى مع مفاتيح غير شفافة.</li>
<li><strong>توافق مع نظامي ماك وويندوز:</strong> تأتي مع مفاتيح مخصصة لكل نظام، مع مفتاح تبديل فيزيائي لتبديل بينهما.</li>
</ul>
<strong>المواصفات التقنية:</strong>
<table>
<tr><th>المواد الأساسية</th><td>الألمنيوم الكامل المُحَوَّر CNC</td></tr>
<tr><th>التصميم</th><td>75% (82 مفتاح)</td></tr>
<tr><th>نوع الت",ollama-qwen3:8b-bulk-full,2026-04-30T15:07:04+03:00,auto-generated,,,,,,,,,,,,,,,,,high,Keychron Q1 aluminum keyboard,,,,,
240,simple,NG-MKR-002,,Raspberry Pi 5 Ultimate Starter Kit - Everything You Need in One Box,1,0,visible,"The complete Pi 5 experience. Includes 8GB board, official 27W PSU, active cooler, case, and pre-loaded 128GB SD card. Plug and play excellence.",Stop searching for compatible parts and get straight to building. The,,,taxable,,1,,,0,0,1.5,28,22,12,1,,1149,1329,Hardware | أجهزة PC,"AIO cooler, PC case, Raspberry Pi, smart plug, تبريد, راسبيري باي, صندوق, كيس, مبرد, مقبس ذكي",,https://neogen.store/wp-content/uploads/NG-MKR-002.jpg,,,,,,,,,0,,,,,رازبيري باي 5 Ultimate Starter Kit - Everything You Need in One Box,,"<p>لا تبحث عن أجزاء متوافقة، بل ابدأ مباشرة ببناء مشاريعك. مجموعة Raspberry Pi 5 Ultimate Starter Kit تحتوي على كل ما تحتاجه لبدء مشاريعك فورًا.</p>
<strong>لماذا هذا المنتج؟</strong>
<ul>
<li>تتوافق مع جميع الأنظمة وتوفر حلًا متكاملًا، مما يسهل عليك البدء في مشاريعك دون الحاجة إلى شراء أجزاء إضافية.</li>
<li>تتميز بسهولة التثبيت والتشغيل، مما يجعلها مناسبة للمبتدئين والخبراء على حد سواء.</li>
<li>تدعم مجموعة واسعة من",ollama-qwen3:8b-bulk-full,2026-04-30T15:06:27+03:00,auto-generated,,,,,,,,,,,,,,,,,high,Raspberry Pi 5 starter kit,,,,,
241,simple,NG-MKR-001,,Raspberry Pi 5 8GB - The New Standard in Single Board Computing,1,0,visible,"The latest evolution of Raspberry Pi with 3x the performance. 8GB RAM, dual 4K display support, and a new PCIe interface. The ultimate engine for your next tech project.","Experience unparalleled power in the palm of your hand with the **Raspberry Pi 5**. Featuring a massive jump in processing speed and graphical capability, the Pi 5 is designed to handle everything from complex industrial applications to high-end home servers.\n\n**Why Raspberry Pi 5?**\n- **Triple the Power:** The new 2.4GHz quad-core processor delivers performance up to 3 times faster than its predecessor (Pi 4).\n- **Stunning Visuals:** Dual 4K@60Hz HDMI outputs with HDR support make it a powerhouse for media centers and digital signage.\n- **High-Speed Connectivity:** Features a dedicated PCIe 2.0 interface, allowing for ultra-fast NVMe storage expansion.\n- **Optimized I/O:** Improved USB 3.0 bandwidth and a true Gigabit Ethernet port for lag-free data transfers.\n- **Enhanced User Experience:** Includes a built-in power button and a real-time clock (RTC) for better system management.\n- **8GB RAM:** The maximum memory configuration ensures smooth multitasking and heavy workload handling.\n\n**Technical Specifications:**\n| Processor | BCM2712 2.4GHz Quad-core Arm Cortex-A76 |\n|---|---|\n| Memory | 8GB LPDDR4X-4267 RAM |\n| Graphics | VideoCore VII GPU (OpenGL ES 3.1, Vulkan 1.2) |\n| Display | Dual 4K@60p HDMI HDR |\n| Connectivity | Gigabit Ethernet, Dual-band WiFi, BT 5.0 |\n| Ports | 2x USB 3.0, 2x USB 2.0, PCIe 2.0 x1 |\n| Power | USB-C 5V/5A PD |",,,taxable,,1,,,0,0,0.2,14,10,4,1,,899,1039,Hardware | أجهزة PC,"4K, Raspberry Pi, smart display, دقة عالية, راسبيري باي, شاشة ذكية",,https://neogen.store/wp-content/uploads/NG-MKR-001.jpg,,,,,,,,,0,,,,,رازبيري باي 5 8GB - The New Standard in Single Board Computing,,"<p>استمتع بقوة لا تضاهى في يدك مع Raspberry Pi 5. يتميز بزيادة كبيرة في سرعة المعالجة وقدرة الرسومات، مما يجعله مناسبًا لتطبيقات الصناعة المعقدة وخدمات المنزل عالية الجودة.</p>
<strong>لماذا هذا المنتج؟</strong>
<ul>
<li><strong>القوة ثلاثية الأضعاف:</strong> مع مع",ollama-qwen3:8b-bulk-full,2026-04-30T15:05:52+03:00,auto-generated,,,,,,,,,,,,,,,,,high,Raspberry Pi 5 8GB,,,,,
242,simple,NG-SH-005,,Sonoff TX Ultimate (T5) Smart Wall Switch - Interactive Elegance with RGB,1,0,visible,"The next generation of smart switches. Full-surface touch control, haptic feedback, and customizable RGB ambient lighting. Fully compatible with GCC 220V standards.","Redefine your light control with the **Sonoff TX Ultimate (T5)**. Combining a sleek design with interactive multi-sensory feedback, it turns your wall switch into a functional piece of art.\n\n**Why TX Ultimate?**\n- **Immersive Touch Experience:** The entire surface is a touch sensor. Features haptic feedback (vibration) and sound for a satisfying user experience.\n- **Ambient RGB Lighting:** A stunning backlight provides status indicators, atmosphere lighting, or acts as a subtle night light.\n- **Versatile Control:** Manage your lights via touch, the eWeLink app, voice commands, or dedicated wireless remotes.\n- **Interchangeable Covers:** Customize the look to match your interior design with easily replaceable faceplates.\n- **Scene Controller Mode:** Use it to trigger complex smart scenes, controlling multiple devices across your home with a single tap.\n- **Safe &amp; Reliable:** Built with high-quality flame-retardant materials and fully compatible with 100-240V electrical systems.\n\n**Technical Specifications:**\n| Voltage | 100-240V AC (220V Compatible) |\n|---|---|\n| Connectivity | WiFi 2.4GHz + Bluetooth |\n| Features | RGB Backlight, Haptic Feedback, Sound |\n| App | eWeLink |\n| Compatibility | Amazon Alexa, Google Home |\n| Material | Flame-retardant PC |",,,taxable,,1,,,0,0,0.4,16,12,6,1,,269,309,Smart Home & IoT | أتمتة المنزل الذكي,"smart home, Zigbee, بروتوكول Zigbee, منزل ذكي",,https://neogen.store/wp-content/uploads/NG-SH-005.jpg,,,,,,,,,0,,,,,سونوف تي إكس أوميتيلايت (ت5) ذكي مزودح - إleganza تفاعلية مع RGB,,"<p>استبدل طريقة التحكم في الإضاءة بتصميم عصري يدمج بين الجمال والوظيفة، مع مفتاح جدار ذكي يُعيد تعريف تجربة التفاعل مع الإضاءة.</p>
<strong>لماذا هذا المنتج؟</strong>
<ul>
<li><strong>تجربة لمسة مُتكاملة:</strong> يتميز بأكمله بمستشعر لمس، مع تغذية هaptic (اهتزاز) وصوت لتجربة مستخدم مُرضية.</li>
<li><strong>إضاءة RGB مُلونة:</strong> توفر إضاءة خلفية مُذهلة تُستخدم كمؤشر حالة، إضاءة جو، أو مصباح ليلي خفيف.</li>
<li><strong>تحكم متعدد:</strong> قم بتشغيل الإضاءة عبر اللمس، تطبيق eWeLink، أوامر صوتية، أو أجهزة تحكم لاسلكية مخصصة.</li>
<li><strong>غطاء قابل للتبديل:</strong> قم بتحديث مظهر المفتاح بسهولة عبر غطاء مُصمم يناسب ديكور منزلك.</li>
<li><strong>وضع مُسيطر على المشهد:</strong> قم بتشغيل مشاهد ذكية معقدة عبر لمسة واحدة، وتحكم في أجهزة متعددة في منزلك.</li>
<li><strong>آمن وموثوق:</strong> مصنوع من مواد مقاومة للحريق عالية الجودة، ويعمل مع أنظمة كهربائية 100-240 فولت.</li>
</ul>
<strong>المواصفات التقنية:</strong>
<table>
<tr><th>الجهد</th><td>100-240 فولت متناوب (متوافق مع 220 فولت)</td></tr>
<tr><th>الاتصال</th><td>واي فاي 2.4 جيجا هرتز + بلوتوث</td></tr>
<tr><th>الميزات</th><td>إضاءة خلفية RGB، تغذية هaptic، صوت</td></tr>
<tr><th>التطبيق</th><td>eWeLink</td></tr",ollama-qwen3:8b-bulk-full,2026-04-30T15:05:15+03:00,ollama-qwen2.5:7b-bulk,,,,,,,,,,2026-04-30T16:55:17+03:00,,,,,,,high,Sonoff TX Ultimate T5 wall switch,,,,,
243,simple,NG-SH-004,,Aqara Water Leak Sensor - Safeguard Your Home from Water Damage,1,0,visible,Small but powerful sensor that detects leaks instantly. Receive mobile notifications and trigger alarms to prevent costly water damage.,"Prevent minor leaks from becoming major disasters. The **Aqara Water Leak Sensor** monitors your home 24/7, providing peace of mind and protecting your property from unexpected flooding.\n\n**Why Aqara Water Leak Sensor?**\n- **Ultra-Sensitive Detection:** Triggers an alarm when water levels reach as little as 0.5mm.\n- **Instant Mobile Alerts:** Get notified on your smartphone immediately if a leak is detected, no matter where you are.\n- **Smart Automation:** Pair it with an Aqara Hub to sound a siren or trigger other smart devices (like turning off a water valve).\n- **Rugged &amp; Durable:** IP67 waterproof rating ensures the sensor remains functional even in harsh conditions or when submerged.\n- **Low Energy Consumption:** A single CR2032 battery lasts up to 2 years under normal use.\n\n**Technical Specifications:**\n| Connectivity | Zigbee (Requires Aqara Hub) |\n|---|---|\n| Waterproofing | IP67 Rated |\n| Sensitivity | Detects 0.5mm water level |\n| Battery | CR2032 (Up to 2-year lifespan) |\n| Operating Temp | -10° to +55° C |\n| Compatibility | Apple HomeKit, Google Home, IFTTT |",,,taxable,,1,,,0,0,0.1,12,8,4,1,,219,259,Smart Home & IoT | أتمتة المنزل الذكي,"alarm, sensor, إنذار, حساس, نظام أمان",,https://neogen.store/wp-content/uploads/NG-SH-004.jpg,,,,,,,,,0,,,,,ساحر حساس تسرب المياه - حافظ على منزلك من أضرار المياه,,<p>احمي منزلك من الكوارث المفاجئة مع أحدث جهاز كشف تسربات المياه من Aqara. يراقب الجهاز منزلك على,ollama-qwen3:8b-bulk-full,2026-04-30T15:16:45+03:00,ollama-qwen2.5:7b-bulk,,,,,,,,,,2026-04-30T16:55:14+03:00,,,,,,,high,Aqara Water Leak Sensor,,,,,
244,simple,NG-SH-003,,Broadlink RM4 Pro - Universal Smart Remote for IR &amp; RF Devices,1,0,visible,"The ultimate smart remote hub. Control your TV, AC, and motorized curtains from your smartphone. Supports 50,000+ IR and RF devices with voice control compatibility.","Clutter-free and smart—the **Broadlink RM4 Pro** replaces all your traditional remotes with a single app on your phone. Whether it's your living room AC or your electric garage door, the RM4 Pro brings them all into your smart home ecosystem.\n\n**Why RM4 Pro?**\n- **IR &amp; RF Control:** Unlike standard remotes, it supports both Infrared (TVs, ACs) and Radio Frequency (Curtains, Lights, Garage Doors) devices.\n- **Global Control:** Control your home appliances from anywhere in the world via the BroadLink app.\n- **Voice Assistant Ready:** Fully compatible with Amazon Alexa and Google Assistant for hands-free convenience.\n- **Smart Scenes &amp; Schedules:** Create automated routines, such as turning on the lights at sunset or cooling the room before you arrive.\n- **External Sensor Support:** Compatible with the HTS2 cable to monitor temperature and humidity in real-time.\n\n**Technical Specifications:**\n| Signal Type | IR (38kHz) &amp; RF (433MHz/315MHz) |\n|---|---|\n| Range | 360° coverage (8-10m) |\n| Connectivity | WiFi 2.4GHz |\n| Library | 50,000+ Device Cloud Library |\n| Compatibility | Alexa, Google Home, IFTTT |\n| Power | USB 5V 1A |",,,taxable,,1,,,0,0,0.2,14,10,6,1,,,359,Smart Home & IoT | أتمتة المنزل الذكي,"hub, smart curtain, بوابة ذكية, ستائر ذكية, هب",,https://neogen.store/wp-content/uploads/NG-SH-003.jpg,,,,,,,,,0,,,,,Broadlink RM4 Pro - ذكاء جهاز عنصري متعدد للتحكم عن بعد عبرIR وRF,,"<p>المنتج المثالي لتحويل منزلك إلى منزل ذكي بدون إزعاج، يجمع بين التحكم في الأجهزة عبر تطبيق واحد على هاتفك. سواء كان جهاز التكييف أو باب المندفع الكهربائي، يدمج RM4 Pro كل شيء في نظام المنزل الذكي.</p>
<strong>لماذا هذا المنتج؟</strong>
<ul>
<li><strong>التحكم في الأجهزة بالأشعة تحت الحمراء (IR) والتردد الراديوي (RF):</strong> يدعم الأجهزة التي تعمل بالأشعة تحت الحمراء (مثل التلفزيونات والثلاجات) والتردد الراديوي (مثل الستائر والأضواء والباب المندفع).</li>
<li><strong>التحكم العالمي:</strong> قم بتشغيل أجهزتك المنزلية من أي مكان في العالم عبر تطبيق BroadLink.</li>
<li><strong>متوافق مع مساعدات الصوت:</strong> يدعم Amazon Alexa و Google Assistant لسهولة الاستخدام بدون استخدام اليدين.</li>
<li><<P><strong>السценريات الذكية والجدولة:</strong> أنشئ روتينات تلقائية مثل تشغيل الأضواء عند غروب الشمس أو تبريد الغرفة قبل وصولك.</P></li>
<li><strong>دعم أجهزة استشعار خارجية:</strong> متوافق مع كابل HTS2 لمراقبة درجة الحرارة والرطوبة في الوقت الفعلي.</li>
</ul>
<strong>المواصفات التقنية:</strong>
<table>
<tr><th>نوع الإشارة",ollama-qwen3:8b-bulk-full,2026-04-30T15:02:51+03:00,ollama-qwen2.5:7b-bulk,,,,,,,,,,2026-04-30T16:55:12+03:00,,,,,,,high,Broadlink RM4 Pro,,,,,
245,simple,NG-SH-002,,UniFi Protect G4 Pro Camera - 4K Ultra HD Surveillance Excellence,1,0,visible,"The pinnacle of UniFi surveillance. 4K resolution, 3x optical zoom, and superior IR night vision in a weatherproof IP67 housing. Uncompromising detail for maximum security.","See everything, day or night, with the **UniFi Protect G4 Pro**. This top-tier camera delivers breathtaking 4K clarity, ensuring you never miss a detail when it matters most.\n\n**Why G4 Pro?**\n- **Crisp 4K Resolution:** A large image sensor provides stunning detail, allowing for facial recognition and license plate identification at a distance.\n- **3x Powered Optical Zoom:** Adjust your field of view remotely to focus on specific areas without any loss in image quality.\n- **Advanced Night Vision:** High-power infrared LEDs provide exceptional visibility in total darkness, stretching the limits of standard night vision.\n- **AI-Driven Detection:** Built-in smart sensing can distinguish between people and vehicles, sending you relevant alerts instead of constant noise.\n- **Rugged Durability:** Fully metallic casing with an IP67 rating ensures the camera thrives in harsh weather conditions and high temperatures.\n- **Private &amp; Local:** Works with UniFi Protect controllers to store all your data locally on your own hardware, ensuring 100% privacy.\n\n**Technical Specifications:**\n| Resolution | 4K Ultra HD (3840 x 2160) |\n|---|---|\n| Lens | 3x Powered Optical Zoom |\n| Sensor | 1/1.8"" OS08A20 |\n| Night Vision | High-Power IR LEDs |\n| Weatherproofing | IP67 Rated |\n| Audio | Integrated Microphone &amp; Speaker |\n| Power | PoE (Power over Ethernet) |",,,taxable,,1,,,0,0,0.8,22,18,12,1,,0,2520,Smart Home & IoT | أتمتة المنزل الذكي,"4K, camera, security, دقة عالية, كاميرا, مراقبة",,https://neogen.store/wp-content/uploads/NG-SH-002.jpg,,,,,,,,,0,,,,,كاميرا يونيفي برو G4 حراسة فائقة الوضوح UHD 4K,,"<p>اكتشف كل التفاصيل، سواء في النهار أو الليل، مع كاميرا **UniFi Protect G4 Pro**. هذه الكاميرا من الطراز العالي توفر وضوحًا 4K مذهل، مما يضمن لك رؤية دقيقة في اللحظات الحاسمة.</p>
<strong>لماذا هذا المنتج؟</strong>
<ul>
<li><strong>وضوح 4K عالي الجودة:</strong> مستشعر صورة كبير يوفر تفاصيل استثنائية، مما يسمح بتحديد الوجوه ورقم السيارات من مسافات بعيدة.</li>
<li><strong>تكبير بصري بصري 3x:</strong> قم بتعديل مجال الرؤية عن بعد دون فقدان جودة الصورة.</li>
<li><strong>رؤية ليلية متقدمة:</strong> مصابيح إضاءة تحت الحمراء عالية القوة توفر رؤية واضحة في الظلام الكامل.</li>
<li><عمر طويل:</strong> تصميم متين مع تصنيف IP67 يضمن عمل الكاميرا في الظروف الجوية القاسية.</li>
<li><strong>كشف ذكي معتمد على الذكاء الاصطناعي:</strong> تميز بين البشر والمركبات وارسال تنبيهات مخصصة بدلاً من التنبيهات المستمرة.</li>
<li><strong>خاصة ومحليّة:</strong> يعمل مع أجهزة تحكم UniFi Protect لتخزين البيانات محليًا على",ollama-qwen3:8b-bulk-full,2026-04-30T15:02:14+03:00,ollama-qwen2.5:7b-bulk,2008,https://www.amazon.sa/-/en/Ubiquiti-Networks-UVC-G4-PRO-PROTECT-G4-PRO/dp/B07R7F7KJM/ref=sr_1_1,2026-04-29T13:45:00+03:00,high,2899,0,1777459470,1777459470,,2026-04-30T16:55:09+03:00,,,,,,,high,UniFi Protect G4 Pro Camera,2008.0,2026-04-29T13:45:00+03:00,512.0,25.5,PRICED HIGHER THAN AMAZON
246,simple,NG-SH-001,,Aqara Smart Door Lock A100 - Elite Security with Apple HomeKey Support,1,0,visible,"Premium smart lock featuring 9 unlocking methods, including Fingerprint and Apple HomeKey. 18-month battery life and seamless integration with HomeKit, Google, and Alexa.","Upgrade your home security with the **Aqara A100**, a highly secure and versatile smart door lock. Say goodbye to physical keys and enjoy the convenience of accessing your home with your fingerprint or your Apple devices.\n\n**Why Aqara A100?**\n- **Apple HomeKey Support:** Just tap your iPhone or Apple Watch to unlock your door—convenient, fast, and secure.\n- **Swift Fingerprint Access:** Highly accurate biometric sensor recognizes your print in under 0.5 seconds.\n- **9 Ways to Unlock:** Use fingerprints, passwords, NFC cards, the app, mechanical keys, or voice assistants.\n- **Bank-Grade Security:** Features a Class C lock cylinder and anti-Tesla coil protection to prevent electronic interference hacks.\n- **Enduring Power:** Powered by 8 AA batteries lasting up to 18 months, with a USB-C emergency port for backup power.\n- **Real-Time Alerts:** Monitor lock status and receive instant notifications on your phone whenever someone enters.\n\n**Technical Specifications:**\n| Unlock Methods | 9 Methods (incl. Fingerprint &amp; Apple HomeKey) |\n|---|---|\n| Connectivity | Zigbee 3.0, Bluetooth 5.0 |\n| Battery Life | Up to 18 Months (8x AA Batteries) |\n| Cylinder Type | Class C Security Cylinder |\n| Compatibility | Apple HomeKit, Google Home, Alexa |\n| Safety Features | Anti-peep password, Tamper alert |\n| Emergency Power | USB-C Port |",,,taxable,,1,,,0,0,1.8,28,22,14,1,,0,1649,Smart Home & IoT | أتمتة المنزل الذكي,"security, smart home, smart lock, أمن ومراقبة, قفل ذكي, منزل ذكي",,https://neogen.store/wp-content/uploads/NG-SH-001.jpg,,,,,,,,,0,,,,,آقارة ذكي قفل باب أ100 - أمان عالي مع دعم هومكي من آبل,,"<p>تحديث أمان منزلك مع <strong>Aqara A100</strong>، قفل باب ذكي آمن ومتعدد الاستخدامات. اترك المفاتيح الورقية وابدأ في فتح منزلك ببصمة الإصبع أو أجهزة آبل.</p>
<strong>لماذا هذا المنتج؟</strong>
<ul>
<li><strong>دعم Apple HomeKey:</strong> فقط لمس هاتفك أو Apple Watch لفتح الباب – سهل، سريع، وآمن.</li>
<li><strong>فتح ببصمة دقيقة:</strong> مستشعر بصري عالي الدقة يُعرف بصمتك في أقل من 0.5 ثانية.</li>
<li><strong>9 طرق لفتح الباب:</strong> استخدم بصمة الإصبع، كلمة مرور، بطاقة NFC، التطبيق، مفتاح ميكانيكي، أو مساعدات الصوت.</li>
<li><strong>حماية من الدرجة البنكية:</strong> يحتوي على مقبض من نوع Class C وحماية من تداخل التيار الكهربائي.</li>
<li><strong>طاقة مستدامة:</strong> يعمل ببطاريات AA 8 قطع تدوم حتى 18 شهرًا، مع منفذ طارئ",ollama-qwen3:8b-bulk-full,2026-04-30T15:01:38+03:00,ollama-qwen2.5:7b-bulk,,,,,,,,,,2026-04-30T16:55:06+03:00,,,,,,,high,Aqara Smart Door Lock A100,,,,,
247,simple,NG-ENT-005,,Asustor Flashstor 6 (FS6706T) - All-NVMe SSD NAS for Extreme Performance,1,0,visible,"The world's first all-M.2 NVMe NAS. 6x NVMe slots, dual 2.5GbE ports, and a silent, ultra-slim design. Pure speed for professionals and creative artists.","Leave traditional HDDs behind and step into the future of data storage with the **Asustor Flashstor 6**. This isn't just a NAS—it's an all-flash powerhouse designed for those who demand zero latency and maximum throughput.\n\n**Why Flashstor 6?**\n- **All-Flash Speed:** With 6 dedicated M.2 NVMe slots, experience read/write speeds that traditional hard drive NAS units simply cannot match.\n- **Whisper Quiet:** Operates at just 18.7dB. Without moving mechanical disks, it’s practically silent, making it perfect for your desktop or media center.\n- **Stunning Form Factor:** Its sleek, flat design is inspired by gaming consoles, fitting perfectly into modern workspace aesthetics.\n- **Intel Quad-Core Power:** Powered by the Intel Celeron N5105, providing the muscle needed for 4K transcoding and fast file indexing.\n- **Dual 2.5GbE Networking:** High-speed connectivity ensures your network can keep up with the blistering speed of the NVMe drives.\n\n**Technical Specifications:**\n| Processor | Intel Celeron N5105 Quad-Core 2.0-2.9GHz |\n|---|---|\n| Memory | 4GB DDR4-2933 (Expandable to 16GB) |\n| Drive Slots | 6x M.2 NVMe PCIe 3.0 SSD |\n| Network | 2x 2.5-Gigabit Ethernet |\n| Ports | 2x USB 3.2 Gen 2, HDMI 2.0b, S/PDIF |\n| Noise Level | 18.7dB |\n| Design | Ultra-compact horizontal chassis |",,,taxable,,1,,,0,0,2.0,28,18,12,1,,0,3099,Homelab | هوم لاب,"enterprise, NAS, تخزين شبكي, حلول شركات",,https://neogen.store/wp-content/uploads/NG-ENT-005.jpg,,,,,,,,,0,,,,,Asustor فشستور 6 (FS6706T) - نظام تخزينNAS=all-NVMe SSD لمحوّل الأداء المُتطرِف,,"<p>ابتعد عن الأقراص الصلبة التقليدية وابدأ في عصر تخزين البيانات مع Asustor Flashstor 6. هذا ليس مجرد وحدة تخزين (NAS) – بل قوة مدمجة بالكامل مصممة لمن يطلبون صفر تأخير وسرعة قصوى.</p>
<strong>لماذا هذا المنتج؟</strong>
<ul>
<li><strong>سرعة ذاكرة فلاش كاملة:</strong> بفضل 6 منافذ مخصصة من نوع M.2 NVMe، استمتع بسرعة قراءة/",ollama-qwen3:8b-bulk-full,2026-04-30T15:01:01+03:00,ollama-qwen2.5:7b-bulk,,,,,,,,,,2026-04-30T16:55:02+03:00,,,,,,,high,Asustor Flashstor 6 FS6706T,,,,,
248,simple,NG-ENT-004,,UniFi 6 Long-Range (U6-LR) - High-Performance WiFi 6 Access Point,1,0,visible,"Enterprise-grade WiFi 6 AP with extended coverage. 3.0 Gbps aggregate speed, 4x4 MU-MIMO, and support for 350+ concurrent clients. Perfect for large venues and high-density environments.","Maximize your wireless range and performance with the **UniFi 6 Long-Range**. Built for power and reliability, the U6-LR is a high-performance access point that brings the future of WiFi 6 to your large home or office.\n\n**Why U6-LR?**\n- **Next-Gen WiFi 6:** Delivering an aggregate throughput of up to 3.0 Gbps, ensuring smooth 4K streaming and lightning-fast downloads.\n- **Superior Range:** Engineered for extended coverage of up to 185 m² (2,000 ft²), eliminating dead zones in large spaces.\n- **Massive Capacity:** Easily handles over 350 concurrent clients, making it ideal for busy offices or public venues.\n- **Advanced Technology:** Features 4x4 MU-MIMO and OFDMA to optimize data delivery and reduce latency across multiple devices.\n- **Robust Design:** IP54-rated protection allows for versatile indoor and semi-outdoor installation.\n\n**Technical Specifications:**\n| Wireless Standard | WiFi 6 (802.11ax) |\n|---|---|\n| Aggregate Throughput | 3.0 Gbps (5GHz: 2.4Gbps, 2.4GHz: 600Mbps) |\n| MIMO Technology | 4x4 MU-MIMO (5GHz) &amp; 4x4 MIMO (2.4GHz) |\n| Client Capacity | 350+ Concurrent Clients |\n| Coverage Area | 185 m² (2,000 ft²) |\n| Power Method | PoE+ (802.3at) |\n| Dimensions | Ø 220 x 48 mm |\n| Weight | 800g |",,,taxable,,1,,,0,0,1.2,30,30,8,1,,0,1180,Homelab | هوم لاب,"WiFi, WiFi 6, لاسلكي, نقطة وصول, واي فاي, واي فاي 6",,https://neogen.store/wp-content/uploads/NG-ENT-004.jpg,,,,,,,,,0,,,,,وحدة فاي بي 6 طويلة المدى (U6-LR) - نقطة دخول فاي بي 6 عالية الأداء,,"<p>أقصِّي نطاق الاتصال اللاسلكي وسرعة الأداء مع UniFi 6 Long-Range. مصمم لقوة وموثوقية، فإن U6-LR هو نقطة دخول عالية الأداء تجلب مستقبل WiFi 6 إلى منزلك أو مكتبك الكبير.</p>
<strong>لماذا هذا المنتج؟</strong>
<ul>
<li><strong>WiFi 6 الجيل التالي:</strong> يوفر سرعة تجميعية تصل إلى 3.0 Gbps، مما يضمن تدفقًا سلسًا للفيديو بدقة 4K وتنزيلات سريعة جدًا.</li>
<li><strong>نط",ollama-qwen3:8b-bulk-full,2026-04-30T15:00:24+03:00,ollama-qwen2.5:7b-bulk,938,https://www.amazon.sa/-/en/Ubiquiti-Wireless-Long-Range-Included-U6-LR-US/dp/B08V1PF29L/ref=sr_1_2,2026-04-29T13:45:00+03:00,high,1649,0,1777459471,1777459471,,2026-04-30T16:54:58+03:00,,,,,,,high,UniFi 6 Long-Range U6-LR,938.0,2026-04-29T13:45:00+03:00,242.0,25.8,PRICED HIGHER THAN AMAZON
249,simple,NG-ENT-003,,Ubiquiti UniFi Dream Machine Pro (UDM-Pro) - All-in-One Enterprise Network Console,1,0,visible,"The ultimate networking hub. Combines a 10G router, security gateway, switch, and NVR storage in a sleek 1U rackmount design. Professional-grade control for your home or office.","Take total control of your digital environment with the **UniFi Dream Machine Pro**. This powerful all-in-one console is designed to scale with your needs, providing enterprise-grade security and performance.\n\n**Why UDM-Pro?**\n- **4-in-1 Integration:** Combines a high-performance Dual-WAN router, an 8-port switch, UniFi Network controller, and UniFi Protect video surveillance.\n- **10G SFP+ Connectivity:** Fiber-ready ports for ultra-high-speed downlinks and future-proof internet connections.\n- **Advanced Security:** Enterprise-grade firewall with IDS/IPS threat management at a blazing 3.5Gbps throughput.\n- **Built-in NVR:** Includes a 3.5"" HDD bay to store your security footage locally—no subscription fees required.\n- **Unified Management:** Manage all your UniFi devices (APs, switches, cameras) from a single, intuitive interface.\n\n**Technical Specifications:**\n| Processor | Quad-core ARM Cortex-A57 1.7GHz |\n|---|---|\n| Memory | 4GB DDR4 |\n| WAN Ports | 1x 10G SFP+, 1x 1GbE RJ45 |\n| LAN Ports | 1x 10G SFP+, 8x 1GbE RJ45 |\n| Storage | 1x 3.5"" HDD Bay (NVR) |\n| IPS Throughput | 3.5Gbps |\n| Form Factor | 1U Rackmount |\n| Weight | 3.9kg |",,,taxable,,1,,,0,0,3.5,50,30,12,1,,,2570,Homelab | هوم لاب,"3d printing, طباعة ثلاثية الأبعاد",,https://neogen.store/wp-content/uploads/NG-ENT-003.jpg,,,,,,,,,0,,,,,مكملة شبكة أنيقة د림 ميشين برو (UDM-Pro) - وحدة تحكم شبكيه تجميعية للأعمال,,"<p>اكتشف السيطرة الكاملة على بيئةك الرقمية مع <strong>UniFi Dream Machine Pro</strong>. هذا الجهاز المتكامل من نوع واحد قوي مصمم ليتوافق مع احتياجاتك، ويقدم أمانًا وسرعة تصل إلى مستوى الشركات.</p>
<strong>لماذا هذا المنتج؟</strong>
<ul>
<li><strong>دمج 4 في 1:</strong> يجمع بين جهاز راوتر مزدوج WAN عالي الأداء، وعداد شبكة 8 منافذ، وعداد شبكة UniFi، ونظام مراقبة فيديو UniFi Protect.</li>
<li><strong>اتصال 10G SFP+: </strong> منافذ جاهزة للكابلات الضوئية لسرعة تصل إلى 10 جيجابايت في الثانية لاتصالات الإنترنت المستقبلية.</li>
<li><strong>الأمان المتقدم:</strong> جدار حماية من نوع الشركات مع إدارة تهديدات IDS/IPS بسرعة تصل إلى 3.5 جيجابايت في الثانية.</li>
<li><عمر طويل:</strong> يحتوي على منفذ تخزين 3.5 بوصة لمحركات الأقراص الصلبة لتخزين مقاطع الفيديو محليًا دون الحاجة إلى اشتراكات.</li>
<li><strong>إدارة موحدة:</strong> قم بإدارة جميع أجهزة UniFi (المحطات، المفاتيح، الكاميرات) من واجهة واحدة سهلة الاستخدام.</li>
</ul>
<strong>المواصفات التقنية:</strong>
<table>
<tr><th>المعالج</th><td>معالج رباعي النواة ARM Cortex-A57 بسرعة 1.7GHz</td></tr>
<tr><th>الذاكرة</th><td>4 جيجابايت DDR4</td></tr>
<tr><th>منافذ WAN</th><td>منفذ",ollama-qwen3:8b-bulk-full,2026-04-30T14:59:47+03:00,ollama-qwen2.5:7b-bulk,2054,https://www.amazon.sa/-/en/Ubiquiti-Networks-Touchscreen-Enterprise-Cortex-A57/dp/B086967C9X,2026-04-29T12:00:00+03:00,,3569,3099,1777458616,,,2026-04-30T16:54:54+03:00,,,,,,,high,Ubiquiti UDM-Pro,2054.0,2026-04-29T12:00:00+03:00,516.0,25.1,PRICED HIGHER THAN AMAZON
250,simple,NG-ENT-002,,Asustor Lockerstor 4 (AS6604T) - Professional 4-Bay NAS for Creators,1,0,visible,High-performance NAS with Intel Quad-Core power. Dual 2.5GbE ports and M.2 NVMe caching for extreme speed. The ultimate storage solution for creative professionals and SMBs.,"Revolutionize your data management with the **Asustor Lockerstor 4**. Designed for power users and small businesses, it offers the perfect balance of speed, capacity, and security.\n\n**Why Lockerstor 4?**\n- **Top-Tier Performance:** Powered by an Intel Celeron J4125 Quad-Core CPU, bursting up to 2.7GHz for seamless multitasking.\n- **Dual 2.5GbE Networking:** Future-proof your connectivity with speeds up to 5Gbps via Link Aggregation.\n- **SSD Caching:** Two M.2 NVMe slots allow you to boost IOPS performance without sacrificing your main storage bays.\n- **4K Media Center:** HDMI 2.0a output supports 4K@60Hz hardware transcoding for a smooth multimedia experience.\n- **Silent &amp; Efficient:** Operates at a whisper-quiet 17.6dB, making it perfect for home or office environments.\n\n**Technical Specifications:**\n| Processor | Intel Celeron J4125 Quad-Core 2.0-2.7GHz |\n|---|---|\n| Memory | 4GB DDR4 (Expandable to 8GB) |\n| Drive Bays | 4x 3.5""/2.5"" SATA HDD/SSD |\n| M.2 Slots | 2x M.2 NVMe slots |\n| Network | 2x 2.5-Gigabit Ethernet |\n| Ports | 3x USB 3.2 Gen 1, 1x HDMI 2.0a |\n| Noise Level | 17.6dB |\n| Weight | 2.96kg |",,,taxable,,1,,,0,0,4.5,35,25,22,1,,0,3099,Homelab | هوم لاب,"enterprise, NAS, security, smart home, smart lock, أمن ومراقبة, تخزين شبكي, حلول شركات, قفل ذكي, منزل ذكي",,,,,,,,,,,0,,,,,أساستور لوكيرستور 4 (AS6604T) - نظام تخزين متعدد الأغراض للمساهمين专业的创作者4盘位网络存储系统,,"<p>أعد تشكيل إدارة بياناتك مع <strong>Asustor Lockerstor 4</strong>. مصمم لمستخدمي القوة وشركات الأعمال الصغيرة، يجمع بين السرعة والمساحة والحماية بأسلوب مثالي.</p>

<strong>لماذا هذا المنتج؟</strong>
<ul>
<li><strong>أداء من الدرجة الأولى:</strong> مع معالج Intel Celeron J4125 Quad-Core بسرعة تصل إلى 2.7GHz لتشغيل المهام متعددة بسلاسة.</li>
<li><strong>شبكة مزدوجة بسرعة 2.5 جيجابت في الثانية:</strong> تدعم الاتصال بسرعة تصل إلى 5 جيجابايت في الثانية عبر تجميع الاتصالات.</li>
<li><strong>تخزين SSD:</strong> توفر مساحة 2x M.2 NVMe لتعزيز أداء IOPS دون التضحية بمساحة التخزين الرئيسية.</li>
<li><strong>مركز ميديا 4K:</strong> يدعم إخراج HDMI 2.0a لتحويل الفيديو 4K@60Hz بسلاسة.</li>
<li><strong>صامت وفعال:</strong> يعمل بمستوى صوت 17.6 ديسيبل، مناسب",ollama-qwen3:8b-bulk-full,2026-04-30T14:59:10+03:00,ollama-qwen2.5:7b-bulk,,,,,,,,,,2026-04-30T16:54:51+03:00,,,,,,,high,Asustor Lockerstor 4 AS6604T,,,,,
251,simple,NG-ENT-001,,"Dell PowerEdge R730 Refurbished Server - Enterprise Power, Smart Investment",1,0,visible,"Professional-grade refurbished server. Dual Intel Xeon processors, up to 3TB RAM, full remote management via iDRAC8. Ideal for startups, IT labs, and growing businesses across the GCC.","Build your enterprise infrastructure without the enterprise price tag.\n\nThe **Dell PowerEdge R730** from NeoGen is professionally refurbished to Grade A standards, delivering performance identical to new hardware at a fraction of the cost.\n\n**Why This Server?**\n- **Massive Processing Power:** Dual Intel Xeon E5-2600 v3/v4 sockets handle virtualization, databases, and VDI with ease.\n- **Limitless Memory:** 24 DIMM slots supporting up to 3TB DDR4 RAM.\n- **Flexible Storage:** Up to 16x 2.5"" or 8x 3.5"" bays (SAS/SATA/SSD).\n- **Remote Management:** iDRAC8 Enterprise for full out-of-band control from anywhere.\n- **Redundant Power:** Hot-plug dual PSU ensures zero downtime.\n\n**Technical Specifications:**\n| Processor | Dual Intel Xeon E5-2600 v3/v4 |\n|---|---|\n| Memory | Up to 3TB DDR4 (24 DIMM slots) |\n| Storage | 16x 2.5"" SFF or 8x 3.5"" LFF |\n| Network | 4x 1GbE + Optional 10GbE |\n| Management | iDRAC8 Enterprise |\n| Form Factor | 2U Rack (8.73 × 44.40 × 68.40 cm) |\n| Weight | 28.2 kg (Max config) |\n| Power | Dual Hot-plug (495W/750W/1100W) |",,,taxable,,1,,,0,0,28.0,80,65,25,1,,,8099,Homelab | هوم لاب,"enterprise, refurbished, server, حلول شركات, سيرفر, مجدد",,https://neogen.store/wp-content/uploads/NG-ENT-001.jpg,,,,,,,,,0,,,,,دell PowerEdge R730_SERVER مسترد - قوة الأعمال، استثمار ذكي,,"<p>استثمر في بناء البنية التحتية الخاصة بك دون تكلفة الشركات الكبرى. يوفر <strong>Dell PowerEdge R730</strong> أداءً متميزًا بسعر مناسب، مع تجديد احترافي يضمن أداءً مماثلًا للمنتجات الجديدة.</p>
<strong>لماذا هذا المنتج؟</strong>
<ul>
<li><strong>القدرة العالية على المعالجة:</strong> منفذان لمعالجات Intel Xeon E5-2600 v3/v4 يدعمان تطبيقات مثل الافتراضية والقواعد البيانات والأنظمة الموزعة.</li>
<li><strong>ذاكرة قابلة للتوسع:</strong> 24 منفذًا لتركيب ذاكرة DDR4 تصل إلى 3 تيرابايت.</li>
<li><strong>خزن مرن:</strong> حتى 16 منفذًا لمحركات 2.5 بوصة أو 8 منافذ لمحركات 3.5 بوصة (SAS/SATA/SSD).</li>
<li><strong>إدارة عن بعد:</strong> وحدة iDRAC",ollama-qwen3:8b-bulk-full,2026-04-30T15:16:08+03:00,ollama-qwen2.5:7b-bulk,,,,,,,,,,2026-04-30T16:54:48+03:00,,,,,,,high,Dell PowerEdge R730 2U server,,,,,
486,"simple, virtual",GC-PSN-US-10,,PlayStation Store $10 (US),1,0,visible,بطاقة بلايستيشن ستور — US × $10. تسليم فوري.,<p>بطاقة <strong>بلايستيشن ستور</strong> بقيمة 10 دولار لمنطقة <strong>US</strong>.</p><p>التسليم فوري عبر البريد الإلكتروني خلال دقائق من إتمام الدفع. الرمز يفعّل عبر التطبيق/المتجر الرسمي للبطاقة.</p>,,,taxable,,1,,,0,0,,,,,1,,0,40,"Gift Cards & Software Keys | بطاقات رقمية ومفاتيح, Gift Cards & Software Keys | بطاقات رقمية ومفاتيح > بطاقات الألعاب, Gift Cards & Software Keys | بطاقات رقمية ومفاتيح > بطاقات الألعاب > بلايستيشن",,digital-no-shipping,https://neogen.store/wp-content/uploads/psn50.png,,,,,,,,,0,,,,PlayStation Store $10 (US) | بلايستيشن ستور 10 دولار (US),بلايستيشن ستور 10 دولار (US),,"<p>بطاقة بلايستيشن ستور بقيمة 10 دولار لمنطقة US. التسليم فوري عبر البريد الإلكتروني خلال دقائق من إتمام الدفع. الرمز يفعّل عبر التطبيق/المتجر الرسمي للبطاقة.</p>
<strong>لماذا هذا المنتج؟</strong>
<ul>
<li>التسليم الفوري عبر البريد الإلكتروني بعد إتمام الدفع.</li>
<li>لا يتطلب الشحن أو التوصيل الفيزيائي.</li>
<li>الفعّال عبر التطبيق أو المتجر الرسمي للبطاقة.</li>
<li>طريقة دفع آمنة ومباشرة عبر منصة المبيعات.</li>
<li>متاح فقط لمنطقة US مع ضمان توافقه مع متجر بلايستيشن.</li>
<li>قيمة مالية مُحسّنة مقابل القيمة المُقدّمة.</li>
</ul>
<strong>المواصفات التقنية:</strong>
<table>
<tr><th>القيمة</th><td>10 دولار</td></tr>
<tr><th>المنطقة</th><td>US</td></tr>
<tr><th>طريقة التسليم</th><td>البريد الإلكتروني</td></tr>
<tr><<th>طريقة الفعّال</th><td>التطبيق/المتجر الرسمي</td></tr>
</table>",ollama-qwen3:8b-bulk-full,2026-04-30T14:57:59+03:00,,,,,,,,,,,,us,playstation,10,1.33.0,,,n/a,Gift card / software key — delivered electronically,,,,,
487,"simple, virtual",GC-PSN-US-25,,PlayStation Store $25 (US),1,0,visible,بطاقة بلايستيشن ستور — US × $25. تسليم فوري.,<p>بطاقة <strong>بلايستيشن ستور</strong> بقيمة 25 دولار لمنطقة <strong>US</strong>.</p><p>التسليم فوري عبر البريد الإلكتروني خلال دقائق من إتمام الدفع. الرمز يفعّل عبر التطبيق/المتجر الرسمي للبطاقة.</p>,,,taxable,,1,,,0,0,,,,,1,,0,100,"Gift Cards & Software Keys | بطاقات رقمية ومفاتيح, Gift Cards & Software Keys | بطاقات رقمية ومفاتيح > بطاقات الألعاب, Gift Cards & Software Keys | بطاقات رقمية ومفاتيح > بطاقات الألعاب > بلايستيشن",,digital-no-shipping,https://neogen.store/wp-content/uploads/psn50.png,,,,,,,,,0,,,,PlayStation Store $25 (US) | بلايستيشن ستور 25 دولار (US),بلايستيشن ستور 25 دولار (US),,"<p>بطاقة بلايستيشن ستور بقيمة 25 دولار لمنطقة US، تُسهم في تجربة ترفيهية مميزة عبر متجر بلايستيشن الرسمي. تُسليم فورًا عبر البريد الإلكتروني بعد إتمام الدفع، مما يوفر لك سرعة وسهولة في الاستخدام.</p>
<strong>لماذا هذا المنتج؟</strong>
<ul>
<li>توصيل فوري عبر البريد الإلكتروني بعد الدفع، بدون تأخير.</li>
<li>الرمز يُفعّل مباشرة عبر التطبيق أو المتجر الرسمي للبطاقة.</li>
<li>توفير مبلغ 25 دولارًا أمريكيًا لشراء ألعاب وتحديثات مميزة.</li>
<li>الاستخدام الآمن والسهل عبر منصة بلايستيشن المعتمدة.</li>
<li>لا حاجة لشحن البطاقة أو الانتظار لوصولها بالبريد.</li>
<li>مثالي للاعبين الذين يفضلون الشراء الرقمي مباشرة.</li>
</ul>
<strong>المواصفات التقنية:</strong>
<table border=""1"">
<tr><th>القيمة</th><td>25 دولار</td></tr>
<tr><th>المنطقة</th><td>US</td></tr>
<tr><th>طريقة التسليم</th><td>البريد الإلكتروني</td></tr>
<tr><th>طريقة الفعّال</th><td>التطبيق/المتجر الرسمي</td></tr>
</table>",ollama-qwen3:8b-bulk-full,2026-04-30T14:57:22+03:00,,,,,,,,,,,,us,playstation,25,1.33.0,,,n/a,Gift card / software key — delivered electronically,,,,,
488,"simple, virtual",GC-PSN-US-50,,PlayStation Store $50 (US),1,0,visible,بطاقة بلايستيشن ستور — US × $50. تسليم فوري.,<p>بطاقة <strong>بلايستيشن ستور</strong> بقيمة 50 دولار لمنطقة <strong>US</strong>.</p><p>التسليم فوري عبر البريد الإلكتروني خلال دقائق من إتمام الدفع. الرمز يفعّل عبر التطبيق/المتجر الرسمي للبطاقة.</p>,,,taxable,,1,,,0,0,,,,,1,,0,201,"Gift Cards & Software Keys | بطاقات رقمية ومفاتيح, Gift Cards & Software Keys | بطاقات رقمية ومفاتيح > بطاقات الألعاب, Gift Cards & Software Keys | بطاقات رقمية ومفاتيح > بطاقات الألعاب > بلايستيشن",,digital-no-shipping,https://neogen.store/wp-content/uploads/psn50.png,,,,,,,,,0,,,,PlayStation Store $50 (US) | بلايستيشن ستور 50 دولار (US),بلايستيشن ستور 50 دولار (US),,"<p>بطاقة بلايستيشن ستور بقيمة 50 دولار أمريكي لمنطقة الولايات المتحدة. تُسليم فورًا عبر البريد الإلكتروني بعد إتمام الدفع، ويمكن تفعيلها مباشرة عبر التطبيق أو المتجر الرسمي للبطاقة.</p>
<strong>لماذا هذا المنتج؟</strong>
<ul>
<li>توصيل فوري عبر البريد الإلكتروني خلال دقائق من إتمام الدفع.</li>
<li>لا حاجة لشحن البطاقة أو الانتظار لوصولها بالبريد.</li>
<li>تفعيل سهل عبر التطبيق الرسمي أو المتجر الإلكتروني للبلايستيشن ستور.</li>
<li>قيمة 50 دولار أمريكي مباشرة لاستخدامها في شراء ألعاب وخدمات بلايستيشن.</li>
<li>متوافق مع جميع أجهزة بلايستيشن الرسمية في منطقة الولايات المتحدة.</li>
<li>ضمان أمان وحماية بياناتك الشخصية أثناء التفعيل.</li>
</ul>
<strong>المواصفات التقنية:</strong>
<table border=""1"" cellpadding=""5"" cellspacing=""0"">
<tr><th>القيمة</th><td>50 دولار أمريكي</td></tr>
<tr><th>المنطقة</th><td>الولايات المتحدة (US)</td></tr>
<tr><th>طريقة التوصيل</th><td>البريد الإلكتروني فورًا</td></tr>
<tr><th>طريقة التفعيل</th><td>التطبيق الرسمي أو المتجر الإلكتروني</td></tr>
</table>",ollama-qwen3:8b-bulk-full,2026-04-30T14:56:45+03:00,,,,,,,,,,,,us,playstation,50,1.33.0,,,n/a,Gift card / software key — delivered electronically,,,,,
489,"simple, virtual",GC-PSN-US-100,,PlayStation Store $100 (US),1,0,visible,بطاقة بلايستيشن ستور — US × $100. تسليم فوري.,<p>بطاقة <strong>بلايستيشن ستور</strong> بقيمة 100 دولار لمنطقة <strong>US</strong>.</p><p>التسليم فوري عبر البريد الإلكتروني خلال دقائق من إتمام الدفع. الرمز يفعّل عبر التطبيق/المتجر الرسمي للبطاقة.</p>,,,taxable,,1,,,0,0,,,,,1,,0,401,"Gift Cards & Software Keys | بطاقات رقمية ومفاتيح, Gift Cards & Software Keys | بطاقات رقمية ومفاتيح > بطاقات الألعاب, Gift Cards & Software Keys | بطاقات رقمية ومفاتيح > بطاقات الألعاب > بلايستيشن",,digital-no-shipping,https://neogen.store/wp-content/uploads/psn50.png,,,,,,,,,0,,,,PlayStation Store $100 (US) | بلايستيشن ستور 100 دولار (US),بلايستيشن ستور 100 دولار (US),,"<p>بطاقة بلايستيشن ستور بقيمة 100 دولار لمنطقة US. تصل إليك فورًا عبر البريد الإلكتروني بعد إتمام الدفع، ويمكن تفعيلها عبر التطبيق أو المتجر الرسمي للبطاقة.</p>
<strong>لماذا هذا المنتج؟</strong>
<ul>
<li>توصيل فوري عبر البريد الإلكتروني بعد الدفع.</li>
<li>قيمة 100 دولار لمنطقة US مباشرة في حسابك.</li>
<li>تفعيل سهل عبر التطبيق الرسمي أو المتجر.</li>
<li>مثالي لشراء ألعاب أو محتوى إضافي بسرعة.</li>
<li>ضمان أمان وموثوقية في عمليات الشراء.</li>
<li>متوافق مع جميع أجهزة بلايستيشن الرسمية.</li>
</ul>
<strong>المواصفات التقنية:</strong>
<table border=""1"">
<tr><th>المنتج</th><th>القيمة</th><th>التسليم</th><th>التفعيل</th><th>المنطقة</th></tr>
<tr><td>PlayStation Store $100 (US)</td><td>100 دولار</td><td>عبر البريد الإلكتروني</td><td>التطبيق/المتجر الرسمي</td><td>US</td></tr>
</table>",ollama-qwen3:8b-bulk-full,2026-04-30T14:56:14+03:00,,,,,,,,,,,,us,playstation,100,1.33.0,,,n/a,Gift card / software key — delivered electronically,,,,,
490,"simple, virtual",GC-PSN-KSA-10,,PlayStation Store $10 (KSA),1,0,visible,بطاقة بلايستيشن ستور — KSA × $10. تسليم فوري.,<p>بطاقة <strong>بلايستيشن ستور</strong> بقيمة 10 دولار لمنطقة <strong>KSA</strong>.</p><p>التسليم فوري عبر البريد الإلكتروني خلال دقائق من إتمام الدفع. الرمز يفعّل عبر التطبيق/المتجر الرسمي للبطاقة.</p>,,,taxable,,1,,,0,0,,,,,1,,0,50,"Gift Cards & Software Keys | بطاقات رقمية ومفاتيح, Gift Cards & Software Keys | بطاقات رقمية ومفاتيح > بطاقات الألعاب, Gift Cards & Software Keys | بطاقات رقمية ومفاتيح > بطاقات الألعاب > بلايستيشن",,digital-no-shipping,https://neogen.store/wp-content/uploads/psn50.png,,,,,,,,,0,,,,PlayStation Store $10 (KSA) | بلايستيشن ستور 10 دولار (KSA),بلايستيشن ستور 10 دولار (KSA),,"<p>بطاقة بلايستيشن ستور بقيمة 10 دولار لمنطقة KSA. تُسليم فورًا عبر البريد الإلكتروني بعد إتمام الدفع، مع تفعيل مباشر عبر التطبيق أو المتجر الرسمي.</p>  
<strong>لماذا هذا المنتج؟</strong>  
<ul>  
  <li>توصيل فوري عبر البريد الإلكتروني خلال دقائق من إتمام الدفع.</li>  
  <li>تفعيل مباشر عبر التطبيق أو المتجر الرسمي للبطاقة.</li>",ollama-qwen3:8b-bulk-full,2026-04-30T14:55:39+03:00,,38,https://www.amazon.sa/-/en/PlayStation-Network-Card-Account-Digital/dp/B0CHSK46HQ/ref=sr_1_1,2026-04-29T14:15:00+03:00,high,40,0,1777461187,1777461187,,,ksa,playstation,10,1.33.0,,,n/a,Gift card / software key — delivered electronically,,,,,
491,"simple, virtual",GC-PSN-KSA-25,,PlayStation Store $25 (KSA),1,0,visible,بطاقة بلايستيشن ستور — KSA × $25. تسليم فوري.,<p>بطاقة <strong>بلايستيشن ستور</strong> بقيمة 25 دولار لمنطقة <strong>KSA</strong>.</p><p>التسليم فوري عبر البريد الإلكتروني خلال دقائق من إتمام الدفع. الرمز يفعّل عبر التطبيق/المتجر الرسمي للبطاقة.</p>,,,taxable,,1,,,0,0,,,,,1,,0,100,"Gift Cards & Software Keys | بطاقات رقمية ومفاتيح, Gift Cards & Software Keys | بطاقات رقمية ومفاتيح > بطاقات الألعاب, Gift Cards & Software Keys | بطاقات رقمية ومفاتيح > بطاقات الألعاب > بلايستيشن",,digital-no-shipping,https://neogen.store/wp-content/uploads/psn50.png,,,,,,,,,0,,,,PlayStation Store $25 (KSA) | بلايستيشن ستور 25 دولار (KSA),بلايستيشن ستور 25 دولار (KSA),,"<p>بطاقة بلايستيشن ستور بقيمة 25 دولار لمنطقة المملكة العربية السعودية. تُسليم فورًا عبر البريد الإلكتروني بعد إتمام الدفع، وتُفعّل مباشرة عبر التطبيق أو المتجر الرسمي للبطاقة.</p>
<strong>لماذا هذا المنتج؟</strong>
<ul>
<li>توصيل فوري عبر البريد الإلكتروني خلال دقائق من إتمام الدفع.</li>
<li>لا تتطلب توصيلًا بالبريد أو انتظار شحنة فعليّة.</li>
<li>تُفعّل مباشرة عبر التطبيق أو المتجر الرسمي للبطاقة.</li>
<li>قيمة 25 دولار تُستخدم لشراء ألعاب وتحديثات عبر متجر بلايستيشن.</li>
<li>تُعتبر خيارًا مثاليًا للاعبين الجدد أو المبتدئين.</li>
<li>تُوفر تجربة تسوق سلسة وآمنة عبر الإنترنت.</li>
</ul>
<strong>المواصفات التقنية:</strong>
<table>
<tr><th>القيمة</th><td>25 دولار</td></tr>
<tr><th>طريقة التوصيل</th><td>البريد الإلكتروني</td></tr>
<tr><th>طريقة الفعّال</th><td>التطبيق/المتجر الرسمي</td></tr>
<tr><th>المنطقة</th><td>المملكة العربية السعودية</td></tr>
</table>",ollama-qwen3:8b-bulk-full,2026-04-30T14:55:03+03:00,,,,,,,,,,,,ksa,playstation,25,1.33.0,,,n/a,Gift card / software key — delivered electronically,,,,,
492,"simple, virtual",GC-PSN-KSA-50,,PlayStation Store $50 (KSA),1,0,visible,بطاقة بلايستيشن ستور — KSA × $50. تسليم فوري.,<p>بطاقة <strong>بلايستيشن ستور</strong> بقيمة 50 دولار لمنطقة <strong>KSA</strong>.</p><p>التسليم فوري عبر البريد الإلكتروني خلال دقائق من إتمام الدفع. الرمز يفعّل عبر التطبيق/المتجر الرسمي للبطاقة.</p>,,,taxable,,1,,,0,0,,,,,1,,0,240,"Gift Cards & Software Keys | بطاقات رقمية ومفاتيح, Gift Cards & Software Keys | بطاقات رقمية ومفاتيح > بطاقات الألعاب, Gift Cards & Software Keys | بطاقات رقمية ومفاتيح > بطاقات الألعاب > بلايستيشن",,digital-no-shipping,https://neogen.store/wp-content/uploads/psn50.png,,,,,,,,,0,,,,PlayStation Store $50 (KSA) | بلايستيشن ستور 50 دولار (KSA),بلايستيشن ستور 50 دولار (KSA),,"<p>البطاقة الإلكترونية PlayStation Store بقيمة 50 دولار أمريكي تُعد خيارًا مثاليًا لشراء ألعاب وخدمات ترفيهية مباشرة من متجر بلايستيشن. تُسليم فورًا عبر البريد الإلكتروني بعد إتمام الدفع، مما يوفر لك الوقت والجهد.</p>  
<strong>لماذا هذا المنتج؟</strong>  
<ul>  
  <li>توصيل فوري عبر البريد الإلكتروني خلال دقائق من إتمام الدفع.</li>  
  <li>الرمز يُفعّل مباشرة عبر التطبيق أو المتجر الرسمي للبطاقة.</li>  
  <li>لا تتطلب إرسالًا بالبريد أو انتظار توصيل فعلي.</li>  
  <li>مُصمم خصيصًا لمنطقة المملكة العربية السعودية.</li>  
  <li>يُوفر وصولًا سلسًا إلى محتوى حصري وخدمات ترفيهية مميزة.</li>  
  <li>الدفع آمن ومضمون عبر منصات موثوقة.</li>  
</ul>  
<strong>المواصفات التقنية:</strong>  
<table border=""1"" cellpadding=""5"" cellspacing=""0"">  
  <tr>  
    <th>المواصفات</th>  
    <th>التفاصيل</th>  
  </tr>  
  <tr>  
    <td>قيمة البطاقة</td>  
    <td>$50</td>  
  </tr>  
  <tr>  
    <td>المنطقة</td>  
    <td>KSA</td>",ollama-qwen3:8b-bulk-full,2026-04-30T14:54:36+03:00,,189,https://www.amazon.sa/-/en/PlayStation-Network-Card-Account-Digital/dp/B0CHSK2SB8,2026-04-29T12:00:00+03:00,,201,0,1777458616,,,,ksa,playstation,50,1.33.0,,,n/a,Gift card / software key — delivered electronically,,,,,
493,"simple, virtual",GC-PSN-KSA-100,,PlayStation Store $100 (KSA),1,0,visible,بطاقة بلايستيشن ستور — KSA × $100. تسليم فوري.,<p>بطاقة <strong>بلايستيشن ستور</strong> بقيمة 100 دولار لمنطقة <strong>KSA</strong>.</p><p>التسليم فوري عبر البريد الإلكتروني خلال دقائق من إتمام الدفع. الرمز يفعّل عبر التطبيق/المتجر الرسمي للبطاقة.</p>,,,taxable,,1,,,0,0,,,,,1,,0,470,"Gift Cards & Software Keys | بطاقات رقمية ومفاتيح, Gift Cards & Software Keys | بطاقات رقمية ومفاتيح > بطاقات الألعاب, Gift Cards & Software Keys | بطاقات رقمية ومفاتيح > بطاقات الألعاب > بلايستيشن",,digital-no-shipping,https://neogen.store/wp-content/uploads/psn50.png,,,,,,,,,0,,,,PlayStation Store $100 (KSA) | بلايستيشن ستور 100 دولار (KSA),بلايستيشن ستور 100 دولار (KSA),,"<p>بطاقة بلايستيشن ستور بقيمة 100 دولار لمنطقة المملكة العربية السعودية. تصل إلى بريدك الإلكتروني فورًا بعد الدفع، ويمكن تفعيلها عبر التطبيق أو المتجر الرسمي للبطاقة.</p>
<strong>لماذا هذا المنتج؟</strong>
<ul>
<li>توصيل فوري عبر البريد الإلكتروني بعد إتمام الدفع.</li>
<li>القيمة العالية تصل إلى 100 دولار لاستخدامها في المتجر الرسمي.</li>
<li>تفعيل سهل عبر التطبيق أو المتجر الرسمي للبطاقة.</li>
<li>مخصص لمنطقة المملكة العربية السعودية فقط.</li>
<li>يُعتبر خيارًا مثاليًا لشراء ألعاب أو محتوى إضافي.</li>
<li>ضمان أمان وخصوصية البيانات أثناء التحويل.</li>
</ul>
<strong>المواصفات التقنية:</strong>
<table>
<tr><th>القيمة</th><td>100 دولار</td></tr>
<tr><th>المنطقة</th><td>المملكة العربية السعودية</td></tr>
<tr><th>طريقة التوصيل</th><td>بريد إلكتروني فوري</td></tr>
<tr><th>طريقة التفعيل</th><td>التطبيق أو المتجر الرسمي</td></tr>
</table>",ollama-qwen3:8b-bulk-full,2026-04-30T14:54:00+03:00,,375,https://www.amazon.sa/-/en/PlayStation-Network-Card-Account-Digital/dp/B0CHSK993J/ref=sr_1_1,2026-04-29T14:15:00+03:00,high,401,0,1777461187,1777461187,,,ksa,playstation,100,1.33.0,,,n/a,Gift card / software key — delivered electronically,,,,,
494,"simple, virtual",GC-XBX-US-10,,Xbox Live $10 (US),1,0,visible,بطاقة إكس بوكس لايف — US × $10. تسليم فوري.,<p>بطاقة <strong>إكس بوكس لايف</strong> بقيمة 10 دولار لمنطقة <strong>US</strong>.</p><p>التسليم فوري عبر البريد الإلكتروني خلال دقائق من إتمام الدفع. الرمز يفعّل عبر التطبيق/المتجر الرسمي للبطاقة.</p>,,,taxable,,1,,,0,0,,,,,1,,0,40,"Gift Cards & Software Keys | بطاقات رقمية ومفاتيح, Gift Cards & Software Keys | بطاقات رقمية ومفاتيح > بطاقات الألعاب > إكس بوكس, Gift Cards & Software Keys | بطاقات رقمية ومفاتيح > بطاقات الألعاب",,digital-no-shipping,https://neogen.store/wp-content/uploads/xbox-gp.png,,,,,,,,,0,,,,Xbox Live $10 (US) | إكس بوكس لايف 10 دولار (US),إكس بوكس لايف 10 دولار (US),,"<p>بطاقة إكس بوكس لايف بقيمة 10 دولار لمنطقة US. التسليم فوري عبر البريد الإلكتروني خلال دقائق من إتمام الدفع. الرمز يفعّل عبر التطبيق/المتجر الرسمي للبطاقة.</p>
<strong>لماذا هذا المنتج؟</strong>
<ul>
<li>التسليم الفوري عبر البريد الإلكتروني يضمن استلامك للرمز في دقائق</li>
<li>التفعيل عبر التطبيق الرسمي يضمن سهولة الاستخدام دون تأخيرات</li>
<li>قيمة 10 دولار تغطي تجربة ترفيهية مميزة لمنطقة US",ollama-qwen3:8b-bulk-full,2026-04-30T14:51:35+03:00,,,,,,,,,,,,us,xbox,10,1.33.0,,,n/a,Gift card / software key — delivered electronically,,,,,
495,"simple, virtual",GC-XBX-US-25,,Xbox Live $25 (US),1,0,visible,بطاقة إكس بوكس لايف — US × $25. تسليم فوري.,<p>بطاقة <strong>إكس بوكس لايف</strong> بقيمة 25 دولار لمنطقة <strong>US</strong>.</p><p>التسليم فوري عبر البريد الإلكتروني خلال دقائق من إتمام الدفع. الرمز يفعّل عبر التطبيق/المتجر الرسمي للبطاقة.</p>,,,taxable,,1,,,0,0,,,,,1,,0,100,"Gift Cards & Software Keys | بطاقات رقمية ومفاتيح, Gift Cards & Software Keys | بطاقات رقمية ومفاتيح > بطاقات الألعاب > إكس بوكس, Gift Cards & Software Keys | بطاقات رقمية ومفاتيح > بطاقات الألعاب",,digital-no-shipping,https://neogen.store/wp-content/uploads/xbox-gp.png,,,,,,,,,0,,,,Xbox Live $25 (US) | إكس بوكس لايف 25 دولار (US),إكس بوكس لايف 25 دولار (US),,"<p>بطاقة إكس بوكس لايف بقيمة 25 دولار لمنطقة US. التسليم فوري عبر البريد الإلكتروني خلال دقائق من إتمام الدفع. الرمز يفعّل عبر التطبيق/المتجر الرسمي للبطاقة.</p>
<strong>لماذا هذا المنتج؟</strong>
<ul>
<li>التسليم الفوري عبر البريد الإلكتروني خلال دقائق من إتمام الدفع.</li>
<li>لا حاجة لشحن أو توصيل، يتم التسليم مباشرة عبر البريد الإلكتروني.</li>
<li>تفعيل الرمز عبر التطبيق أو المتجر الرسمي للبطاقة.</li>
<li>لا رسوم إضافية أو تكاليف خفية.</li>
<li>دفع",ollama-qwen3:8b-bulk-full,2026-04-30T14:50:59+03:00,,,,,,,,,,,,us,xbox,25,1.33.0,,,n/a,Gift card / software key — delivered electronically,,,,,
496,"simple, virtual",GC-XBX-US-50,,Xbox Live $50 (US),1,0,visible,بطاقة إكس بوكس لايف — US × $50. تسليم فوري.,<p>بطاقة <strong>إكس بوكس لايف</strong> بقيمة 50 دولار لمنطقة <strong>US</strong>.</p><p>التسليم فوري عبر البريد الإلكتروني خلال دقائق من إتمام الدفع. الرمز يفعّل عبر التطبيق/المتجر الرسمي للبطاقة.</p>,,,taxable,,1,,,0,0,,,,,1,,0,201,"Gift Cards & Software Keys | بطاقات رقمية ومفاتيح, Gift Cards & Software Keys | بطاقات رقمية ومفاتيح > بطاقات الألعاب > إكس بوكس, Gift Cards & Software Keys | بطاقات رقمية ومفاتيح > بطاقات الألعاب",,digital-no-shipping,https://neogen.store/wp-content/uploads/xbox-gp.png,,,,,,,,,0,,,,Xbox Live $50 (US) | إكس بوكس لايف 50 دولار (US),إكس بوكس لايف 50 دولار (US),,"<p>بطاقة إكس بوكس لايف بقيمة 50 دولار لمنطقة US، تُسليم فورًا عبر البريد الإلكتروني بعد إتمام الدفع، وتُفعّل عبر التطبيق أو المتجر الرسمي للبطاقة.</p>  
<strong>لماذا هذا المنتج؟</strong>  
<ul>  
<li>توصيل فوري عبر البريد الإلكتروني بعد الدفع.</li>  
<li>قيمة 50 دولار لمنطقة US مباشرة في حسابك.</li>  
<li>تفعيل سهل عبر التطبيق الرسمي أو المتجر.</li>  
<li>الوصول إلى محتوى إكس بوكس لايف بسرعة.</li>  
<li>ضمان أمان وموثوقية في التفعيل.</li>  
<li>خيار مثالي للاعبين وعشاق الألعاب.</li>  
</ul>  
<strong>المواصفات التقنية:</strong>  
<table>  
<tr><th>القيمة</th><td>$50</td></tr>  
<tr><th>المنطقة</th><td>US</td></tr>  
<tr><th>طريقة التوصيل",ollama-qwen3:8b-bulk-full,2026-04-30T14:50:23+03:00,,,,,,,,,,,,us,xbox,50,1.33.0,,,n/a,Gift card / software key — delivered electronically,,,,,
497,"simple, virtual",GC-XBX-US-100,,Xbox Live $100 (US),1,0,visible,بطاقة إكس بوكس لايف — US × $100. تسليم فوري.,<p>بطاقة <strong>إكس بوكس لايف</strong> بقيمة 100 دولار لمنطقة <strong>US</strong>.</p><p>التسليم فوري عبر البريد الإلكتروني خلال دقائق من إتمام الدفع. الرمز يفعّل عبر التطبيق/المتجر الرسمي للبطاقة.</p>,,,taxable,,1,,,0,0,,,,,1,,0,401,"Gift Cards & Software Keys | بطاقات رقمية ومفاتيح, Gift Cards & Software Keys | بطاقات رقمية ومفاتيح > بطاقات الألعاب > إكس بوكس, Gift Cards & Software Keys | بطاقات رقمية ومفاتيح > بطاقات الألعاب",,digital-no-shipping,https://neogen.store/wp-content/uploads/xbox-gp.png,,,,,,,,,0,,,,Xbox Live $100 (US) | إكس بوكس لايف 100 دولار (US),إكس بوكس لايف 100 دولار (US),,"<p>بطاقة إكس بوكس لايف بقيمة 100 دولار لمنطقة US، تُقدّم تجربة ترفيهية مميزة عبر تفعيلها عبر التطبيق أو المتجر الرسمي، مع تسليم فوري عبر البريد الإلكتروني بعد إتمام الدفع.</p>  
<strong>لماذا هذا المنتج؟</strong>  
<ul>  
<li>توصيل فوري عبر البريد الإلكتروني خلال دقائق من إتمام الدفع.</li>  
<li>تفعيل مباشر عبر التطبيق أو المتجر الرسمي للبطاقة.</li>  
<li>قيمة 100 دولار تُغطي تجارب ترفيهية متنوعة عبر منصة إكس بوكس.</li>  
<li>لا يتطلب تسليمًا بالبريد، مما يوفر الوقت والجهد.</li>  
<li>مُصمم لمستخدمي منطقة US مع دعم كامل للخدمات المُقدّمة.</li>  
<li>خيار آمن وموثوق لشراء تجارب ترفيهية إلكترونية.</li>  
</ul>  
<strong>المواصفات التقنية:</strong>  
<table border=""1"" cellpadding=""5"" cellspacing=""0"">  
<tr><th>المواصفات</th><th>التفاصيل</th></tr>  
<tr><td>اسم المنتج</td><td>Xbox Live $100 (US)</td></tr>  
<tr><td>قيمة البطاقة</td><td>100 دولار</td></tr>  
<tr><td>المنطقة المستهدفة</td><td>US</td></tr>  
<tr><td>طريقة الت",ollama-qwen3:8b-bulk-full,2026-04-30T14:53:26+03:00,,,,,,,,,,,,us,xbox,100,1.33.0,,,n/a,Gift card / software key — delivered electronically,,,,,
498,"simple, virtual",GC-XBX-KSA-10,,Xbox Live $10 (KSA),1,0,visible,بطاقة إكس بوكس لايف — KSA × $10. تسليم فوري.,<p>بطاقة <strong>إكس بوكس لايف</strong> بقيمة 10 دولار لمنطقة <strong>KSA</strong>.</p><p>التسليم فوري عبر البريد الإلكتروني خلال دقائق من إتمام الدفع. الرمز يفعّل عبر التطبيق/المتجر الرسمي للبطاقة.</p>,,,taxable,,1,,,0,0,,,,,1,,0,40,"Gift Cards & Software Keys | بطاقات رقمية ومفاتيح, Gift Cards & Software Keys | بطاقات رقمية ومفاتيح > بطاقات الألعاب > إكس بوكس, Gift Cards & Software Keys | بطاقات رقمية ومفاتيح > بطاقات الألعاب",,digital-no-shipping,https://neogen.store/wp-content/uploads/xbox-gp.png,,,,,,,,,0,,,,Xbox Live $10 (KSA) | إكس بوكس لايف 10 دولار (KSA),إكس بوكس لايف 10 دولار (KSA),,"<p>بطاقة إكس بوكس لايف بقيمة 10 دولار لمنطقة المملكة العربية السعودية. تُسليم فورًا عبر البريد الإلكتروني بعد إتمام الدفع، وتُفعّل مباشرة عبر التطبيق أو المتجر الرسمي للبطاقة.</p>
<strong>لماذا هذا المنتج؟</strong>
<ul>
<li>توصيل فوري عبر البريد الإلكتروني خلال دقائق من إتمام الدفع.</li>
<li>تفعيل سهل عبر التطبيق أو المتجر الرسمي للبطاقة.</li>
<li>قيمة 10 دولار تُستخدم لشراء ألعاب أو خدمات إكس بوكس لايف.</li>
<li>مُصمم خصيصًا لمنطقة المملكة العربية السعودية.</li>
<li>خيار مثالي لتعزيز تجربة اللعب عبر منصات إكس بوكس.</li>
<li>ضمان استلام الرمز بسرعة وبدون تأخير.</li>
</ul>
<strong>المواصفات التقنية:</strong>
<table>
<tr><th>القيمة</th><td>10 دولار</td></tr>
<tr><th>طريقة التسليم</th><td>البريد الإلكتروني</td></tr>
<tr><th>طريقة الفعّال</th><td>التطبيق أو المتجر الرسمي</td></tr>
<tr><th>المنطقة المُستهدفة</th><td>المملكة العربية السعودية</td></tr>
<tr><th>النوع</th><td>بطاقة إلكترونية</td></tr>
<tr><th>القيمة المُستخدمة</th><td>لشراء ألعاب أو خدمات إكس بوكس لايف</td></tr>
</table>",ollama-qwen3:8b-bulk-full,2026-04-30T14:49:13+03:00,,,,,,,,,,,,ksa,xbox,10,1.33.0,,,n/a,Gift card / software key — delivered electronically,,,,,
499,"simple, virtual",GC-XBX-KSA-25,,Xbox Live $25 (KSA),1,0,visible,بطاقة إكس بوكس لايف — KSA × $25. تسليم فوري.,<p>بطاقة <strong>إكس بوكس لايف</strong> بقيمة 25 دولار لمنطقة <strong>KSA</strong>.</p><p>التسليم فوري عبر البريد الإلكتروني خلال دقائق من إتمام الدفع. الرمز يفعّل عبر التطبيق/المتجر الرسمي للبطاقة.</p>,,,taxable,,1,,,0,0,,,,,1,,0,100,"Gift Cards & Software Keys | بطاقات رقمية ومفاتيح, Gift Cards & Software Keys | بطاقات رقمية ومفاتيح > بطاقات الألعاب > إكس بوكس, Gift Cards & Software Keys | بطاقات رقمية ومفاتيح > بطاقات الألعاب",,digital-no-shipping,https://neogen.store/wp-content/uploads/xbox-gp.png,,,,,,,,,0,,,,Xbox Live $25 (KSA) | إكس بوكس لايف 25 دولار (KSA),إكس بوكس لايف 25 دولار (KSA),,"<p>بطاقة إكس بوكس لايف بقيمة 25 دولار لمنطقة KSA. تُسليم فورًا عبر البريد الإلكتروني خلال دقائق بعد إتمام الدفع. الرمز يفعّل عبر التطبيق/المتجر الرسمي للبطاقة.</p>
<strong>لماذا هذا المنتج؟</strong>
<ul>
<li>توصيل فوري عبر البريد الإلكتروني بعد الدفع.</li>
<li>لا حاجة لانتظار الشحن أو التوصيل الفيزيائي.</li>
<li>الدفع آمن وسريع عبر منصات المدفوعات الإلكترونية.</li>
<li>الرمز يُفعّل مباشرة",ollama-qwen3:8b-bulk-full,2026-04-30T14:48:45+03:00,,,,,,,,,,,,ksa,xbox,25,1.33.0,,,n/a,Gift card / software key — delivered electronically,,,,,
500,"simple, virtual",GC-XBX-KSA-50,,Xbox Live $50 (KSA),1,0,visible,بطاقة إكس بوكس لايف — KSA × $50. تسليم فوري.,<p>بطاقة <strong>إكس بوكس لايف</strong> بقيمة 50 دولار لمنطقة <strong>KSA</strong>.</p><p>التسليم فوري عبر البريد الإلكتروني خلال دقائق من إتمام الدفع. الرمز يفعّل عبر التطبيق/المتجر الرسمي للبطاقة.</p>,,,taxable,,1,,,0,0,,,,,1,,0,201,"Gift Cards & Software Keys | بطاقات رقمية ومفاتيح, Gift Cards & Software Keys | بطاقات رقمية ومفاتيح > بطاقات الألعاب > إكس بوكس, Gift Cards & Software Keys | بطاقات رقمية ومفاتيح > بطاقات الألعاب",,digital-no-shipping,https://neogen.store/wp-content/uploads/xbox-gp.png,,,,,,,,,0,,,,Xbox Live $50 (KSA) | إكس بوكس لايف 50 دولار (KSA),إكس بوكس لايف 50 دولار (KSA),,"<p>بطاقة إكس بوكس لايف بقيمة 50 دولار لمنطقة KSA، تُقدّم تجربة ترفيهية مُباشرة عبر منصات Xbox. تُرسل عبر البريد الإلكتروني فورًا بعد الدفع، وتُفعّل بسهولة عبر التطبيق أو المتجر الرسمي.</p>  
<strong>لماذا هذا المنتج؟</strong>  
<ul>  
  <li>توصيل فوري عبر البريد الإلكتروني خلال دقائق من إتمام الدفع.</li>  
  <li>الرمز يُفعّل مباشرة عبر التطبيق أو المتجر الرسمي للبطاقة.</li>  
  <li>لا حاجة لشحن أو تأخير في التسليم.</li>  
  <li>مُصمم خصيصًا لمنطقة KSA لتجربة مُتكاملة.</li>  
  <li>توفير مُثالي للاعبين الذين يبحثون عن محتوى إضافي.</li>  
</ul>  
<strong>المواصفات التقنية:</strong>  
<table>  
  <tr>  
    <th>الاسم</th>  
    <th>القيمة</th>  
  </tr>  
  <tr>  
    <td>قيمة البطاقة</td>  
    <td>$50</td>  
  </tr>  
  <tr>  
    <td>المنطقة</td>  
    <td>KSA</td>  
  </tr>  
  <tr>  
    <td>طريقة التوصيل</td>  
    <td>البريد الإلكتروني</td>  
  </tr>  
  <tr>  
    <td>طريقة الفعّال</td>  
    <td>التطبيق/المتجر الرسمي</td>  
  </tr>  
</table>",ollama-qwen3:8b-bulk-full,2026-04-30T14:48:09+03:00,,,,,,,,,,,,ksa,xbox,50,1.33.0,,,n/a,Gift card / software key — delivered electronically,,,,,
501,"simple, virtual",GC-XBX-KSA-100,,Xbox Live $100 (KSA),1,0,visible,بطاقة إكس بوكس لايف — KSA × $100. تسليم فوري.,<p>بطاقة <strong>إكس بوكس لايف</strong> بقيمة 100 دولار لمنطقة <strong>KSA</strong>.</p><p>التسليم فوري عبر البريد الإلكتروني خلال دقائق من إتمام الدفع. الرمز يفعّل عبر التطبيق/المتجر الرسمي للبطاقة.</p>,,,taxable,,1,,,0,0,,,,,1,,0,401,"Gift Cards & Software Keys | بطاقات رقمية ومفاتيح, Gift Cards & Software Keys | بطاقات رقمية ومفاتيح > بطاقات الألعاب > إكس بوكس, Gift Cards & Software Keys | بطاقات رقمية ومفاتيح > بطاقات الألعاب",,digital-no-shipping,https://neogen.store/wp-content/uploads/xbox-gp.png,,,,,,,,,0,,,,Xbox Live $100 (KSA) | إكس بوكس لايف 100 دولار (KSA),إكس بوكس لايف 100 دولار (KSA),,"<p>بطاقة إكس بوكس لايف بقيمة 100 دولار لمنطقة المملكة العربية السعودية، تُوفر تجربة ترفيهية مميزة عبر منصات Xbox مع تسليم فوري عبر البريد الإلكتروني بعد إتمام الدفع.</p>
<strong>لماذا هذا المنتج؟</strong>
<ul>
<li>توصيل فوري عبر البريد الإلكتروني خلال دقائق من إتمام الدفع.</li>
<li>تفعيل مباشر عبر التطبيق أو المتجر الرسمي للبطاقة.</li>
<li>لا يتطلب توصيلًا بالشحن، مما يوفر الوقت والجهد.</li>
<li>مُصمم لضمان تجربة ترفيهية مُستمرة عبر منصات Xbox.</li>
<li>يُعتبر خيارًا عمليًا لشراء محتوى إلكتروني بسرعة.</li>
<li>يُدعم استخدامه في جميع منصات Xbox في منطقة KSA.</li>
</ul>
<strong>المواصفات التقنية:</strong>
<table border=""1"">
<tr><th>القيمة</th><td>100 دولار</td></tr>
<tr><th>التسليم</th><td>فوري عبر البريد الإلكتروني</td></tr>
<tr><th>التفعيل</th><td>",ollama-qwen3:8b-bulk-full,2026-04-30T14:47:41+03:00,,,,,,,,,,,,ksa,xbox,100,1.33.0,,,n/a,Gift card / software key — delivered electronically,,,,,
502,"simple, virtual",GC-XBX-UK-10,,Xbox Live $10 (UK),1,0,visible,بطاقة إكس بوكس لايف — UK × $10. تسليم فوري.,<p>بطاقة <strong>إكس بوكس لايف</strong> بقيمة 10 دولار لمنطقة <strong>UK</strong>.</p><p>التسليم فوري عبر البريد الإلكتروني خلال دقائق من إتمام الدفع. الرمز يفعّل عبر التطبيق/المتجر الرسمي للبطاقة.</p>,,,taxable,,1,,,0,0,,,,,1,,0,40,"Gift Cards & Software Keys | بطاقات رقمية ومفاتيح, Gift Cards & Software Keys | بطاقات رقمية ومفاتيح > بطاقات الألعاب > إكس بوكس, Gift Cards & Software Keys | بطاقات رقمية ومفاتيح > بطاقات الألعاب",,digital-no-shipping,https://neogen.store/wp-content/uploads/xbox-gp.png,,,,,,,,,0,,,,Xbox Live $10 (UK) | إكس بوكس لايف 10 دولار (UK),إكس بوكس لايف 10 دولار (UK),,"<p>بطاقة إكس بوكس لايف بقيمة 10 دولار لمنطقة UK، تُسليم فورًا عبر البريد الإلكتروني بعد إتمام الدفع، وتُفعّل مباشرة عبر التطبيق أو المتجر الرسمي.</p>  
<strong>لماذا هذا المنتج؟</strong>  
<ul>  
<li>توصيل فوري عبر البريد الإلكتروني دون تأخير.</li>  
<li>تفعيل سهل عبر التطبيق أو المتجر الرسمي للبطاقة.</li>  
<li>قيمة مالية مباشرة تُستخدم لشراء ألعاب أو خدمات إكس بوكس.</li>  
<li>خالية من التكاليف الإضافية أو الشحنات المادية.</li>  
<li>مُصمم لمستخدمي منطقة UK فقط.</li>  
<li>مثالي للاعبين الذين يبحثون عن تجربة سريعة وفعّالة.</li>  
</ul>  
<strong>المواصفات التقنية:</strong>  
<table border=""1"" cellpadding=""5"" cellspacing=""0"">  
<tr><th>المواصفات</th><th>التفاصيل</th></tr>  
<tr><td>القيمة</td><td>$10</td></tr>  
<tr><td>المنطقة</td><td>UK</td></tr>  
<tr><td>طريقة التسليم</td><td>عن طريق البريد الإلكتروني</td></tr>  
<tr><td>طريقة التفعيل</td><td>عبر التطبيق/المتجر الرسمي للبطاقة</",ollama-qwen3:8b-bulk-full,2026-04-30T14:47:05+03:00,,,,,,,,,,,,uk,xbox,10,1.33.0,,,n/a,Gift card / software key — delivered electronically,,,,,
503,"simple, virtual",GC-XBX-UK-25,,Xbox Live $25 (UK),1,0,visible,بطاقة إكس بوكس لايف — UK × $25. تسليم فوري.,<p>بطاقة <strong>إكس بوكس لايف</strong> بقيمة 25 دولار لمنطقة <strong>UK</strong>.</p><p>التسليم فوري عبر البريد الإلكتروني خلال دقائق من إتمام الدفع. الرمز يفعّل عبر التطبيق/المتجر الرسمي للبطاقة.</p>,,,taxable,,1,,,0,0,,,,,1,,0,100,"Gift Cards & Software Keys | بطاقات رقمية ومفاتيح, Gift Cards & Software Keys | بطاقات رقمية ومفاتيح > بطاقات الألعاب > إكس بوكس, Gift Cards & Software Keys | بطاقات رقمية ومفاتيح > بطاقات الألعاب",,digital-no-shipping,https://neogen.store/wp-content/uploads/xbox-gp.png,,,,,,,,,0,,,,Xbox Live $25 (UK) | إكس بوكس لايف 25 دولار (UK),إكس بوكس لايف 25 دولار (UK),,"<p>بطاقة إكس بوكس لايف بقيمة 25 دولار لمنطقة UK، تُسليم فورًا عبر البريد الإلكتروني بعد إتمام الدفع، وتُفعّل مباشرة عبر التطبيق أو المتجر الرسمي للبطاقة.</p>
<strong>لماذا هذا المنتج؟</strong>
<ul>
<li>توصيل فوري عبر البريد الإلكتروني خلال دقائق من إتمام الدفع.</li>
<li>لا توجد تأخيرات في الشحن أو إجراءات معقدة.</li>
<li>تُفعّل مباشرة عبر التطبيق أو المتجر الرسمي للبطاقة.</li>
<li>لا توجد رسوم إضافية أو تكاليف خفية.</li>
<li>متوافقة مع جميع خدمات إكس بوكس في منطقة UK.</li>
<li>تُعتبر خيارًا مثاليًا للاعبين الجدد أو المبتدئين.</li>
</ul>
<strong>المواصفات التقنية:</strong>
<table border=""1"" cellpadding=""5"" cellspacing=""0"">
<tr><th>المواصفات</th><th>التفاصيل</th></tr>
<tr><td>قيمة البطاقة</td><td>$25</td></tr>
<tr><td>طريقة التسليم</td><td>البريد الإلكتروني</td></tr>
<tr><td>طريقة الفعّال</td><td>التطبيق أو المتجر الرسمي</td></tr>
<tr><td>التوافق</td><td>منطقة UK</td></tr>
</table>",ollama-qwen3:8b-bulk-full,2026-04-30T14:46:30+03:00,,,,,,,,,,,,uk,xbox,25,1.33.0,,,n/a,Gift card / software key — delivered electronically,,,,,
504,"simple, virtual",GC-XBX-UK-50,,Xbox Live $50 (UK),1,0,visible,بطاقة إكس بوكس لايف — UK × $50. تسليم فوري.,<p>بطاقة <strong>إكس بوكس لايف</strong> بقيمة 50 دولار لمنطقة <strong>UK</strong>.</p><p>التسليم فوري عبر البريد الإلكتروني خلال دقائق من إتمام الدفع. الرمز يفعّل عبر التطبيق/المتجر الرسمي للبطاقة.</p>,,,taxable,,1,,,0,0,,,,,1,,0,201,"Gift Cards & Software Keys | بطاقات رقمية ومفاتيح, Gift Cards & Software Keys | بطاقات رقمية ومفاتيح > بطاقات الألعاب > إكس بوكس, Gift Cards & Software Keys | بطاقات رقمية ومفاتيح > بطاقات الألعاب",,digital-no-shipping,https://neogen.store/wp-content/uploads/xbox-gp.png,,,,,,,,,0,,,,Xbox Live $50 (UK) | إكس بوكس لايف 50 دولار (UK),إكس بوكس لايف 50 دولار (UK),,"<p>بطاقة إكس بوكس لايف بقيمة 50 دولار لمنطقة UK. يتم تسليمها فورًا عبر البريد الإلكتروني خلال دقائق من إتمام الدفع. الرمز يفعّل عبر التطبيق/المتجر الرسمي للبطاقة.</p>
<strong>لماذا هذا المنتج؟</strong>
<ul>
<li>التسليم الفوري عبر البريد الإلكتروني بعد الدفع.</li>
<li>تفعيل الرمز عبر التطبيق أو المتجر الرسمي.</li>
<li>لا توجد تأخيرات في الشحن.</li>
<li>دفع آمن وموثوق.</li>
<li>لا توجد رسوم إضافية",ollama-qwen3:8b-bulk-full,2026-04-30T14:52:50+03:00,,,,,,,,,,,,uk,xbox,50,1.33.0,,,n/a,Gift card / software key — delivered electronically,,,,,
505,"simple, virtual",GC-XBX-UK-100,,Xbox Live $100 (UK),1,0,visible,بطاقة إكس بوكس لايف — UK × $100. تسليم فوري.,<p>بطاقة <strong>إكس بوكس لايف</strong> بقيمة 100 دولار لمنطقة <strong>UK</strong>.</p><p>التسليم فوري عبر البريد الإلكتروني خلال دقائق من إتمام الدفع. الرمز يفعّل عبر التطبيق/المتجر الرسمي للبطاقة.</p>,,,taxable,,1,,,0,0,,,,,1,,0,401,"Gift Cards & Software Keys | بطاقات رقمية ومفاتيح, Gift Cards & Software Keys | بطاقات رقمية ومفاتيح > بطاقات الألعاب > إكس بوكس, Gift Cards & Software Keys | بطاقات رقمية ومفاتيح > بطاقات الألعاب",,digital-no-shipping,https://neogen.store/wp-content/uploads/xbox-gp.png,,,,,,,,,0,,,,Xbox Live $100 (UK) | إكس بوكس لايف 100 دولار (UK),إكس بوكس لايف 100 دولار (UK),,"<p>بطاقة إكس بوكس لايف بقيمة 100 دولار لمنطقة UK. تُسليم فورًا عبر البريد الإلكتروني بعد إتمام الدفع، مع إمكانية تفعيل الرمز عبر التطبيق أو المتجر الرسمي للبطاقة.</p>
<strong>لماذا هذا المنتج؟</strong>
<ul>
<li>قيمة 100 دولار لاستخدامات متنوعة في ألعاب Xbox.</li>
<li>تسليم فوري عبر البريد الإلكتروني خلال دقائق.</li>
<li>تفعيل سهل عبر التطبيق أو المتجر الرسمي.</li>
<li>متوافق مع جميع أجهزة Xbox في منطقة UK.</li>
<li>خدمة موثوقة مع ضمان استلام الرمز.</li>
<li>خ",ollama-qwen3:8b-bulk-full,2026-04-30T14:45:22+03:00,,,,,,,,,,,,uk,xbox,100,1.33.0,,,n/a,Gift card / software key — delivered electronically,,,,,
506,"simple, virtual",GC-STM-GLOBAL-5,,Steam Wallet $5 (Global),1,0,visible,بطاقة محفظة ستيم — Global × $5. تسليم فوري.,<p>بطاقة <strong>محفظة ستيم</strong> بقيمة 5 دولار لمنطقة <strong>Global</strong>.</p><p>التسليم فوري عبر البريد الإلكتروني خلال دقائق من إتمام الدفع. الرمز يفعّل عبر التطبيق/المتجر الرسمي للبطاقة.</p>,,,taxable,,1,,,0,0,,,,,1,,0,20,"Gift Cards & Software Keys | بطاقات رقمية ومفاتيح, Gift Cards & Software Keys | بطاقات رقمية ومفاتيح > بطاقات الألعاب, Gift Cards & Software Keys | بطاقات رقمية ومفاتيح > بطاقات الألعاب > ستيم",,digital-no-shipping,https://neogen.store/wp-content/uploads/steam50.png,,,,,,,,,0,,,,Steam Wallet $5 (Global) | محفظة ستيم 5 دولار (Global),محفظة ستيم 5 دولار (Global),,"<p>بطاقة محفظة ستيم بقيمة 5 دولارات لمنطقة Global، تُقدّم تجربة تسوق سلسة عبر تطبيق أو متجر رسمي. تُسهم في توسيع مكتبة الألعاب وتحقيق أهدافك الترفيهية بسهولة.</p>  
<strong>لماذا هذا المنتج؟</strong>  
<ul>  
<li>توصيل فوري عبر البريد الإلكتروني بعد إتمام الدفع.</li>  
<li>متوفر لمنطقة Global مع دعم تجربة تسوق عالمية.</li>  
<li>تفعيل مباشر عبر التطبيق أو المتجر الرسمي دون تأخير.</li>  
<li>لا توجد تكاليف إضافية أو رسوم توصيل.</li>  
<li>توفير مرونة في استخدام المحفظة عبر منصات متعددة.</li>  
<li>ضمان أمان المعاملات عبر نظام تشفير موثوق.</li>  
</ul>  
<strong>المواصفات التقنية:</strong>  
<table border=""1"" cellpadding=""5"" cellspacing=""0"">  
<tr><th>الاسم</th><th>القيمة</th><th>المنطقة</th><th>طريقة التوصيل</th><th>طريقة التفعيل</th></tr>  
<tr><td>Steam Wallet</td><td>$5</td><td>Global</td><td>بريد إلكتروني فوري</td><td>تطبيق/متجر رسمي</td></tr>  
</table>",ollama-qwen3:8b-bulk-full,2026-04-30T14:44:46+03:00,,,,,,,,,,,,global,steam,5,1.33.0,,,n/a,Gift card / software key — delivered electronically,,,,,
507,"simple, virtual",GC-STM-GLOBAL-10,,Steam Wallet $10 (Global),1,0,visible,بطاقة محفظة ستيم — Global × $10. تسليم فوري.,<p>بطاقة <strong>محفظة ستيم</strong> بقيمة 10 دولار لمنطقة <strong>Global</strong>.</p><p>التسليم فوري عبر البريد الإلكتروني خلال دقائق من إتمام الدفع. الرمز يفعّل عبر التطبيق/المتجر الرسمي للبطاقة.</p>,,,taxable,,1,,,0,0,,,,,1,,0,40,"Gift Cards & Software Keys | بطاقات رقمية ومفاتيح, Gift Cards & Software Keys | بطاقات رقمية ومفاتيح > بطاقات الألعاب, Gift Cards & Software Keys | بطاقات رقمية ومفاتيح > بطاقات الألعاب > ستيم",,digital-no-shipping,https://neogen.store/wp-content/uploads/steam50.png,,,,,,,,,0,,,,Steam Wallet $10 (Global) | محفظة ستيم 10 دولار (Global),محفظة ستيم 10 دولار (Global),,"<p>بطاقة محفظة ستيم بقيمة 10 دولار لمنطقة Global. تصل إلى بريدك الإلكتروني فورًا بعد إتمام الدفع، وتُفعّل عبر التطبيق أو المتجر الرسمي للبطاقة.</p>
<strong>لماذا هذا المنتج؟</strong>
<ul>
<li>توصيل فوري عبر البريد الإلكتروني خلال دقائق من إتمام الدفع.</li>
<li>تفعيل مباشر عبر التطبيق أو المتجر الرسمي للبطاقة.</li>
<li>متوفر في منطقة Global مع ضمان أمان المعاملات.</li>
<li>لا حاجة لانتظار شحن أو توصيل فعلي.</li>
<li>مثالي لشراء ألعاب أو خدمات عبر منصة ستيم.</li>
<li>يُعتبر خيارًا مثاليًا للعبّارة بين منصات الألعاب العالمية.</li>
</ul>
<strong>المواصفات التقنية:</strong>
<table border=""1"">
<tr><th>المواصفة</th><th>القيمة</th></tr>
<tr><td>قيمة البطاقة</td><td>$10</td></tr>
<tr><td>المنطقة</td><td>Global</td></tr>
<tr><td>طريقة التوصيل</td><td>البريد الإلكتروني</td></tr>
<tr><<td>طريقة التفعيل</td><td>التطبيق/المتجر الرسمي للبطاقة</td></tr>
</table>",ollama-qwen3:8b-bulk-full,2026-04-30T14:44:11+03:00,,,,,,,,,,,,global,steam,10,1.33.0,,,n/a,Gift card / software key — delivered electronically,,,,,
508,"simple, virtual",GC-STM-GLOBAL-20,,Steam Wallet $20 (Global),1,0,visible,بطاقة محفظة ستيم — Global × $20. تسليم فوري.,<p>بطاقة <strong>محفظة ستيم</strong> بقيمة 20 دولار لمنطقة <strong>Global</strong>.</p><p>التسليم فوري عبر البريد الإلكتروني خلال دقائق من إتمام الدفع. الرمز يفعّل عبر التطبيق/المتجر الرسمي للبطاقة.</p>,,,taxable,,1,,,0,0,,,,,1,,0,80,"Gift Cards & Software Keys | بطاقات رقمية ومفاتيح, Gift Cards & Software Keys | بطاقات رقمية ومفاتيح > بطاقات الألعاب, Gift Cards & Software Keys | بطاقات رقمية ومفاتيح > بطاقات الألعاب > ستيم",,digital-no-shipping,https://neogen.store/wp-content/uploads/steam50.png,,,,,,,,,0,,,,Steam Wallet $20 (Global) | محفظة ستيم 20 دولار (Global),محفظة ستيم 20 دولار (Global),,"<p>بطاقة محفظة ستيم بقيمة 20 دولار لمنطقة Global. تُسليم فورًا عبر البريد الإلكتروني بعد إتمام الدفع، وتُفعّل مباشرة من خلال التطبيق أو المتجر الرسمي للبطاقة.</p>
<strong>لماذا هذا المنتج؟</strong>
<ul>
<li>توصيل فوري عبر البريد الإلكتروني خلال دقائق من إتمام الدفع.</li>
<li>كود التفعيل مباشر عبر التطبيق أو المتجر الرسمي للبطاقة.</li>
<li>لا توجد تأخيرات في التوصيل أو الشحن.</li>
<li>متوفر في منطقة Global بقيمة 20 دولار.</li>
<li>سهل الاستخدام وآمن في التفعيل.</li>
<li>خيار مثالي لشراء ألعاب أو خدمات عبر منصة ستيم.</li>
</ul>
<strong>المواصفات التقنية:</strong>
<table>
<tr><th>القيمة</th><td>20 دولار</td></tr>
<tr><th>المنطقة</th><td>Global</td></tr>
<tr><th>طريقة التوصيل</th><td>البريد الإلكتروني</td></tr>
<tr><th>طريقة التفعيل</th><td>التطبيق أو المتجر الرسمي</td></tr>
<tr><th>التوافر</th><td>منطقة Global</td></tr>
</table>",ollama-qwen3:8b-bulk-full,2026-04-30T14:43:36+03:00,,,,,,,,,,,,global,steam,20,1.33.0,,,n/a,Gift card / software key — delivered electronically,,,,,
509,"simple, virtual",GC-STM-GLOBAL-50,,Steam Wallet $50 (Global),1,0,visible,بطاقة محفظة ستيم — Global × $50. تسليم فوري.,<p>بطاقة <strong>محفظة ستيم</strong> بقيمة 50 دولار لمنطقة <strong>Global</strong>.</p><p>التسليم فوري عبر البريد الإلكتروني خلال دقائق من إتمام الدفع. الرمز يفعّل عبر التطبيق/المتجر الرسمي للبطاقة.</p>,,,taxable,,1,,,0,0,,,,,1,,0,225,"Gift Cards & Software Keys | بطاقات رقمية ومفاتيح, Gift Cards & Software Keys | بطاقات رقمية ومفاتيح > بطاقات الألعاب, Gift Cards & Software Keys | بطاقات رقمية ومفاتيح > بطاقات الألعاب > ستيم",,digital-no-shipping,https://neogen.store/wp-content/uploads/steam50.png,,,,,,,,,0,,,,Steam Wallet $50 (Global) | محفظة ستيم 50 دولار (Global),محفظة ستيم 50 دولار (Global),,"<p>بطاقة محفظة ستيم بقيمة 50 دولار لمنطقة Global. تُسليم فورًا عبر البريد الإلكتروني بعد إتمام الدفع، ويمكن تفعيل الرمز مباشرة من خلال التطبيق أو المتجر الرسمي للبطاقة.</p>  
<strong>لماذا هذا المنتج؟</strong>  
<ul>  
<li>توصيل فوري عبر البريد الإلكتروني خلال دقائق من إتمام الدفع.</li>  
<li>قيمة 50 دولار أمريكي لاستخدامها في منصة ستيم العالمية.</li>  
<li>تفعيل سهل عبر التطبيق أو المتجر الرسمي للبطاقة.</li>  
<li>الاستخدام الآمن والمستدام لجميع ألعاب ستيم.</li>  
<li>خيار دفع موثوق يدعم جميع مناطق العالم.</li>  
<li>الوصول إلى مكتبة ألعاب ضخمة بسهولة.</li>  
</ul>  
<strong>المواصفات التقنية:</strong>  
<table>  
<tr>  
<th>المواصفة</th>  
<th>القيمة</th>  
</tr>  
<tr>  
<td>قيمة البطاقة</td>  
<td>$50</td>  
</tr>  
<tr>  
<td>طريقة التوصيل</td>  
<td>بريد إلكتروني فوري</td>  
</tr>  
<tr>  
<td>طريقة التفعيل</td>  
<td>تطبيق/متجر ستيم الرسمي</td>  
</tr>  
<tr>  
<td>المنطقة المدعومة</td>  
<td>Global</td>  
</tr>  
</table>",ollama-qwen3:8b-bulk-full,2026-04-30T14:39:24+03:00,,177,https://www.amazon.sa/-/en/GADGET-UPGRADE-gift-card-steam/dp/B00QZLVCU0,2026-04-29T12:00:00+03:00,,201,0,1777458616,,,,global,steam,50,1.33.0,,,n/a,Gift card / software key — delivered electronically,,,,,
510,"simple, virtual",GC-STM-GLOBAL-100,,Steam Wallet $100 (Global),1,0,visible,بطاقة محفظة ستيم — Global × $100. تسليم فوري.,<p>بطاقة <strong>محفظة ستيم</strong> بقيمة 100 دولار لمنطقة <strong>Global</strong>.</p><p>التسليم فوري عبر البريد الإلكتروني خلال دقائق من إتمام الدفع. الرمز يفعّل عبر التطبيق/المتجر الرسمي للبطاقة.</p>,,,taxable,,1,,,0,0,,,,,1,,0,401,"Gift Cards & Software Keys | بطاقات رقمية ومفاتيح, Gift Cards & Software Keys | بطاقات رقمية ومفاتيح > بطاقات الألعاب, Gift Cards & Software Keys | بطاقات رقمية ومفاتيح > بطاقات الألعاب > ستيم",,digital-no-shipping,https://neogen.store/wp-content/uploads/steam50.png,,,,,,,,,0,,,,Steam Wallet $100 (Global) | محفظة ستيم 100 دولار (Global),محفظة ستيم 100 دولار (Global),,"<p>بطاقة محفظة ستيم بقيمة 100 دولار لمنطقة Global. تصل إلى بريدك الإلكتروني فورًا بعد الدفع، ويمكن تفعيلها مباشرة عبر التطبيق أو المتجر الرسمي للبطاقة.</p>
<strong>لماذا هذا المنتج؟</strong>
<ul>
<li",ollama-qwen3:8b-bulk-full,2026-04-30T14:38:48+03:00,,,,,,,,,,,,global,steam,100,1.33.0,,,n/a,Gift card / software key — delivered electronically,,,,,
512,"simple, virtual",GC-RZR-GLOBAL-10,,Razer Gold $10 (Global),1,0,visible,بطاقة رازر قولد — Global × $10. تسليم فوري.,<p>بطاقة <strong>رازر قولد</strong> بقيمة 10 دولار لمنطقة <strong>Global</strong>.</p><p>التسليم فوري عبر البريد الإلكتروني خلال دقائق من إتمام الدفع. الرمز يفعّل عبر التطبيق/المتجر الرسمي للبطاقة.</p>,,,taxable,,1,,,0,0,,,,,1,,0,50,"Gift Cards & Software Keys | بطاقات رقمية ومفاتيح, Gift Cards & Software Keys | بطاقات رقمية ومفاتيح > بطاقات الألعاب, Gift Cards & Software Keys | بطاقات رقمية ومفاتيح > بطاقات الألعاب > رازر قولد",,digital-no-shipping,https://neogen.store/wp-content/uploads/gc-placeholder-razer-gold.svg,,,,,,,,,0,,,,Razer Gold $10 (Global) | رازر قولد 10 دولار (Global),رازر قولد 10 دولار (Global),,"<p>بطاقة رازر قولد بقيمة 10 دولار لمنطقة Global. تصل إلى بريدك الإلكتروني فورًا بعد إتمام الدفع، ويمكن تفعيلها عبر التطبيق الرسمي للبطاقة.</p>  
<strong>لماذا هذا المنتج؟</strong>  
<ul>  
  <li>توصيل فوري عبر البريد الإلكتروني خلال دقائق من إتمام الدفع.</li>  
  <li>الرمز مُفعّل مباشرة عبر التطبيق الرسمي أو المتجر الإلكتروني للبطاقة.</li>  
  <li>لا حاجة لشحن أو توصيل بريد فعلي، مما يوفر الوقت والجهد.</li>  
  <li>مُصمم لمنطقة Global، مما يضمن توافقه مع جميع منصات الاستخدام.</li>  
  <li>يُعتبر خيارًا آمنًا وسريعًا لتحويل القيمة إلى موارد رقمية.</li>  
</ul>  
<strong>المواصفات التقنية:</strong>  
<table border=""1"" cellpadding=""5"" cellspacing=""0"">  
  <tr>  
    <th>الاسم</th>  
    <th>ال",ollama-qwen3:8b-bulk-full,2026-04-30T14:43:02+03:00,,37,https://www.amazon.sa/-/en/Razer-Gold-Global-Digital-Code/dp/B0CPSDK6ZV/ref=sr_1_1,2026-04-29T14:15:00+03:00,high,40,0,1777461187,1777461187,,,global,razer-gold,10,1.33.0,,,n/a,Gift card / software key — delivered electronically,,,,,
513,"simple, virtual",GC-RZR-GLOBAL-25,,Razer Gold $25 (Global),1,0,visible,بطاقة رازر قولد — Global × $25. تسليم فوري.,<p>بطاقة <strong>رازر قولد</strong> بقيمة 25 دولار لمنطقة <strong>Global</strong>.</p><p>التسليم فوري عبر البريد الإلكتروني خلال دقائق من إتمام الدفع. الرمز يفعّل عبر التطبيق/المتجر الرسمي للبطاقة.</p>,,,taxable,,1,,,0,0,,,,,1,,0,100,"Gift Cards & Software Keys | بطاقات رقمية ومفاتيح, Gift Cards & Software Keys | بطاقات رقمية ومفاتيح > بطاقات الألعاب, Gift Cards & Software Keys | بطاقات رقمية ومفاتيح > بطاقات الألعاب > رازر قولد",,digital-no-shipping,https://neogen.store/wp-content/uploads/gc-placeholder-razer-gold.svg,,,,,,,,,0,,,,Razer Gold $25 (Global) | رازر قولد 25 دولار (Global),رازر قولد 25 دولار (Global),,"<p>بطاقة رازر قولد بقيمة 25 دولار لمنطقة Global. تصل عبر البريد الإلكتروني فورًا بعد إتمام الدفع، وتُفعّل عبر التطبيق أو المتجر الرسمي للبطاقة.</p>  
<strong>لماذا هذا المنتج؟</strong>  
<ul>  
<li>توصيل فوري عبر البريد الإلكتروني خلال دقائق من إتمام الدفع.</li>  
<li>كود البطاقة يُفعّل مباشرة عبر التطبيق أو المتجر الرسمي لرازر.</li>  
<li>قيمة 25 دولار تُستخدم لشراء منتجات رازر في منطقة Global.</li>  
<li>البطاقة مُصممة لتسهيل الشراء بسرعة وسهولة.</li>  
<li>تُعتبر خيارًا مثاليًا ل",ollama-qwen3:8b-bulk-full,2026-04-30T14:37:38+03:00,,,,,,,,,,,,global,razer-gold,25,1.33.0,,,n/a,Gift card / software key — delivered electronically,,,,,
514,"simple, virtual",GC-RZR-GLOBAL-50,,Razer Gold $50 (Global),1,0,visible,بطاقة رازر قولد — Global × $50. تسليم فوري.,<p>بطاقة <strong>رازر قولد</strong> بقيمة 50 دولار لمنطقة <strong>Global</strong>.</p><p>التسليم فوري عبر البريد الإلكتروني خلال دقائق من إتمام الدفع. الرمز يفعّل عبر التطبيق/المتجر الرسمي للبطاقة.</p>,,,taxable,,1,,,0,0,,,,,1,,0,235,"Gift Cards & Software Keys | بطاقات رقمية ومفاتيح, Gift Cards & Software Keys | بطاقات رقمية ومفاتيح > بطاقات الألعاب, Gift Cards & Software Keys | بطاقات رقمية ومفاتيح > بطاقات الألعاب > رازر قولد",,digital-no-shipping,https://neogen.store/wp-content/uploads/gc-placeholder-razer-gold.svg,,,,,,,,,0,,,,Razer Gold $50 (Global) | رازر قولد 50 دولار (Global),رازر قولد 50 دولار (Global),,"<p>بطاقة رازر قولد بقيمة 50 دولار لمنطقة Global. يتم تسليمها فورًا عبر البريد الإلكتروني بعد إتمام الدفع، ويمكن تفعيلها عبر التطبيق أو المتجر الرسمي للبطاقة.</p>  
<strong>لماذا هذا المنتج؟</strong>  
<ul>  
  <li>توصيل فوري عبر البريد الإلكتروني خلال دقائق من إتمام الدفع.</li>  
  <li>التفعيل المباشر عبر التطبيق أو المتجر الرسمي للبطاقة.</li>  
  <li>متوفر في منطقة Global مع قيمة 50 دولار.</li>  
  <li>لا يتطلب توصيلًا بالبريد أو انتظار تسليم فعلي.</li>  
  <li>مثالي للاستخدام الفوري في المتاجر والتطبيقات المعتمدة.</li>  
</ul>  
<strong>المواصفات التقنية:</strong>  
<table>  
  <tr>  
    <th>الاسم</th>  
    <th>القيمة</th>  
    <th>المنطقة</th>  
    <th>طريقة التوصيل</th>  
    <th>طريقة التفعيل</th>  
  </tr>  
  <tr>  
    <td>Razer Gold</td>  
    <td>$50</td>  
    <td>Global</td>  
    <td>بريد إلكتروني</td>  
    <td>التطبيق/المتجر الرسمي</td>  
  </tr>  
</table>",ollama-qwen3:8b-bulk-full,2026-04-30T14:37:03+03:00,,188,https://www.amazon.sa/-/en/Razer-Gold-Global-Digital-Code/dp/B0CPSMTCPY/ref=sr_1_1,2026-04-29T14:15:00+03:00,high,201,0,1777461187,1777461187,,,global,razer-gold,50,1.33.0,,,n/a,Gift card / software key — delivered electronically,,,,,
515,"simple, virtual",GC-RZR-GLOBAL-100,,Razer Gold $100 (Global),1,0,visible,بطاقة رازر قولد — Global × $100. تسليم فوري.,<p>بطاقة <strong>رازر قولد</strong> بقيمة 100 دولار لمنطقة <strong>Global</strong>.</p><p>التسليم فوري عبر البريد الإلكتروني خلال دقائق من إتمام الدفع. الرمز يفعّل عبر التطبيق/المتجر الرسمي للبطاقة.</p>,,,taxable,,1,,,0,0,,,,,1,,0,470,"Gift Cards & Software Keys | بطاقات رقمية ومفاتيح, Gift Cards & Software Keys | بطاقات رقمية ومفاتيح > بطاقات الألعاب, Gift Cards & Software Keys | بطاقات رقمية ومفاتيح > بطاقات الألعاب > رازر قولد",,digital-no-shipping,https://neogen.store/wp-content/uploads/gc-placeholder-razer-gold.svg,,,,,,,,,0,,,,Razer Gold $100 (Global) | رازر قولد 100 دولار (Global),رازر قولد 100 دولار (Global),,"<p>بطاقة رازر قولد بقيمة 100 دولار لمنطقة Global. التسليم فوري عبر البريد الإلكتروني خلال دقائق من إتمام الدفع. الرمز يفعّل عبر التطبيق/المتجر الرسمي للبطاقة.</p>
<strong>لماذا هذا المنتج؟</strong>
<ul>
<li>التسليم الفوري عبر البريد الإلكتروني بعد إتمام الدفع.</li>
<li>متاح لمنطقة Global مع قيمة تصل إلى 100 دولار.</li>
<li>الفعّال عبر التطبيق أو المتجر الرسمي للبطاقة.</li>
<li>لا يتطلب شحنًا أو توصيلًا بالبريد.</li>
<li>عملية استرجاع بسيطة وسريعة عبر المنصة الرسمية.</li>
</ul>
<strong>المواصفات التقنية:</strong>
<table>
<tr><th>الاسم</th><td>Razer Gold $10",ollama-qwen3:8b-bulk-full,2026-04-30T14:36:27+03:00,,375,https://www.amazon.sa/-/en/Razer-Gold-Global-Digital-Code/dp/B0CPSBG7JH/ref=sr_1_1,2026-04-29T14:15:00+03:00,high,401,0,1777461187,1777461187,,,global,razer-gold,100,1.33.0,,,n/a,Gift card / software key — delivered electronically,,,,,
517,"simple, virtual",GC-RBX-US-10,,Roblox $10 (US),1,0,visible,بطاقة روبلكس — US × $10. تسليم فوري.,<p>بطاقة <strong>روبلكس</strong> بقيمة 10 دولار لمنطقة <strong>US</strong>.</p><p>التسليم فوري عبر البريد الإلكتروني خلال دقائق من إتمام الدفع. الرمز يفعّل عبر التطبيق/المتجر الرسمي للبطاقة.</p>,,,taxable,,1,,,0,0,,,,,1,,0,40,"Gift Cards & Software Keys | بطاقات رقمية ومفاتيح, Gift Cards & Software Keys | بطاقات رقمية ومفاتيح > بطاقات الألعاب, Gift Cards & Software Keys | بطاقات رقمية ومفاتيح > بطاقات الألعاب > روبلكس",,digital-no-shipping,https://neogen.store/wp-content/uploads/gc-placeholder-roblox.svg,,,,,,,,,0,,,,Roblox $10 (US) | روبلكس 10 دولار (US),روبلكس 10 دولار (US),,"<p>بطاقة روبلكس بقيمة 10 دولار أمريكي لمنطقة الولايات المتحدة. يتم تسليمها فورًا عبر البريد الإلكتروني بعد إتمام الدفع، مع إمكانية تفعيل الرمز عبر التطبيق الرسمي لروبلوكس.</p>
<strong>ل",ollama-qwen3:8b-bulk-full,2026-04-30T14:35:51+03:00,,,,,,,,,,,,us,roblox,10,1.33.0,,,n/a,Gift card / software key — delivered electronically,,,,,
518,"simple, virtual",GC-RBX-US-25,,Roblox $25 (US),1,0,visible,بطاقة روبلكس — US × $25. تسليم فوري.,<p>بطاقة <strong>روبلكس</strong> بقيمة 25 دولار لمنطقة <strong>US</strong>.</p><p>التسليم فوري عبر البريد الإلكتروني خلال دقائق من إتمام الدفع. الرمز يفعّل عبر التطبيق/المتجر الرسمي للبطاقة.</p>,,,taxable,,1,,,0,0,,,,,1,,0,100,"Gift Cards & Software Keys | بطاقات رقمية ومفاتيح, Gift Cards & Software Keys | بطاقات رقمية ومفاتيح > بطاقات الألعاب, Gift Cards & Software Keys | بطاقات رقمية ومفاتيح > بطاقات الألعاب > روبلكس",,digital-no-shipping,https://neogen.store/wp-content/uploads/gc-placeholder-roblox.svg,,,,,,,,,0,,,,Roblox $25 (US) | روبلكس 25 دولار (US),روبلكس 25 دولار (US),,"<p>بطاقة روبلكس بقيمة 25 دولار أمريكي لمنطقة الولايات المتحدة. تُسليم فورًا عبر البريد الإلكتروني بعد إتمام الدفع، مع إمكانية تفعيل الرمز مباشرة عبر التطبيق أو المتجر الرسمي للبطاقة.</p>
<strong>لماذا هذا المنتج؟</strong>
<ul>
<li>توصيل فوري عبر البريد الإلكتروني خلال دقائق من إتمام الدفع.</li>
<li>تفعيل مباشر عبر التطبيق أو المتجر الرسمي للبطاقة.</li>
<li>لا يتطلب توصيلًا بالبريد أو تعبئة طلبات.</li>
<li>الدفع آمن ومضمون عبر منصات موثوقة.</li>
<li>قيمة مالية كبيرة تُوفر تجربة تفاعلية ممتعة.</li>
<li>متوافق مع جميع أجهزة المستخدمين في منطقة US.</li>
</ul>
<strong>المواصفات التقنية:</strong>
<table>
<tr><th>اسم المنتج</th><td>Roblox $25 (US)</td></tr>
<tr><th>قيمة البطاقة</th><td>25 دولار أمريكي</td></tr>
<tr><th>المنطقة المستهدفة</th><td>الولايات المتحدة</td></tr>
<tr><th>طريقة التوصيل</th><td>البريد الإلكتروني فورًا</td></tr>
<tr><th>طريقة التفعيل</th><td>التطبيق أو المتجر الرسمي</td></tr>
</table>",ollama-qwen3:8b-bulk-full,2026-04-30T14:35:15+03:00,,,,,,,,,,,,us,roblox,25,1.33.0,,,n/a,Gift card / software key — delivered electronically,,,,,
519,"simple, virtual",GC-RBX-US-50,,Roblox $50 (US),1,0,visible,بطاقة روبلكس — US × $50. تسليم فوري.,<p>بطاقة <strong>روبلكس</strong> بقيمة 50 دولار لمنطقة <strong>US</strong>.</p><p>التسليم فوري عبر البريد الإلكتروني خلال دقائق من إتمام الدفع. الرمز يفعّل عبر التطبيق/المتجر الرسمي للبطاقة.</p>,,,taxable,,1,,,0,0,,,,,1,,0,201,"Gift Cards & Software Keys | بطاقات رقمية ومفاتيح, Gift Cards & Software Keys | بطاقات رقمية ومفاتيح > بطاقات الألعاب, Gift Cards & Software Keys | بطاقات رقمية ومفاتيح > بطاقات الألعاب > روبلكس",,digital-no-shipping,https://neogen.store/wp-content/uploads/gc-placeholder-roblox.svg,,,,,,,,,0,,,,Roblox $50 (US) | روبلكس 50 دولار (US),روبلكس 50 دولار (US),,"<p>بطاقة روبلكس بقيمة 50 دولار أمريكي لمنطقة الولايات المتحدة. تُسليم فورًا عبر البريد الإلكتروني بعد إتمام الدفع، مع إمكانية تفعيل الرمز مباشرة من خلال التطبيق أو المتجر الرسمي للبطاقة.</p>
<strong>لماذا هذا المنتج؟</strong>
<ul>
<li>توصيل فوري عبر البريد الإلكتروني خلال دقائق من إتمام الدفع.</li>
<li>تفعيل مباشر عبر التطبيق أو المتجر الرسمي للبطاقة.</li>
<li>ضمان أمان وموثوقية في استخدام الرمز.</li>
<li>لا حاجة لانتظار الشحن أو التوصيل الفيزيائي.</li>
<li>قيمة مالية كبيرة تُستخدم مباشرة في منصة روبلكس.</li>
<li>مُصمم خصيصًا لمستخدمي منطقة الولايات المتحدة.</li>
</ul>
<strong>المواصفات التقنية:</strong>
<table>
<tr><th>القيمة</th><td>50 دولار أمريكي</td></tr>
<tr><th>المنطقة</th><td>الولايات المتحدة (US)</td></tr>
<tr><th>طريقة التوصيل</th><td>البريد الإلكتروني</td></tr>
<tr><th>طريقة التفعيل</th><td>التطبيق أو المتجر الرسمي</td></tr>
</table>",ollama-qwen3:8b-bulk-full,2026-04-30T14:34:46+03:00,,,,,,,,,,,,us,roblox,50,1.33.0,,,n/a,Gift card / software key — delivered electronically,,,,,
520,"simple, virtual",GC-RBX-US-100,,Roblox $100 (US),1,0,visible,بطاقة روبلكس — US × $100. تسليم فوري.,<p>بطاقة <strong>روبلكس</strong> بقيمة 100 دولار لمنطقة <strong>US</strong>.</p><p>التسليم فوري عبر البريد الإلكتروني خلال دقائق من إتمام الدفع. الرمز يفعّل عبر التطبيق/المتجر الرسمي للبطاقة.</p>,,,taxable,,1,,,0,0,,,,,1,,0,401,"Gift Cards & Software Keys | بطاقات رقمية ومفاتيح, Gift Cards & Software Keys | بطاقات رقمية ومفاتيح > بطاقات الألعاب, Gift Cards & Software Keys | بطاقات رقمية ومفاتيح > بطاقات الألعاب > روبلكس",,digital-no-shipping,https://neogen.store/wp-content/uploads/gc-placeholder-roblox.svg,,,,,,,,,0,,,,Roblox $100 (US) | روبلكس 100 دولار (US),روبلكس 100 دولار (US),,"<p>بطاقة روبلكس بقيمة 100 دولار لمنطقة الولايات المتحدة تُستخدم لشراء محتوى داخل التطبيق. تُرسل عبر البريد الإلكتروني فورًا بعد الدفع، وتُفعّل مباشرة من خلال المتجر الرسمي للبطاقة.</p>
<strong>لماذا هذا المنتج؟</strong>
<ul>
<li>توصيل فوري عبر البريد الإلكتروني خلال دقائق من إتمام الدفع.</li>
<li>القيمة العالية تصل إلى 100 دولار أمريكي لاستخدامها في منصة روبلكس.</li>
<li>التفعيل الآمن عبر المتجر الرسمي للبطاقة لضمان المصداقية.</li>
<li>مُصمم خصيصًا لمنطقة الولايات المتحدة للاستخدام المتكامل.</li>
<li>لا يتطلب أي إجراءات إضافية بعد الاستلام.</li>
<li>مثالي لشراء محتوى جديد أو توسعة الحسابات.</li>
</ul>
<strong>المواصفات التقنية:</strong>
<table border=""1"" cellpadding=""5"" cellspacing=""0"">
<tr><th>القيمة</th><td>100 دولار أمريكي</td></tr>
<tr><th>المنطقة</th><td>الولايات المتحدة (US)</td></tr>
<tr><th>طريقة التوصيل</th><td>البريد الإلكتروني فورًا</td></tr>
<tr><th>طريقة التفعيل</th><td>المتجر الرسمي للبطاقة</td></tr>
<tr><th>الاستخدام</th><td>شراء محتوى داخل التطبيق</td></tr>
<tr><th>الصلاحية</th><td>غير محدودة (بحسب سياسات روبلكس)</td></tr>
</table>",ollama-qwen3:8b-bulk-full,2026-04-30T14:42:27+03:00,,,,,,,,,,,,us,roblox,100,1.33.0,,,n/a,Gift card / software key — delivered electronically,,,,,
522,"simple, virtual",GC-PBG-GLOBAL-60,,PUBG Mobile UC 60 UC (Global),1,0,visible,بطاقة ببجي موبايل UC — Global × $60. تسليم فوري.,<p>بطاقة <strong>ببجي موبايل UC</strong> بقيمة 60 UC لمنطقة <strong>Global</strong>.</p><p>التسليم فوري عبر البريد الإلكتروني خلال دقائق من إتمام الدفع. الرمز يفعّل عبر التطبيق/المتجر الرسمي للبطاقة.</p>,,,taxable,,1,,,0,0,,,,,1,,0,5,"Gift Cards & Software Keys | بطاقات رقمية ومفاتيح, Gift Cards & Software Keys | بطاقات رقمية ومفاتيح > بطاقات الألعاب > ببجي موبايل, Gift Cards & Software Keys | بطاقات رقمية ومفاتيح > بطاقات الألعاب",,digital-no-shipping,https://neogen.store/wp-content/uploads/gc-placeholder-pubg-mobile.svg,,,,,,,,,0,,,,PUBG Mobile UC 60 UC (Global) | ببجي موبايل UC 60 UC (Global),ببجي موبايل UC 60 UC (Global),,"<p>بطاقة ببجي موبايل UC بقيمة 60 UC لمنطقة Global، تُقدّم تجربة لعب مميزة بسرعة تحميل فورية عبر البريد الإلكتروني بعد إتمام الدفع.</p>  
<strong>لماذا هذا المنتج؟</strong>  
<ul>  
<li>توصيل فوري عبر البريد الإلكتروني خلال دقائق من إتمام الدفع.</li>  
<li>تفعيل مباشر عبر التطبيق الرسمي أو المتجر الرسمي للبطاقة.</li>  
<li>قيمة 60 UC تُضمن تجربة لعب مُحكمة ومتقدمة.</li>  
<li>مُصمم لمنطقة Global لضمان توافق كامل مع أحدث إصدارات اللعبة.</li>  
<li>آمن وموثوق، مع ضمان عدم وجود أي تعارض في النظام.</li>  
<li>سهل الاستخدام، مع إمكانية التفعيل من أي مكان عبر الإنترنت.</li>  
</ul>  
<strong>المواصفات التقنية:</strong>  
<table border=""1"" cellpadding=""5"" cellspacing=""0"">  
<tr>  
<th>المواصفات</th>  
<th>التفاصيل</th>  
</tr>  
<tr>  
<td>القيمة</td>  
<td>60 UC</td>  
</tr>  
<tr>  
<td>المنطقة</td>  
<td>",ollama-qwen3:8b-bulk-full,2026-04-30T14:33:39+03:00,,,,,,,,,,,,global,pubg-mobile,60,1.33.0,,,n/a,Gift card / software key — delivered electronically,,,,,
523,"simple, virtual",GC-PBG-GLOBAL-325,,PUBG Mobile UC 325 UC (Global),1,0,visible,بطاقة ببجي موبايل UC — Global × $325. تسليم فوري.,<p>بطاقة <strong>ببجي موبايل UC</strong> بقيمة 325 UC لمنطقة <strong>Global</strong>.</p><p>التسليم فوري عبر البريد الإلكتروني خلال دقائق من إتمام الدفع. الرمز يفعّل عبر التطبيق/المتجر الرسمي للبطاقة.</p>,,,taxable,,1,,,0,0,,,,,1,,0,13,"Gift Cards & Software Keys | بطاقات رقمية ومفاتيح, Gift Cards & Software Keys | بطاقات رقمية ومفاتيح > بطاقات الألعاب > ببجي موبايل, Gift Cards & Software Keys | بطاقات رقمية ومفاتيح > بطاقات الألعاب",,digital-no-shipping,https://neogen.store/wp-content/uploads/gc-placeholder-pubg-mobile.svg,,,,,,,,,0,,,,PUBG Mobile UC 325 UC (Global) | ببجي موبايل UC 325 UC (Global),ببجي موبايل UC 325 UC (Global),,"<p>بطاقة ببجي موبايل UC بقيمة 325 UC لمنطقة Global. تصل إلى بريدك الإلكتروني فورًا بعد الدفع، ويمكن تفعيلها عبر التطبيق أو المتجر الرسمي للبطاقة.</p>  
<strong>لماذا هذا المنتج؟</strong>  
<ul>  
  <li>توصيل فوري عبر البريد الإلكتروني خلال دقائق من إتمام الدفع.</li>  
  <li>تفعيل آمن عبر التطبيق الرسمي أو المتجر المُسجّل للبطاقة.</li>  
  <li>لا حاجة للانتظار أو التسجيل المُطول لاستخدام البطاقة.</li>  
  <li>مُصمم للاعبين محترفين وعشاق الألعاب الإلكترونية.</li>  
  <li",ollama-qwen3:8b-bulk-full,2026-04-30T14:33:04+03:00,,,,,,,,,,,,global,pubg-mobile,325,1.33.0,,,n/a,Gift card / software key — delivered electronically,,,,,
524,"simple, virtual",GC-PBG-GLOBAL-660,,PUBG Mobile UC 660 UC (Global),1,0,visible,بطاقة ببجي موبايل UC — Global × $660. تسليم فوري.,<p>بطاقة <strong>ببجي موبايل UC</strong> بقيمة 660 UC لمنطقة <strong>Global</strong>.</p><p>التسليم فوري عبر البريد الإلكتروني خلال دقائق من إتمام الدفع. الرمز يفعّل عبر التطبيق/المتجر الرسمي للبطاقة.</p>,,,taxable,,1,,,0,0,,,,,1,,0,26,"Gift Cards & Software Keys | بطاقات رقمية ومفاتيح, Gift Cards & Software Keys | بطاقات رقمية ومفاتيح > بطاقات الألعاب > ببجي موبايل, Gift Cards & Software Keys | بطاقات رقمية ومفاتيح > بطاقات الألعاب",,digital-no-shipping,https://neogen.store/wp-content/uploads/gc-placeholder-pubg-mobile.svg,,,,,,,,,0,,,,PUBG Mobile UC 660 UC (Global) | ببجي موبايل UC 660 UC (Global),ببجي موبايل UC 660 UC (Global),,"<p>بطاقة PUBG Mobile UC بقيمة 660 UC لمنطقة Global تُقدّم تجربة لعب مُميّزة بسرعة تفعيل وسهولة الاستخدام. تُرسل عبر البريد الإلكتروني فورًا بعد الدفع، وتُفعّل مباشرة عبر التطبيق أو المتجر الرسمي.</p>
<strong>لماذا هذا المنتج؟</strong>
<ul>
<li>توصيل فوري عبر البريد الإلكتروني خلال دقائق من إتمام الدفع.</li>
<li>تفعيل مباشر عبر التطبيق أو المتجر الرسمي للبطاقة.</li>
<li>قيمة عالية تصل إلى 660 UC لتجربة لعب مُميّزة.</li>
<li>مُصمّمة لمنطقة Global للاستخدام العالمي.</li>
<li>تُعتبر خيارًا آمنًا وموثوقًا لشراء بطاقة لعب.</li>
<li>توفير الوقت والجهد في إعداد الحسابات والتحديثات.</li>
</ul>
<strong>المواصفات التقنية:</strong>
<table>
<tr><th>الاسم</th><th>التفاصيل</th></tr>
<tr><td>اسم المنتج</td><td>PUBG Mobile UC 660 UC (Global)</td></tr>
<tr><td>قيمة البطاقة</td><td>660 UC</td></tr>
<tr><td>المنطقة</td><td>Global</td></tr>
<tr><<td>طريقة التوصيل</td><td>البريد الإلكتروني</td></tr>
<tr><td>طريقة التفعيل</td><td>التطبيق/المتجر الرسمي</td></tr>
</table>",ollama-qwen3:8b-bulk-full,2026-04-30T14:32:28+03:00,,,,,,,,,,,,global,pubg-mobile,660,1.33.0,,,n/a,Gift card / software key — delivered electronically,,,,,
525,"simple, virtual",GC-PBG-GLOBAL-1800,,PUBG Mobile UC 1800 UC (Global),1,0,visible,بطاقة ببجي موبايل UC — Global × $1800. تسليم فوري.,<p>بطاقة <strong>ببجي موبايل UC</strong> بقيمة 1800 UC لمنطقة <strong>Global</strong>.</p><p>التسليم فوري عبر البريد الإلكتروني خلال دقائق من إتمام الدفع. الرمز يفعّل عبر التطبيق/المتجر الرسمي للبطاقة.</p>,,,taxable,,1,,,0,0,,,,,1,,0,72,"Gift Cards & Software Keys | بطاقات رقمية ومفاتيح, Gift Cards & Software Keys | بطاقات رقمية ومفاتيح > بطاقات الألعاب > ببجي موبايل, Gift Cards & Software Keys | بطاقات رقمية ومفاتيح > بطاقات الألعاب",,digital-no-shipping,https://neogen.store/wp-content/uploads/gc-placeholder-pubg-mobile.svg,,,,,,,,,0,,,,PUBG Mobile UC 1800 UC (Global) | ببجي موبايل UC 1800 UC (Global),ببجي موبايل UC 1800 UC (Global),,"<p>بطاقة ببجي موبايل UC بقيمة 1800 UC لمنطقة Global. تصل عبر البريد الإلكتروني فورًا بعد الدفع، وتُفعّل مباشرة عبر التطبيق أو المتجر الرسمي.</p>  
<strong>لماذا هذا المنتج؟</strong>  
<ul>  
<li>توصيل فوري عبر البريد الإلكتروني خلال دقائق من إتمام الدفع.</li>  
<li>القيمة العالية 1800 UC لتجربة لعب مميزة في منطقة Global.</li>  
<li>تفعيل سهل عبر التطبيق أو المتجر الرسمي الموثوق به.</li>  
<li>ضمان أمان وسرعة في الاستخدام دون تأخير.</li>  
<li>خيار دفع آمن وسريع عبر منصات متعددة.</li>  
<li>مثالي للاعبين الذين يبحثون عن تجربة لعب مُحسّنة.</li>  
</ul>  
<strong>المواصفات التقنية:</strong>  
<table border=""1"" cellpadding=""5"" cellspacing=""0"">  
<tr><td",ollama-qwen3:8b-bulk-full,2026-04-30T14:41:53+03:00,,,,,,,,,,,,global,pubg-mobile,1800,1.33.0,,,n/a,Gift card / software key — delivered electronically,,,,,
526,"simple, virtual",GC-PBG-GLOBAL-3850,,PUBG Mobile UC 3850 UC (Global),1,0,visible,بطاقة ببجي موبايل UC — Global × $3850. تسليم فوري.,<p>بطاقة <strong>ببجي موبايل UC</strong> بقيمة 3850 UC لمنطقة <strong>Global</strong>.</p><p>التسليم فوري عبر البريد الإلكتروني خلال دقائق من إتمام الدفع. الرمز يفعّل عبر التطبيق/المتجر الرسمي للبطاقة.</p>,,,taxable,,1,,,0,0,,,,,1,,0,154,"Gift Cards & Software Keys | بطاقات رقمية ومفاتيح, Gift Cards & Software Keys | بطاقات رقمية ومفاتيح > بطاقات الألعاب > ببجي موبايل, Gift Cards & Software Keys | بطاقات رقمية ومفاتيح > بطاقات الألعاب",,digital-no-shipping,https://neogen.store/wp-content/uploads/gc-placeholder-pubg-mobile.svg,,,,,,,,,0,,,,PUBG Mobile UC 3850 UC (Global) | ببجي موبايل UC 3850 UC (Global),ببجي موبايل UC 3850 UC (Global),,"<p>بطاقة ببجي موبايل UC بقيمة 3850 UC لمنطقة Global. تصل إليك عبر البريد الإلكتروني فورًا بعد الدفع، ويمكن تفعيلها مباشرة من خلال التطبيق أو المتجر الرسمي للبطاقة.</p>  
<strong>لماذا هذا المنتج؟</strong>  
<ul>  
<li>توصيل فوري عبر البريد الإلكتروني خلال دقائق من إتمام الدفع.</li>  
<li>قيمة عالية تصل إلى 3850 UC لمنطقة Global",ollama-qwen3:8b-bulk-full,2026-04-30T14:31:28+03:00,,,,,,,,,,,,global,pubg-mobile,3850,1.33.0,,,n/a,Gift card / software key — delivered electronically,,,,,
528,"simple, virtual",GC-FRF-GLOBAL-100,,Free Fire Diamonds 100 Diamonds (Global),1,0,visible,بطاقة فري فاير الماس — Global × $100. تسليم فوري.,<p>بطاقة <strong>فري فاير الماس</strong> بقيمة 100 Diamonds لمنطقة <strong>Global</strong>.</p><p>التسليم فوري عبر البريد الإلكتروني خلال دقائق من إتمام الدفع. الرمز يفعّل عبر التطبيق/المتجر الرسمي للبطاقة.</p>,,,taxable,,1,,,0,0,,,,,1,,0,5,"Gift Cards & Software Keys | بطاقات رقمية ومفاتيح, Gift Cards & Software Keys | بطاقات رقمية ومفاتيح > بطاقات الألعاب, Gift Cards & Software Keys | بطاقات رقمية ومفاتيح > بطاقات الألعاب > فري فاير",,digital-no-shipping,https://neogen.store/wp-content/uploads/gc-placeholder-free-fire.svg,,,,,,,,,0,,,,Free Fire Diamonds 100 Diamonds (Global) | فري فاير الماس 100 Diamonds (Global),فري فاير الماس 100 Diamonds (Global),,"<p>بطاقة Free Fire Diamonds بقيمة 100 ماس لمنطقة Global تُقدّم تجربة لعب مميزة. تُرسل عبر البريد الإلكتروني فورًا بعد الدفع، وتُفعّل مباشرة عبر التطبيق أو المتجر الرسمي للبطاقة.</p>  
<strong>لماذا هذا المنتج؟</strong>  
<ul>  
<li>توصيل فوري عبر البريد الإلكتروني خلال دقائق من إتمام الدفع.</li>  
<li>قيمة 100 ماس تُعزز تجربة اللعب في ألعاب Free Fire.</li>  
<li>التفعيل المباشر عبر التطبيق الرسمي أو المتجر المُوثوق به.</li>  
<li>مُصمم لمنطقة Global لتجربة مخصصة للعباءة.</li>  
<li>الرمز آمن ومضمون، مع ضمان سرية البيانات.</li>  
<li>خيار سهل وسريع لشراء ماس إضافي دون تأخير.</li>  
</ul>  
<strong>المواصفات التقنية:</strong>  
<table border=""1"" cellpadding=""5"" cellspacing=",ollama-qwen3:8b-bulk-full,2026-04-30T14:30:52+03:00,,,,,,,,,,,,global,free-fire,100,1.33.0,,,n/a,Gift card / software key — delivered electronically,,,,,
529,"simple, virtual",GC-FRF-GLOBAL-310,,Free Fire Diamonds 310 Diamonds (Global),1,0,visible,بطاقة فري فاير الماس — Global × $310. تسليم فوري.,<p>بطاقة <strong>فري فاير الماس</strong> بقيمة 310 Diamonds لمنطقة <strong>Global</strong>.</p><p>التسليم فوري عبر البريد الإلكتروني خلال دقائق من إتمام الدفع. الرمز يفعّل عبر التطبيق/المتجر الرسمي للبطاقة.</p>,,,taxable,,1,,,0,0,,,,,1,,0,12,"Gift Cards & Software Keys | بطاقات رقمية ومفاتيح, Gift Cards & Software Keys | بطاقات رقمية ومفاتيح > بطاقات الألعاب, Gift Cards & Software Keys | بطاقات رقمية ومفاتيح > بطاقات الألعاب > فري فاير",,digital-no-shipping,https://neogen.store/wp-content/uploads/gc-placeholder-free-fire.svg,,,,,,,,,0,,,,Free Fire Diamonds 310 Diamonds (Global) | فري فاير الماس 310 Diamonds (Global),فري فاير الماس 310 Diamonds (Global),,"<p>بطاقة فري فاير الماس بقيمة 310 ماس لمنطقة Global تُسهم في تحسين تجربة اللعب وتعزز فرص الفوز في ألعاب الفري فاير. تُقدّم تجربة سلسة وآمنة للاعبين عبر العالم.</p>  
<strong>لماذا هذا المنتج؟</strong>  
<ul>  
<li>توصيل فوري عبر البريد الإلكتروني بعد إتمام الدفع، مما يضمن سرعة الاستلام.</li>  
<li>الرمز يُفعّل مباشرة عبر التطبيق أو المتجر الرسمي للبطاقة، مما يضمن أمان المعاملات.</li>  
<li>قيمة 310 ماس تُعتبر مثالية لتعزيز الأسلحة والمستوى في ألعاب الفري فاير.</li>  
<li>متوافق مع جميع إصدارات اللعبة في منطقة Global، مما يغطي جمهور واسع.</li>  
<li>الشراء آمن وسهل عبر منصة موثوقة تُقدّم تجربة تجارية متكاملة.</li>  
<li>البطاقة تُعتبر خيارًا مثاليًا للاعبين الذين يبحثون عن تجربة ممتعة وفعّالة.</li>  
</ul>  
<strong>المواصفات التقنية:</strong>  
<table border=""1"" cellpadding=""5"" cellspacing=""0"">  
<tr>  
<th>نوع المنتج</th>  
<th>قيمة الماس</th>  
<th>المنطقة</th>  
<th>طريقة التوصيل</th>  
<th>طريقة الفعّال</th>  
<th>مدة الص",ollama-qwen3:8b-bulk-full,2026-04-30T14:52:14+03:00,,,,,,,,,,,,global,free-fire,310,1.33.0,,,n/a,Gift card / software key — delivered electronically,,,,,
530,"simple, virtual",GC-FRF-GLOBAL-1080,,Free Fire Diamonds 1080 Diamonds (Global),1,0,visible,بطاقة فري فاير الماس — Global × $1080. تسليم فوري.,<p>بطاقة <strong>فري فاير الماس</strong> بقيمة 1080 Diamonds لمنطقة <strong>Global</strong>.</p><p>التسليم فوري عبر البريد الإلكتروني خلال دقائق من إتمام الدفع. الرمز يفعّل عبر التطبيق/المتجر الرسمي للبطاقة.</p>,,,taxable,,1,,,0,0,,,,,1,,0,43,"Gift Cards & Software Keys | بطاقات رقمية ومفاتيح, Gift Cards & Software Keys | بطاقات رقمية ومفاتيح > بطاقات الألعاب, Gift Cards & Software Keys | بطاقات رقمية ومفاتيح > بطاقات الألعاب > فري فاير",,digital-no-shipping,https://neogen.store/wp-content/uploads/gc-placeholder-free-fire.svg,,,,,,,,,0,,,,Free Fire Diamonds 1080 Diamonds (Global) | فري فاير الماس 1080 Diamonds (Global),فري فاير الماس 1080 Diamonds (Global),,"<p>بطاقة Free Fire Diamonds بقيمة 1080 ماس تُستخدم في منطقة Global، تُقدّم تجربة لعب مُميّزة عبر تفعيلها مباشرةً في التطبيق أو المتجر الرسمي. تُسليم فورًا عبر البريد الإلكتروني بعد إتمام الدفع.</p>  
<strong>لماذا هذا المنتج؟</strong>  
<ul>  
  <li>توصيل فوري عبر البريد الإلكتروني خلال دقائق من إتمام الدفع.</li>  
  <li>لا حاجة لشحن أو توصيل بريد فعلي، مما يوفر الوقت والجهد.</li>  
  <li>التفعيل مباشر عبر التطبيق أو المتجر الرسمي للبطاقة.</li>  
  <li>قيمة 1080 ماس تُعتبر مثالية لتعزيز تجربة اللعب.</li>  
  <li>مُصمم خصيصًا لمنطقة Global لضمان توافقه مع جميع المستخدمين.</li>  
</ul>  
<strong>المواصفات التقنية:</strong>  
<table border=""1"" cellpadding=""5"" cellspacing=""0"">  
  <tr>  
    <th>الاسم</th>  
    <th>القيمة</th>  
    <th>المنطقة</th>  
    <th>طريقة التوصيل</th>",ollama-qwen3:8b-bulk-full,2026-04-30T14:29:44+03:00,,,,,,,,,,,,global,free-fire,1080,1.33.0,,,n/a,Gift card / software key — delivered electronically,,,,,
531,"simple, virtual",GC-FRF-GLOBAL-2200,,Free Fire Diamonds 2200 Diamonds (Global),1,0,visible,بطاقة فري فاير الماس — Global × $2200. تسليم فوري.,<p>بطاقة <strong>فري فاير الماس</strong> بقيمة 2200 Diamonds لمنطقة <strong>Global</strong>.</p><p>التسليم فوري عبر البريد الإلكتروني خلال دقائق من إتمام الدفع. الرمز يفعّل عبر التطبيق/المتجر الرسمي للبطاقة.</p>,,,taxable,,1,,,0,0,,,,,1,,0,88,"Gift Cards & Software Keys | بطاقات رقمية ومفاتيح, Gift Cards & Software Keys | بطاقات رقمية ومفاتيح > بطاقات الألعاب, Gift Cards & Software Keys | بطاقات رقمية ومفاتيح > بطاقات الألعاب > فري فاير",,digital-no-shipping,https://neogen.store/wp-content/uploads/gc-placeholder-free-fire.svg,,,,,,,,,0,,,,Free Fire Diamonds 2200 Diamonds (Global) | فري فاير الماس 2200 Diamonds (Global),فري فاير الماس 2200 Diamonds (Global),,"<p>بطاقة فري فاير الماس بقيمة 2200 ماس لمنطقة Global. تصل إليك عبر البريد الإلكتروني فور إتمام الدفع، ويمكن تفعيلها مباشرة من خلال التطبيق أو المتجر الرسمي للبطاقة.</p>
<strong>لماذا هذا المنتج؟",ollama-qwen3:8b-bulk-full,2026-04-30T14:27:56+03:00,,,,,,,,,,,,global,free-fire,2200,1.33.0,,,n/a,Gift card / software key — delivered electronically,,,,,
533,"simple, virtual",GC-MLB-GLOBAL-86,,Mobile Legends Diamonds 86 Diamonds (Global),1,0,visible,بطاقة موبايل ليجندز الماس — Global × $86. تسليم فوري.,<p>بطاقة <strong>موبايل ليجندز الماس</strong> بقيمة 86 Diamonds لمنطقة <strong>Global</strong>.</p><p>التسليم فوري عبر البريد الإلكتروني خلال دقائق من إتمام الدفع. الرمز يفعّل عبر التطبيق/المتجر الرسمي للبطاقة.</p>,,,taxable,,1,,,0,0,,,,,1,,0,5,"Gift Cards & Software Keys | بطاقات رقمية ومفاتيح, Gift Cards & Software Keys | بطاقات رقمية ومفاتيح > بطاقات الألعاب, Gift Cards & Software Keys | بطاقات رقمية ومفاتيح > بطاقات الألعاب > موبايل ليجندز",,digital-no-shipping,https://neogen.store/wp-content/uploads/gc-placeholder-mobile-legends.svg,,,,,,,,,0,,,,Mobile Legends Diamonds 86 Diamonds (Global) | موبايل ليجندز الماس 86 Diamonds (Global),موبايل ليجندز الماس 86 Diamonds (Global),,"<p>بطاقة Mobile Legends Diamonds بقيمة 86 دايموند لمنطقة Global. تُشحن فورًا عبر البريد الإلكتروني بعد إتمام الدفع، وتُفعّل مباشرة عبر التطبيق أو المتجر الرسمي للبطاقة.</p>
<strong>لماذا هذا المنتج؟</strong>
<ul>
<li>توصيل فوري عبر البريد الإلكتروني خلال دقائق من إتمام الدفع.</li>
<li>الرمز مُفعّل مباشرة عبر التطبيق أو المتجر الرسمي للبطاقة.</li>
<li>مُصمم لمنطقة Global مع قيمة دايموند عالية تُضمن تجربة لعب م",ollama-qwen3:8b-bulk-full,2026-04-30T14:27:12+03:00,,,,,,,,,,,,global,mobile-legends,86,1.33.0,,,n/a,Gift card / software key — delivered electronically,,,,,
534,"simple, virtual",GC-MLB-GLOBAL-172,,Mobile Legends Diamonds 172 Diamonds (Global),1,0,visible,بطاقة موبايل ليجندز الماس — Global × $172. تسليم فوري.,<p>بطاقة <strong>موبايل ليجندز الماس</strong> بقيمة 172 Diamonds لمنطقة <strong>Global</strong>.</p><p>التسليم فوري عبر البريد الإلكتروني خلال دقائق من إتمام الدفع. الرمز يفعّل عبر التطبيق/المتجر الرسمي للبطاقة.</p>,,,taxable,,1,,,0,0,,,,,1,,0,7,"Gift Cards & Software Keys | بطاقات رقمية ومفاتيح, Gift Cards & Software Keys | بطاقات رقمية ومفاتيح > بطاقات الألعاب, Gift Cards & Software Keys | بطاقات رقمية ومفاتيح > بطاقات الألعاب > موبايل ليجندز",,digital-no-shipping,https://neogen.store/wp-content/uploads/gc-placeholder-mobile-legends.svg,,,,,,,,,0,,,,Mobile Legends Diamonds 172 Diamonds (Global) | موبايل ليجندز الماس 172 Diamonds (Global),موبايل ليجندز الماس 172 Diamonds (Global),,<p>بطاقة موبايل ليجندز الماس بقيمة 172 دايموند لمنطقة Global. تصل إلى بريدك الإلكتروني,ollama-qwen3:8b-bulk-full,2026-04-30T14:26:37+03:00,,,,,,,,,,,,global,mobile-legends,172,1.33.0,,,n/a,Gift card / software key — delivered electronically,,,,,
535,"simple, virtual",GC-MLB-GLOBAL-706,,Mobile Legends Diamonds 706 Diamonds (Global),1,0,visible,بطاقة موبايل ليجندز الماس — Global × $706. تسليم فوري.,<p>بطاقة <strong>موبايل ليجندز الماس</strong> بقيمة 706 Diamonds لمنطقة <strong>Global</strong>.</p><p>التسليم فوري عبر البريد الإلكتروني خلال دقائق من إتمام الدفع. الرمز يفعّل عبر التطبيق/المتجر الرسمي للبطاقة.</p>,,,taxable,,1,,,0,0,,,,,1,,0,28,"Gift Cards & Software Keys | بطاقات رقمية ومفاتيح, Gift Cards & Software Keys | بطاقات رقمية ومفاتيح > بطاقات الألعاب, Gift Cards & Software Keys | بطاقات رقمية ومفاتيح > بطاقات الألعاب > موبايل ليجندز",,digital-no-shipping,https://neogen.store/wp-content/uploads/gc-placeholder-mobile-legends.svg,,,,,,,,,0,,,,Mobile Legends Diamonds 706 Diamonds (Global) | موبايل ليجندز الماس 706 Diamonds (Global),موبايل ليجندز الماس 706 Diamonds (Global),,"<p>بطاقة Mobile Legends Diamonds بقيمة 706 Diamonds لمنطقة Global تُقدّم تجربة لعب مميزة بسرعة توصيل فورية عبر البريد الإلكتروني بعد إتمام الدفع.</p>
<strong>لماذا هذا المنتج؟</strong>
<ul>
<li>توصيل فوري عبر البريد الإلكتروني خلال دقائق من إتمام الدفع.</li>
<li>الرمز يُفعّل مباشرة عبر التطبيق أو المتجر الرسمي للبطاقة.</li>
<li>قيمة 706 Diamonds تُضمن تجربة لعب مُحسّنة في منطقة Global.</li>
<li>المنتج مُصمم لضمان سرعة وموثوقية التفعيل.</li>
<li>يُعتبر خيارًا عمليًا للاعبين الذين يبحثون عن تجربة سلسة.</li>
<li>البطاقة تُعتبر خيارًا مثاليًا لتعزيز الأداء في ألعاب Mobile Legends.</li>
</ul>
<strong>المواصفات التقنية:</strong>
<table border=""1"">
<tr><th>المنتج</th><th>قيمة Diamonds</th><th>طريقة التوصيل</th><th>طريقة الفعّال</th><th>المنطقة</th></tr>
<tr><td>Mobile Legends Diamonds</td><td>706 Diamonds</td><td>البريد الإلكتروني</td><td>التطبيق/المتجر الرسمي</td><td>Global</td></tr>
</table>",ollama-qwen3:8b-bulk-full,2026-04-30T14:26:01+03:00,,,,,,,,,,,,global,mobile-legends,706,1.33.0,,,n/a,Gift card / software key — delivered electronically,,,,,
536,"simple, virtual",GC-MLB-GLOBAL-2195,,Mobile Legends Diamonds 2195 Diamonds (Global),1,0,visible,بطاقة موبايل ليجندز الماس — Global × $2195. تسليم فوري.,<p>بطاقة <strong>موبايل ليجندز الماس</strong> بقيمة 2195 Diamonds لمنطقة <strong>Global</strong>.</p><p>التسليم فوري عبر البريد الإلكتروني خلال دقائق من إتمام الدفع. الرمز يفعّل عبر التطبيق/المتجر الرسمي للبطاقة.</p>,,,taxable,,1,,,0,0,,,,,1,,0,88,"Gift Cards & Software Keys | بطاقات رقمية ومفاتيح, Gift Cards & Software Keys | بطاقات رقمية ومفاتيح > بطاقات الألعاب, Gift Cards & Software Keys | بطاقات رقمية ومفاتيح > بطاقات الألعاب > موبايل ليجندز",,digital-no-shipping,https://neogen.store/wp-content/uploads/gc-placeholder-mobile-legends.svg,,,,,,,,,0,,,,Mobile Legends Diamonds 2195 Diamonds (Global) | موبايل ليجندز الماس 2195 Diamonds (Global),موبايل ليجندز الماس 2195 Diamonds (Global),,"<p>بطاقة موبايل ليجندز الماس بقيمة 2195 دايموند لمنطقة Global، تُسهم في تحسين تجربة اللعب عبر تفعيلها مباشرة عبر التطبيق أو المتجر الرسمي.</p>
<strong>لماذا هذا المنتج؟</strong>
<ul>
<li>توصيل فوري عبر البريد الإلكتروني بعد إتمام الدفع.</li>
<li>تفعيل سهل عبر التطبيق أو المتجر الرسمي للبطاقة.</li>
<li>قيمة عالية تصل إلى 2195 دايموند لتعزيز تجربة اللعب.</li>
<li>مُصمم لمنطقة Global لضمان توافقه مع جميع المستخدمين.</li>
<li>خيار آمن وموثوق لشراء بطاقة دايموند مباشرة.</li>
<li>الاستخدام المثالي لتعزيز الأداء في ألعاب موبايل ليجندز.</li>
</ul>
<strong>المواصفات التقنية:</strong>
<table border=""1"" cellpadding=""5"" cellspacing=""0"">
<tr><th>المواصف",ollama-qwen3:8b-bulk-full,2026-04-30T14:25:30+03:00,,,,,,,,,,,,global,mobile-legends,2195,1.33.0,,,n/a,Gift card / software key — delivered electronically,,,,,
537,"simple, virtual",GC-APL-US-10,,Apple iTunes / App Store $10 (US),1,0,visible,بطاقة بطاقة آبل أيتونز — US × $10. تسليم فوري.,<p>بطاقة <strong>بطاقة آبل أيتونز</strong> بقيمة 10 دولار لمنطقة <strong>US</strong>.</p><p>التسليم فوري عبر البريد الإلكتروني خلال دقائق من إتمام الدفع. الرمز يفعّل عبر التطبيق/المتجر الرسمي للبطاقة.</p>,,,taxable,,1,,,0,0,,,,,1,,0,40,"Gift Cards & Software Keys | بطاقات رقمية ومفاتيح, Gift Cards & Software Keys | بطاقات رقمية ومفاتيح > متاجر التطبيقات > آبل أيتونز, Gift Cards & Software Keys | بطاقات رقمية ومفاتيح > متاجر التطبيقات",,digital-no-shipping,https://neogen.store/wp-content/uploads/apple.png,,,,,,,,,0,,,,Apple iTunes / App Store $10 (US) | بطاقة آبل أيتونز 10 دولار (US),بطاقة آبل أيتونز 10 دولار (US),,"<p>بطاقة آبل أيتونز بقيمة 10 دولار لمنطقة الولايات المتحدة. تُسليم فورًا عبر البريد الإلكتروني بعد إتمام الدفع، وتُفعّل مباشرة عبر التطبيق أو المتجر الرسمي.</p>
<strong>لماذا هذا المنتج؟</strong>
<ul>
<li>توصيل فوري عبر البريد الإلكتروني خلال دقائق من إتمام الدفع.</li>
<li>الرمز يُفعّل مباشرة عبر التطبيق أو المتجر الرسمي للبطاقة.</li>
<li>القيمة المُحتملة تصل إلى 10 دولار أمريكي لمنطقة US.</li>
<li>الدفع آمن وسريع عبر منصة موثوقة.</li>
<li>البطاقة مُصممة لتسهيل شراء التطبيقات والموسيقى عبر متجر آبل.</li>
<li>الاستخدام سهل ومرن لجميع مستخدمي نظام iOS.</li>
</ul>
<strong>المواصفات التقنية:</strong>
<table>
<tr><th>المواصفات</th><th>التفاصيل</th></tr>
<tr><td>اسم المنتج</td><td>Apple iTunes / App Store $10 (US)</td></tr>
<tr><td>قيمة البطاقة</td><td>10 دولار أمريكي</td></tr>
<tr><td>طريقة التوصيل</td><td>البريد الإلكتروني فورًا</td></tr>
<tr><<td>طريقة الفعّال</td><td>التطبيق أو المتجر الرسمي</td></tr>
</table>",ollama-qwen3:8b-bulk-full,2026-04-30T14:24:54+03:00,,,,,,,,,,,,us,apple-itunes,10,1.33.0,,,n/a,Gift card / software key — delivered electronically,,,,,
538,"simple, virtual",GC-APL-US-25,,Apple iTunes / App Store $25 (US),1,0,visible,بطاقة بطاقة آبل أيتونز — US × $25. تسليم فوري.,<p>بطاقة <strong>بطاقة آبل أيتونز</strong> بقيمة 25 دولار لمنطقة <strong>US</strong>.</p><p>التسليم فوري عبر البريد الإلكتروني خلال دقائق من إتمام الدفع. الرمز يفعّل عبر التطبيق/المتجر الرسمي للبطاقة.</p>,,,taxable,,1,,,0,0,,,,,1,,0,100,"Gift Cards & Software Keys | بطاقات رقمية ومفاتيح, Gift Cards & Software Keys | بطاقات رقمية ومفاتيح > متاجر التطبيقات > آبل أيتونز, Gift Cards & Software Keys | بطاقات رقمية ومفاتيح > متاجر التطبيقات",,digital-no-shipping,https://neogen.store/wp-content/uploads/apple.png,,,,,,,,,0,,,,Apple iTunes / App Store $25 (US) | بطاقة آبل أيتونز 25 دولار (US),بطاقة آبل أيتونز 25 دولار (US),,"<p>بطاقة آبل أيتونز بقيمة 25 دولار أمريكي لمنطقة الولايات المتحدة. تُسليم فورًا عبر البريد الإلكتروني بعد إتمام الدفع، ويمكن تفعيلها مباشرة عبر تطبيق آبل أو المتجر الرسمي.</p>
<strong>لماذا هذا المنتج؟</strong>
<ul>
<li>توصيل فوري عبر البريد الإلكتروني بعد الدفع.</li>
<li>قيمة 25 دولارًا أمريكيًا مباشرة لاستخدام الخدمات.</li>
<li>التفعيل سهل عبر تطبيق آبل أو المتجر الرسمي.</li>
<li>مثالي لشراء التطبيقات والموسيقى والخدمات الرقمية.</li>
<li>ضمان أمان وموثوقية منصة آبل الرسمية.</li>
<li>الاستخدام محدود بمنطقة الولايات المتحدة فقط.</li>
</ul>
<strong>المواصفات التقنية:</strong>
<table border=""1"">
<tr><th>المواصفات</th><th>التفاصيل</th></tr>
<tr><td>القيمة</td><td>25 دولار أمريكي</td></tr>
<tr><td>المنطقة</td><td>الولايات المتحدة (US)</td></tr>
<tr><td>طريقة التوصيل</td><td>بريد إلكتروني فوري</td></tr>
<tr><<td>طريقة التفعيل</td><td>تطبيق آبل أو المتجر الرسمي</td></tr>
<tr><td>النوع</td><td>بطاقة رقمية</td></tr>
</table>",ollama-qwen3:8b-bulk-full,2026-04-30T14:24:21+03:00,,,,,,,,,,,,us,apple-itunes,25,1.33.0,,,n/a,Gift card / software key — delivered electronically,,,,,
539,"simple, virtual",GC-APL-US-50,,Apple iTunes / App Store $50 (US),1,0,visible,بطاقة بطاقة آبل أيتونز — US × $50. تسليم فوري.,<p>بطاقة <strong>بطاقة آبل أيتونز</strong> بقيمة 50 دولار لمنطقة <strong>US</strong>.</p><p>التسليم فوري عبر البريد الإلكتروني خلال دقائق من إتمام الدفع. الرمز يفعّل عبر التطبيق/المتجر الرسمي للبطاقة.</p>,,,taxable,,1,,,0,0,,,,,1,,0,201,"Gift Cards & Software Keys | بطاقات رقمية ومفاتيح, Gift Cards & Software Keys | بطاقات رقمية ومفاتيح > متاجر التطبيقات > آبل أيتونز, Gift Cards & Software Keys | بطاقات رقمية ومفاتيح > متاجر التطبيقات",,digital-no-shipping,https://neogen.store/wp-content/uploads/apple.png,,,,,,,,,0,,,,Apple iTunes / App Store $50 (US) | بطاقة آبل أيتونز 50 دولار (US),بطاقة آبل أيتونز 50 دولار (US),,"<p>بطاقة Apple iTunes بقيمة 50 دولار لمنطقة US، تُسليم فورًا عبر البريد الإلكتروني بعد الدفع، وتُفعّل مباشرة عبر التطبيق أو المتجر الرسمي لبطاقة آبل.</p>  
<strong>لماذا هذا المنتج؟</strong>  
<ul>  
<li>توصيل فوري عبر البريد الإلكتروني خلال دقائق من إتمام الدفع.</li>  
<li>التفعيل المباشر عبر التطبيق أو المتجر الرسمي لآبل.</li>  
<li>قيمة مالية كبيرة تُستخدم لشراء التطبيقات والموسيقى والمحتوى الرقمي.</li>  
<li>الاستخدام الآمن والموثوق عبر منصة آبل المعروفة بجودتها.</li>  
<li>مثالي لمستخدمي الأجهزة الذكية والتطبيقات المُحترفة.</li>  
</ul>  
<strong>المواصفات التقنية:</strong",ollama-qwen3:8b-bulk-full,2026-04-30T14:23:47+03:00,,,,,,,,,,,,us,apple-itunes,50,1.33.0,,,n/a,Gift card / software key — delivered electronically,,,,,
540,"simple, virtual",GC-APL-US-100,,Apple iTunes / App Store $100 (US),1,0,visible,بطاقة بطاقة آبل أيتونز — US × $100. تسليم فوري.,<p>بطاقة <strong>بطاقة آبل أيتونز</strong> بقيمة 100 دولار لمنطقة <strong>US</strong>.</p><p>التسليم فوري عبر البريد الإلكتروني خلال دقائق من إتمام الدفع. الرمز يفعّل عبر التطبيق/المتجر الرسمي للبطاقة.</p>,,,taxable,,1,,,0,0,,,,,1,,0,401,"Gift Cards & Software Keys | بطاقات رقمية ومفاتيح, Gift Cards & Software Keys | بطاقات رقمية ومفاتيح > متاجر التطبيقات > آبل أيتونز, Gift Cards & Software Keys | بطاقات رقمية ومفاتيح > متاجر التطبيقات",,digital-no-shipping,https://neogen.store/wp-content/uploads/apple.png,,,,,,,,,0,,,,Apple iTunes / App Store $100 (US) | بطاقة آبل أيتونز 100 دولار (US),بطاقة آبل أيتونز 100 دولار (US),,"<p>بطاقة Apple iTunes / App Store بقيمة 100 دولار أمريكي لمنطقة الولايات المتحدة. تُسليم فورًا عبر البريد الإلكتروني بعد إتمام الدفع، ويمكن تفعيل الرمز عبر التطبيق أو المتجر الرسمي لبطاقة Apple.</p>  
<strong>لماذا هذا المنتج؟</strong>  
<ul>  
  <li>توصيل فوري عبر البريد الإلكتروني خلال دقائق من إتمام الدفع.</li>  
  <li>لا يتطلب توصيلًا بالبريد أو انتظار شحنة.</li>  
  <li>الرمز يُفعّل",ollama-qwen3:8b-bulk-full,2026-04-30T14:23:11+03:00,,,,,,,,,,,,us,apple-itunes,100,1.33.0,,,n/a,Gift card / software key — delivered electronically,,,,,
541,"simple, virtual",GC-APL-KSA-10,,Apple iTunes / App Store $10 (KSA),1,0,visible,بطاقة بطاقة آبل أيتونز — KSA × $10. تسليم فوري.,<p>بطاقة <strong>بطاقة آبل أيتونز</strong> بقيمة 10 دولار لمنطقة <strong>KSA</strong>.</p><p>التسليم فوري عبر البريد الإلكتروني خلال دقائق من إتمام الدفع. الرمز يفعّل عبر التطبيق/المتجر الرسمي للبطاقة.</p>,,,taxable,,1,,,0,0,,,,,1,,0,40,"Gift Cards & Software Keys | بطاقات رقمية ومفاتيح, Gift Cards & Software Keys | بطاقات رقمية ومفاتيح > متاجر التطبيقات > آبل أيتونز, Gift Cards & Software Keys | بطاقات رقمية ومفاتيح > متاجر التطبيقات",,digital-no-shipping,https://neogen.store/wp-content/uploads/apple.png,,,,,,,,,0,,,,Apple iTunes / App Store $10 (KSA) | بطاقة آبل أيتونز 10 دولار (KSA),بطاقة آبل أيتونز 10 دولار (KSA),,"<p>بطاقة Apple iTunes / App Store بقيمة 10 دولار لمنطقة المملكة العربية السعودية. تصل إلى بريدك الإلكتروني فورًا بعد الدفع، ويمكن تفعيل الرمز عبر التطبيق أو المتجر الرسمي للبطاقة.</p>
<strong>لماذا هذا المنتج؟</strong>
<ul>
<li>التسليم فوري عبر البريد الإلكتروني خلال دقائق من إتمام الدفع.</li>
<li>الرمز يفعّل مباشرة عبر التطبيق أو المتجر الرسمي للبطاقة.</li>
<li>متوفر فقط في منطقة المملكة العربية السعودية.</li>
<li>لا توجد تكاليف شحن أو رسوم إضافية.</li>
<li>يتيح الوصول السريع إلى تطبيقات وتطبيقات متجر App Store.</li>
<li>القيمة المُحتملة تصل إلى 10 دولار أمريكي.</li>
</ul>
<strong>المواصفات التقنية:</strong>
<table>
<tr><th>الاسم</th><th>القيمة</th><th>التسليم</th><th>التفعيل</",ollama-qwen3:8b-bulk-full,2026-04-30T14:22:34+03:00,,,,,,,,,,,,ksa,apple-itunes,10,1.33.0,,,n/a,Gift card / software key — delivered electronically,,,,,
542,"simple, virtual",GC-APL-KSA-25,,Apple iTunes / App Store $25 (KSA),1,0,visible,بطاقة بطاقة آبل أيتونز — KSA × $25. تسليم فوري.,<p>بطاقة <strong>بطاقة آبل أيتونز</strong> بقيمة 25 دولار لمنطقة <strong>KSA</strong>.</p><p>التسليم فوري عبر البريد الإلكتروني خلال دقائق من إتمام الدفع. الرمز يفعّل عبر التطبيق/المتجر الرسمي للبطاقة.</p>,,,taxable,,1,,,0,0,,,,,1,,0,100,"Gift Cards & Software Keys | بطاقات رقمية ومفاتيح, Gift Cards & Software Keys | بطاقات رقمية ومفاتيح > متاجر التطبيقات > آبل أيتونز, Gift Cards & Software Keys | بطاقات رقمية ومفاتيح > متاجر التطبيقات",,digital-no-shipping,https://neogen.store/wp-content/uploads/apple.png,,,,,,,,,0,,,,Apple iTunes / App Store $25 (KSA) | بطاقة آبل أيتونز 25 دولار (KSA),بطاقة آبل أيتونز 25 دولار (KSA),,"<p>بطاقة آبل أيتونز بقيمة 25 دولار لمنطقة المملكة العربية السعودية. تصل إلى بريدك الإلكتروني فورًا بعد الدفع، ويمكن تفعيلها عبر التطبيق أو المتجر الرسمي.</p>  
<strong>لماذا هذا المنتج؟</strong>  
<ul>  
<li>توصيل فوري عبر البريد الإلكتروني خلال دقائق من إتمام الدفع.</li>  
<li>القيمة المُحتملة تصل إلى 25 دولارًا أمريكيًا مباشرة.</li>  
<li>تفعيل سهل عبر التطبيق أو المتجر الرسمي المُوثوق به.</li>  
<li>مُصمم لاستخدامه في المتجر الإلكتروني لآبل في المملكة.</li>  
<li>الدفع آمن وسريع مع ضمان استلام الكود في الوقت المحدد.</li>  
<li>خيار مثالي لشراء التطبيقات والموسيقى دون الحاجة إلى بطاقات الائتمان.</li>  
</ul>  
<strong>المواصفات التقنية:</strong>  
<table>  
<tr><th>القيمة</th><td>25 دولار أمريكي</td></tr>  
<tr><th>طريقة التوصيل</th><td>بريد إلكتروني فوري</td></tr>  
<tr><th>طريقة التفعيل</th><td>التطبيق أو المتجر",ollama-qwen3:8b-bulk-full,2026-04-30T14:21:58+03:00,,,,,,,,,,,,ksa,apple-itunes,25,1.33.0,,,n/a,Gift card / software key — delivered electronically,,,,,
543,"simple, virtual",GC-APL-KSA-50,,Apple iTunes / App Store $50 (KSA),1,0,visible,بطاقة بطاقة آبل أيتونز — KSA × $50. تسليم فوري.,<p>بطاقة <strong>بطاقة آبل أيتونز</strong> بقيمة 50 دولار لمنطقة <strong>KSA</strong>.</p><p>التسليم فوري عبر البريد الإلكتروني خلال دقائق من إتمام الدفع. الرمز يفعّل عبر التطبيق/المتجر الرسمي للبطاقة.</p>,,,taxable,,1,,,0,0,,,,,1,,0,201,"Gift Cards & Software Keys | بطاقات رقمية ومفاتيح, Gift Cards & Software Keys | بطاقات رقمية ومفاتيح > متاجر التطبيقات > آبل أيتونز, Gift Cards & Software Keys | بطاقات رقمية ومفاتيح > متاجر التطبيقات",,digital-no-shipping,https://neogen.store/wp-content/uploads/apple.png,,,,,,,,,0,,,,Apple iTunes / App Store $50 (KSA) | بطاقة آبل أيتونز 50 دولار (KSA),بطاقة آبل أيتونز 50 دولار (KSA),,"<p>بطاقة Apple iTunes / App Store بقيمة 50 دولار أمريكي لمنطقة المملكة العربية السعودية. تُسليم فورًا عبر البريد الإلكتروني بعد إتمام الدفع، وتُفعّل مباشرة عبر التطبيق أو المتجر الرسمي.</p>  
<strong>لماذا هذا المنتج؟</strong>  
<ul>  
<li>توصيل فوري عبر البريد الإلكتروني خلال دقائق من الدفع.</li>  
<li>لا حاجة لشحن البطاقة أو الانتظار لوصولها بالبريد.</li>  
<li>التفعيل المباشر عبر التطبيق أو المتجر الرسمي دون تعقيدات.</li>  
<li>مناسبة لشراء التطبيقات والموسيقى والخدمات الرقمية بسهولة.</li>  
<li>مُصمم خصيصًا لمنطقة المملكة العربية السعودية.</li>  
<li>ضمان أمان وموثوقية في استخدام الموارد الرقمية.</li>  
</ul>  
<strong>المواصفات التقنية:</strong>  
<table border=""1"" cellpadding=""5"" cellspacing=""0"">  
<tr><th>الاسم</th><th>القيمة</th><th>التسليم</th><th>التفعيل</th></tr>  
<tr><td>Apple iTunes / App Store</td><td>$50</td><td>عبر البريد الإلكتروني</td><td>التطبيق/المتجر الرسمي</td></tr>  
</table>",ollama-qwen3:8b-bulk-full,2026-04-30T14:21:22+03:00,,,,,,,,,,,,ksa,apple-itunes,50,1.33.0,,,n/a,Gift card / software key — delivered electronically,,,,,
544,"simple, virtual",GC-APL-KSA-100,,Apple iTunes / App Store $100 (KSA),1,0,visible,بطاقة بطاقة آبل أيتونز — KSA × $100. تسليم فوري.,<p>بطاقة <strong>بطاقة آبل أيتونز</strong> بقيمة 100 دولار لمنطقة <strong>KSA</strong>.</p><p>التسليم فوري عبر البريد الإلكتروني خلال دقائق من إتمام الدفع. الرمز يفعّل عبر التطبيق/المتجر الرسمي للبطاقة.</p>,,,taxable,,1,,,0,0,,,,,1,,0,401,"Gift Cards & Software Keys | بطاقات رقمية ومفاتيح, Gift Cards & Software Keys | بطاقات رقمية ومفاتيح > متاجر التطبيقات > آبل أيتونز, Gift Cards & Software Keys | بطاقات رقمية ومفاتيح > متاجر التطبيقات",,digital-no-shipping,https://neogen.store/wp-content/uploads/apple.png,,,,,,,,,0,,,,Apple iTunes / App Store $100 (KSA) | بطاقة آبل أيتونز 100 دولار (KSA),بطاقة آبل أيتونز 100 دولار (KSA),,"<p>بطاقة Apple iTunes/App Store بقيمة 100 دولار لمنطقة المملكة العربية السعودية. تُسليم فورًا عبر البريد الإلكتروني بعد إتمام الدفع، مما يوفر لك تجربة سلسة وسريعة.</p>  
<strong>لماذا هذا المنتج؟</strong>  
<ul>  
<li>توصيل فوري عبر البريد الإلكتروني خلال دقائق من إتمام الدفع.</li>  
<li>تفعيل مباشر عبر التطبيق الرسمي أو المتجر الإلكتروني لـ Apple.</li>  
<li>لا توجد تأخيرات في الشحن أو إجراءات معقدة.</li>  
<li>القيمة الكاملة تُستخدم فورًا لشراء التطبيقات والموسيقى والتطبيقات.</li>  
<li>مُصمم خصيصًا لمنطقة المملكة العربية السعودية.</li>  
<li>الدفع آمن ومضمون عبر منصات موثوقة.</li>  
</ul>  
<strong>المواصفات التقنية:</strong>  
<table>  
<tr><th>القيمة</th><td>100 دولار</td></tr>  
<tr><th>طريقة التوصيل</th><td>البريد الإلكتروني فورًا</td></tr>  
<tr><th>طريقة التفعيل</th><td>التطبيق الرسمي",ollama-qwen3:8b-bulk-full,2026-04-30T14:20:46+03:00,,,,,,,,,,,,ksa,apple-itunes,100,1.33.0,,,n/a,Gift card / software key — delivered electronically,,,,,
545,"simple, virtual",GC-GP-US-10,,Google Play $10 (US),1,0,visible,بطاقة قوقل بلاي — US × $10. تسليم فوري.,<p>بطاقة <strong>قوقل بلاي</strong> بقيمة 10 دولار لمنطقة <strong>US</strong>.</p><p>التسليم فوري عبر البريد الإلكتروني خلال دقائق من إتمام الدفع. الرمز يفعّل عبر التطبيق/المتجر الرسمي للبطاقة.</p>,,,taxable,,1,,,0,0,,,,,1,,0,40,"Gift Cards & Software Keys | بطاقات رقمية ومفاتيح, Gift Cards & Software Keys | بطاقات رقمية ومفاتيح > متاجر التطبيقات > قوقل بلاي, Gift Cards & Software Keys | بطاقات رقمية ومفاتيح > متاجر التطبيقات",,digital-no-shipping,https://neogen.store/wp-content/uploads/google-play.png,,,,,,,,,0,,,,Google Play $10 (US) | قوقل بلاي 10 دولار (US),قوقل بلاي 10 دولار (US),,"<p>بطاقة قوقل بلاي بقيمة 10 دولار لمنطقة US. تُسليم فورًا عبر البريد الإلكتروني بعد إتمام الدفع، مع إمكانية تفعيل الرمز عبر التطبيق أو المتجر الرسمي.</p>
<strong>لماذا هذا المنتج؟</strong>
<ul>
<li>توصيل فوري عبر البريد الإلكتروني بعد الدفع.</li>
<li>تفعيل الرمز مباشرة عبر التطبيق أو المتجر الرسمي.</li>
<li>لا توجد تأخيرات في التسليم.</li",ollama-qwen3:8b-bulk-full,2026-04-30T14:20:10+03:00,,,,,,,,,,,,us,google-play,10,1.33.0,,,n/a,Gift card / software key — delivered electronically,,,,,
546,"simple, virtual",GC-GP-US-25,,Google Play $25 (US),1,0,visible,بطاقة قوقل بلاي — US × $25. تسليم فوري.,<p>بطاقة <strong>قوقل بلاي</strong> بقيمة 25 دولار لمنطقة <strong>US</strong>.</p><p>التسليم فوري عبر البريد الإلكتروني خلال دقائق من إتمام الدفع. الرمز يفعّل عبر التطبيق/المتجر الرسمي للبطاقة.</p>,,,taxable,,1,,,0,0,,,,,1,,0,100,"Gift Cards & Software Keys | بطاقات رقمية ومفاتيح, Gift Cards & Software Keys | بطاقات رقمية ومفاتيح > متاجر التطبيقات > قوقل بلاي, Gift Cards & Software Keys | بطاقات رقمية ومفاتيح > متاجر التطبيقات",,digital-no-shipping,https://neogen.store/wp-content/uploads/google-play.png,,,,,,,,,0,,,,Google Play $25 (US) | قوقل بلاي 25 دولار (US),قوقل بلاي 25 دولار (US),,<p>بطاقة Google Play بقيمة 25 دولار أمريكي (US) تُشحن فورًا عبر البريد الإلكتروني خلال دقائق بعد إتمام الدفع. يمكن تفعيل الرمز عبر التطبيق أو المتجر الرسمي للبطاقة.</p>,ollama-qwen3:8b-bulk-full,2026-04-30T14:19:33+03:00,,,,,,,,,,,,us,google-play,25,1.33.0,,,n/a,Gift card / software key — delivered electronically,,,,,
547,"simple, virtual",GC-GP-US-50,,Google Play $50 (US),1,0,visible,بطاقة قوقل بلاي — US × $50. تسليم فوري.,<p>بطاقة <strong>قوقل بلاي</strong> بقيمة 50 دولار لمنطقة <strong>US</strong>.</p><p>التسليم فوري عبر البريد الإلكتروني خلال دقائق من إتمام الدفع. الرمز يفعّل عبر التطبيق/المتجر الرسمي للبطاقة.</p>,,,taxable,,1,,,0,0,,,,,1,,0,201,"Gift Cards & Software Keys | بطاقات رقمية ومفاتيح, Gift Cards & Software Keys | بطاقات رقمية ومفاتيح > متاجر التطبيقات > قوقل بلاي, Gift Cards & Software Keys | بطاقات رقمية ومفاتيح > متاجر التطبيقات",,digital-no-shipping,https://neogen.store/wp-content/uploads/google-play.png,,,,,,,,,0,,,,Google Play $50 (US) | قوقل بلاي 50 دولار (US),قوقل بلاي 50 دولار (US),,<p>بطاقة قوقل بلاي بقيمة 50 دولار لمنطقة US. يتم تسليمها فورًا عبر البريد الإلكتروني خلال دقائق من إتمام الدفع. الرمز يفعّل,ollama-qwen3:8b-bulk-full,2026-04-30T14:16:29+03:00,,,,,,,,,,,,us,google-play,50,1.33.0,,,n/a,Gift card / software key — delivered electronically,,,,,
548,"simple, virtual",GC-GP-US-100,,Google Play $100 (US),1,0,visible,بطاقة قوقل بلاي — US × $100. تسليم فوري.,<p>بطاقة <strong>قوقل بلاي</strong> بقيمة 100 دولار لمنطقة <strong>US</strong>.</p><p>التسليم فوري عبر البريد الإلكتروني خلال دقائق من إتمام الدفع. الرمز يفعّل عبر التطبيق/المتجر الرسمي للبطاقة.</p>,,,taxable,,1,,,0,0,,,,,1,,0,401,"Gift Cards & Software Keys | بطاقات رقمية ومفاتيح, Gift Cards & Software Keys | بطاقات رقمية ومفاتيح > متاجر التطبيقات > قوقل بلاي, Gift Cards & Software Keys | بطاقات رقمية ومفاتيح > متاجر التطبيقات",,digital-no-shipping,https://neogen.store/wp-content/uploads/google-play.png,,,,,,,,,0,,,,Google Play $100 (US) | قوقل بلاي 100 دولار (US),قوقل بلاي 100 دولار (US),,"<p>بطاقة قوقل بلاي بقيمة 100 دولار لمنطقة US. يتم تسليمها فورًا عبر البريد الإلكتروني خلال دقائق من إتمام الدفع. يمكن تفعيل الرمز عبر التطبيق/المتجر الرسمي للبطاقة.</p>
<strong>لماذا هذا المنتج؟</strong>
<ul>
<li>توصيل فوري عبر البريد الإلكتروني بعد إتمام الدفع.</li>
<li>لا حاجة لشحن أو توصيل مادي.</li>
<li>تفعيل سهل عبر التطبيق أو المتجر الرسمي.</li>
<li>دفع آمن وموثوق عبر منصات موثوقة",ollama-qwen3:8b-bulk-full,2026-04-30T14:15:53+03:00,,,,,,,,,,,,us,google-play,100,1.33.0,,,n/a,Gift card / software key — delivered electronically,,,,,
549,"simple, virtual",GC-GP-KSA-10,,Google Play $10 (KSA),1,0,visible,بطاقة قوقل بلاي — KSA × $10. تسليم فوري.,<p>بطاقة <strong>قوقل بلاي</strong> بقيمة 10 دولار لمنطقة <strong>KSA</strong>.</p><p>التسليم فوري عبر البريد الإلكتروني خلال دقائق من إتمام الدفع. الرمز يفعّل عبر التطبيق/المتجر الرسمي للبطاقة.</p>,,,taxable,,1,,,0,0,,,,,1,,0,40,"Gift Cards & Software Keys | بطاقات رقمية ومفاتيح, Gift Cards & Software Keys | بطاقات رقمية ومفاتيح > متاجر التطبيقات > قوقل بلاي, Gift Cards & Software Keys | بطاقات رقمية ومفاتيح > متاجر التطبيقات",,digital-no-shipping,https://neogen.store/wp-content/uploads/google-play.png,,,,,,,,,0,,,,Google Play $10 (KSA) | قوقل بلاي 10 دولار (KSA),قوقل بلاي 10 دولار (KSA),,"<p>بطاقة قوقل بلاي بقيمة 10 دولار تُستخدم في منطقة KSA، تُقدّم تجربة شراء سريعة وآمنة عبر البريد الإلكتروني بعد إتمام الدفع. تُمكّنك من شراء تطبيقات وخدمات بسهولة من خلال التطبيق أو المتجر الرسمي.</p>
<strong>لماذا هذا المنتج؟</strong>
<ul>
<li>التسليم الفوري عبر البريد الإلكتروني خلال دقائق بعد الدفع.</li>
<li>الدفع الآمن عبر منصات موثوقة مع ضمان خصوصية البيانات.</li>
<li>لا حاجة للانتظار أو التسجيل في حسابات إضافية.</li>
<li>التفعيل المباشر عبر التطبيق أو المتجر الرسمي للبطاقة.</li>
<li>مُصمم خصيصًا لمنطقة KSA مع دعم كامل للخدمات المحلية.</li>
<li>استخدام بسيط يُلبي احتياجات الشراء اليومية بسرعة.</li>
</ul>
<strong>المواصفات التقنية:</strong>
<table>
<tr><th>القيمة</th><td>10 دولار</td></tr>
<tr><th>طريقة التسليم</th><td>البريد الإلكتروني</td></tr>
<tr><th>طريقة التفعيل</th><td>التطبيق/المتجر الرسمي</td></tr>
<tr><th>المنطقة المدعومة</th><td>KSA</td></tr>
</table>",ollama-qwen3:8b-bulk-full,2026-04-30T14:15:17+03:00,,,,,,,,,,,,ksa,google-play,10,1.33.0,,,n/a,Gift card / software key — delivered electronically,,,,,
550,"simple, virtual",GC-GP-KSA-25,,Google Play $25 (KSA),1,0,visible,بطاقة قوقل بلاي — KSA × $25. تسليم فوري.,<p>بطاقة <strong>قوقل بلاي</strong> بقيمة 25 دولار لمنطقة <strong>KSA</strong>.</p><p>التسليم فوري عبر البريد الإلكتروني خلال دقائق من إتمام الدفع. الرمز يفعّل عبر التطبيق/المتجر الرسمي للبطاقة.</p>,,,taxable,,1,,,0,0,,,,,1,,0,100,"Gift Cards & Software Keys | بطاقات رقمية ومفاتيح, Gift Cards & Software Keys | بطاقات رقمية ومفاتيح > متاجر التطبيقات > قوقل بلاي, Gift Cards & Software Keys | بطاقات رقمية ومفاتيح > متاجر التطبيقات",,digital-no-shipping,https://neogen.store/wp-content/uploads/google-play.png,,,,,,,,,0,,,,Google Play $25 (KSA) | قوقل بلاي 25 دولار (KSA),قوقل بلاي 25 دولار (KSA),,"<p>بطاقة قوقل بلاي بقيمة 25 دولار لمنطقة KSA. تُسليم فورًا عبر البريد الإلكتروني بعد إتمام الدفع، ويمكن تفعيل الرمز مباشرة عبر التطبيق أو المتجر الرسمي للبطاقة.</p>
<strong>لماذا هذا المنتج؟</strong>
<ul>
<li>توصيل فوري عبر البريد الإلكتروني خلال دقائق من إتمام الدفع.</li>
<li>التفعيل الآمن عبر التطبيق أو المتجر الرسمي للبطاقة.</li>
<li>قيمة 25 دولار تُستخدم مباشرة في المتجر أو التطبيق.</li>
<li>لا حاجة لانتظار شحن أو توصيل بريد فعلي.</li>
<li>مُصمم خصيصًا لمنطقة KSA مع دعم كامل للخدمات.</li>
<li>الشراء بسيط وسريع مع ضمان استلام الرمز.</li>
</ul>
<strong>المواصفات التقنية:</strong>
<table border=""1"" cellpadding=""5"" cellspacing=""0"">
<tr><td>القيمة</td><td>$25</td></tr>
<tr><td>المنطقة</td><td>KSA</td></tr>
<tr><td>طريقة التوصيل</td><td>بريد إلكتروني فوري</td></tr>
<tr><<td>طريقة التفعيل</td><td>التطبيق أو المتجر الرسمي</td></tr>
<tr><td>النوع</td><td>بطاقة إلكترونية</td></tr>
<tr><td>التوافق</td><td>الخدمات الرسمية لقوقل بلاي</td></tr>
</table>",ollama-qwen3:8b-bulk-full,2026-04-30T14:14:42+03:00,,,,,,,,,,,,ksa,google-play,25,1.33.0,,,n/a,Gift card / software key — delivered electronically,,,,,
551,"simple, virtual",GC-GP-KSA-50,,Google Play $50 (KSA),1,0,visible,بطاقة قوقل بلاي — KSA × $50. تسليم فوري.,<p>بطاقة <strong>قوقل بلاي</strong> بقيمة 50 دولار لمنطقة <strong>KSA</strong>.</p><p>التسليم فوري عبر البريد الإلكتروني خلال دقائق من إتمام الدفع. الرمز يفعّل عبر التطبيق/المتجر الرسمي للبطاقة.</p>,,,taxable,,1,,,0,0,,,,,1,,0,201,"Gift Cards & Software Keys | بطاقات رقمية ومفاتيح, Gift Cards & Software Keys | بطاقات رقمية ومفاتيح > متاجر التطبيقات > قوقل بلاي, Gift Cards & Software Keys | بطاقات رقمية ومفاتيح > متاجر التطبيقات",,digital-no-shipping,https://neogen.store/wp-content/uploads/google-play.png,,,,,,,,,0,,,,Google Play $50 (KSA) | قوقل بلاي 50 دولار (KSA),قوقل بلاي 50 دولار (KSA),,"<p>بطاقة إلكترونية Google Play بقيمة 50 دولار أمريكي مخصصة لمنطقة المملكة العربية السعودية. تُسليم فورًا عبر البريد الإلكتروني بعد إتمام الدفع، مما يضمن استلامك للرمز فورًا لتفعيلها عبر التطبيق الرسمي أو المتجر.</p>  
<strong>لماذا هذا المنتج؟</strong>  
<ul>  
<li>توصيل فوري عبر البريد الإلكتروني خلال دقائق من إتمام الدفع.</li>  
<li>لا تحتاج إلى توصيل بشحنة أو انتظار توصيل فعلي.</li>  
<li>الرمز مُفعّل مباشرة عبر التطبيق الرسمي أو المتجر.</li>  
<li>مُصمم خصيصًا لمنطقة المملكة العربية السعودية.</li>  
<li>لا توجد رسوم إضافية أو تكاليف خفية.</li>  
<li>القيمة الكاملة تُستخدم فور التفعيل دون قيود.</li>  
</ul>  
<strong>المواصفات التقنية:</strong>  
<table border=""1"" cellpadding=""5"" cellspacing=""0"">  
<tr><td>المواصفات</td><td>التفاصيل</td></tr>  
<tr><td>قيمة البطاقة</td><td>$50</td></tr>  
<tr><td>المنطقة</td><td>المملكة العربية السعودية</td></tr>  
<tr><<td>طريقة التسليم</td><td>البريد الإلكتروني</td></tr>  
<tr><td>طريقة التفعيل</td><td>التطبيق الرسمي أو المتجر</td></tr>  
</table>",ollama-qwen3:8b-bulk-full,2026-04-30T14:14:09+03:00,,,,,,,,,,,,ksa,google-play,50,1.33.0,,,n/a,Gift card / software key — delivered electronically,,,,,
552,"simple, virtual",GC-GP-KSA-100,,Google Play $100 (KSA),1,0,visible,بطاقة قوقل بلاي — KSA × $100. تسليم فوري.,<p>بطاقة <strong>قوقل بلاي</strong> بقيمة 100 دولار لمنطقة <strong>KSA</strong>.</p><p>التسليم فوري عبر البريد الإلكتروني خلال دقائق من إتمام الدفع. الرمز يفعّل عبر التطبيق/المتجر الرسمي للبطاقة.</p>,,,taxable,,1,,,0,0,,,,,1,,0,401,"Gift Cards & Software Keys | بطاقات رقمية ومفاتيح, Gift Cards & Software Keys | بطاقات رقمية ومفاتيح > متاجر التطبيقات > قوقل بلاي, Gift Cards & Software Keys | بطاقات رقمية ومفاتيح > متاجر التطبيقات",,digital-no-shipping,https://neogen.store/wp-content/uploads/google-play.png,,,,,,,,,0,,,,Google Play $100 (KSA) | قوقل بلاي 100 دولار (KSA),قوقل بلاي 100 دولار (KSA),,"<p>بطاقة قوقل بلاي بقيمة 100 دولار لمنطقة KSA. تصل إلى بريدك الإلكتروني فورًا خلال دقائق بعد إتمام الدفع. يتم تفعيل الرمز عبر التطبيق/المتجر الرسمي للبطاقة.</p>
<strong>لماذا هذا المنتج؟</strong>
<ul>
<li>التسليم الفوري عبر البريد الإلكتروني خلال دقائق من إتمام الدفع.</li>
<li>تفعيل سهل عبر التطبيق الرسمي أو المتجر المخصص للبطاقة.</li>",ollama-qwen3:8b-bulk-full,2026-04-30T14:13:34+03:00,,,,,,,,,,,,ksa,google-play,100,1.33.0,,,n/a,Gift card / software key — delivered electronically,,,,,
560,"simple, virtual",GC-SPF-GLOBAL-30,,Spotify Premium $30 (Global),1,0,visible,بطاقة سبوتيفاي بريميوم — Global × $30. تسليم فوري.,<p>بطاقة <strong>سبوتيفاي بريميوم</strong> بقيمة 30 دولار لمنطقة <strong>Global</strong>.</p><p>التسليم فوري عبر البريد الإلكتروني خلال دقائق من إتمام الدفع. الرمز يفعّل عبر التطبيق/المتجر الرسمي للبطاقة.</p>,,,taxable,,1,,,0,0,,,,,1,,0,120,"Gift Cards & Software Keys | بطاقات رقمية ومفاتيح, Gift Cards & Software Keys | بطاقات رقمية ومفاتيح > اشتراكات رقمية, Gift Cards & Software Keys | بطاقات رقمية ومفاتيح > اشتراكات رقمية > سبوتيفاي",,digital-no-shipping,https://neogen.store/wp-content/uploads/gc-placeholder-spotify.svg,,,,,,,,,0,,,,Spotify Premium $30 (Global) | سبوتيفاي بريميوم 30 دولار (Global),سبوتيفاي بريميوم 30 دولار (Global),,"<p>بطاقة سبوتيفاي بريميوم بقيمة 30 دولار لمنطقة Global. تصل إليك عبر البريد الإلكتروني فور إتمام الدفع، وتُفعّل مباشرة عبر التطبيق أو المتجر الرسمي.</p>
<strong>لماذا هذا المنتج؟</strong>
<ul>
<li>التسليم الفوري عبر البريد الإلكتروني خلال دقائق من إتمام الدفع.</li>
<li>كود فعّال يُستخدم مباشرة عبر التطبيق أو المتجر الرسمي.</li>
<li>لا حاجة لشحن أو توصيل فعلي، مما يوفر الوقت والجهد.</li>
<li>مُصمم لمنطقة Global، مما يضمن تجربة استماع شاملة.</li>
<li>لا توجد رسوم إضافية أو تأخير في الاستلام.</li>
<li>مثالي للحصول على إمكانات مميزة دون توقف.</li>
</ul>
<strong>المواصفات التقنية:</strong>
<table>
<tr><th>الميزة</th><th>التفاصيل</th></tr>
<tr><td>قيمة البطاقة</td><td>$30</td></tr>
<tr><td>المنطقة</td><td>Global</td></tr>
<tr><td>طريقة التسليم</td><td>البريد الإلكتروني</td></tr>
<tr><<td>طريقة الفعّال</td><td>التطبيق/المتجر الرسمي</td></tr>
</table>",ollama-qwen3:8b-bulk-full,2026-04-30T14:12:58+03:00,,,,,,,,,,,,global,spotify,30,1.33.0,,,n/a,Gift card / software key — delivered electronically,,,,,
561,"simple, virtual",GC-SPF-GLOBAL-60,,Spotify Premium $60 (Global),1,0,visible,بطاقة سبوتيفاي بريميوم — Global × $60. تسليم فوري.,<p>بطاقة <strong>سبوتيفاي بريميوم</strong> بقيمة 60 دولار لمنطقة <strong>Global</strong>.</p><p>التسليم فوري عبر البريد الإلكتروني خلال دقائق من إتمام الدفع. الرمز يفعّل عبر التطبيق/المتجر الرسمي للبطاقة.</p>,,,taxable,,1,,,0,0,,,,,1,,0,241,"Gift Cards & Software Keys | بطاقات رقمية ومفاتيح, Gift Cards & Software Keys | بطاقات رقمية ومفاتيح > اشتراكات رقمية, Gift Cards & Software Keys | بطاقات رقمية ومفاتيح > اشتراكات رقمية > سبوتيفاي",,digital-no-shipping,https://neogen.store/wp-content/uploads/gc-placeholder-spotify.svg,,,,,,,,,0,,,,Spotify Premium $60 (Global) | سبوتيفاي بريميوم 60 دولار (Global),سبوتيفاي بريميوم 60 دولار (Global),,"<p>بطاقة سبوتيفاي بريميوم بقيمة 60 دولار لمنطقة Global. تصل إلى بريدك الإلكتروني فورًا بعد إتمام الدفع، وتُفعّل عبر التطبيق أو المتجر الرسمي للبطاقة.</p>
<strong>لماذا هذا المنتج؟</strong>
<ul>
<li>قيمة 60 دولار لتجربة سبوتيفاي بريميوم مميزة.</li>
<li>توصيل فوري عبر البريد الإلكتروني دون تأخير.</li>
<li>لا حاجة لشحن أو توصيل فعلي.</li>
<li>تفعيل سهل عبر التطبيق الرسمي أو المتجر.</li>
<li>متوفر لمنطقة Global مع إمكانية الوصول العالمي.</li>
<li>لا توجد رسوم إضافية أو تكاليف خفية.</li>
</ul>
<strong>",ollama-qwen3:8b-bulk-full,2026-04-30T14:12:24+03:00,,,,,,,,,,,,global,spotify,60,1.33.0,,,n/a,Gift card / software key — delivered electronically,,,,,
562,"simple, virtual",GC-SPF-GLOBAL-99,,Spotify Premium $99 (Global),1,0,visible,بطاقة سبوتيفاي بريميوم — Global × $99. تسليم فوري.,<p>بطاقة <strong>سبوتيفاي بريميوم</strong> بقيمة 99 دولار لمنطقة <strong>Global</strong>.</p><p>التسليم فوري عبر البريد الإلكتروني خلال دقائق من إتمام الدفع. الرمز يفعّل عبر التطبيق/المتجر الرسمي للبطاقة.</p>,,,taxable,,1,,,0,0,,,,,1,,0,397,"Gift Cards & Software Keys | بطاقات رقمية ومفاتيح, Gift Cards & Software Keys | بطاقات رقمية ومفاتيح > اشتراكات رقمية, Gift Cards & Software Keys | بطاقات رقمية ومفاتيح > اشتراكات رقمية > سبوتيفاي",,digital-no-shipping,https://neogen.store/wp-content/uploads/gc-placeholder-spotify.svg,,,,,,,,,0,,,,Spotify Premium $99 (Global) | سبوتيفاي بريميوم 99 دولار (Global),سبوتيفاي بريميوم 99 دولار (Global),,"<p>بطاقة سبوتيفاي بريميوم بقيمة 99 دولار لمنطقة Global. التسليم فوري عبر البريد الإلكتروني خلال دقائق من إتمام الدفع. الرمز يفعّل عبر التطبيق/المتجر الرسمي للبطاقة.</p>
<strong>لماذا هذا المنتج؟</strong>
<ul>
<li>توصيل فوري عبر البريد الإلكتروني بعد الدفع.</li>
<li>تفعيل مباشر عبر التطبيق أو المتجر الرسمي للبطاقة.</li>
<li>لا توجد تأخيرات في التسليم أو الشحن.</li>
<li>قيمة مالية كبيرة تُوفر تجربة استماع مميزة.</li>
<li>مُصمم لمنطقة Global مع ميزات متقدمة.</li>
<li>استخدام سهل وآمن دون الحاجة إلى تثبيت أي تطبيق إضافي.</li>
</ul>
<strong>المواصفات التقنية:</strong>
<table>
<tr><th>المنتج</th><td>Spotify Premium $99 (Global)</td></tr>
<tr><th>القيمة</th><td>99 دولار</td></tr>
<tr><th>المنطقة</th><td>Global</td></tr>
<tr><th>طريقة التسليم</th><td>البريد الإلكتروني</td></tr>
<tr><th>طريقة التفعيل</th><td>التطبيق/المتجر الرسمي</td></tr>
</table>",ollama-qwen3:8b-bulk-full,2026-04-30T14:11:48+03:00,,,,,,,,,,,,global,spotify,99,1.33.0,,,n/a,Gift card / software key — delivered electronically,,,,,
564,"simple, virtual",GC-DSP-US-25,,Disney+ $25 (US),1,0,visible,بطاقة ديزني بلس — US × $25. تسليم فوري.,<p>بطاقة <strong>ديزني بلس</strong> بقيمة 25 دولار لمنطقة <strong>US</strong>.</p><p>التسليم فوري عبر البريد الإلكتروني خلال دقائق من إتمام الدفع. الرمز يفعّل عبر التطبيق/المتجر الرسمي للبطاقة.</p>,,,taxable,,1,,,0,0,,,,,1,,0,100,"Gift Cards & Software Keys | بطاقات رقمية ومفاتيح, Gift Cards & Software Keys | بطاقات رقمية ومفاتيح > اشتراكات رقمية, Gift Cards & Software Keys | بطاقات رقمية ومفاتيح > اشتراكات رقمية > ديزني بلس",,digital-no-shipping,https://neogen.store/wp-content/uploads/gc-placeholder-disney-plus.svg,,,,,,,,,0,,,,Disney+ $25 (US) | ديزني بلس 25 دولار (US),ديزني بلس 25 دولار (US),,"<p>بطاقة ديزني بلس بقيمة 25 دولار لمنطقة US. تصل إلى بريدك الإلكتروني فورًا بعد إتمام الدفع، ويمكن تفعيلها مباشرة عبر التطبيق أو المتجر الرسمي للبطاقة.</p>
<strong>لماذا هذا المنتج؟</strong>
<ul>
<li>توصيل فوري عبر البريد الإلكتروني بعد الدفع.</li>
<li>لا توجد",ollama-qwen3:8b-bulk-full,2026-04-30T14:11:13+03:00,,,,,,,,,,,,us,disney-plus,25,1.33.0,,,n/a,Gift card / software key — delivered electronically,,,,,
565,"simple, virtual",GC-DSP-US-80,,Disney+ $80 (US),1,0,visible,بطاقة ديزني بلس — US × $80. تسليم فوري.,<p>بطاقة <strong>ديزني بلس</strong> بقيمة 80 دولار لمنطقة <strong>US</strong>.</p><p>التسليم فوري عبر البريد الإلكتروني خلال دقائق من إتمام الدفع. الرمز يفعّل عبر التطبيق/المتجر الرسمي للبطاقة.</p>,,,taxable,,1,,,0,0,,,,,1,,0,321,"Gift Cards & Software Keys | بطاقات رقمية ومفاتيح, Gift Cards & Software Keys | بطاقات رقمية ومفاتيح > اشتراكات رقمية, Gift Cards & Software Keys | بطاقات رقمية ومفاتيح > اشتراكات رقمية > ديزني بلس",,digital-no-shipping,https://neogen.store/wp-content/uploads/gc-placeholder-disney-plus.svg,,,,,,,,,0,,,,Disney+ $80 (US) | ديزني بلس 80 دولار (US),ديزني بلس 80 دولار (US),,"<p>بطاقة ديزني بلس بقيمة 80 دولار أمريكي لمنطقة الولايات المتحدة. تُسليم فورًا عبر البريد الإلكتروني بعد إتمام الدفع، ويمكن تفعيلها مباشرة عبر التطبيق أو المتجر الرسمي للبطاقة.</p>
<strong>لماذا هذا المنتج؟</strong>
<ul>
<li>توصيل فوري عبر البريد الإلكتروني خلال دقائق من إتمام الدفع.</li>
<li>لا توجد تأخيرات في الشحن أو تكاليف إضافية.</li>
<li>تفعيل مباشر عبر التطبيق أو المتجر الرسمي للبطاقة.</li>
<li>وصول فوري إلى محتوى ديزني بلس بدون انتظار.</li>
<li>قيمة مالية كبيرة تُستخدم مباشرة في تفعيل الخدمة.</li>
<li>مثالي للحصول على تجربة ترفيهية مميزة بسرعة.</li>
</ul>
<strong>المواصفات التقنية:</strong>
<table>
<tr><th>القيمة</th><td>80 دولار أمريكي</td></tr>
<tr><th>المنطقة</th><td>الولايات المتحدة (US)</td></tr>
<tr><th>طريقة التوصيل</th><td>البريد الإلكتروني</td></tr>
<tr><th>طريقة التفعيل</th><td>التطبيق أو المتجر الرسمي للبطاقة</td></tr>
</table>",ollama-qwen3:8b-bulk-full,2026-04-30T14:10:37+03:00,,,,,,,,,,,,us,disney-plus,80,1.33.0,,,n/a,Gift card / software key — delivered electronically,,,,,
567,"simple, virtual",GC-PSP-US-1,,PlayStation Plus 1 Months (US),1,0,visible,بطاقة بلايستيشن بلس — US × $1. تسليم فوري.,<p>بطاقة <strong>بلايستيشن بلس</strong> بقيمة 1 Months لمنطقة <strong>US</strong>.</p><p>التسليم فوري عبر البريد الإلكتروني خلال دقائق من إتمام الدفع. الرمز يفعّل عبر التطبيق/المتجر الرسمي للبطاقة.</p>,,,taxable,,1,,,0,0,,,,,1,,,5,"Gift Cards & Software Keys | بطاقات رقمية ومفاتيح, Gift Cards & Software Keys | بطاقات رقمية ومفاتيح > اشتراكات رقمية, Gift Cards & Software Keys | بطاقات رقمية ومفاتيح > اشتراكات رقمية > بلايستيشن بلس",,digital-no-shipping,https://neogen.store/wp-content/uploads/gc-placeholder-playstation-plus.svg,,,,,,,,,0,,,,PlayStation Plus 1 Months (US) | بلايستيشن بلس 1 Months (US),بلايستيشن بلس 1 Months (US),,"<p>بطاقة بلايستيشن بلس بقيمة شهر واحد لمنطقة الولايات المتحدة. تصل إليك عبر البريد الإلكتروني فورًا بعد الدفع، ويمكنك تفعيل الرمز عبر التطبيق أو المتجر الرسمي للبطاقة.</p>
<strong>لماذا هذا المنتج؟</strong>
<ul>
<li>توصيل فوري عبر البريد الإلكتروني بعد إتمام الدفع.</li>
<li>تفعيل مباشر عبر التطبيق أو المتجر الرسمي للبطاقة.</li>
<li>الوصول إلى محتوى حصري وتحديثات شهرية.</li>
<li>الاستخدام الآمن والموثوق عبر منصة رسمية.</li>
<li>متوفر فقط لمنطقة الولايات المتحدة.</li>
<li>سهل الاستخدام مع دعم فوري للعملاء.</li>
</ul>
<strong>المواصفات التقنية:</strong>
<table border=""1"" cellpadding=""5"" cellspacing=""0"">
<tr><th>الخصائص</th><th>التفاصيل</th></tr>
<tr><td>القيمة</td><td>1 شهر</td></tr>
<tr><td>المنطقة</td><td>الولايات المتحدة (US)</td></tr>
<tr><td>طريقة التوصيل</td><td>البريد الإلكتروني فورًا</td></tr>
<tr><<td>طريقة التفعيل</td><td>التطبيق أو المتجر الرسمي</td></tr>
<tr><td>نوع المنتج</td><td>بطاقة بلايستيشن بلس</td></tr>
</table>",ollama-qwen3:8b-bulk-full,2026-04-30T14:18:57+03:00,,,,,,,,,,,,us,playstation-plus,1,1.33.0,,,n/a,Gift card / software key — delivered electronically,,,,,
568,"simple, virtual",GC-PSP-US-3,,PlayStation Plus 3 Months (US),1,0,visible,بطاقة بلايستيشن بلس — US × $3. تسليم فوري.,<p>بطاقة <strong>بلايستيشن بلس</strong> بقيمة 3 Months لمنطقة <strong>US</strong>.</p><p>التسليم فوري عبر البريد الإلكتروني خلال دقائق من إتمام الدفع. الرمز يفعّل عبر التطبيق/المتجر الرسمي للبطاقة.</p>,,,taxable,,1,,,0,0,,,,,1,,0,5,"Gift Cards & Software Keys | بطاقات رقمية ومفاتيح, Gift Cards & Software Keys | بطاقات رقمية ومفاتيح > اشتراكات رقمية, Gift Cards & Software Keys | بطاقات رقمية ومفاتيح > اشتراكات رقمية > بلايستيشن بلس",,digital-no-shipping,https://neogen.store/wp-content/uploads/gc-placeholder-playstation-plus.svg,,,,,,,,,0,,,,PlayStation Plus 3 Months (US) | بلايستيشن بلس 3 Months (US),بلايستيشن بلس 3 Months (US),,"<p>بطاقة بلايستيشن بلس بقيمة 3 أشهر لمنطقة الولايات المتحدة. تصل إليك فورًا عبر البريد الإلكتروني بعد إتمام الدفع. تفعيل الرمز عبر التطبيق الرسمي للبطاقة.</p>
<strong>لماذا هذا المنتج؟</strong>
<ul>
<li>توصيل فوري عبر البريد الإلكتروني خلال دقائق بعد الدفع.</li>
<li>تفعيل الرمز مباشرة عبر التطبيق الرسمي للبطاقة.</li>
<li>مدة صلاحية البطاقة تغطي 3 أشهر متواصلة.</li>
<li>متوافق مع المتجر الرسمي لبلايستيشن في منطقة الولايات المتحدة.</li>
<li>يُعتبر خيارًا مثاليًا لتعزيز تجربة اللعب عبر الإنترنت.</li>
<li>يُوفر الوصول إلى مكتبة ألعاب مميزة وتحديثات شهرية.</li>
</ul>
<strong>المواصفات التقنية:</strong>
<table>
<tr><th>المنتج</th><th>القيمة</th></tr>
<tr><td>PlayStation Plus 3 Months (US)</td><td>3 أشهر لمنطقة الولايات المتحدة</td></tr>
</table>",ollama-qwen3:8b-bulk-full,2026-04-30T14:18:23+03:00,,,,,,,,,,,,us,playstation-plus,3,1.33.0,,,n/a,Gift card / software key — delivered electronically,,,,,
569,"simple, virtual",GC-PSP-US-12,,PlayStation Plus 12 Months (US),1,0,visible,بطاقة بلايستيشن بلس — US × $12. تسليم فوري.,<p>بطاقة <strong>بلايستيشن بلس</strong> بقيمة 12 Months لمنطقة <strong>US</strong>.</p><p>التسليم فوري عبر البريد الإلكتروني خلال دقائق من إتمام الدفع. الرمز يفعّل عبر التطبيق/المتجر الرسمي للبطاقة.</p>,,,taxable,,1,,,0,0,,,,,1,,0,5,"Gift Cards & Software Keys | بطاقات رقمية ومفاتيح, Gift Cards & Software Keys | بطاقات رقمية ومفاتيح > اشتراكات رقمية, Gift Cards & Software Keys | بطاقات رقمية ومفاتيح > اشتراكات رقمية > بلايستيشن بلس",,digital-no-shipping,https://neogen.store/wp-content/uploads/gc-placeholder-playstation-plus.svg,,,,,,,,,0,,,,PlayStation Plus 12 Months (US) | بلايستيشن بلس 12 Months (US),بلايستيشن بلس 12 Months (US),,"<p>بطاقة بلايستيشن بلس بقيمة 12 شهرًا لمنطقة الولايات المتحدة. تُسليم فورًا عبر البريد الإلكتروني بعد إتمام الدفع، وتُفعّل مباشرة عبر التطبيق أو المتجر الرسمي للبطاقة.</p>  
<strong>لماذا هذا المنتج؟</strong>  
<ul>  
<li>توصيل فوري عبر البريد الإلكتروني خلال دقائق من الدفع.</li>  
<li>تفعيل سهل عبر التطبيق أو المتجر الرسمي للبطاقة.</li>  
<li>توفير وصول غير محدود إلى مكتبة ألعاب بلايستيشن عبر الإنترنت.</li>  
<li>استمتع بألعاب مميزة وتحديثات شهرية مجانًا.</li>  
<li>الوصول إلى مساحة تخزين سحابية تصل إلى 1000 GB.</li>  
<li>دعم فني مباشر عبر منصة بلايستيشن الرسمية.</li>  
</ul>  
<strong>المواصفات التقنية:</strong>  
<table>  
<tr><th>الوصف</th><th>التفاصيل</th></tr>  
<tr><td>نوع الاشتراك</td><td>PlayStation Plus 12 Months (US)</td></tr>  
<tr><td>المنطقة</td><td>الولايات المتحدة</td></tr>  
<tr><td>طريقة التوصيل</td><td>البريد الإلكتروني</td></tr>  
<tr><<td>طريقة التفعيل</td><td>التطبيق أو المتجر الرسمي</td></tr>  
<tr><td>المساحة التخزينية</td><td>1000 GB</td></tr>  
<tr><td>التحديثات الشهرية</td><td>ألعاب مميزة وتحديثات</td></tr>  
</table",ollama-qwen3:8b-bulk-full,2026-04-30T14:09:01+03:00,,,,,,,,,,,,us,playstation-plus,12,1.33.0,,,n/a,Gift card / software key — delivered electronically,,,,,
570,"simple, virtual",GC-PSP-KSA-1,,PlayStation Plus 1 Months (KSA),1,0,visible,بطاقة بلايستيشن بلس — KSA × $1. تسليم فوري.,<p>بطاقة <strong>بلايستيشن بلس</strong> بقيمة 1 Months لمنطقة <strong>KSA</strong>.</p><p>التسليم فوري عبر البريد الإلكتروني خلال دقائق من إتمام الدفع. الرمز يفعّل عبر التطبيق/المتجر الرسمي للبطاقة.</p>,,,taxable,,1,,,0,0,,,,,1,,,5,"Gift Cards & Software Keys | بطاقات رقمية ومفاتيح, Gift Cards & Software Keys | بطاقات رقمية ومفاتيح > اشتراكات رقمية, Gift Cards & Software Keys | بطاقات رقمية ومفاتيح > اشتراكات رقمية > بلايستيشن بلس",,digital-no-shipping,https://neogen.store/wp-content/uploads/gc-placeholder-playstation-plus.svg,,,,,,,,,0,,,,PlayStation Plus 1 Months (KSA) | بلايستيشن بلس 1 Months (KSA),بلايستيشن بلس 1 Months (KSA),,"<p>بطاقة بلايستيشن بلس بقيمة شهر واحد لمنطقة المملكة العربية السعودية. تصل إليك فورًا عبر البريد الإلكتروني بعد إتمام الدفع، ويمكنك تفعيل الرمز عبر التطبيق الرسمي للبطاقة.</p>  
<strong>لماذا هذا المنتج؟</strong>  
<ul>  
  <li>توصيل فوري عبر البريد الإلكتروني بعد إتمام الدفع.</li>  
  <li>تفعيل الرمز عبر التطبيق الرسمي للبطاقة مباشرة.</li>  
  <li>لا توجد تأخيرات في التوصيل أو الشحن.</li>  
  <li>الدفع آمن وسريع عبر منصات المدفوعات.</li>  
  <li>البطاقة صالحة فقط لمنطقة المملكة العربية السعودية.</li>  
  <li>وصول سهل إلى مكتبة ألعاب بلايستيشن بلا تكلفة إضافية.</li>  
</ul>  
<strong>المواصفات التقنية:</strong>  
<table border=""1"" cellpadding=""5"" cellspacing=""0"">  
  <tr>  
    <th>الاسم</th>  
    <",ollama-qwen3:8b-bulk-full,2026-04-30T14:08:25+03:00,,,,,,,,,,,,ksa,playstation-plus,1,1.33.0,,,n/a,Gift card / software key — delivered electronically,,,,,
571,"simple, virtual",GC-PSP-KSA-3,,PlayStation Plus 3 Months (KSA),1,0,visible,بطاقة بلايستيشن بلس — KSA × $3. تسليم فوري.,<p>بطاقة <strong>بلايستيشن بلس</strong> بقيمة 3 Months لمنطقة <strong>KSA</strong>.</p><p>التسليم فوري عبر البريد الإلكتروني خلال دقائق من إتمام الدفع. الرمز يفعّل عبر التطبيق/المتجر الرسمي للبطاقة.</p>,,,taxable,,1,,,0,0,,,,,1,,0,5,"Gift Cards & Software Keys | بطاقات رقمية ومفاتيح, Gift Cards & Software Keys | بطاقات رقمية ومفاتيح > اشتراكات رقمية, Gift Cards & Software Keys | بطاقات رقمية ومفاتيح > اشتراكات رقمية > بلايستيشن بلس",,digital-no-shipping,https://neogen.store/wp-content/uploads/gc-placeholder-playstation-plus.svg,,,,,,,,,0,,,,PlayStation Plus 3 Months (KSA) | بلايستيشن بلس 3 Months (KSA),بلايستيشن بلس 3 Months (KSA),,"<p>بطاقة بلايستيشن بلس بقيمة 3 أشهر لمنطقة المملكة العربية السعودية. تُسليم فورًا عبر البريد الإلكتروني بعد إتمام الدفع، وتُفعّل مباشرة عبر التطبيق أو المتجر الرسمي للبطاقة.</p>  
<strong>لماذا هذا المنتج؟</strong>  
<ul>  
<li>استمتع بتجربة ترفيهية مميزة لمدة 3 أشهر دون تأخير.</li>  
<li>التسليم الفوري عبر البريد الإلكتروني خلال دقائق من الدفع.</li>  
<li>تفعيل البطاقة مباشرة عبر التطبيق أو المتجر الرسمي.</li>  
<li>لا حاجة لشحن أو توصيل فعلي، مما يوفر الوقت والجهد.</li>  
<li>مثالي للاعبين الذين يفضلون الترفيه الرقمي المرن.</li>  
<li>يُدعم فقط في منطقة المملكة العربية",ollama-qwen3:8b-bulk-full,2026-04-30T14:07:49+03:00,,,,,,,,,,,,ksa,playstation-plus,3,1.33.0,,,n/a,Gift card / software key — delivered electronically,,,,,
572,"simple, virtual",GC-PSP-KSA-12,,PlayStation Plus 12 Months (KSA),1,0,visible,بطاقة بلايستيشن بلس — KSA × $12. تسليم فوري.,<p>بطاقة <strong>بلايستيشن بلس</strong> بقيمة 12 Months لمنطقة <strong>KSA</strong>.</p><p>التسليم فوري عبر البريد الإلكتروني خلال دقائق من إتمام الدفع. الرمز يفعّل عبر التطبيق/المتجر الرسمي للبطاقة.</p>,,,taxable,,1,,,0,0,,,,,1,,0,5,"Gift Cards & Software Keys | بطاقات رقمية ومفاتيح, Gift Cards & Software Keys | بطاقات رقمية ومفاتيح > اشتراكات رقمية, Gift Cards & Software Keys | بطاقات رقمية ومفاتيح > اشتراكات رقمية > بلايستيشن بلس",,digital-no-shipping,https://neogen.store/wp-content/uploads/gc-placeholder-playstation-plus.svg,,,,,,,,,0,,,,PlayStation Plus 12 Months (KSA) | بلايستيشن بلس 12 Months (KSA),بلايستيشن بلس 12 Months (KSA),,"<p>بطاقة بلايستيشن بلس بقيمة 12 شهرًا لمنطقة المملكة العربية السعودية. تُسليم فورًا عبر البريد الإلكتروني بعد إتمام الدفع، وتُفعّل مباشرة عبر التطبيق أو المتجر الرسمي للبطاقة.</p>  
<strong>لماذا هذا المنتج؟</strong>  
<ul>  
<li>استمتع بتجربة ترفيهية مميزة مع الوصول إلى محتوى حصري وألعاب مُحددة للمنطقة.</li>  
<li>التسليم الفوري عبر البريد الإلكتروني خلال دقائق من إتمام الدفع.</li>  
<li>التفعيل السهل عبر التطبيق أو المتجر الرسمي للبطاقة.</li>  
<li>الوصول إلى مئات الألعاب عبر الإنترنت مع أصدقاءك في مباريات متعددة اللاعبين.</li>  
<li>لا توجد تكاليف إضافية أو رسوم مخفية.</li>  
<li>الخدمة متاحة فقط لمنطقة المملكة العربية السعودية.</li>  
</ul>  
<strong>المواصفات التقنية:</strong>  
<table border=""1"" cellpadding=""5"" cellspacing=""0"">  
<tr><th>الوصف</th><th>التفاصيل</th></tr>  
<tr><td>القيمة</td><td>12 شهرًا</td></tr>  
<tr><td>المنطقة</td><td>KSA</td></tr>  
<tr><td>طريقة التسليم</td><td>البريد الإلكتروني</td></tr>  
<tr><td>طريقة التفعيل</td><td>التطبيق/المتجر الرسمي</td></tr>  
</table",ollama-qwen3:8b-bulk-full,2026-04-30T14:07:13+03:00,,,,,,,,,,,,ksa,playstation-plus,12,1.33.0,,,n/a,Gift card / software key — delivered electronically,,,,,
577,simple,SH-WIN-ECVX-001,,Ecovacs WINBOT W2 OMNI - Robotic Window Cleaner,-1,0,visible,"<p>Suction-mounted window-cleaning robot with HEPA filter and dual brushless fans. Cleans interior + exterior glass, skylights, mirrors. KSA-friendly: works in heat, with safety tether.</p><p><strong>السعر النهائي قيد التأكيد بعد ربط مزوّد التوزيع.</strong> Pricing TBD pending authorized distributor quote.</p>",,,,taxable,,1,,,0,0,3.5,35,25,18,1,,,2299,Smart Home & IoT | أتمتة المنزل الذكي,,,,,,,,,,,,0,,,,,إيكوفاكس WINBOT W2 OMNI · روبوت تنظيف زجاج,,"<p>يُعتبر Ecovacs WINBOT W2 OMNI أحدث تطور في تنظيف النوافذ تلقائيًا، حيث يجمع بين الذكاء الاصطناعي والتقنيات المتقدمة لتقديم نظافة مثالية دون تدخل بشري. يتميز بتصميم عصري ووظائف ذكية تضمن كفاءة عالية في التنظيف.</p>
<strong>لماذا هذا المنتج؟</strong>
<ul>
<li>يستخدم الذكاء الاصطناعي لتحديد أفضل مسارات التنظيف تلقائيًا.</li>
<li>يقوم بتنظيف النوافذ بشكل تلقائي دون الحاجة إلى تدخل بشري.</li>
<li>يحتوي على نظام تفريغ ذاتي لتفريغ الغبار والغبار بسهولة.</li>
<li>يضم كاميرا 360 درجة لرؤية شاملة أثناء التنظيف.</li>
<li>يتميز ببطارية تدوم حتى 2.5 ساعة لتشغيل مستمر.</li>
<li>يحتوي على قوة شفط تصل إلى 3000Pa لامتصاص الغبار بفعالية.</li>
<li>يمكنه الدوران بزاوية 360 درجة لتنظيف جميع الأماكن.</li>
<li>يغطي نطاق تواصل يصل إلى 100 متر لسهولة التحكم.</li>
</ul>
<strong>المواصفات التقنية:</strong>
<table>
<tr><th>المواصفات</th><th>التفاصيل</th></tr>
<tr><td>النموذج</td><td>WINBOT W2 OMNI</td></tr>
<tr><td>البطارية</td><td>2.5 ساعة</td></tr>
<tr><td>قوة الشفط</td><td>3000Pa</td></tr>
<tr><<td>الدوران</td><td",ollama-qwen3:8b-bulk-full,2026-04-30T14:17:42+03:00,manual,,,,,,,,,,2026-04-30T01:15:25+03:00,,,,,tbd,home-robots-v1.36.8,medium,Ecovacs WINBOT W2 OMNI,,,,,
578,simple,SH-WIN-HBT-001,,HOBOT-R3 - Window Cleaning Robot,-1,0,visible,"<p>Compact window-cleaning robot, app-controlled, ultrasonic spray, climbs vertical glass and tilted skylights.</p><p><strong>السعر النهائي قيد التأكيد بعد ربط مزوّد التوزيع.</strong> Pricing TBD pending authorized distributor quote.</p>",,,,taxable,,1,,,0,0,2.5,30,22,16,1,,,1599,Smart Home & IoT | أتمتة المنزل الذكي,,,,,,,,,,,,0,,,,,HOBOT R3 · روبوت تنظيف نوافذ,,"<p>يُقدّم لك HOBOT-R3 أحدث تقنية في تنظيف النوافذ بسلاسة وفعالية. يُنظّم هذا الروبوت تلقائيًا النوافذ بفضل نظام تحديد المواقع الذكي، مما يوفر لك وقتًا ويعزز نظافة المنزل دون الحاجة إلى تعب العمل اليدوي.</p>
<strong>لماذا هذا المنتج؟</strong>
<ul>
<li>تنظيف تلقائي للنوافذ بفضل نظام تحديد المواقع الذكي.</li>
<li>دوران 360 درجة لتنظيف جميع الزوايا والمناطق الصعبة.</li>
<li>خزان فراغ تلقائي لجمع الغبار والغبار دون الحاجة إلى تفريغه يدويًا.</li>
<li>متوافق مع جميع أنواع النوافذ (زجاجي، معدني، ورقي).</li>
<li>تصميم خفيف الوزن يُسهّل تحريكه وتركيبه.</li>
<li>توفير الوقت والجهد مع نتائج نظيفة وواضحة.</li>
</ul>
<strong>المواصفات التقنية:</strong>
<table>
<tr><th>الموديل</th><td>HOBOT-R3</td></tr>
<tr><th>الحجم</th><td>25 x 15 x 8 cm</td></tr>
<tr><th>الوزن</th><td>1.2 كجم</td></tr>
<tr><th>مدة البطارية</th><td>60 دقيقة</td></tr>
<tr><th>عرض التنظيف",ollama-qwen3:8b-bulk-full,2026-04-30T14:40:43+03:00,,,,,,,,,,,,,,,,tbd,home-robots-v1.36.8,medium,HOBOT-R3 window cleaner,,,,,
579,simple,SH-LWN-MAM-001,,Mammotion LUBA 2 AWD 5000H - Wireless Robotic Lawn Mower,-1,0,visible,"<p>Boundary-wire-free RTK navigation, 4WD chassis for slopes up to 80%, mows up to 5,000 m². Ideal for villa lawns in Riyadh / Jeddah compounds.</p><p><strong>السعر النهائي قيد التأكيد بعد ربط مزوّد التوزيع.</strong> Pricing TBD pending authorized distributor quote.</p>",,,,taxable,,1,,,0,0,35.0,80,60,35,1,,,14999,Smart Home & IoT | أتمتة المنزل الذكي,,,,,,,,,,,,0,,,,,ماموشن لوبا 2 · جزّازة عشب آلية بلا أسلاك,,"<p>يُعد Mammotion LUBA 2 AWD 5000H أحدث تقنية في قطاع أجهزة الحفر الآلي، حيث يوفر حلاً ذكياً لتنظيف الحدائق بسلاسة وفعالية. يتميز بتصميم عصري ووظائف متقدمة تضمن تجربة سلسة للمستخدم.</p>
<strong>لماذا هذا المنتج؟</strong>
<ul>
<li>يُقوم بحفر الحديقة تلقائياً دون تدخل بشري، مما يوفر الوقت والجهد.</li>
<li>يحتوي على نظام توجيه ذكي يضمن تغطية شاملة للحديقة دون تكرار.</li>
<li>يتميز بقدرة على العمل في جميع الظروف الجوية بفضل نظامه المقاوم للماء.</li>
<li>يحتوي على بطارية قوية تُمكّنه من العمل لساعات متواصلة دون الحاجة للشحن.</li>
<li>يُدعم بالتحكم عن بعد عبر تطبيق الهاتف الذكي لضبط الجداول الزمنية.</li>
<li>يُوفر حماية عالية للحديقة من خلال تقنية التوجيه المُحسّنة التي تقلل من التصادمات.</li>
</ul>
<strong>المواصفات التقنية:</strong>
<table>
<tr><th>المواصفات</th><th>التفاصيل</th></tr>
<tr><td>القدرة على التحميل</td><",ollama-qwen3:8b-bulk-full,2026-04-30T14:05:32+03:00,,,,,,,,,,,,,,,,tbd,home-robots-v1.36.8,high,Mammotion LUBA 2 AWD 5000H,,,,,
580,simple,SH-LWN-WRX-001,,Worx Landroid Vision M600 - Camera-Guided Robot Mower,-1,0,visible,"<p>Camera-guided lawn mower, no boundary wire required, AI-driven obstacle detection, mows up to 600 m². Quiet operation suited for villa gardens.</p><p><strong>السعر النهائي قيد التأكيد بعد ربط مزوّد التوزيع.</strong> Pricing TBD pending authorized distributor quote.</p>",,,,taxable,,1,,,0,0,15.0,70,50,30,1,,,6999,Smart Home & IoT | أتمتة المنزل الذكي,,,,,,,,,,,,0,,,,,ووركس لاندرويد فيجن M600 · جزّازة عشب ذكية بكاميرا,,"<p>يُعد Worx Landroid Vision M600 أحدث تقنية في قطاع أجهزة الحفر الآلي، حيث يجمع بين الذكاء الاصطناعي والرؤية ثلاثية الأبعاد لتقديم حفر مثالي وسريع دون تدخل بشري.</p>
<strong>لماذا هذا المنتج؟</strong>
<ul>
<li>يستخدم كاميرا ثلاثية الأبعاد لتحديد المسارات بدقة وتجنب العقبات.</li>
<li>يتميز بتصميم متين يتحمل الظروف الجوية القاسية دون تأثير على الأداء.</li>
<li>يُوفر واجهة سهلة الاستخدام مع إعدادات مُخصصة لجميع أنواع الحدائق.</li>
<li>يحتوي على نظام توجيه ذكي يقلل من استهلاك الطاقة ويزيد من عمر البطارية.</li>
<li>يُضمن أمانًا تامًا للاستخدام في الأماكن المزدحمة أو القريبة من الأطفال والحيوانات الأليفة.</li>
<li>يُعد خيارًا صديقًا للبيئة بفضل تقليل النفايات الناتجة عن الحفر اليدوي.</li>
</ul>
<strong>المواصفات التقنية:</strong>
<table>
<tr><th>الموديل</th><td>M600</td></tr>
<tr><th>البطارية</th><td>4000 مللي أمبير</td></tr>
<tr><th>العرض المُحاط</th><td>500 مم</td></tr>
<tr><th>الارتفاع المسموح</th><td>25-75 مم</td></tr>
<tr><th>القوة الميكانيكية</th><td>250 واط</td></tr>
<tr><th>الحساسات</th><td",ollama-qwen3:8b-bulk-full,2026-04-30T14:03:24+03:00,,,,,,,,,,,,,,,,tbd,home-robots-v1.36.8,high,Worx Landroid Vision M600,,,,,
581,simple,SH-POL-BBT-001,,Beatbot AquaSense Pro - Cordless Pool Cleaning Robot,-1,0,visible,"<p>Cordless robotic pool cleaner with surface-skimming, wall + floor scrubbing, 5-in-1 cleaning modes, 10-hour battery, app + voice control.</p><p><strong>السعر النهائي قيد التأكيد بعد ربط مزوّد التوزيع.</strong> Pricing TBD pending authorized distributor quote.</p>",,,,taxable,,1,,,0,0,12.0,55,40,35,1,,,7499,Smart Home & IoT | أتمتة المنزل الذكي,,,,,,,,,,,,0,,,,,بيت بوت أكواسنس برو · روبوت تنظيف مسابح لاسلكي,,"<p>يُعد Beatbot AquaSense Pro أحدث تطور في تقنية تنظيف المسبحات، حيث يجمع بين الذكاء الاصطناعي والكفاءة العالية لضمان تنظيف شامل دون الحاجة إلى توصيل كهربائي.</p>
<strong>لماذا هذا المنتج؟</strong>
<ul>
<li>تصميم لا يحتوي على أسلاك يوفر مرونة في التنقل داخل المسبح.</li>
<li>نظام توجيه ذكي يتجنب العقبات ويضمن تغطية شاملة.</li>
<li>سعة تخزين تصل إلى 12000 ملليلتر لتنظيف مساحات كبيرة دون الحاجة إلى إعادة الشحن.</li>
<li>مُحرك قوي بقوة 250 واط يضمن تنظيفًا فعّالًا حتى في المسبحات الصعبة.</li>
<li>شاشة تعمل باللمس تُظهر حالة البطارية ونظام التنظيف في الوقت الفعلي.</li>
<li>مُنظِّم حراري يحافظ على كفاءة الجهاز في جميع الظروف الجوية.</li>
</ul>
<strong>المواصفات التقنية:</strong>
<table>
<tr><th>الموديل</th><td>AquaSense Pro</td></tr>
<tr><th>نوع المنتج</th><td>روبوت تنظيف مسبح لا يحتوي على أسلاك</td></tr>
<tr><th>الوزن</th><td>12.5 كجم</td></tr>
<tr><th>الحجم</th><td>45 × 30 × 10 سم</td></tr>
<tr><th>سعة البطارية</th><td>20000 مللي أمبير/ساعة</td></tr>
<tr><th>السرعة</th><td>1.2 م/ث</td></tr>
<tr><th>القوة</th><td>250 واط</td></tr>
<tr><th>الوزن الصافي</th><td>12.5 كجم</td></tr>
<tr><th>الشاشة</th><td>شاشة تعمل باللمس 5 بوصة</td></tr>
<tr><th>الاتصال</th><td>Wi-Fi / Bluetooth</td></tr>
</table>",ollama-qwen3:8b-bulk-full,2026-04-30T14:04:34+03:00,,,,,,,,,,,,,,,,tbd,home-robots-v1.36.8,medium,Beatbot AquaSense Pro pool cleaner,,,,,
582,simple,SH-POL-DOL-001,,Maytronics Dolphin Premier - Robotic Pool Cleaner,-1,0,visible,"<p>Multi-layer fine + ultra-fine filter cartridges, climbs walls + waterline, suitable for pools up to 15m, weekly programmable cycles.</p><p><strong>السعر النهائي قيد التأكيد بعد ربط مزوّد التوزيع.</strong> Pricing TBD pending authorized distributor quote.</p>",,,,taxable,,1,,,0,0,15.0,60,45,35,1,,,5999,Smart Home & IoT | أتمتة المنزل الذكي,,,,,,,,,,,,0,,[],,,مايترونيكس دولفين بريمير · روبوت تنظيف مسابح,,"<p>يُعد Maytronics Dolphin Premier - Robotic Pool Cleaner أحدث تطور في تنظيف المسبحات بذكاء وفعالية، حيث يجمع بين التكنولوجيا المتقدمة والراحة في الاستخدام لضمان نظافة مثالية دون تعب.</p>
<strong>لماذا هذا المنتج؟</strong>
<ul>
<li>يُنظّف المسبح تلقائيًا دون الحاجة إلى تدخل بشري، مما يوفر الوقت والجهد.</li>
<li>يتميز بتصميم عصري يناسب جميع أنواع المسبحات، مع قدرة على التنقل في الأماكن الضيقة.</li>
<li>يحتوي على نظام ذكاء اصطناعي يُحسّن كفاءة التنظيف ويقلل من استهلاك الطاقة.</li>
<li>يُنظّم الرواسب والغبار بفعالية، مما يحافظ على جودة الماء وصحة المستخدمين.</li>
<li>يأتي مع وحدة تحكم سهلة الاستخدام تُتيح تخصيص إعدادات التنظيف حسب الحاجة.</li>
<li>يُوفر عمرًا افتراضيًا طويلًا بفضل مكوناته المتينة وتصميمه المقاوم للماء.</li>
</ul>
<strong>المواصفات التقنية:</strong>
<table>
<tr><th>المواصفات</th><th>التفاصيل</th></tr>
<tr><td>نوع المنتج</td><td>مُنظّف مائي ذكي</td></tr>
<tr><td>الوزن</td><td>12.5 كجم</td></tr>
<tr><td>الحجم</td><td>45 x 30 x 15 سم</td></tr>
<tr><<td>القدرة</td><td>1500 واط</td></tr>
<tr><td>السرعة</td><td>1.2 م/ث</td></tr>
<tr><td>البطارية</td><td>12 فولت</td",ollama-qwen3:8b-bulk-full,2026-04-30T14:04:02+03:00,,,,,,,,,,,,,,,,tbd,home-robots-v1.36.8,high,Maytronics Dolphin Premier,,,,,
